restaurant_name,phone,address,latitude,longitude,place_type,website,review_id,place_name,reviewer_name,reviewer_id,local_guide,rating,review_text,likes,date,attributes
Cafe 27,,"18th Cross Rd, Sector 2, HSR Layout, Bengaluru, Karnataka 560102",12.9112282,77.6522832,Kerala restaurant,,Ci9DQUlRQUNvZENodHljRjlvT2s5RGEwcG5WemxJZWtoMmJVNXRjV0pPY2tRMWEzYxAB,Cafe 27,Ashwinth Mohann,102579323235068096364,True,4,"Ordered the traditional Kerala meal accompanied by fish fry, and it truly exceeded expectations. The food quality was impressive, and the fish was exceptionally well-prepared with authentic flavors. Overall, the meal offered great value for the price. I also tried their tea-time snacks, which were equally satisfying. A well-rounded dining experience that’s worth recommending for anyone craving genuine Kerala flavors.",0,5 months ago,"{""dining_mode"": ""Dine in"", ""meal_type"": ""Lunch"", ""price_per_person"": ""₹200–400"", ""food"": 4, ""service_rating"": 4, ""atmosphere"": 4, ""seating_type"": ""Indoor dining area""}"
Cafe 27,,"18th Cross Rd, Sector 2, HSR Layout, Bengaluru, Karnataka 560102",12.9112282,77.6522832,Kerala restaurant,,Ci9DQUlRQUNvZENodHljRjlvT2xaTGJqRmxRM0ZsY25ONk1YQkNXV1J6VmtWck5GRRAB,Cafe 27,Amit Dey,103875889811367907369,True,4,"Had Kerala meal for lunch. Amazing experience if you are not from South India. Unlimited meal, they keep on serving, till you are full. It was packed, had to wait to get seats. Had fish, they show cooked fish in tray, you can choose from option. Very good taste. Additional charge for fish. Recommended if you are in HSR during lunch hours and if you are a foodie.",0,5 months ago,"{""food"": 4, ""service_rating"": 4, ""atmosphere"": 4}"
Cafe 27,,"18th Cross Rd, Sector 2, HSR Layout, Bengaluru, Karnataka 560102",12.9112282,77.6522832,Kerala restaurant,,Ci9DQUlRQUNvZENodHljRjlvT25OalNIcFVZMUZZYUVoelRYYzRSMEkzU0hKRU9IYxAB,Cafe 27,Shafeeque Muhammed,116358274638065858817,True,1,"⚠️ Caution About Food Coloring – Cafe 27, HSR Layout  I ordered Barbeque Alfaham from Cafe 27, HSR Layout. After eating, I noticed a dark red color stuck to my fingers that did not wash off even after using handwash multiple times.  I spoke to the staff at the counter, and after checking with the chef, they said food coloring was added. They also mentioned that colors are added to kebabs and other chicken/fish fried items.  Adding artificial color to food without informing customers is concerning, especially from a health and safety perspective.  I’m sharing this so others can eat carefully and be cautious when ordering items that may contain added colors from this place.",0,3 months ago,"{""meal_type"": ""Dinner"", ""price_per_person"": ""₹200–400"", ""food"": 1, ""service_rating"": 1, ""atmosphere"": 1, ""wait_time"": ""Up to 10 min""}"
Cafe 27,,"18th Cross Rd, Sector 2, HSR Layout, Bengaluru, Karnataka 560102",12.9112282,77.6522832,Kerala restaurant,,Ci9DQUlRQUNvZENodHljRjlvT25SNE56VmpjMWRuZFRCeE5FeHNVVjlLYjB4dlNGRRAB,Cafe 27,dj lij,114290522221224300041,False,1,"I went there for lunch with my friends, and the experience was extremely disappointing. The service was terrible — the staff behaved as if they were doing us a favor rather than serving paying customers. It felt like they had no understanding of what the hospitality industry stands for. To make things worse, my friend’s chicken biryani had a chicken leg that seemed spoiled. Overall, it was a very unpleasant experience, and I wouldn’t recommend this place to anyone.",0,6 months ago,"{""food"": 2, ""service_rating"": 1, ""atmosphere"": 2}"
Cafe 27,,"18th Cross Rd, Sector 2, HSR Layout, Bengaluru, Karnataka 560102",12.9112282,77.6522832,Kerala restaurant,,Ci9DQUlRQUNvZENodHljRjlvT2xGb2VWcERhR1poZGxKWFpFaEtXakpsZGxaSWNuYxAB,Cafe 27,ASWATHIII R,115051206911119464267,True,5,"One of my absolute go to places for Kerala food in Bangalore. There’s no doubt about this place  . It delivers the kind of comfort food you'd get back home in Kerala, especially if you're from the Malabar region.  We had nei pathiri, puttu, and poori and every dish was spot on in taste and texture. Just the thought of their nei pathiri with chicken curry is enough to make you drool!  Lunch here is equally satisfying the sambar is perfectly balanced, which is rare to find, and the fish fry is consistently delicious.  If you're craving simple, soulful Malabar food, Cafe 27 is the place. Highly recommended for a homely Kerala meal.",0,9 months ago,"{""meal_type"": ""Breakfast"", ""price_per_person"": ""₹200–400"", ""food"": 5, ""service_rating"": 5, ""atmosphere"": 3, ""group_size"": ""3-4 people"", ""wait_time"": ""Up to 10 min""}"
Cafe 27,,"18th Cross Rd, Sector 2, HSR Layout, Bengaluru, Karnataka 560102",12.9112282,77.6522832,Kerala restaurant,,Ci9DQUlRQUNvZENodHljRjlvT2paUk4wMDVTRlZGUlRWVVlsWlJSbTU2UWpCMFJFRRAB,Cafe 27,Manaf M Moidu,112260919614951798021,True,5,"Cafe 27 is a hidden gem in HSR Layout for anyone craving homely Kerala flavors and a simple, satisfying meal. It’s not overly posh, but the honest food and good value make it well worth a visit especially if you’re in the neighborhood and in the mood for comforting South Indian fare.",0,4 months ago,"{""dining_mode"": ""Dine in"", ""meal_type"": ""Dinner"", ""price_per_person"": ""₹1–200"", ""food"": 5, ""service_rating"": 5, ""atmosphere"": 5, ""wait_time"": ""10-30 min"", ""vegetarian_recommendation"": ""Highly recommend"", ""vegetarian_offerings"": ""Vegetarian menu or section, Not sure"", ""parking_space"": ""Plenty of parking"", ""parking_options"": ""Free parking lot, Free street parking""}"
Cafe 27,,"18th Cross Rd, Sector 2, HSR Layout, Bengaluru, Karnataka 560102",12.9112282,77.6522832,Kerala restaurant,,Ci9DQUlRQUNvZENodHljRjlvT2tWVlMxaFRlRFpVVkdGbmVHSkJhWGd6ZVRCRFozYxAB,Cafe 27,Priyanka Chourasia,102395495988705605840,True,5,"The best fish I've tasted in Bangalore till now. Their chicken biryani also gives tough competition to the well known brands in Bangalore. Definitely worth visiting regularly. Tip: if you are visiting for the first time, there is no management for the waiting tables. So, just be little clever to grab any table getting clean soon.",0,Edited 6 months ago,"{""dining_mode"": ""Dine in"", ""meal_type"": ""Brunch"", ""price_per_person"": ""₹400–600"", ""food"": 5, ""service_rating"": 5, ""atmosphere"": 4, ""wait_time"": ""10-30 min""}"
Cafe 27,,"18th Cross Rd, Sector 2, HSR Layout, Bengaluru, Karnataka 560102",12.9112282,77.6522832,Kerala restaurant,,Ci9DQUlRQUNvZENodHljRjlvT2s5SGRXSkxObTFEVUd0SmJFZDBibXhYWjJkcU4zYxAB,Cafe 27,Saaleem,115862002894242522529,False,1,Worst attitude from the hotel staff… As they are there in inter state they need to respect every community people… but they have mallu parshiolity.  Literally they made us two wait 50 mins for getting four paratas. Though there is no crowd Note : dear management kindly show some ethics to your serving staff…,0,7 months ago,"{""food"": 4, ""service_rating"": 1, ""atmosphere"": 4}"
Cafe 27,,"18th Cross Rd, Sector 2, HSR Layout, Bengaluru, Karnataka 560102",12.9112282,77.6522832,Kerala restaurant,,ChdDSUhNMG9nS0VJQ0FnSURfcjdIdDR3RRAB,Cafe 27,Ajay Jayakumar,112000702775953679698,True,5,"Nice place. Kerala food with proper Kerala taste is available. We had Pothu biriyani, porotta and pothu roast. The food was good and best in nearby.",0,Edited a year ago,"{""dining_mode"": ""Dine in"", ""meal_type"": ""Lunch"", ""price_per_person"": ""₹200–400"", ""food"": 5, ""service_rating"": 4, ""atmosphere"": 4}"
Cafe 27,,"18th Cross Rd, Sector 2, HSR Layout, Bengaluru, Karnataka 560102",12.9112282,77.6522832,Kerala restaurant,,Ci9DQUlRQUNvZENodHljRjlvT25WZlFVcDZhbmhsZFZwelF6ZERhM2hMUldRM2NsRRAB,Cafe 27,ChaoS aDDict,118436223240791757858,True,2,Best to order online. General takeaways take a backseat and the intelligence of kitchen staff is questionable. The process is not defined. Had to wait 45 mins for a small package which is already available and i can see others getting the same item served. People after me got their orders.,0,a month ago,"{""dining_mode"": ""Take out"", ""meal_type"": ""Lunch"", ""food"": 4, ""service_rating"": 2, ""atmosphere"": 2}"
Cafe 27,,"18th Cross Rd, Sector 2, HSR Layout, Bengaluru, Karnataka 560102",12.9112282,77.6522832,Kerala restaurant,,Ci9DQUlRQUNvZENodHljRjlvT2kwMWJXUlROMEpGTkd4d1FXTlNVRmhMWmpoNFVGRRAB,Cafe 27,Madeeha Rehman,101428769010949608202,False,5,,0,2 days ago,
Cafe 27,,"18th Cross Rd, Sector 2, HSR Layout, Bengaluru, Karnataka 560102",12.9112282,77.6522832,Kerala restaurant,,Ci9DQUlRQUNvZENodHljRjlvT2twamNIVm1SbEZLWTJjM09WcGhiRXhFY2xvNFowRRAB,Cafe 27,Vivek,110712627865674552769,True,4,,0,2 days ago,"{""food"": 4, ""service_rating"": 3, ""atmosphere"": 3}"
Cafe 27,,"18th Cross Rd, Sector 2, HSR Layout, Bengaluru, Karnataka 560102",12.9112282,77.6522832,Kerala restaurant,,Ci9DQUlRQUNvZENodHljRjlvT2s5MFVreHlXRWszWlZKblpWcHNPVWhLU0V4UE5FRRAB,Cafe 27,Sidhin Sivaraman,104079580974279243148,False,1,"Worst service I’ve ever experienced at a restaurant. They carry themselves like a five star establishment, but treat customers poorly. It almost feels like they’re doing you a favor by serving food. Especially the older staff member quite rude and unprofessional.",0,3 days ago,"{""food"": 2, ""service_rating"": 1, ""atmosphere"": 1}"
Cafe 27,,"18th Cross Rd, Sector 2, HSR Layout, Bengaluru, Karnataka 560102",12.9112282,77.6522832,Kerala restaurant,,Ci9DQUlRQUNvZENodHljRjlvT2t0elpUWnhhRTFGTjFSM1NrZGZSbTA0Wmxjd2RIYxAB,Cafe 27,Shanu Athiparambath,106536540057974256686,True,1,The place is dirty and the servants don't listen at all. The beef was stale.,0,4 days ago,"{""meal_type"": ""Lunch"", ""price_per_person"": ""₹200–400"", ""food"": 1, ""service_rating"": 1, ""atmosphere"": 1, ""wait_time"": ""No wait""}"
Cafe 27,,"18th Cross Rd, Sector 2, HSR Layout, Bengaluru, Karnataka 560102",12.9112282,77.6522832,Kerala restaurant,,Ci9DQUlRQUNvZENodHljRjlvT2tGYVZWbHJWREJ6V0ZGdmRISnZkVlJpVFc5bFlrRRAB,Cafe 27,Chaitanya,101714996185378294628,True,5,"Yummy Kerala style meals authentic, flavorful, and super satisfying. Loved it!",0,4 days ago,"{""meal_type"": ""Lunch"", ""food"": 5, ""service_rating"": 4, ""atmosphere"": 4}"
Cafe 27,,"18th Cross Rd, Sector 2, HSR Layout, Bengaluru, Karnataka 560102",12.9112282,77.6522832,Kerala restaurant,,Ci9DQUlRQUNvZENodHljRjlvT2paNlpXSmplbWt5TTNoVlJFTkJVM1p6VVVKS05uYxAB,Cafe 27,Vinitha Valsan,110637697467731195852,True,5,,0,4 days ago,"{""food"": 5, ""service_rating"": 4, ""atmosphere"": 4}"
Cafe 27,,"18th Cross Rd, Sector 2, HSR Layout, Bengaluru, Karnataka 560102",12.9112282,77.6522832,Kerala restaurant,,Ci9DQUlRQUNvZENodHljRjlvT25GSE9VVk9RakYxZGpkUVNqRTVVMGgxTjBsSmFHYxAB,Cafe 27,Rahul Chimnani,116454936920051571063,True,1,"We’ve been regulars here right from the time this used to be a small shop, pre-covid. But, we decided we’re never going to this place again. We’ve been giving this place too many chances for the food, and the service. Both suck equally.  Hate the fact that I used to vouch for this place, the food here, but in reality none of my people found this worth the hype.  If you’ve forgotten your roots, and the people who helped you get wherever you are today, you’ll be soon out of business. Shame!",0,6 days ago,"{""food"": 1, ""service_rating"": 1, ""atmosphere"": 1}"
Cafe 27,,"18th Cross Rd, Sector 2, HSR Layout, Bengaluru, Karnataka 560102",12.9112282,77.6522832,Kerala restaurant,,Ci9DQUlRQUNvZENodHljRjlvT2t4ME5FVjFhMDlXVG10WGNVOTFTazFTUXpaTk5rRRAB,Cafe 27,Jeby Koshy,104401552798439770619,True,4,,0,6 days ago,"{""meal_type"": ""Lunch"", ""food"": 5, ""service_rating"": 3, ""atmosphere"": 4}"
Cafe 27,,"18th Cross Rd, Sector 2, HSR Layout, Bengaluru, Karnataka 560102",12.9112282,77.6522832,Kerala restaurant,,Ci9DQUlRQUNvZENodHljRjlvT2t0V2JYSnJhMjFKUWs1eGRGcHlZVWN6YmxaemRYYxAB,Cafe 27,Arbind Das,110238935915338327784,False,5,,0,6 days ago,"{""food"": 5, ""service_rating"": 5, ""atmosphere"": 5}"
Cafe 27,,"18th Cross Rd, Sector 2, HSR Layout, Bengaluru, Karnataka 560102",12.9112282,77.6522832,Kerala restaurant,,Ci9DQUlRQUNvZENodHljRjlvT2poTVMyZ3RObFpmT0dSc09FVXRTR3RtU1dwME0zYxAB,Cafe 27,Sidharth KV,106953261218708137609,True,1,,0,a week ago,"{""meal_type"": ""Lunch"", ""price_per_person"": ""₹1–200"", ""food"": 1, ""service_rating"": 1, ""atmosphere"": 1, ""noise_level"": ""Loud, but you can still talk"", ""seating_type"": ""Indoor dining area""}"
Cafe 27,,"18th Cross Rd, Sector 2, HSR Layout, Bengaluru, Karnataka 560102",12.9112282,77.6522832,Kerala restaurant,,Ci9DQUlRQUNvZENodHljRjlvT2s1eWIxTTNWWGRzTFdoTGJtOVVZMmhpVVdWa1gwRRAB,Cafe 27,Sarath S R,114503962576409548662,True,1,Price is too high. Maintained by mallus. Quality was good. Parcel waiting time is too high,0,a week ago,"{""meal_type"": ""Dinner"", ""price_per_person"": ""₹200–400"", ""food"": 3, ""service_rating"": 1, ""atmosphere"": 5, ""wait_time"": ""10-30 min""}"
Cafe 27,,"18th Cross Rd, Sector 2, HSR Layout, Bengaluru, Karnataka 560102",12.9112282,77.6522832,Kerala restaurant,,Ci9DQUlRQUNvZENodHljRjlvT210Q2FXeFNkbTlSVDJKdldHMUtVSGhJYUU0MlowRRAB,Cafe 27,V J,101108008015358390908,True,5,,0,a week ago,"{""food"": 5, ""service_rating"": 4, ""atmosphere"": 4}"
Cafe 27,,"18th Cross Rd, Sector 2, HSR Layout, Bengaluru, Karnataka 560102",12.9112282,77.6522832,Kerala restaurant,,ChZDSUhNMG9nS0VJQ0FnSUNPbktUcEh3EAE,Cafe 27,Ranjitha,104591918480259176238,True,5,"Best Kerala food and snacks in the town!  Lemon tea and sulemani tea is really good. go for evening snacks or for lunch or dinner, you will not be disappointed at all!  Must try - tea, malabar biryani, banana leaf lunch!",0,Edited a week ago,"{""dining_mode"": ""Dine in"", ""meal_type"": ""Dinner"", ""price_per_person"": ""₹200–400"", ""food"": 5, ""service_rating"": 5, ""atmosphere"": 4}"
Cafe 27,,"18th Cross Rd, Sector 2, HSR Layout, Bengaluru, Karnataka 560102",12.9112282,77.6522832,Kerala restaurant,,Ci9DQUlRQUNvZENodHljRjlvT25RMWQxWk1UbUpaUTBVd2JVWTVRbFl0UjFaQ2VrRRAB,Cafe 27,Arjun kp,104540263713326723061,False,5,,0,a week ago,
Cafe 27,,"18th Cross Rd, Sector 2, HSR Layout, Bengaluru, Karnataka 560102",12.9112282,77.6522832,Kerala restaurant,,Ci9DQUlRQUNvZENodHljRjlvT2t0MVZXZGlNWFYyVFZSUU1rczFhelYyVDFreFRHYxAB,Cafe 27,Jagmohan D,118059482614463917734,False,5,,0,a week ago,
Cafe 27,,"18th Cross Rd, Sector 2, HSR Layout, Bengaluru, Karnataka 560102",12.9112282,77.6522832,Kerala restaurant,,Ci9DQUlRQUNvZENodHljRjlvT2xKSmRHdFNabFZ3VDBReVRGZGpRVWh5VFhsSFUxRRAB,Cafe 27,ANOOP V,113700583776879145634,True,3,,0,a week ago,"{""meal_type"": ""Lunch"", ""price_per_person"": ""₹200–400"", ""food"": 5, ""service_rating"": 1, ""atmosphere"": 5, ""wait_time"": ""10-30 min""}"
Cafe 27,,"18th Cross Rd, Sector 2, HSR Layout, Bengaluru, Karnataka 560102",12.9112282,77.6522832,Kerala restaurant,,Ci9DQUlRQUNvZENodHljRjlvT2psNldVbzBkMkZhVEdsb2VtSm1jSE5pVjA5QlduYxAB,Cafe 27,Adithya Jayaram,100710301187684467582,False,1,"Ordered Quarter Alfaham. Got stale chicken. Ordered Dosa. Got stale Appam.  Used to love visiting and having food from them. And, it stops right here.",0,a week ago,"{""meal_type"": ""Dinner"", ""price_per_person"": ""₹200–400"", ""food"": 1, ""service_rating"": 1, ""atmosphere"": 1, ""wait_time"": ""30-60 min""}"
Cafe 27,,"18th Cross Rd, Sector 2, HSR Layout, Bengaluru, Karnataka 560102",12.9112282,77.6522832,Kerala restaurant,,Ci9DQUlRQUNvZENodHljRjlvT25wVVdEbEpUbWM0VjFOS2FtNHhTVGgwU2xKaWRHYxAB,Cafe 27,meera mohan,106471207023446364260,True,5,,0,2 weeks ago,"{""food"": 5, ""service_rating"": 5, ""atmosphere"": 5}"
Cafe 27,,"18th Cross Rd, Sector 2, HSR Layout, Bengaluru, Karnataka 560102",12.9112282,77.6522832,Kerala restaurant,,Ci9DQUlRQUNvZENodHljRjlvT2xCQ1pUQndhM3A2U0ZKTU1VNUpia2MyUzBSU2NGRRAB,Cafe 27,AKASH J,108773637669080352806,False,1,"I recently dined here hoping for some authentic Kerala food, but the overall experience was disappointing. The service is quite slow—there is a significant delay even after the food is ready at the kitchen, and it takes quite a while to actually get served. As for the food, the meals were just average. I wasn't expecting anything spectacular, as it's often hard to find truly authentic Kerala meals in Bangalore, but this fell short of expectations. What really stood out was the pricing. I had a meal and a fish fry, and the bill came to ₹399, which was higher than I expected. Given the price, the quality of food, the ambience, and the slow service simply don't justify the cost. If you have plenty of time and money to spare, you can consider it, but don't go in expecting authentic Kerala flavors or a seamless dining experience.""",0,2 weeks ago,"{""dining_mode"": ""Dine in"", ""meal_type"": ""Lunch"", ""price_per_person"": ""₹200–400"", ""food"": 2, ""service_rating"": 1, ""atmosphere"": 2, ""vegetarian_recommendation"": ""Somewhat recommend"", ""vegetarian_offerings"": ""Not sure"", ""parking_space"": ""Not sure""}"
Cafe 27,,"18th Cross Rd, Sector 2, HSR Layout, Bengaluru, Karnataka 560102",12.9112282,77.6522832,Kerala restaurant,,Ci9DQUlRQUNvZENodHljRjlvT21wVWJIbGpRbU5YYUZac1ZraDNaVk16WVUxVWVYYxAB,Cafe 27,Ashwin,103184378913562484258,True,5,Best kerala food in HSR layout,0,2 weeks ago,"{""dining_mode"": ""Dine in"", ""meal_type"": ""Lunch"", ""price_per_person"": ""₹200–400"", ""food"": 5, ""service_rating"": 5, ""atmosphere"": 4, ""vegetarian_recommendation"": ""Somewhat recommend"", ""vegetarian_offerings"": ""Vegetarian menu or section"", ""parking_space"": ""Somewhat difficult to find parking"", ""parking_options"": ""Free street parking""}"
Cafe 27,,"18th Cross Rd, Sector 2, HSR Layout, Bengaluru, Karnataka 560102",12.9112282,77.6522832,Kerala restaurant,,Ci9DQUlRQUNvZENodHljRjlvT201VGFsTjBOWEowUzBFd1dHMUhaMUl6T0hZMFZGRRAB,Cafe 27,Ashwin K S,110880130583402097001,True,4,,0,2 weeks ago,"{""dining_mode"": ""Dine in"", ""meal_type"": ""Other"", ""price_per_person"": ""₹1–200"", ""food"": 4, ""service_rating"": 4, ""atmosphere"": 5}"
Cafe 27,,"18th Cross Rd, Sector 2, HSR Layout, Bengaluru, Karnataka 560102",12.9112282,77.6522832,Kerala restaurant,,Ci9DQUlRQUNvZENodHljRjlvT21aMlRIZFNUV0pzTTBoSk0wVkNSMmwwV21oU1dVRRAB,Cafe 27,Parvathi S,113336257400534778547,True,1,"The food is good. But service has been degrading since a year now. You have to keep asking for things because they miss those in the order. You will have to wait quite a while before someone will even take your order. On Eid day , there was literally one staff , running around overwhelmed. To avoid this , i ordered through zomato once, and they gave the wrong items there as well. I wish they hired more staff and cared enough",0,2 weeks ago,"{""food"": 4, ""service_rating"": 1}"
Cafe 27,,"18th Cross Rd, Sector 2, HSR Layout, Bengaluru, Karnataka 560102",12.9112282,77.6522832,Kerala restaurant,,Ci9DQUlRQUNvZENodHljRjlvT25reVQxTjJUVVl3VUhVMmVubE1UMVpNZWtadFlWRRAB,Cafe 27,Elvin Raj SJ,103248607105991889326,True,1,Really felt very disappointed on the price of the fish. Literally they killed my expectations towards Kerala restaurant with price. There is no proper menu in the restaurant. Just see the picture how small the fish is and there charged 120rs for that 2 fish. More over there is no flesh also in the fish only masala... That's fine. But the price I can't believe that they charged me this much. But meals was good.,0,2 weeks ago,"{""dining_mode"": ""Dine in"", ""meal_type"": ""Lunch"", ""price_per_person"": ""₹200–400"", ""food"": 2, ""service_rating"": 1, ""atmosphere"": 3, ""wait_time"": ""No wait""}"
Cafe 27,,"18th Cross Rd, Sector 2, HSR Layout, Bengaluru, Karnataka 560102",12.9112282,77.6522832,Kerala restaurant,,Ci9DQUlRQUNvZENodHljRjlvT2t4TWMzVnBablZPVG04eGVqTnhRbkZ2WTNONlptYxAB,Cafe 27,Bilal Ahmed,114603170143486366193,False,5,,0,2 weeks ago,
Cafe 27,,"18th Cross Rd, Sector 2, HSR Layout, Bengaluru, Karnataka 560102",12.9112282,77.6522832,Kerala restaurant,,Ci9DQUlRQUNvZENodHljRjlvT21WTlJVcEJZbkZGVG05QlJFSlNiM0ZOVG0wdGNFRRAB,Cafe 27,Edison Paul,117491322728212206771,False,1,"I visited this restaurant for breakfast today, but unfortunately had a disappointing experience. The server was quite rude and did not attend to our table even after we waited for nearly 10 minutes.  When we finally went to the billing counter, we were still ignored, which added to the frustration. It felt like there was some bias in the way we were treated, possibly because we are from Tamil Nadu while the restaurant is Kerala-based.  Good service is just as important as good food, and this experience did not meet basic expectations. I hope the management takes this feedback seriously and improves their customer service.",0,2 weeks ago,"{""meal_type"": ""Breakfast"", ""service_rating"": 1}"
Cafe 27,,"18th Cross Rd, Sector 2, HSR Layout, Bengaluru, Karnataka 560102",12.9112282,77.6522832,Kerala restaurant,,Ci9DQUlRQUNvZENodHljRjlvT25ObFNWQXpPWEJRWDFkSVkxVktVSGxwUkdKSVZuYxAB,Cafe 27,AMS,103122485651203488370,True,4,,0,3 weeks ago,"{""dining_mode"": ""Dine in""}"
Cafe 27,,"18th Cross Rd, Sector 2, HSR Layout, Bengaluru, Karnataka 560102",12.9112282,77.6522832,Kerala restaurant,,Ci9DQUlRQUNvZENodHljRjlvT25SNFExVm9WRVpuVFhGWVJVTXhjVE5uT1hFdE5HYxAB,Cafe 27,Abhijith S Nair,113798432562652658732,True,4,"Great place for evening snacks, especially if you're missing Kerala food.",0,3 weeks ago,"{""price_per_person"": ""₹1–200"", ""food"": 4, ""service_rating"": 4, ""atmosphere"": 4, ""seating_type"": ""Indoor dining area""}"
Cafe 27,,"18th Cross Rd, Sector 2, HSR Layout, Bengaluru, Karnataka 560102",12.9112282,77.6522832,Kerala restaurant,,Ci9DQUlRQUNvZENodHljRjlvT21jNVJFZDFOV2R1TW14RFRtdzJWa2xXU0VWU2FuYxAB,Cafe 27,Nasir Nachu,111936339718044690404,False,4,,0,3 weeks ago,
Cafe 27,,"18th Cross Rd, Sector 2, HSR Layout, Bengaluru, Karnataka 560102",12.9112282,77.6522832,Kerala restaurant,,Ci9DQUlRQUNvZENodHljRjlvT25CUE1ubFVhV0l6ZVRKZlpqbENPVk00Ym1rMmJFRRAB,Cafe 27,PRIYENKA H V,103597663045436151986,True,5,,0,3 weeks ago,"{""dining_mode"": ""Dine in"", ""meal_type"": ""Lunch"", ""price_per_person"": ""₹200–400"", ""food"": 5, ""service_rating"": 5, ""atmosphere"": 5}"
Cafe 27,,"18th Cross Rd, Sector 2, HSR Layout, Bengaluru, Karnataka 560102",12.9112282,77.6522832,Kerala restaurant,,Ci9DQUlRQUNvZENodHljRjlvT2pSYWNEQkhaV00wYmxGS2RHRlVVVmxLYkhabU1IYxAB,Cafe 27,Bijo Rappai,107795250778311932934,True,5,Nice place always for tea and snacks,0,3 weeks ago,"{""dining_mode"": ""Dine in"", ""meal_type"": ""Other"", ""price_per_person"": ""₹200–400"", ""food"": 5, ""service_rating"": 5, ""atmosphere"": 3, ""group_size"": ""3-4 people""}"
Cafe 27,,"18th Cross Rd, Sector 2, HSR Layout, Bengaluru, Karnataka 560102",12.9112282,77.6522832,Kerala restaurant,,Ci9DQUlRQUNvZENodHljRjlvT25GVldFODRZMlF0ZGtONVVraE9aa3h5UlZoUVpWRRAB,Cafe 27,Neetha Neetha,116744420055496769454,True,1,25 bucks for this saw dust tea??,0,3 weeks ago,"{""food"": 1, ""service_rating"": 1, ""atmosphere"": 1}"
Cafe 27,,"18th Cross Rd, Sector 2, HSR Layout, Bengaluru, Karnataka 560102",12.9112282,77.6522832,Kerala restaurant,,Ci9DQUlRQUNvZENodHljRjlvT2xsUWVHMDRObDlJVW1SSVlWSldOV0pMU2pWV2FFRRAB,Cafe 27,Shivanagowda Patil,113800468665229080781,True,5,,0,4 weeks ago,"{""food"": 5, ""service_rating"": 5, ""atmosphere"": 5}"
Cafe 27,,"18th Cross Rd, Sector 2, HSR Layout, Bengaluru, Karnataka 560102",12.9112282,77.6522832,Kerala restaurant,,Ci9DQUlRQUNvZENodHljRjlvT2xSUFUyUjNkSFJPY0hsYWIwbzVaRkpKVTNWS2FrRRAB,Cafe 27,Sidharth Narayan,103206095368578657939,False,4,,0,4 weeks ago,
Cafe 27,,"18th Cross Rd, Sector 2, HSR Layout, Bengaluru, Karnataka 560102",12.9112282,77.6522832,Kerala restaurant,,Ci9DQUlRQUNvZENodHljRjlvT25kb2Nrd3hTamhQTFY5QlgzZFFObFpmTUZKUU1GRRAB,Cafe 27,Abhay Prakash,114328337965386652923,True,5,,0,4 weeks ago,"{""dining_mode"": ""Dine in"", ""meal_type"": ""Other"", ""price_per_person"": ""₹1–200"", ""food"": 5, ""service_rating"": 5, ""atmosphere"": 5}"
Cafe 27,,"18th Cross Rd, Sector 2, HSR Layout, Bengaluru, Karnataka 560102",12.9112282,77.6522832,Kerala restaurant,,Ci9DQUlRQUNvZENodHljRjlvT2xacVpUZGFORk4yTjJrM2JsbHhkMk5tZWtFelRtYxAB,Cafe 27,Sayed Quadri,102198262549492045635,True,4,,0,4 weeks ago,"{""food"": 4, ""service_rating"": 4, ""atmosphere"": 4}"
Cafe 27,,"18th Cross Rd, Sector 2, HSR Layout, Bengaluru, Karnataka 560102",12.9112282,77.6522832,Kerala restaurant,,Ci9DQUlRQUNvZENodHljRjlvT25STlltMWhVbFoxTWpsNk1sSkdieTF1Vmw5T05YYxAB,Cafe 27,Alen K Roshan,113574047725451409941,False,2,"For 120rs, the shawarma doesn’t even justify in size nor quantity, i think it had only more lettuce than chicken. The lime soda being priced at 50 is a bit too outrageous.",0,4 weeks ago,"{""food"": 2}"
Cafe 27,,"18th Cross Rd, Sector 2, HSR Layout, Bengaluru, Karnataka 560102",12.9112282,77.6522832,Kerala restaurant,,Ci9DQUlRQUNvZENodHljRjlvT2xGSFRVRkJWVGRIWTB4b1NsbEZWVkpFVUVsNlJXYxAB,Cafe 27,SHASHWATA SAMADDAR,109255516760970581305,True,5,,0,a month ago,"{""food"": 5, ""service_rating"": 5, ""atmosphere"": 5}"
Cafe 27,,"18th Cross Rd, Sector 2, HSR Layout, Bengaluru, Karnataka 560102",12.9112282,77.6522832,Kerala restaurant,,Ci9DQUlRQUNvZENodHljRjlvT2pWUlIwcEpkMlpEZDJaTlN6ZHljMjVWWkROWU1uYxAB,Cafe 27,Pranish Chandra,108727081533874519924,True,5,,0,a month ago,
Cafe 27,,"18th Cross Rd, Sector 2, HSR Layout, Bengaluru, Karnataka 560102",12.9112282,77.6522832,Kerala restaurant,,Ci9DQUlRQUNvZENodHljRjlvT210VVNYRktXbUUwYXpoQmVsZE9ablJ0WDNWcFpXYxAB,Cafe 27,ABHISHEK ANAND,100139872336709721069,True,5,,0,a month ago,"{""dining_mode"": ""Dine in"", ""meal_type"": ""Lunch"", ""price_per_person"": ""₹200–400"", ""food"": 5, ""service_rating"": 5, ""atmosphere"": 3, ""noise_level"": ""Loud, but you can still talk"", ""vegetarian_recommendation"": ""Would not recommend"", ""parking_space"": ""Somewhat difficult to find parking"", ""parking_options"": ""Free parking lot, Free street parking""}"
Cafe 27,,"18th Cross Rd, Sector 2, HSR Layout, Bengaluru, Karnataka 560102",12.9112282,77.6522832,Kerala restaurant,,Ci9DQUlRQUNvZENodHljRjlvT210a1NITTVkMjFOZEZKc2Exa3dkSE5PTUVWSFExRRAB,Cafe 27,Jyo,114211606009539874524,True,4,Good Malayali food. I love their kebabs and tea. Wait time for tea is 10-15 mins since it is cooked as per order.  Must try place for evening tea and snacks. You can sit outside the cafe and eat as well. Is always crowded with people; very popular in the area.,0,a month ago,"{""dining_mode"": ""Dine in"", ""meal_type"": ""Other"", ""price_per_person"": ""₹1–200"", ""food"": 5, ""service_rating"": 4, ""atmosphere"": 3, ""noise_level"": ""Moderate noise""}"
Cafe 27,,"18th Cross Rd, Sector 2, HSR Layout, Bengaluru, Karnataka 560102",12.9112282,77.6522832,Kerala restaurant,,Ci9DQUlRQUNvZENodHljRjlvT2tNd1VGTnROblZtUkUxb05ERmtNUzFoT1hNNFZVRRAB,Cafe 27,NIMMI KALARIKKAL,108300035885744920358,False,1,"My friend and I came here for lunch. We ordered chicken biryani, but we got ghee rice with two pieces of chicken and a little onion roast. Is this biryani?",0,a month ago,"{""meal_type"": ""Lunch"", ""price_per_person"": ""₹200–400"", ""food"": 1, ""noise_level"": ""Moderate noise""}"
Cafe 27,,"18th Cross Rd, Sector 2, HSR Layout, Bengaluru, Karnataka 560102",12.9112282,77.6522832,Kerala restaurant,,Ci9DQUlRQUNvZENodHljRjlvT2xNd09FdFNlRGhvYVdKNVJVRXpRVlp0V1MxUVkyYxAB,Cafe 27,HOME CAR DETAILING SERVICES PVT LTD CARZSPA,109584789180231404964,True,5,Excellent place for South Indian Vegetarian food,0,a month ago,"{""dining_mode"": ""Dine in"", ""food"": 5, ""service_rating"": 5, ""atmosphere"": 5}"
Cafe 27,,"18th Cross Rd, Sector 2, HSR Layout, Bengaluru, Karnataka 560102",12.9112282,77.6522832,Kerala restaurant,,ChZDSUhNMG9nS0VJQ0FnSURNLU8ycFB3EAE,Cafe 27,Jyothin K Jayan,101188478535547988928,True,5,One of the best mallu hotel in hsr.. and even bangalore itself..,0,Edited a month ago,"{""dining_mode"": ""Dine in"", ""meal_type"": ""Lunch"", ""price_per_person"": ""₹200–400"", ""food"": 4, ""service_rating"": 5, ""atmosphere"": 4, ""wait_time"": ""Up to 10 min""}"
Cafe 27,,"18th Cross Rd, Sector 2, HSR Layout, Bengaluru, Karnataka 560102",12.9112282,77.6522832,Kerala restaurant,,Ci9DQUlRQUNvZENodHljRjlvT2sxVUxWZzVjV1kwVUU1VE0zWm5TamwzUVVWVVRWRRAB,Cafe 27,bala Maharajan,100260121221123758708,True,4,,0,a month ago,
Cafe 27,,"18th Cross Rd, Sector 2, HSR Layout, Bengaluru, Karnataka 560102",12.9112282,77.6522832,Kerala restaurant,,Ci9DQUlRQUNvZENodHljRjlvT25WRFpEVk5VbkpOVVRST01sWm1UVGhEWVdWd09FRRAB,Cafe 27,Sonu,107880767298886008306,True,4,Great place with good food. My only problem with the place is the number of flies roaming in the restaurant.,0,a month ago,"{""dining_mode"": ""Dine in"", ""meal_type"": ""Dinner"", ""price_per_person"": ""₹600–800"", ""food"": 5, ""service_rating"": 5, ""atmosphere"": 4, ""wait_time"": ""No wait""}"
Cafe 27,,"18th Cross Rd, Sector 2, HSR Layout, Bengaluru, Karnataka 560102",12.9112282,77.6522832,Kerala restaurant,,Ci9DQUlRQUNvZENodHljRjlvT2xOMlQwNUtWakUzTVdoa1FXdEdkVFJxUTNOUFVtYxAB,Cafe 27,Amose Marshall Priyatham,105902476135775911933,True,4,"Good for snacks, tea is very average. Don't fall for the crowd. No other option near by so the tea addicts, have here. Not for the taste. But the snacks are good.",0,a month ago,"{""food"": 4, ""service_rating"": 3, ""atmosphere"": 3}"
Cafe 27,,"18th Cross Rd, Sector 2, HSR Layout, Bengaluru, Karnataka 560102",12.9112282,77.6522832,Kerala restaurant,,Ci9DQUlRQUNvZENodHljRjlvT25vdFQyTlRZelZmVFhoVVJrUkpNVE0wTkZCNU4wRRAB,Cafe 27,Harikrishnan V,107953348597941394240,False,2,"The guy at the counter. With wavy hair and beard, is the worst. Owner or manager , not sure. He is always like that. Makes you feel.like he owns all customers. Goung there since 1 year, everytime he is like that. Not going there anymore only due to.him",0,a month ago,"{""food"": 3, ""service_rating"": 1, ""atmosphere"": 1}"
Cafe 27,,"18th Cross Rd, Sector 2, HSR Layout, Bengaluru, Karnataka 560102",12.9112282,77.6522832,Kerala restaurant,,Ci9DQUlRQUNvZENodHljRjlvT2t4a00ycDFOMkV6VmtaT1dYUktibkJsYlRWTk9XYxAB,Cafe 27,Anup Shirolkar,103188395775620163046,True,4,Good kerala restaurant with variety of food options. A non-veg heavy menu.,0,a month ago,"{""dining_mode"": ""Dine in"", ""meal_type"": ""Dinner"", ""price_per_person"": ""₹1–200"", ""food"": 4, ""service_rating"": 4, ""atmosphere"": 3, ""wait_time"": ""No wait""}"
Cafe 27,,"18th Cross Rd, Sector 2, HSR Layout, Bengaluru, Karnataka 560102",12.9112282,77.6522832,Kerala restaurant,,Ci9DQUlRQUNvZENodHljRjlvT21wYVdEWlBSVkJQUm5CWk55MWlPV2xaYlhsV2FIYxAB,Cafe 27,Niju Mohan,102216719650201076077,True,4,,0,a month ago,
Cafe 27,,"18th Cross Rd, Sector 2, HSR Layout, Bengaluru, Karnataka 560102",12.9112282,77.6522832,Kerala restaurant,,Ci9DQUlRQUNvZENodHljRjlvT21kVVRIRjVUblZ0UVZwc2NYRXhlakZrUVZKRGQxRRAB,Cafe 27,Loni Mishra,117023691453713482658,True,5,Lovely chaya and food here. Been visiting since 5 yrs now,0,a month ago,"{""food"": 5, ""service_rating"": 5, ""atmosphere"": 5}"
Cafe 27,,"18th Cross Rd, Sector 2, HSR Layout, Bengaluru, Karnataka 560102",12.9112282,77.6522832,Kerala restaurant,,Ci9DQUlRQUNvZENodHljRjlvT2tSdE0ydHNRbTVmV2w5eFEzaE9iMVZGZWtKUGFWRRAB,Cafe 27,shyam r k,100549178782926999264,True,1,,0,a month ago,"{""food"": 1, ""service_rating"": 1, ""atmosphere"": 2}"
Cafe 27,,"18th Cross Rd, Sector 2, HSR Layout, Bengaluru, Karnataka 560102",12.9112282,77.6522832,Kerala restaurant,,ChdDSUhNMG9nS0VJQ0FnSURHMV9qYnJ3RRAB,Cafe 27,akhilbabu korkandi,111097982204416757915,True,1,25 rupees for a tea ????,0,Edited a month ago,"{""dining_mode"": ""Dine in"", ""food"": 1, ""service_rating"": 1, ""atmosphere"": 1}"
Cafe 27,,"18th Cross Rd, Sector 2, HSR Layout, Bengaluru, Karnataka 560102",12.9112282,77.6522832,Kerala restaurant,,Ci9DQUlRQUNvZENodHljRjlvT21KdlFrRjBTbTB4T1RodVJYWndUbEJPU1ZWdU5WRRAB,Cafe 27,Jijo Thomas,115138179844496954060,True,2,"Ordered a Kerala meals expecting a proper sadya-style spread, but it turned out to be quite limited.  They started with pavakka thoran and pineapple kichadi, followed by rice with sambar and meen chaar(without pieces). Moru curry was available, and there was just one pappadam.  Honestly, I kept expecting more items to be served, but nothing else came. For ₹130, it felt a bit underwhelming  We also ordered a fish fry for ₹160, but that was disappointing as well and didn’t really justify the price.",0,a month ago,"{""food"": 2, ""service_rating"": 3, ""atmosphere"": 3}"
Cafe 27,,"18th Cross Rd, Sector 2, HSR Layout, Bengaluru, Karnataka 560102",12.9112282,77.6522832,Kerala restaurant,,Ci9DQUlRQUNvZENodHljRjlvT21kUFRFYzRVV3hLZG1WSU4yaG1YekJYZW1WcFdWRRAB,Cafe 27,abhi Mavungal,106971099121156982976,True,1,"Overpriced as hell. Charging ₹136 for a basic Kerala meal, whereas you can get the same for ₹70–90 at most Kerala restaurants in Bangalore. Also, charging ₹210 for an average chicken biryani despite having very limited seating and no proper ambiance.",0,a month ago,"{""dining_mode"": ""Dine in"", ""meal_type"": ""Lunch"", ""price_per_person"": ""₹200–400"", ""food"": 3, ""service_rating"": 1, ""atmosphere"": 2, ""wait_time"": ""Up to 10 min""}"
Cafe 27,,"18th Cross Rd, Sector 2, HSR Layout, Bengaluru, Karnataka 560102",12.9112282,77.6522832,Kerala restaurant,,ChdDSUhNMG9nS0VJQ0FnSURNMHNHU3pnRRAB,Cafe 27,Rajessh K R,114760004213744597430,True,4,,0,Edited a month ago,"{""dining_mode"": ""Take out""}"
Cafe 27,,"18th Cross Rd, Sector 2, HSR Layout, Bengaluru, Karnataka 560102",12.9112282,77.6522832,Kerala restaurant,,Ci9DQUlRQUNvZENodHljRjlvT2tONlRIQm5RMUJDV25oMU1IVTNlRkZpTVZkV1ZXYxAB,Cafe 27,Abdul Sameer,114437485959445362944,True,5,,0,a month ago,"{""dining_mode"": ""Dine in"", ""meal_type"": ""Breakfast"", ""price_per_person"": ""₹1–200"", ""food"": 5, ""service_rating"": 5, ""atmosphere"": 5, ""wait_time"": ""Up to 10 min""}"
Cafe 27,,"18th Cross Rd, Sector 2, HSR Layout, Bengaluru, Karnataka 560102",12.9112282,77.6522832,Kerala restaurant,,Ci9DQUlRQUNvZENodHljRjlvT2tacVpIY3RNbHA2Wm1OVldXOUdVVGxRVkRkMFRVRRAB,Cafe 27,ATHUL P,108152827026283971008,True,5,,0,a month ago,"{""food"": 4, ""service_rating"": 2, ""atmosphere"": 5}"
Cafe 27,,"18th Cross Rd, Sector 2, HSR Layout, Bengaluru, Karnataka 560102",12.9112282,77.6522832,Kerala restaurant,,ChZDSUhNMG9nS0VJQ0FnTUNnNW9fbFVnEAE,Cafe 27,Vineesh Vinayan,100263168403490718470,True,4,Great option in hsr for kerala delicacies,0,Edited a month ago,"{""dining_mode"": ""Dine in"", ""meal_type"": ""Dinner"", ""price_per_person"": ""₹200–400"", ""food"": 4, ""service_rating"": 4, ""atmosphere"": 3, ""recommended_dishes"": ""Puttu Kadala, Chicken Alfaham""}"
Cafe 27,,"18th Cross Rd, Sector 2, HSR Layout, Bengaluru, Karnataka 560102",12.9112282,77.6522832,Kerala restaurant,,Ci9DQUlRQUNvZENodHljRjlvT2s4d2VqSXdia052VTJGblRFVkpiVjlYTm5SdFZGRRAB,Cafe 27,Shybu Nawaz,106348311126018932480,True,5,,0,a month ago,
Cafe 27,,"18th Cross Rd, Sector 2, HSR Layout, Bengaluru, Karnataka 560102",12.9112282,77.6522832,Kerala restaurant,,Ci9DQUlRQUNvZENodHljRjlvT2tSemVsQnBhSEpxVkRGalltSjVkSGx2YTFaaU1XYxAB,Cafe 27,LIBIVIN J,112687811358260516297,False,3,Decent taste  Quater briyani Named as Half.  Quantity wise not happy.Other Tea and snacks decent prize.  For quantity and Regular taste Ithas Biriyani is  okay compared to this,0,a month ago,
Cafe 27,,"18th Cross Rd, Sector 2, HSR Layout, Bengaluru, Karnataka 560102",12.9112282,77.6522832,Kerala restaurant,,Ci9DQUlRQUNvZENodHljRjlvT25KbmFUWmZhSEozVEhGSmNYUm5UV1JaWVV0T1lsRRAB,Cafe 27,Ash Ash,110410082607512712181,True,3,,0,a month ago,
Cafe 27,,"18th Cross Rd, Sector 2, HSR Layout, Bengaluru, Karnataka 560102",12.9112282,77.6522832,Kerala restaurant,,Ci9DQUlRQUNvZENodHljRjlvT210U1NXeFpkR0V0TjFsSE5HWnZWMnBSWjBwcVkxRRAB,Cafe 27,Aishwarya,109080573330889323804,True,4,,0,a month ago,
Cafe 27,,"18th Cross Rd, Sector 2, HSR Layout, Bengaluru, Karnataka 560102",12.9112282,77.6522832,Kerala restaurant,,Ci9DQUlRQUNvZENodHljRjlvT2tsVVQxUjNPR0pYV2xkYWNuUm1OWEZPTFhkQ2QxRRAB,Cafe 27,Geevarghese Philip,109063739328778575077,True,5,,0,a month ago,"{""meal_type"": ""Dinner"", ""food"": 5, ""service_rating"": 5, ""atmosphere"": 5}"
Cafe 27,,"18th Cross Rd, Sector 2, HSR Layout, Bengaluru, Karnataka 560102",12.9112282,77.6522832,Kerala restaurant,,Ci9DQUlRQUNvZENodHljRjlvT214blJscElNVGxTYXpkNmQxQXlYMFZLWkc5SlFrRRAB,Cafe 27,Amritha T B,115244679333194041804,True,5,One of the best reasonable kerala food .. their kerala porotta is the best and seafood is fresh and yummy ... please give a try ..,0,a month ago,"{""dining_mode"": ""Dine in"", ""meal_type"": ""Lunch"", ""price_per_person"": ""₹600–800"", ""food"": 5, ""service_rating"": 5, ""atmosphere"": 3, ""wait_time"": ""10-30 min""}"
Cafe 27,,"18th Cross Rd, Sector 2, HSR Layout, Bengaluru, Karnataka 560102",12.9112282,77.6522832,Kerala restaurant,,Ci9DQUlRQUNvZENodHljRjlvT21SS1kzZFZNM0JuTlVFM00wZEZZbk52VFdWM1RrRRAB,Cafe 27,Pravin jp,111417223524823744051,False,1,Poor service and they are not giving extra kurama for parata we have to keep on asking for that and even water also,0,a month ago,"{""dining_mode"": ""Dine in"", ""meal_type"": ""Dinner"", ""food"": 4, ""service_rating"": 1, ""wait_time"": ""10-30 min""}"
Cafe 27,,"18th Cross Rd, Sector 2, HSR Layout, Bengaluru, Karnataka 560102",12.9112282,77.6522832,Kerala restaurant,,Ci9DQUlRQUNvZENodHljRjlvT2t3NGQwdG1NRWxYY0VSM2VFWXdlVVUxYUU5dmFGRRAB,Cafe 27,dhivya shanmugam,101351461332579230813,False,1,It's totally not worthy waiting time is more and food also average. Worst customer service.,0,a month ago,"{""food"": 2, ""service_rating"": 1, ""atmosphere"": 2}"
Cafe 27,,"18th Cross Rd, Sector 2, HSR Layout, Bengaluru, Karnataka 560102",12.9112282,77.6522832,Kerala restaurant,,Ci9DQUlRQUNvZENodHljRjlvT2pZMVJXVm9WamxPYXpZMWFXNWxUbHA0VjI5VmNIYxAB,Cafe 27,Anwar V.A,116831594379653160919,False,4,,0,a month ago,
Cafe 27,,"18th Cross Rd, Sector 2, HSR Layout, Bengaluru, Karnataka 560102",12.9112282,77.6522832,Kerala restaurant,,Ci9DQUlRQUNvZENodHljRjlvT21kTFJVeFNXR2h0Y1ZacFJGSlNlVlkxVG1sRGVtYxAB,Cafe 27,Shreelakshmi Chithan,112750879623545856958,False,1,"Been visiting this place for more than 10 times. Every time the experience goes worse. Ordered kizhi porotta which was worse in such a way that couldn’t eat at all. The curry inside it was very sweet and lifeless. And guess what, the price was immense. Such a bad experience even paying so much and left the food completely. You have lost a customer Cafe 27!",0,a month ago,"{""food"": 1, ""service_rating"": 1}"
Cafe 27,,"18th Cross Rd, Sector 2, HSR Layout, Bengaluru, Karnataka 560102",12.9112282,77.6522832,Kerala restaurant,,Ci9DQUlRQUNvZENodHljRjlvT2tSUmFrVTJSVXRsWkhOaGVsZEJiMFZ4WkVwd1kwRRAB,Cafe 27,abhilash jose,104358078157632195059,True,5,,0,a month ago,"{""food"": 5, ""service_rating"": 4, ""atmosphere"": 4}"
Cafe 27,,"18th Cross Rd, Sector 2, HSR Layout, Bengaluru, Karnataka 560102",12.9112282,77.6522832,Kerala restaurant,,Ci9DQUlRQUNvZENodHljRjlvT21rMFlXbzFRa0psTFRSWmMyUmlYelZzZG10MU4wRRAB,Cafe 27,Aparajith Joel,109293426571350665908,True,5,,0,Edited a month ago,"{""dining_mode"": ""Dine in"", ""meal_type"": ""Other"", ""price_per_person"": ""₹1–200"", ""food"": 4, ""service_rating"": 5, ""atmosphere"": 3, ""recommended_dishes"": ""Samosa, Masala Vada, Aloo Bonda"", ""wait_time"": ""No wait""}"
Cafe 27,,"18th Cross Rd, Sector 2, HSR Layout, Bengaluru, Karnataka 560102",12.9112282,77.6522832,Kerala restaurant,,Ci9DQUlRQUNvZENodHljRjlvT2tGYVUxZFJZMGRvVWkwek0yNXFOMGxmUm00NVdHYxAB,Cafe 27,keshava bhat sarpangala,110494209796685679212,True,5,,0,2 months ago,"{""food"": 5, ""service_rating"": 4, ""atmosphere"": 3}"
Cafe 27,,"18th Cross Rd, Sector 2, HSR Layout, Bengaluru, Karnataka 560102",12.9112282,77.6522832,Kerala restaurant,,Ci9DQUlRQUNvZENodHljRjlvT2xwQlgwRlNUamc0UW5CV1oyNVJYMWhYUWsxTVVIYxAB,Cafe 27,Nithin Radhakrishnan,108865304352018440931,True,4,,0,2 months ago,"{""meal_type"": ""Lunch"", ""price_per_person"": ""₹200–400"", ""food"": 4, ""service_rating"": 3, ""atmosphere"": 3, ""group_size"": ""3-4 people"", ""wait_time"": ""30-60 min""}"
Cafe 27,,"18th Cross Rd, Sector 2, HSR Layout, Bengaluru, Karnataka 560102",12.9112282,77.6522832,Kerala restaurant,,Ci9DQUlRQUNvZENodHljRjlvT25SWFV6SnVOMjVRY1UxQk0zSnhSMmQwV205dlIzYxAB,Cafe 27,Enlight,112151237124440549184,True,5,Good place for Malabar style snacks.,0,2 months ago,"{""food"": 4, ""service_rating"": 3, ""atmosphere"": 3}"
Cafe 27,,"18th Cross Rd, Sector 2, HSR Layout, Bengaluru, Karnataka 560102",12.9112282,77.6522832,Kerala restaurant,,Ci9DQUlRQUNvZENodHljRjlvT25aeFdUaFBaVkJaTmxGalZreHhjR1JCTTNkMGJGRRAB,Cafe 27,Akshay,117923630493874081170,True,4,"The service was excellent, the food was delicious, and the atmosphere was very pleasant.",0,2 months ago,"{""meal_type"": ""Dinner"", ""price_per_person"": ""₹200–400"", ""food"": 4, ""service_rating"": 5, ""atmosphere"": 5, ""wait_time"": ""No wait"", ""seating_type"": ""Indoor dining area"", ""vegetarian_recommendation"": ""Somewhat recommend"", ""parking_space"": ""Somewhat difficult to find parking"", ""parking_options"": ""Free street parking""}"
Cafe 27,,"18th Cross Rd, Sector 2, HSR Layout, Bengaluru, Karnataka 560102",12.9112282,77.6522832,Kerala restaurant,,Ci9DQUlRQUNvZENodHljRjlvT2psdmNVWkVjV1JDY25Kck9HTTNhMU55V1RKaU1GRRAB,Cafe 27,Harith,107246182469523700738,True,5,,0,2 months ago,"{""food"": 5, ""service_rating"": 4, ""atmosphere"": 5}"
Cafe 27,,"18th Cross Rd, Sector 2, HSR Layout, Bengaluru, Karnataka 560102",12.9112282,77.6522832,Kerala restaurant,,Ci9DQUlRQUNvZENodHljRjlvT2sxTGIyMTVWRU5aVUd0UU1qZEhXaTB5WkVsZmJGRRAB,Cafe 27,Joffin John,113485303027022996407,True,5,,0,2 months ago,
Cafe 27,,"18th Cross Rd, Sector 2, HSR Layout, Bengaluru, Karnataka 560102",12.9112282,77.6522832,Kerala restaurant,,Ci9DQUlRQUNvZENodHljRjlvT25SVGNUSkNZM2xwVm5ONllWRkRhMloxTW05WE1VRRAB,Cafe 27,Varun Nair,115996942892137296330,True,2,Place was dirty and no trace of cleanliness at all. Service was lack lustre. They seemed upset when we asked for more clarity on available items. And then Food is nowhere close to authentic and a few dishes were close to cold and not hot in terms of temperature.,0,2 months ago,"{""food"": 2, ""service_rating"": 1, ""atmosphere"": 1}"
Cafe 27,,"18th Cross Rd, Sector 2, HSR Layout, Bengaluru, Karnataka 560102",12.9112282,77.6522832,Kerala restaurant,,Ci9DQUlRQUNvZENodHljRjlvT2pJdE9ISm1XVGd0TmpCNVFtTkdPRGRqTTJwaFUyYxAB,Cafe 27,Sooraj Sathish,104772861762058116951,True,3,,0,2 months ago,"{""meal_type"": ""Other"", ""price_per_person"": ""₹1–200"", ""food"": 3, ""service_rating"": 3, ""atmosphere"": 3, ""wait_time"": ""Up to 10 min"", ""seating_type"": ""Indoor dining area""}"
Cafe 27,,"18th Cross Rd, Sector 2, HSR Layout, Bengaluru, Karnataka 560102",12.9112282,77.6522832,Kerala restaurant,,Ci9DQUlRQUNvZENodHljRjlvT2pNME9HTkRkblp6U1VWMlVtbE9ORzUzU25seVRVRRAB,Cafe 27,RAHUL RAVEENDRAN,114148372141922828354,True,4,,0,2 months ago,"{""meal_type"": ""Other"", ""price_per_person"": ""₹200–400"", ""food"": 4, ""service_rating"": 4, ""atmosphere"": 3, ""wait_time"": ""Up to 10 min"", ""seating_type"": ""Indoor dining area"", ""vegetarian_recommendation"": ""Not sure"", ""vegetarian_offerings"": ""Not sure"", ""parking_space"": ""Somewhat difficult to find parking""}"
Cafe 27,,"18th Cross Rd, Sector 2, HSR Layout, Bengaluru, Karnataka 560102",12.9112282,77.6522832,Kerala restaurant,,Ci9DQUlRQUNvZENodHljRjlvT21Sek4ydGpjRTQ0Um5sdFowWnlURE5zYmtwU1EyYxAB,Cafe 27,Shaun Mark,101917665520592959370,True,2,"Not sure if it was a bad day, the food was not upto mark. We went there for lunch around 2. Did not like the fish, and it was cold. Maybe if they served it hot it would have been better.",0,2 months ago,"{""meal_type"": ""Lunch"", ""price_per_person"": ""₹200–400"", ""food"": 1, ""service_rating"": 3, ""atmosphere"": 3, ""wait_time"": ""Up to 10 min"", ""vegetarian_recommendation"": ""Somewhat recommend"", ""parking_space"": ""Somewhat difficult to find parking"", ""parking_options"": ""Free parking lot, Free street parking""}"
Cafe 27,,"18th Cross Rd, Sector 2, HSR Layout, Bengaluru, Karnataka 560102",12.9112282,77.6522832,Kerala restaurant,,Ci9DQUlRQUNvZENodHljRjlvT2xCWVRHZHNVV0pFTkRCQ1FqSkljV0pNVm5KeU9HYxAB,Cafe 27,Salman,101565704952560849587,True,5,Good for friends,0,2 months ago,"{""price_per_person"": ""₹200–400"", ""food"": 5, ""service_rating"": 5, ""atmosphere"": 3}"
Cafe 27,,"18th Cross Rd, Sector 2, HSR Layout, Bengaluru, Karnataka 560102",12.9112282,77.6522832,Kerala restaurant,,Ci9DQUlRQUNvZENodHljRjlvT2xGRVFsOWlkRUp1YkROSlEyRlJka1JtYldVdE5IYxAB,Cafe 27,Ram P,101293511430435557522,True,1,"20 bucks for that frothy tea? Not worth it. Beef fry half portion is Rs.210, which is not at all worth. Appam, Idiyappam, Parotta are good and priced ok ok. Snacks are extremely expensive and not that good.  Staff are never bothered, rude and non responsive. Particularly a short, fatty, thick moustache guy always in Red tshirt and Jeans pant is never responds.",0,2 months ago,"{""food"": 1, ""service_rating"": 1, ""atmosphere"": 2}"
Cafe 27,,"18th Cross Rd, Sector 2, HSR Layout, Bengaluru, Karnataka 560102",12.9112282,77.6522832,Kerala restaurant,,Ci9DQUlRQUNvZENodHljRjlvT2toSGJXcE1aR2xwYkVwVVpUTnNkSFExTTNoV2MzYxAB,Cafe 27,Aswathy,114943573831609060745,True,3,"Food was okay but the place was extremely crowded and the service was bad. Since we couldn't get a seat we decided to do take away. But post billing instead of staff giving the order to kitchen , we ourself had to pass on our order details to the kitchen also instead of the billing counter guy doing it. The staffs attitude here were quite bad. Not worth a visit.",0,2 months ago,"{""meal_type"": ""Dinner"", ""price_per_person"": ""₹200–400"", ""food"": 3, ""service_rating"": 1, ""atmosphere"": 1, ""noise_level"": ""Loud, but you can still talk"", ""wait_time"": ""30-60 min""}"
Cafe 27,,"18th Cross Rd, Sector 2, HSR Layout, Bengaluru, Karnataka 560102",12.9112282,77.6522832,Kerala restaurant,,Ci9DQUlRQUNvZENodHljRjlvT2tSaE0wUkZjVzQyUW5kTlRYcGZNMXBpV0Y4MU4yYxAB,Cafe 27,Aadesh SK,100499461971530762754,True,5,"Authentic Kerala food, full of flavor and very tasty. Even the snacks are really good. Definitely worth trying!",0,2 months ago,"{""price_per_person"": ""₹600–800"", ""food"": 5, ""service_rating"": 5, ""atmosphere"": 5, ""noise_level"": ""Moderate noise"", ""wait_time"": ""No wait""}"
Cafe 27,,"18th Cross Rd, Sector 2, HSR Layout, Bengaluru, Karnataka 560102",12.9112282,77.6522832,Kerala restaurant,,Ci9DQUlRQUNvZENodHljRjlvT2xKTmNIWk1SMlZNVTNGSVZGbDBkR3BrYjBkRWQxRRAB,Cafe 27,jesna kolasseri,117183735589755450492,True,5,Good kerala food and snacks counter available for everyone,0,2 months ago,"{""meal_type"": ""Brunch"", ""price_per_person"": ""₹200–400"", ""food"": 5, ""service_rating"": 5, ""atmosphere"": 5}"
Cafe 27,,"18th Cross Rd, Sector 2, HSR Layout, Bengaluru, Karnataka 560102",12.9112282,77.6522832,Kerala restaurant,,Ci9DQUlRQUNvZENodHljRjlvT2sxdGVESTNRVWhuYkdaelVHcG5jaTB6T1ZSb2VIYxAB,Cafe 27,Sri Mookambika,101537411949221441859,False,1,Worst service. I will repeat again worstest service and do not go there. They do not know how to give service to a customer. They do not even take orders properly. The owner should consider training their staff. Most of their staff are rude. Worst restaurant. Never go there,0,2 months ago,
Cafe 27,,"18th Cross Rd, Sector 2, HSR Layout, Bengaluru, Karnataka 560102",12.9112282,77.6522832,Kerala restaurant,,Ci9DQUlRQUNvZENodHljRjlvT2pSMldITldiRlZFVUdKNFJuQm1VamREVEVJNGFsRRAB,Cafe 27,Amal John Morais,100400461419413180837,True,4,"- would go for the tea and snacks vibes. - pothu is expensive. Pothu fry full is 400, which can hardly serve two people. - afternoon meals are average. But filling. Fish curry gravy doesn't taste much like fish curry. Not much sides in meals. - breads like porotta and appam are good. - snacks are good but expensive. - chicken biriyani is not dum. But tastes okay okay. - no one smiles - especially the guy who makes tea. - overall good for tea and snakes and vibes. - food is not worth the price - too expensive.",0,2 months ago,
Cafe 27,,"18th Cross Rd, Sector 2, HSR Layout, Bengaluru, Karnataka 560102",12.9112282,77.6522832,Kerala restaurant,,Ci9DQUlRQUNvZENodHljRjlvT2xGUGVEbHhWRE54VURRMFkxQTFhMjlvTFY5VWFFRRAB,Cafe 27,john ophero,101659230795288833701,False,5,,0,2 months ago,"{""meal_type"": ""Dinner"", ""food"": 5, ""service_rating"": 5, ""atmosphere"": 5, ""group_size"": ""Suitable for all group sizes"", ""wait_time"": ""Up to 10 min""}"
Cafe 27,,"18th Cross Rd, Sector 2, HSR Layout, Bengaluru, Karnataka 560102",12.9112282,77.6522832,Kerala restaurant,,Ci9DQUlRQUNvZENodHljRjlvT21NNGVYcG5iVGc1UVdWUk1UUmxlakJFWmpaNlZuYxAB,Cafe 27,Sakshi Rane,108910062351696027741,True,3,Lovely Malabar snacks and tea.  Edit: Downgrading my review. The quality and taste has become pretty bad. Will not revisit.,0,Edited 2 months ago,"{""dining_mode"": ""Dine in"", ""meal_type"": ""Dinner"", ""price_per_person"": ""₹1–200"", ""food"": 3, ""service_rating"": 3, ""atmosphere"": 3, ""wait_time"": ""No wait"", ""vegetarian_recommendation"": ""Would not recommend""}"
Cafe 27,,"18th Cross Rd, Sector 2, HSR Layout, Bengaluru, Karnataka 560102",12.9112282,77.6522832,Kerala restaurant,,Ci9DQUlRQUNvZENodHljRjlvT2tJM2JsbFRUMmgzUm1OQllUaHphbDlEUTJoalRVRRAB,Cafe 27,Arun Mohan C,101004387128471984577,True,5,,0,2 months ago,"{""meal_type"": ""Breakfast"", ""price_per_person"": ""₹200–400"", ""food"": 5, ""service_rating"": 5, ""atmosphere"": 4, ""recommended_dishes"": ""Kerala Meal, Fish Fry, 2 Kerala Parotta, Egg Roast"", ""wait_time"": ""Up to 10 min""}"
Cafe 27,,"18th Cross Rd, Sector 2, HSR Layout, Bengaluru, Karnataka 560102",12.9112282,77.6522832,Kerala restaurant,,Ci9DQUlRQUNvZENodHljRjlvT2tOT2QyOWxkVEJ6Ym1JeGJVTmxkblZ2U0dkRFJHYxAB,Cafe 27,SIJU R,112194729519503176106,False,5,,0,2 months ago,
Cafe 27,,"18th Cross Rd, Sector 2, HSR Layout, Bengaluru, Karnataka 560102",12.9112282,77.6522832,Kerala restaurant,,Ci9DQUlRQUNvZENodHljRjlvT2w5WE9HWllkazB5U0U1WmJXZGFVWEJNWW5SeVVWRRAB,Cafe 27,Praveenraj D,117618638970663235691,True,3,,0,2 months ago,"{""meal_type"": ""Breakfast"", ""price_per_person"": ""₹200–400"", ""food"": 3, ""service_rating"": 5, ""atmosphere"": 5, ""wait_time"": ""Up to 10 min""}"
Cafe 27,,"18th Cross Rd, Sector 2, HSR Layout, Bengaluru, Karnataka 560102",12.9112282,77.6522832,Kerala restaurant,,Ci9DQUlRQUNvZENodHljRjlvT21vMmRXdHlVRVIzYzNSV2NqWkVOblZFZERRMWRVRRAB,Cafe 27,Monalisha Priyadarsini,108201547158111942905,True,5,,0,2 months ago,
Cafe 27,,"18th Cross Rd, Sector 2, HSR Layout, Bengaluru, Karnataka 560102",12.9112282,77.6522832,Kerala restaurant,,Ci9DQUlRQUNvZENodHljRjlvT25SMmVtWjJjMUpNVFVOeE9HdGxPRXB6WkZKNlZIYxAB,Cafe 27,Revathi Nambiar,102644425146875400502,True,5,"Whenever I miss Kerala food, this is the restaurant I visit in HSR. The taste is amazing, the staff are very friendly, and the customer service is excellent. Breakfast, lunch, evening snacks, and dinner — everything is perfect. Highly recommended restaurant. Must try ⭐⭐⭐⭐⭐",0,2 months ago,"{""meal_type"": ""Dinner"", ""price_per_person"": ""₹200–400"", ""food"": 5, ""service_rating"": 5, ""atmosphere"": 5, ""wait_time"": ""Up to 10 min"", ""seating_type"": ""Indoor dining area""}"
Cafe 27,,"18th Cross Rd, Sector 2, HSR Layout, Bengaluru, Karnataka 560102",12.9112282,77.6522832,Kerala restaurant,,Ci9DQUlRQUNvZENodHljRjlvT2pGRGNVbFVVR1kxVjFScVlqaExaMlZRV0ZKVVRsRRAB,Cafe 27,Akhilesh N,104876410749838305912,True,2,,0,2 months ago,
Cafe 27,,"18th Cross Rd, Sector 2, HSR Layout, Bengaluru, Karnataka 560102",12.9112282,77.6522832,Kerala restaurant,,Ci9DQUlRQUNvZENodHljRjlvT2s1Sk0yeDJSRzFWUzJveFoxQTBhM1p3Ums5V2RFRRAB,Cafe 27,Mariam Abraham,103760755190481329849,False,4,,0,2 months ago,"{""meal_type"": ""Breakfast"", ""price_per_person"": ""₹200–400"", ""food"": 4, ""service_rating"": 4, ""atmosphere"": 4, ""wait_time"": ""Up to 10 min""}"
Cafe 27,,"18th Cross Rd, Sector 2, HSR Layout, Bengaluru, Karnataka 560102",12.9112282,77.6522832,Kerala restaurant,,Ci9DQUlRQUNvZENodHljRjlvT2pOMVFUaFhNbEZHYUVNNWJFMXNUbUpCYldaalIxRRAB,Cafe 27,Anandhakrishnan T P,112502892848392804480,True,3,"Some people might boast about the place but, I feel there are many places better than this one in BTM. The prices are high as well and it's a bit overcrowded during weekend.",0,2 months ago,"{""meal_type"": ""Other"", ""price_per_person"": ""₹1–200"", ""food"": 3, ""service_rating"": 3, ""atmosphere"": 3, ""wait_time"": ""10-30 min""}"
Cafe 27,,"18th Cross Rd, Sector 2, HSR Layout, Bengaluru, Karnataka 560102",12.9112282,77.6522832,Kerala restaurant,,Ci9DQUlRQUNvZENodHljRjlvT21odE9ESktaVzB4UVZnM1UzWkZhR3RyVG1rNU9IYxAB,Cafe 27,LL NITHYA LEKSHMI,112853177067615528705,True,4,,0,2 months ago,"{""food"": 5, ""service_rating"": 4, ""atmosphere"": 4}"
Cafe 27,,"18th Cross Rd, Sector 2, HSR Layout, Bengaluru, Karnataka 560102",12.9112282,77.6522832,Kerala restaurant,,Ci9DQUlRQUNvZENodHljRjlvT21obVRIWjRMVTlSTkV0WFVpMWxjbEpqUkZWNFJWRRAB,Cafe 27,KVR R,115712966323201343164,True,1,1. Arrogant and lazy staff 2. Tea making guy can be bit neat. Not about his looks but hygiene.Looking at his brownish teeth we can't have tea anymore there 3. Just look at the milk vessel. It's like surf Excel. Don't know which detergent milk they use for tea.,0,2 months ago,"{""meal_type"": ""Lunch"", ""price_per_person"": ""₹400–600"", ""food"": 1, ""service_rating"": 1, ""atmosphere"": 1}"
Cafe 27,,"18th Cross Rd, Sector 2, HSR Layout, Bengaluru, Karnataka 560102",12.9112282,77.6522832,Kerala restaurant,,Ci9DQUlRQUNvZENodHljRjlvT25OaVlUVTBjbWhWV21oNlJ6Tm5VM2hVVFd0RmVGRRAB,Cafe 27,Vishak Raj,100618636160529407270,True,1,"I ordered meals, for each food, vegetables,  I had to wait for more times, there are so many people working, but they are not listening, if we ask any food, they will not server that food, after asking two or three times to different staffs then only we will get that food.  it is worst, I am hungry and I had to eat with anger. even I told them to pay extra.  if you don't want to serve the food properly, then why you prepare the food and opened the shop?  close the shop and go to home!",0,2 months ago,"{""food"": 3, ""service_rating"": 1, ""atmosphere"": 1}"
Cafe 27,,"18th Cross Rd, Sector 2, HSR Layout, Bengaluru, Karnataka 560102",12.9112282,77.6522832,Kerala restaurant,,Ci9DQUlRQUNvZENodHljRjlvT2pkamFVcGhSVzV0WlZsRU56UTViV0V3U0ZSR2MwRRAB,Cafe 27,akshairam t,114643066265109391252,True,5,,0,2 months ago,"{""food"": 4, ""service_rating"": 5, ""atmosphere"": 5}"
Cafe 27,,"18th Cross Rd, Sector 2, HSR Layout, Bengaluru, Karnataka 560102",12.9112282,77.6522832,Kerala restaurant,,Ci9DQUlRQUNvZENodHljRjlvT2s1cmNFeG1TaTFLVjBaamJsRjFjRFUzTkc1WlVVRRAB,Cafe 27,Sharon Phillips,105621400128508922416,False,4,I am giving 4 star because i just wish i had soft drinks with the amazing biriyani,0,2 months ago,"{""food"": 5, ""service_rating"": 5, ""atmosphere"": 4}"
Cafe 27,,"18th Cross Rd, Sector 2, HSR Layout, Bengaluru, Karnataka 560102",12.9112282,77.6522832,Kerala restaurant,,Ci9DQUlRQUNvZENodHljRjlvT2t0bVgwOVpXalp4U1hRelREVlpka296VlROSFVGRRAB,Cafe 27,Sreyas Nherakad,111348669521082704139,True,4,,0,3 months ago,"{""price_per_person"": ""₹200–400"", ""food"": 3, ""service_rating"": 2, ""atmosphere"": 4, ""wait_time"": ""10-30 min"", ""vegetarian_recommendation"": ""Somewhat recommend"", ""parking_space"": ""Somewhat difficult to find parking""}"
Cafe 27,,"18th Cross Rd, Sector 2, HSR Layout, Bengaluru, Karnataka 560102",12.9112282,77.6522832,Kerala restaurant,,Ci9DQUlRQUNvZENodHljRjlvT2sxMlVUZHBVVlF4T1c4NU1ucGZNbFpZVFRKTWVIYxAB,Cafe 27,Mohammed Faizal,103256933833130206576,False,5,,0,3 months ago,
Cafe 27,,"18th Cross Rd, Sector 2, HSR Layout, Bengaluru, Karnataka 560102",12.9112282,77.6522832,Kerala restaurant,,Ci9DQUlRQUNvZENodHljRjlvT2kxVllYQjFibmhyZFVacU9Xd3hjSEZ1UW1aak4zYxAB,Cafe 27,Sameer Zemi,118261356749432544267,True,5,Had putt and kadala and it was super good.,0,3 months ago,"{""dining_mode"": ""Dine in"", ""meal_type"": ""Breakfast"", ""price_per_person"": ""₹1–200"", ""food"": 5, ""service_rating"": 4, ""atmosphere"": 3, ""wait_time"": ""No wait""}"
Cafe 27,,"18th Cross Rd, Sector 2, HSR Layout, Bengaluru, Karnataka 560102",12.9112282,77.6522832,Kerala restaurant,,Ci9DQUlRQUNvZENodHljRjlvT2xGYWNsRXhiVWswZW1WR2RGRnBaamRpVTFOSWRuYxAB,Cafe 27,A P,113088501376535467444,True,3,,0,3 months ago,"{""food"": 3, ""service_rating"": 3, ""atmosphere"": 3}"
Cafe 27,,"18th Cross Rd, Sector 2, HSR Layout, Bengaluru, Karnataka 560102",12.9112282,77.6522832,Kerala restaurant,,Ci9DQUlRQUNvZENodHljRjlvT2tkMFJVMUpSMHRuV0hjNVYxSlBUemR0YVZoNVNGRRAB,Cafe 27,Sonukumar Roy,111940985153770121908,True,3,,0,3 months ago,
Cafe 27,,"18th Cross Rd, Sector 2, HSR Layout, Bengaluru, Karnataka 560102",12.9112282,77.6522832,Kerala restaurant,,Ci9DQUlRQUNvZENodHljRjlvT2tWVU1FcHFTRlJoWWw5RFkwdFNTbkF4TVhwcWFXYxAB,Cafe 27,gokul c,100006840807960892695,True,3,Good food but very less cleanliness..  The floor is not mopped regular the Alfam tast good but it is prepared outside and can see cat - mouse etc roming under that machine. If they could do a better cleaning would be happy to go there..,0,3 months ago,"{""food"": 4, ""service_rating"": 4, ""atmosphere"": 1}"
Cafe 27,,"18th Cross Rd, Sector 2, HSR Layout, Bengaluru, Karnataka 560102",12.9112282,77.6522832,Kerala restaurant,,Ci9DQUlRQUNvZENodHljRjlvT213d01FbzFTRFZ1YUVWWmJIcE5ObEJQWkZaUVgwRRAB,Cafe 27,Nithish Kumar,108945578203046298915,False,4,,0,3 months ago,
Cafe 27,,"18th Cross Rd, Sector 2, HSR Layout, Bengaluru, Karnataka 560102",12.9112282,77.6522832,Kerala restaurant,,Ci9DQUlRQUNvZENodHljRjlvT2xCblkyTnhXVVowTVZSM2VHUTBabmwxVUhWMVVYYxAB,Cafe 27,Aravind R,107497831884699496459,True,1,,0,3 months ago,"{""meal_type"": ""Brunch"", ""service_rating"": 1}"
Cafe 27,,"18th Cross Rd, Sector 2, HSR Layout, Bengaluru, Karnataka 560102",12.9112282,77.6522832,Kerala restaurant,,Ci9DQUlRQUNvZENodHljRjlvT205Wk9IbFRkWFk1YUdkd2NtOHhjMkZvVURNNFEyYxAB,Cafe 27,Ash Meenu,106351921611484729737,False,1,"Very pathetic service, the staff is very impolite rude and arrogant. Never visit the place",0,3 months ago,"{""food"": 1, ""service_rating"": 1, ""atmosphere"": 1}"
Cafe 27,,"18th Cross Rd, Sector 2, HSR Layout, Bengaluru, Karnataka 560102",12.9112282,77.6522832,Kerala restaurant,,Ci9DQUlRQUNvZENodHljRjlvT25Sdlh6WjRValpHV0dwWWQwcEhXblpxWlVwTk1tYxAB,Cafe 27,john shaju,117595005249539988090,False,5,,0,3 months ago,"{""meal_type"": ""Breakfast"", ""price_per_person"": ""₹200–400"", ""food"": 5, ""service_rating"": 5, ""atmosphere"": 5, ""wait_time"": ""Up to 10 min""}"
Cafe 27,,"18th Cross Rd, Sector 2, HSR Layout, Bengaluru, Karnataka 560102",12.9112282,77.6522832,Kerala restaurant,,Ci9DQUlRQUNvZENodHljRjlvT2pFMmVGZERRazVpT1ZWT05HVTJaRVZIZVRGbU5rRRAB,Cafe 27,Azzi K,104143249216003465672,False,1,,0,3 months ago,"{""meal_type"": ""Lunch"", ""food"": 1, ""service_rating"": 1, ""atmosphere"": 5}"
Cafe 27,,"18th Cross Rd, Sector 2, HSR Layout, Bengaluru, Karnataka 560102",12.9112282,77.6522832,Kerala restaurant,,Ci9DQUlRQUNvZENodHljRjlvT2twVk1tRmtibEZ0WlhGUGRVNVJXV1oyTFVkNVJtYxAB,Cafe 27,Nataraj H M,109770848216234515426,True,5,,0,3 months ago,
Cafe 27,,"18th Cross Rd, Sector 2, HSR Layout, Bengaluru, Karnataka 560102",12.9112282,77.6522832,Kerala restaurant,,Ci9DQUlRQUNvZENodHljRjlvT2pKRFFsRkpUUzFhZVRaSVYyZFFUVE5EYWpaQlVGRRAB,Cafe 27,MUSAIB NABI,108006097070472528336,True,5,,0,3 months ago,"{""meal_type"": ""Lunch"", ""price_per_person"": ""₹1–200"", ""food"": 5, ""service_rating"": 5, ""atmosphere"": 5, ""wait_time"": ""No wait""}"
Cafe 27,,"18th Cross Rd, Sector 2, HSR Layout, Bengaluru, Karnataka 560102",12.9112282,77.6522832,Kerala restaurant,,Ci9DQUlRQUNvZENodHljRjlvT2tveFJXSlFURXhpVTBkeFNVNTFOV2RhYzB0QmVsRRAB,Cafe 27,Thecrazyone,105159096860845465502,False,5,,0,3 months ago,
Cafe 27,,"18th Cross Rd, Sector 2, HSR Layout, Bengaluru, Karnataka 560102",12.9112282,77.6522832,Kerala restaurant,,Ci9DQUlRQUNvZENodHljRjlvT2xwRVIwSmtRV1J6Tlc1SU1XSklSR1JXUkhvNU9WRRAB,Cafe 27,Arjun V pillai,106355142035061417231,True,1,Avg food and rude staff... especially an old waiter in the 27th outlet   is mean and won't recommend this,0,3 months ago,"{""meal_type"": ""Lunch""}"
Cafe 27,,"18th Cross Rd, Sector 2, HSR Layout, Bengaluru, Karnataka 560102",12.9112282,77.6522832,Kerala restaurant,,Ci9DQUlRQUNvZENodHljRjlvT21GWVRWQnJVekExVFZsamJVZDFZMnhYUm5CcVIyYxAB,Cafe 27,Sanat Davis,103941918139911037418,True,5,,0,3 months ago,
Cafe 27,,"18th Cross Rd, Sector 2, HSR Layout, Bengaluru, Karnataka 560102",12.9112282,77.6522832,Kerala restaurant,,Ci9DQUlRQUNvZENodHljRjlvT2pCRFYwRnZSMU5uTlROa1JIVlJNM1JNYVdWT1pYYxAB,Cafe 27,Ameera banu,113537912254008639533,False,5,,0,3 months ago,
Cafe 27,,"18th Cross Rd, Sector 2, HSR Layout, Bengaluru, Karnataka 560102",12.9112282,77.6522832,Kerala restaurant,,Ci9DQUlRQUNvZENodHljRjlvT205NVZqVkpOV3BqVFdWaWJXZG5URVJWUmxCb2NVRRAB,Cafe 27,Salwa Basheer,106294024110760997191,True,5,,0,3 months ago,
Cafe 27,,"18th Cross Rd, Sector 2, HSR Layout, Bengaluru, Karnataka 560102",12.9112282,77.6522832,Kerala restaurant,,Ci9DQUlRQUNvZENodHljRjlvT2tOblVVMU9XazFtWkZJMU1IbE1hRmhNTlVwYVdrRRAB,Cafe 27,Sujith S Nair,117070747498102944284,True,4,,0,3 months ago,"{""food"": 4, ""service_rating"": 5, ""atmosphere"": 5}"
Cafe 27,,"18th Cross Rd, Sector 2, HSR Layout, Bengaluru, Karnataka 560102",12.9112282,77.6522832,Kerala restaurant,,Ci9DQUlRQUNvZENodHljRjlvT2tKUFNrdDVibGx3WlU5V2FrbEtTRzVHWVd4VWFIYxAB,Cafe 27,harsh mittal,112123134241942028519,False,1,Staff very rude,0,3 months ago,"{""service_rating"": 1}"
Cafe 27,,"18th Cross Rd, Sector 2, HSR Layout, Bengaluru, Karnataka 560102",12.9112282,77.6522832,Kerala restaurant,,Ci9DQUlRQUNvZENodHljRjlvT25NMlJWZ3piMVZyYUZoamEwTTBSRlprZW10UU9XYxAB,Cafe 27,Sruthi Nair,114006198090906093337,False,1,Can you please help us with a contact no,0,3 months ago,
Cafe 27,,"18th Cross Rd, Sector 2, HSR Layout, Bengaluru, Karnataka 560102",12.9112282,77.6522832,Kerala restaurant,,Ci9DQUlRQUNvZENodHljRjlvT25kUmNrbHNOMHhYVDFsWlkzWkZUbTlwWjNkVmNsRRAB,Cafe 27,ASWIN A P,107015149650353328233,False,4,,0,3 months ago,
Cafe 27,,"18th Cross Rd, Sector 2, HSR Layout, Bengaluru, Karnataka 560102",12.9112282,77.6522832,Kerala restaurant,,Ci9DQUlRQUNvZENodHljRjlvT2tvME9VTmlhVXhETUZwRlEwMXVja0pVTTBwR2FsRRAB,Cafe 27,Rahul Nair,116744778123868938961,True,3,"Food quality and taste is Ok, you would enjoy if you know or had mallu food.  Price is a bit high on snacks and few items.  Waiting time is too long most of the time.",0,3 months ago,"{""dining_mode"": ""Dine in"", ""meal_type"": ""Lunch"", ""price_per_person"": ""₹200–400"", ""food"": 3, ""service_rating"": 2, ""atmosphere"": 4, ""wait_time"": ""10-30 min"", ""vegetarian_recommendation"": ""Would not recommend"", ""vegetarian_options"": ""No menu card as such have I seen. Mostly the guys know the items"", ""parking_space"": ""Plenty of parking"", ""parking_options"": ""Free parking lot""}"
Cafe 27,,"18th Cross Rd, Sector 2, HSR Layout, Bengaluru, Karnataka 560102",12.9112282,77.6522832,Kerala restaurant,,Ci9DQUlRQUNvZENodHljRjlvT2xORFRHVjZTMDFtY1hGd1duVlNjR0pxY0U5V01rRRAB,Cafe 27,Renjith V P,108610121388326651451,True,4,"Ziyan's cafe 27 is a go to place for tea and authentic Kerala tea time snacks. The place also serves some of the best porotta beef in the area. Crowded and happening mostly every evening, the spot itself provides for an ambience akin to what you get in Kerala. The price range is optimum for the quality and service is prompt and decent.",0,3 months ago,"{""price_per_person"": ""₹1–200"", ""food"": 4, ""service_rating"": 3, ""atmosphere"": 3}"
Cafe 27,,"18th Cross Rd, Sector 2, HSR Layout, Bengaluru, Karnataka 560102",12.9112282,77.6522832,Kerala restaurant,,Ci9DQUlRQUNvZENodHljRjlvT2xoMGJFZFhSREJoTm00MlZUZEpURk54YjFkdlNuYxAB,Cafe 27,Athul,115801258059980067053,True,3,"Stopped by for a late lunch around 3:00 PM, and honestly, the experience was a bit of a mixed bag. The meals weren't great—the fish curry in particular was quite salty. It might have been because of the late hour, but it was still disappointing. Service was pretty shabby; we had to wait quite a while just for water, even though the restaurant wasn't busy at the time. ​On the plus side, the snacks were actually good, and the place is well-maintained and clean. While the pricing is reasonable, the food quality for the main meal didn't really feel worth it. Overall, a mid experience",0,3 months ago,"{""meal_type"": ""Lunch"", ""price_per_person"": ""₹200–400"", ""food"": 3, ""service_rating"": 2, ""atmosphere"": 5, ""recommended_dishes"": ""Kerala Meal"", ""wait_time"": ""Up to 10 min"", ""vegetarian_recommendation"": ""Somewhat recommend"", ""vegetarian_offerings"": ""Vegetarian menu or section"", ""parking_space"": ""Somewhat difficult to find parking"", ""parking_options"": ""Free street parking""}"
Cafe 27,,"18th Cross Rd, Sector 2, HSR Layout, Bengaluru, Karnataka 560102",12.9112282,77.6522832,Kerala restaurant,,Ci9DQUlRQUNvZENodHljRjlvT21wT1Fra3RWVWRDVGs4eVJUaGxlV3N5YW5vNVowRRAB,Cafe 27,sujith rajan,116098025013003859839,False,4,,0,3 months ago,"{""meal_type"": ""Breakfast"", ""price_per_person"": ""₹1–200"", ""food"": 5, ""service_rating"": 4, ""atmosphere"": 2, ""group_size"": ""2 people"", ""wait_time"": ""Up to 10 min""}"
Cafe 27,,"18th Cross Rd, Sector 2, HSR Layout, Bengaluru, Karnataka 560102",12.9112282,77.6522832,Kerala restaurant,,Ci9DQUlRQUNvZENodHljRjlvT25KdVdVTjBUMHh3UVRSUVlVcGxVekpJU0dwc05YYxAB,Cafe 27,Sayantika Laskar,108612099405589129870,False,5,,0,3 months ago,
Cafe 27,,"18th Cross Rd, Sector 2, HSR Layout, Bengaluru, Karnataka 560102",12.9112282,77.6522832,Kerala restaurant,,Ci9DQUlRQUNvZENodHljRjlvT25WSk1WUTJUbVJKUVZsWU5UUTRabW93ZFU1Q1NXYxAB,Cafe 27,Jebas Michael Ronaldo,106486533611399943080,True,1,,0,3 months ago,
Cafe 27,,"18th Cross Rd, Sector 2, HSR Layout, Bengaluru, Karnataka 560102",12.9112282,77.6522832,Kerala restaurant,,Ci9DQUlRQUNvZENodHljRjlvT2tRemJEQXpRMlJ0TWtOWFl6SjRUMFJuUXpsNmRFRRAB,Cafe 27,pradeep pv,115156628502396638151,False,1,Very bad service and attitude of the employees are like anything - guys pls note the fish they are using is of very low quality -pls be careful,0,3 months ago,"{""service_rating"": 1}"
Cafe 27,,"18th Cross Rd, Sector 2, HSR Layout, Bengaluru, Karnataka 560102",12.9112282,77.6522832,Kerala restaurant,,ChdDSUhNMG9nS0VJQ0FnSURlc0tMVTh3RRAB,Cafe 27,Marzooq,117946199287602992063,True,2,"Poor pothu roast, pothu is very hard. Curries also taste meh. Kebab is good but full of color.",0,Edited 3 months ago,"{""dining_mode"": ""Dine in"", ""meal_type"": ""Dinner"", ""price_per_person"": ""₹1–200"", ""food"": 2, ""service_rating"": 4, ""atmosphere"": 3, ""special_events"": ""No special event"", ""wait_time"": ""No wait"", ""vegetarian_recommendation"": ""Would not recommend"", ""parking_space"": ""Plenty of parking"", ""parking_options"": ""Free parking lot""}"
Cafe 27,,"18th Cross Rd, Sector 2, HSR Layout, Bengaluru, Karnataka 560102",12.9112282,77.6522832,Kerala restaurant,,Ci9DQUlRQUNvZENodHljRjlvT2s1aFRFY3ROSGxtYzFZemQwRTRYM0ZXY0ZSNE5rRRAB,Cafe 27,vikram aditya,103186971291380233128,False,2,,0,3 months ago,
Cafe 27,,"18th Cross Rd, Sector 2, HSR Layout, Bengaluru, Karnataka 560102",12.9112282,77.6522832,Kerala restaurant,,Ci9DQUlRQUNvZENodHljRjlvT25sRmEzQjJhV1ZqYW1VeGJXRjRWWHBvYTNWNFNFRRAB,Cafe 27,AJU S,106813395441886382251,True,4,,0,3 months ago,
Cafe 27,,"18th Cross Rd, Sector 2, HSR Layout, Bengaluru, Karnataka 560102",12.9112282,77.6522832,Kerala restaurant,,Ci9DQUlRQUNvZENodHljRjlvT2kxdloxOVhZWFpOUldsdGNHeEpibFZUVW1nNGJVRRAB,Cafe 27,Sibin Ks,113571786772199593718,True,4,,0,3 months ago,"{""food"": 4, ""service_rating"": 3, ""atmosphere"": 2}"
Cafe 27,,"18th Cross Rd, Sector 2, HSR Layout, Bengaluru, Karnataka 560102",12.9112282,77.6522832,Kerala restaurant,,Ci9DQUlRQUNvZENodHljRjlvT2s5ZldITXlUbXhoY0dFeExWWnpXV0l5Tmxoc2VFRRAB,Cafe 27,Reshma Gopakumar,102947675589445776649,False,1,"The food taste was below par , tasteless and cold. Over hyped",0,3 months ago,
Cafe 27,,"18th Cross Rd, Sector 2, HSR Layout, Bengaluru, Karnataka 560102",12.9112282,77.6522832,Kerala restaurant,,Ci9DQUlRQUNvZENodHljRjlvT2tobWRIQmFXRTkzY2xaclpuWlJTbDgxYXpKS1ZuYxAB,Cafe 27,Prasanna kumar,111376833779007256521,False,1,,0,3 months ago,"{""food"": 1, ""service_rating"": 1, ""atmosphere"": 1}"
Cafe 27,,"18th Cross Rd, Sector 2, HSR Layout, Bengaluru, Karnataka 560102",12.9112282,77.6522832,Kerala restaurant,,Ci9DQUlRQUNvZENodHljRjlvT2xKMlJtc3piVTlYY201V1IwazBNR1ZJTWxOdVkzYxAB,Cafe 27,Mayur Velur,100266493525401037048,False,5,,0,3 months ago,
Cafe 27,,"18th Cross Rd, Sector 2, HSR Layout, Bengaluru, Karnataka 560102",12.9112282,77.6522832,Kerala restaurant,,Ci9DQUlRQUNvZENodHljRjlvT2pOSkxUWkNSVU4wZEdObGVVeEVWRmRWTmpGWFlVRRAB,Cafe 27,Amal George,104820594448791287519,True,1,Got fly in food in first time. Service very bad . Not at all recommendable .,0,4 months ago,"{""food"": 1, ""service_rating"": 1, ""atmosphere"": 1}"
Cafe 27,,"18th Cross Rd, Sector 2, HSR Layout, Bengaluru, Karnataka 560102",12.9112282,77.6522832,Kerala restaurant,,Ci9DQUlRQUNvZENodHljRjlvT21kUE5WOVJabUpIYTNSb1dWWlVWWEl5U2xCdWVHYxAB,Cafe 27,Ajay Ps,103766150265772213582,False,5,Its a good kerala hotel in HSR,0,4 months ago,"{""price_per_person"": ""₹1–200"", ""food"": 4, ""service_rating"": 4, ""atmosphere"": 5}"
Cafe 27,,"18th Cross Rd, Sector 2, HSR Layout, Bengaluru, Karnataka 560102",12.9112282,77.6522832,Kerala restaurant,,Ci9DQUlRQUNvZENodHljRjlvT2t4b1dXcDNYMlpFV25VNUxUTlRVRFpUUlZVMk0wRRAB,Cafe 27,Anjali C,107106220742113006955,False,5,,0,4 months ago,"{""food"": 5, ""service_rating"": 5, ""atmosphere"": 5}"
Cafe 27,,"18th Cross Rd, Sector 2, HSR Layout, Bengaluru, Karnataka 560102",12.9112282,77.6522832,Kerala restaurant,,Ci9DQUlRQUNvZENodHljRjlvT25sR1dTMUJSaTFJWlVGQkxXOTJkMDVWVW1kYU0zYxAB,Cafe 27,Ron,110538520919105245489,True,4,,0,4 months ago,"{""food"": 4, ""service_rating"": 4, ""atmosphere"": 3}"
Cafe 27,,"18th Cross Rd, Sector 2, HSR Layout, Bengaluru, Karnataka 560102",12.9112282,77.6522832,Kerala restaurant,,Ci9DQUlRQUNvZENodHljRjlvT25GbGJXY3hVa1ZTZEU0NVJXVlRVa3B2T1hsV1VsRRAB,Cafe 27,Balasankkari Ponnusamy,117613547955801393905,True,5,,0,4 months ago,
Cafe 27,,"18th Cross Rd, Sector 2, HSR Layout, Bengaluru, Karnataka 560102",12.9112282,77.6522832,Kerala restaurant,,Ci9DQUlRQUNvZENodHljRjlvT21ST0xUWnJhRGw2Um0wM1V6ZDJZMUJsVEdwa2FWRRAB,Cafe 27,Ritesh Kumar,101158739829299120709,True,3,,0,4 months ago,"{""meal_type"": ""Other"", ""price_per_person"": ""₹1–200"", ""food"": 3, ""service_rating"": 3, ""atmosphere"": 3, ""group_size"": ""3-4 people"", ""wait_time"": ""Up to 10 min""}"
Cafe 27,,"18th Cross Rd, Sector 2, HSR Layout, Bengaluru, Karnataka 560102",12.9112282,77.6522832,Kerala restaurant,,Ci9DQUlRQUNvZENodHljRjlvT2xSSWVYbHpaa3d4WVVKVU1rRllla1oyZURKMmFGRRAB,Cafe 27,Mugilan P,111738081620200546503,True,5,,0,4 months ago,"{""food"": 5, ""service_rating"": 5, ""atmosphere"": 5}"
Cafe 27,,"18th Cross Rd, Sector 2, HSR Layout, Bengaluru, Karnataka 560102",12.9112282,77.6522832,Kerala restaurant,,Ci9DQUlRQUNvZENodHljRjlvT2toYWVqQkZibU5qU2xwcGNYcHhlRm95U1VsNVYxRRAB,Cafe 27,Ashwath Byju,111886137478816036879,True,5,,0,4 months ago,"{""food"": 5, ""service_rating"": 5, ""atmosphere"": 5}"
Cafe 27,,"18th Cross Rd, Sector 2, HSR Layout, Bengaluru, Karnataka 560102",12.9112282,77.6522832,Kerala restaurant,,Ci9DQUlRQUNvZENodHljRjlvT2pCWVVtVmpSREZJYzNONVYxbE9TWFJLTTBSbVFYYxAB,Cafe 27,Godwin Pavan,115163087918268370051,True,4,,0,4 months ago,"{""food"": 4, ""service_rating"": 4, ""atmosphere"": 3}"
Cafe 27,,"18th Cross Rd, Sector 2, HSR Layout, Bengaluru, Karnataka 560102",12.9112282,77.6522832,Kerala restaurant,,Ci9DQUlRQUNvZENodHljRjlvT214WGQyeFpSMWxxZWxSVmFYUjZSa0ZoUjJ4clNIYxAB,Cafe 27,Hani Parvez,108335087621418190819,False,4,,0,4 months ago,
Cafe 27,,"18th Cross Rd, Sector 2, HSR Layout, Bengaluru, Karnataka 560102",12.9112282,77.6522832,Kerala restaurant,,Ci9DQUlRQUNvZENodHljRjlvT2xWd1UxaERPRE5RY0dKemFESTJkRVJxWjJOTldGRRAB,Cafe 27,Prajnesh Anchan,107862126186703440582,True,5,,0,4 months ago,"{""dining_mode"": ""Dine in"", ""meal_type"": ""Dinner"", ""price_per_person"": ""₹1,400–1,600"", ""wait_time"": ""Up to 10 min"", ""parking_space"": ""Plenty of parking"", ""parking_options"": ""Free parking lot""}"
Cafe 27,,"18th Cross Rd, Sector 2, HSR Layout, Bengaluru, Karnataka 560102",12.9112282,77.6522832,Kerala restaurant,,Ci9DQUlRQUNvZENodHljRjlvT2pZeFpHVnZOR1pQWDFwNVRIaFhiME52TjJWelMyYxAB,Cafe 27,Sujith S,115208054959866273466,True,5,"Wonderful kerala food, good service, very nice people.",0,4 months ago,"{""food"": 5, ""service_rating"": 5, ""atmosphere"": 5}"
Cafe 27,,"18th Cross Rd, Sector 2, HSR Layout, Bengaluru, Karnataka 560102",12.9112282,77.6522832,Kerala restaurant,,Ci9DQUlRQUNvZENodHljRjlvT2sxNE0xOTBOa3hCU0ZwUVdUQkdMWGg1YWpoUVpuYxAB,Cafe 27,Amrutha Sukumaran,102965036404529387258,False,1,"I had a very bad experience at this place. We ordered several items, but only half of them were delivered.  We ordered a tender coconut shake, which we never received. When we asked about it, the staff casually said they had asked another staff member to prepare it, but he didn’t make it. This kind of irresponsible answer is unacceptable.  We also ordered a shawarma, and even after waiting for a long time, it was never served.  For tea, we had to order twice and follow up with multiple staff members. After a long delay, we finally received one tea. Later, they brought another tea that we never ordered. When we informed the staff about this mistake, instead of accepting it, he started arguing with us, insisting that we had ordered it.  Extremely poor service, zero coordination among staff, and very bad attitude towards customers.  Not recommended to anyone. Worst behavior from the staff",0,4 months ago,"{""dining_mode"": ""Dine in"", ""meal_type"": ""Other"", ""food"": 2, ""service_rating"": 1, ""atmosphere"": 3, ""wait_time"": ""No wait""}"
Cafe 27,,"18th Cross Rd, Sector 2, HSR Layout, Bengaluru, Karnataka 560102",12.9112282,77.6522832,Kerala restaurant,,Ci9DQUlRQUNvZENodHljRjlvT2xObmFVMTVWREJHZUcxQk9HWXpURWcxZVVWQ1dVRRAB,Cafe 27,Meenu Roy,116498228592947485064,True,5,,0,4 months ago,"{""dining_mode"": ""Dine in"", ""meal_type"": ""Breakfast"", ""price_per_person"": ""₹200–400"", ""food"": 5, ""service_rating"": 5, ""atmosphere"": 5, ""wait_time"": ""No wait""}"
Cafe 27,,"18th Cross Rd, Sector 2, HSR Layout, Bengaluru, Karnataka 560102",12.9112282,77.6522832,Kerala restaurant,,Ci9DQUlRQUNvZENodHljRjlvT2t0cGNGTmpSbkY2ZFhwUGNIbFpUa1J3VlVKUFIyYxAB,Cafe 27,Muhammed Sabik,113684898109460975252,True,5,,0,4 months ago,"{""dining_mode"": ""Dine in"", ""meal_type"": ""Dinner"", ""price_per_person"": ""₹1–200"", ""wait_time"": ""No wait"", ""parking_space"": ""Not sure"", ""parking_options"": ""Free parking lot, Valet""}"
Cafe 27,,"18th Cross Rd, Sector 2, HSR Layout, Bengaluru, Karnataka 560102",12.9112282,77.6522832,Kerala restaurant,,Ci9DQUlRQUNvZENodHljRjlvT2pZNFZIVkZlRE5hU1ZNNVowOTRZMFpXTVVSeFNYYxAB,Cafe 27,Amith K,100875156875242967583,True,1,Very bad food cooked in bad quality used oil. Service is below average Most of the people have food and tea at road side which is very unhealthy and unhygienic NOT RECOMMENDED at all,0,4 months ago,"{""dining_mode"": ""Dine in"", ""meal_type"": ""Other"", ""price_per_person"": ""₹1–200"", ""food"": 1, ""service_rating"": 2, ""atmosphere"": 1, ""wait_time"": ""No wait"", ""parking_space"": ""Somewhat difficult to find parking"", ""parking_options"": ""Free street parking"", ""parking_notes"": ""The parking space appears to be encroached and improper, and because of that the driving on that road is dangerous"", ""kid_friendliness"": ""Absolutely not"", ""wheelchair_accessibility"": ""No""}"
Cafe 27,,"18th Cross Rd, Sector 2, HSR Layout, Bengaluru, Karnataka 560102",12.9112282,77.6522832,Kerala restaurant,,Ci9DQUlRQUNvZENodHljRjlvT25KbFNuQlVhMmgzUkVjNGJrdHVWME5oYjNwRE1XYxAB,Cafe 27,Indrajith Chandarkumar,103496053681802935185,True,4,,0,4 months ago,"{""meal_type"": ""Dinner"", ""price_per_person"": ""₹1–200"", ""food"": 4, ""service_rating"": 4, ""atmosphere"": 3, ""wait_time"": ""No wait""}"
Cafe 27,,"18th Cross Rd, Sector 2, HSR Layout, Bengaluru, Karnataka 560102",12.9112282,77.6522832,Kerala restaurant,,Ci9DQUlRQUNvZENodHljRjlvT25kbVNWcE9WRnB6ZEdSbWJHeDJYMmhtTTFwTlYwRRAB,Cafe 27,Gp,114163575584019802556,False,5,I like their tea and the surrounding atmosphere. The building looks iconic as well.,0,4 months ago,"{""dining_mode"": ""Dine in"", ""meal_type"": ""Other"", ""price_per_person"": ""₹1–200"", ""food"": 5, ""service_rating"": 5, ""atmosphere"": 5, ""wait_time"": ""Up to 10 min""}"
Cafe 27,,"18th Cross Rd, Sector 2, HSR Layout, Bengaluru, Karnataka 560102",12.9112282,77.6522832,Kerala restaurant,,Ci9DQUlRQUNvZENodHljRjlvT25RdFZrdG1abTh0UzJKTU9VMXNkV0p0VG00M2JHYxAB,Cafe 27,Rahul Raj R S,117570494692283665584,False,5,Average,0,4 months ago,"{""dining_mode"": ""Dine in"", ""meal_type"": ""Brunch"", ""price_per_person"": ""₹200–400"", ""food"": 3, ""service_rating"": 3, ""atmosphere"": 3, ""wait_time"": ""Up to 10 min""}"
Cafe 27,,"18th Cross Rd, Sector 2, HSR Layout, Bengaluru, Karnataka 560102",12.9112282,77.6522832,Kerala restaurant,,Ci9DQUlRQUNvZENodHljRjlvT2pKa09FNXNSWGRxUkdVNVVqSTBiVmx2V1U1alVXYxAB,Cafe 27,Sreenoj Nani,117449954241887604375,False,5,,0,4 months ago,"{""food"": 5, ""service_rating"": 5, ""atmosphere"": 5}"
Cafe 27,,"18th Cross Rd, Sector 2, HSR Layout, Bengaluru, Karnataka 560102",12.9112282,77.6522832,Kerala restaurant,,Ci9DQUlRQUNvZENodHljRjlvT2pKSE5tdHNTRTlZY1hGVVpGbHJZbWxpTFRkNFlWRRAB,Cafe 27,Narayan S S,109318157766264148656,True,5,,0,4 months ago,"{""dining_mode"": ""Dine in"", ""meal_type"": ""Breakfast"", ""price_per_person"": ""₹1–200"", ""food"": 5, ""service_rating"": 4, ""atmosphere"": 4}"
Cafe 27,,"18th Cross Rd, Sector 2, HSR Layout, Bengaluru, Karnataka 560102",12.9112282,77.6522832,Kerala restaurant,,Ci9DQUlRQUNvZENodHljRjlvT2toTldWRmliV1pWY1VkUlltWjNWa000WW05WVJXYxAB,Cafe 27,Albin Manoj,115119522243930618159,True,4,,0,4 months ago,"{""dining_mode"": ""Dine in"", ""price_per_person"": ""₹200–400"", ""food"": 3, ""service_rating"": 3, ""atmosphere"": 3, ""group_size"": ""3-4 people""}"
Cafe 27,,"18th Cross Rd, Sector 2, HSR Layout, Bengaluru, Karnataka 560102",12.9112282,77.6522832,Kerala restaurant,,Ci9DQUlRQUNvZENodHljRjlvT2kxQ2VqQmhSM3BZVVROZlVHWkROVkJoU1U0NFZtYxAB,Cafe 27,Sarfaraz Lohar,108446744978249775853,False,5,,0,4 months ago,"{""dining_mode"": ""Dine in"", ""meal_type"": ""Brunch"", ""price_per_person"": ""₹600–800"", ""food"": 5, ""service_rating"": 4, ""atmosphere"": 4, ""group_size"": ""2 people"", ""vegetarian_recommendation"": ""Somewhat recommend""}"
Cafe 27,,"18th Cross Rd, Sector 2, HSR Layout, Bengaluru, Karnataka 560102",12.9112282,77.6522832,Kerala restaurant,,Ci9DQUlRQUNvZENodHljRjlvT2pNd2NUbGtNMEZJU0hCYWIxOTJTWG96YlhSd1oxRRAB,Cafe 27,Sreejith Nair,114442792191738073019,True,5,"As always, you guys do it best",0,4 months ago,"{""food"": 5, ""service_rating"": 5, ""atmosphere"": 5}"
Cafe 27,,"18th Cross Rd, Sector 2, HSR Layout, Bengaluru, Karnataka 560102",12.9112282,77.6522832,Kerala restaurant,,Ci9DQUlRQUNvZENodHljRjlvT25oSVowSklaMnBCZGtGNlExUjJaUzAxVkZCVmNrRRAB,Cafe 27,gibu george,114247252709477791824,True,5,,0,4 months ago,"{""dining_mode"": ""Dine in"", ""meal_type"": ""Lunch"", ""price_per_person"": ""₹200–400"", ""food"": 5, ""service_rating"": 5, ""atmosphere"": 5, ""wait_time"": ""Up to 10 min""}"
Cafe 27,,"18th Cross Rd, Sector 2, HSR Layout, Bengaluru, Karnataka 560102",12.9112282,77.6522832,Kerala restaurant,,Ci9DQUlRQUNvZENodHljRjlvT25kUE9GQldZMUZMYzJoRFN6QmllR2xoZGxwVFdtYxAB,Cafe 27,Md Roshan,112616172198250819059,False,5,,0,4 months ago,
Cafe 27,,"18th Cross Rd, Sector 2, HSR Layout, Bengaluru, Karnataka 560102",12.9112282,77.6522832,Kerala restaurant,,Ci9DQUlRQUNvZENodHljRjlvT2xSMmNVNVlWVlU1ZWtWRlNqTlljVTVsTlVsdGMyYxAB,Cafe 27,Aswathi P Nair,109897283137077050903,True,4,Good food. Nice ambiance.,0,4 months ago,"{""food"": 4, ""service_rating"": 3, ""atmosphere"": 3}"
Cafe 27,,"18th Cross Rd, Sector 2, HSR Layout, Bengaluru, Karnataka 560102",12.9112282,77.6522832,Kerala restaurant,,Ci9DQUlRQUNvZENodHljRjlvT2twSWEycG9hM0p3U1d0MVNIbzJhbUphYVV4SWJsRRAB,Cafe 27,Roylin Francis Chamavalappil,113632482487530581362,True,5,,0,4 months ago,
Cafe 27,,"18th Cross Rd, Sector 2, HSR Layout, Bengaluru, Karnataka 560102",12.9112282,77.6522832,Kerala restaurant,,Ci9DQUlRQUNvZENodHljRjlvT2xoMUxVTjNhREZaVmtKb1JVcEJiR05NUjB4b05YYxAB,Cafe 27,Subin V,105123587688228352958,True,5,,0,4 months ago,
Cafe 27,,"18th Cross Rd, Sector 2, HSR Layout, Bengaluru, Karnataka 560102",12.9112282,77.6522832,Kerala restaurant,,Ci9DQUlRQUNvZENodHljRjlvT2toaWNuY3lkVVpZUkVWSmVtVjNZa0pFZW5sekxWRRAB,Cafe 27,anoop kalliyath,113615229890452060309,True,4,,0,4 months ago,"{""dining_mode"": ""Dine in"", ""meal_type"": ""Dinner"", ""price_per_person"": ""₹1–200"", ""food"": 4, ""service_rating"": 3, ""atmosphere"": 4}"
Cafe 27,,"18th Cross Rd, Sector 2, HSR Layout, Bengaluru, Karnataka 560102",12.9112282,77.6522832,Kerala restaurant,,Ci9DQUlRQUNvZENodHljRjlvT2tsd2VrNVFRbGR2YkVkd09WaFhPVWMxTUZST1VrRRAB,Cafe 27,savitha krishnan,111069348974692632826,True,3,,0,4 months ago,"{""dining_mode"": ""Dine in"", ""meal_type"": ""Lunch"", ""price_per_person"": ""₹600–800"", ""food"": 4, ""service_rating"": 4, ""atmosphere"": 3, ""wait_time"": ""10-30 min""}"
Cafe 27,,"18th Cross Rd, Sector 2, HSR Layout, Bengaluru, Karnataka 560102",12.9112282,77.6522832,Kerala restaurant,,Ci9DQUlRQUNvZENodHljRjlvT2paMlNtSTBZbWM1WlRjMlNGUldOWGRFUTFGT2IxRRAB,Cafe 27,Rajkumar Visvalingam,104975744494751341353,True,4,,0,4 months ago,"{""meal_type"": ""Other"", ""price_per_person"": ""₹200–400"", ""food"": 5, ""service_rating"": 4, ""atmosphere"": 3, ""wait_time"": ""10-30 min"", ""parking_space"": ""Difficult to find parking""}"
Cafe 27,,"18th Cross Rd, Sector 2, HSR Layout, Bengaluru, Karnataka 560102",12.9112282,77.6522832,Kerala restaurant,,Ci9DQUlRQUNvZENodHljRjlvT2s1V0xVd3pORlZRYTBGTVJHMXdPVFJPT0haUVdXYxAB,Cafe 27,Prajual R,110373869446724404995,True,2,,0,4 months ago,"{""food"": 3, ""service_rating"": 2, ""atmosphere"": 1}"
Cafe 27,,"18th Cross Rd, Sector 2, HSR Layout, Bengaluru, Karnataka 560102",12.9112282,77.6522832,Kerala restaurant,,Ci9DQUlRQUNvZENodHljRjlvT25SVWJsVkdiRmhaYTNBM05tMXdTRWhRYm5aZlIzYxAB,Cafe 27,BlissWhite Dental,107891464441828052134,False,5,,0,4 months ago,"{""dining_mode"": ""Dine in"", ""meal_type"": ""Breakfast"", ""food"": 4, ""service_rating"": 4, ""atmosphere"": 4}"
Cafe 27,,"18th Cross Rd, Sector 2, HSR Layout, Bengaluru, Karnataka 560102",12.9112282,77.6522832,Kerala restaurant,,Ci9DQUlRQUNvZENodHljRjlvT213MlkxWTNSWEY2Ymw5WWJrRkJRbVV4U0dKMWFVRRAB,Cafe 27,jayesh puthra,113948944494065521326,True,4,,0,4 months ago,"{""dining_mode"": ""Dine in"", ""meal_type"": ""Breakfast"", ""price_per_person"": ""₹1–200"", ""wait_time"": ""No wait"", ""vegetarian_recommendation"": ""Would not recommend"", ""vegetarian_offerings"": ""Clearly labeled vegetarian dishes"", ""parking_space"": ""Plenty of parking"", ""parking_options"": ""Free parking lot""}"
Cafe 27,,"18th Cross Rd, Sector 2, HSR Layout, Bengaluru, Karnataka 560102",12.9112282,77.6522832,Kerala restaurant,,Ci9DQUlRQUNvZENodHljRjlvT25sSGFISkhjR2hIZEZGNVUzTjJjMlZLTUZrMU1uYxAB,Cafe 27,Anusree Padmakumar,117896201882657686927,False,1,"Very poor customer service. Staff were rude and unwilling to help. Had a really unpleasant experience.The snacks were too oily. Despite of serving the paying customers, the staffs are behaving like we came for free food. “ Not at all Recommended “",0,4 months ago,"{""food"": 2, ""service_rating"": 1, ""atmosphere"": 1}"
Cafe 27,,"18th Cross Rd, Sector 2, HSR Layout, Bengaluru, Karnataka 560102",12.9112282,77.6522832,Kerala restaurant,,Ci9DQUlRQUNvZENodHljRjlvT25Sa1IyazFhRVZSVTI0dGRERXpURnBqVkV0YVgwRRAB,Cafe 27,Sumit Kumar,109961728513531079140,True,5,,0,5 months ago,
Cafe 27,,"18th Cross Rd, Sector 2, HSR Layout, Bengaluru, Karnataka 560102",12.9112282,77.6522832,Kerala restaurant,,Ci9DQUlRQUNvZENodHljRjlvT2xaZmFFUldXa2RYU0ZRM1FrczRPVlF3VVZaUVZYYxAB,Cafe 27,Touhid Ahmed,110248453423300972328,True,5,🤤💯😋 best in HSR layout,0,5 months ago,"{""dining_mode"": ""Dine in"", ""price_per_person"": ""₹1,000–1,200"", ""food"": 5, ""service_rating"": 5, ""atmosphere"": 5, ""wait_time"": ""No wait""}"
Cafe 27,,"18th Cross Rd, Sector 2, HSR Layout, Bengaluru, Karnataka 560102",12.9112282,77.6522832,Kerala restaurant,,Ci9DQUlRQUNvZENodHljRjlvT2poNmNGSTJOVlF0Wm5CMk9FWjBabGc0WDJKM1JrRRAB,Cafe 27,Shifa Rahiman,107252963820701097356,True,5,"it’s a hidden gem in HSR Layout where authentic Kerala cuisine meets a relaxed vibe. With its affordable pricing, delicious food, and friendly service, it’s a great spot for both everyday meals and special occasions.",0,5 months ago,"{""dining_mode"": ""Dine in"", ""meal_type"": ""Dinner"", ""price_per_person"": ""₹200–400"", ""food"": 5, ""service_rating"": 5, ""atmosphere"": 4, ""wait_time"": ""No wait""}"
Cafe 27,,"18th Cross Rd, Sector 2, HSR Layout, Bengaluru, Karnataka 560102",12.9112282,77.6522832,Kerala restaurant,,Ci9DQUlRQUNvZENodHljRjlvT2pCbE1VOWtPSE56TjJaRFVGcHNRemhNTldKc1gyYxAB,Cafe 27,Pooja N,113547184537426460488,True,4,,0,5 months ago,"{""dining_mode"": ""Dine in"", ""meal_type"": ""Lunch"", ""price_per_person"": ""₹1–200"", ""food"": 4, ""service_rating"": 4, ""atmosphere"": 4, ""recommended_dishes"": ""Kerala Meal, 2 Kerala Parotta, Chicken Alfaham, Meals with Fish Fry"", ""vegetarian_recommendation"": ""Not sure"", ""vegetarian_offerings"": ""Vegetarian menu or section"", ""parking_space"": ""Somewhat difficult to find parking"", ""parking_options"": ""Free street parking""}"
Cafe 27,,"18th Cross Rd, Sector 2, HSR Layout, Bengaluru, Karnataka 560102",12.9112282,77.6522832,Kerala restaurant,,Ci9DQUlRQUNvZENodHljRjlvT25aa1lUZ3hRVmRGWm5oS2IySnVNV1UxUjBSTVpHYxAB,Cafe 27,Leo Ka,118318068332526874729,True,5,,0,5 months ago,
Cafe 27,,"18th Cross Rd, Sector 2, HSR Layout, Bengaluru, Karnataka 560102",12.9112282,77.6522832,Kerala restaurant,,ChdDSUhNMG9nS0VJQ0FnSUNvdHZqTndRRRAB,Cafe 27,Faisal T,115631049925311753067,True,5,,0,Edited 5 months ago,"{""dining_mode"": ""Dine in"", ""meal_type"": ""Breakfast"", ""price_per_person"": ""₹1–200"", ""food"": 5, ""service_rating"": 5, ""atmosphere"": 4, ""parking_space"": ""Plenty of parking"", ""parking_options"": ""Free parking lot""}"
Cafe 27,,"18th Cross Rd, Sector 2, HSR Layout, Bengaluru, Karnataka 560102",12.9112282,77.6522832,Kerala restaurant,,Ci9DQUlRQUNvZENodHljRjlvT25oc1VsSndPVXczWVUxRVpERTJiRXhJUjNsZlJGRRAB,Cafe 27,Archanaa Thangavel,115506695701544959063,True,5,,0,5 months ago,"{""dining_mode"": ""Dine in"", ""meal_type"": ""Dinner"", ""price_per_person"": ""₹400–600"", ""food"": 5, ""service_rating"": 4, ""atmosphere"": 5, ""recommended_dishes"": ""Kerala Meal""}"
Cafe 27,,"18th Cross Rd, Sector 2, HSR Layout, Bengaluru, Karnataka 560102",12.9112282,77.6522832,Kerala restaurant,,ChdDSUhNMG9nS0VJQ0FnSUNTOE1pV253RRAB,Cafe 27,Shiro Jacob,101147148961652118734,True,2,The food was okay,0,Edited 5 months ago,"{""food"": 2, ""service_rating"": 1, ""atmosphere"": 2}"
Cafe 27,,"18th Cross Rd, Sector 2, HSR Layout, Bengaluru, Karnataka 560102",12.9112282,77.6522832,Kerala restaurant,,Ci9DQUlRQUNvZENodHljRjlvT2kxclgxWk1kM0Z5U25GQ2FrZG9RV05UVnpKamFXYxAB,Cafe 27,Varghese George,105756540264158939200,True,5,,0,5 months ago,"{""food"": 5, ""service_rating"": 4, ""atmosphere"": 4}"
Cafe 27,,"18th Cross Rd, Sector 2, HSR Layout, Bengaluru, Karnataka 560102",12.9112282,77.6522832,Kerala restaurant,,Ci9DQUlRQUNvZENodHljRjlvT2twRFdsVmFRMjgyVnpOQmJIQkJSV0ZrTTNKaFdYYxAB,Cafe 27,Athul Dharani,114594192206599612255,True,4,,0,5 months ago,"{""food"": 5, ""service_rating"": 4, ""atmosphere"": 4}"
Cafe 27,,"18th Cross Rd, Sector 2, HSR Layout, Bengaluru, Karnataka 560102",12.9112282,77.6522832,Kerala restaurant,,Ci9DQUlRQUNvZENodHljRjlvT2tsUWJUQm9VUzFJV2t4aWRIWTVWMms0VVRaMVdFRRAB,Cafe 27,atheeq shariff,108252184123130060598,True,5,Excellent food,0,5 months ago,"{""food"": 5, ""service_rating"": 5, ""atmosphere"": 5}"
Cafe 27,,"18th Cross Rd, Sector 2, HSR Layout, Bengaluru, Karnataka 560102",12.9112282,77.6522832,Kerala restaurant,,Ci9DQUlRQUNvZENodHljRjlvT2tsa2FtUk9Sa3RUYkhsR1JsSmpNWEJoZDNaRGNtYxAB,Cafe 27,Minto Dominic,106713969215646613982,False,5,,0,5 months ago,"{""food"": 4, ""service_rating"": 4, ""atmosphere"": 4}"
Cafe 27,,"18th Cross Rd, Sector 2, HSR Layout, Bengaluru, Karnataka 560102",12.9112282,77.6522832,Kerala restaurant,,Ci9DQUlRQUNvZENodHljRjlvT2xGWlluSnljRTFQTlZsblRVUldRV2RuTVZoV1QyYxAB,Cafe 27,gayathri r,107113361866646526355,True,4,Food was yum but a little overpriced comparing with the quantity,0,5 months ago,"{""dining_mode"": ""Dine in"", ""meal_type"": ""Dinner"", ""price_per_person"": ""₹200–400"", ""food"": 4, ""service_rating"": 4, ""atmosphere"": 3, ""noise_level"": ""Loud, but you can still talk""}"
Cafe 27,,"18th Cross Rd, Sector 2, HSR Layout, Bengaluru, Karnataka 560102",12.9112282,77.6522832,Kerala restaurant,,Ci9DQUlRQUNvZENodHljRjlvT2s1Wk1XUjNSakpqWVhGcU9XTk5NSEI1ZW5NMVlVRRAB,Cafe 27,Joydeep Sen Sarma,113702254571877296233,True,5,"Unique Keralite joint in Bangalore. Serves fast meals. Extensive fish menu. You have to like this kind of food - not for everyone. The ambience is a bit of a street side restaurant. Fast, affordable. Not a premium place - set expectations accordingly. The snacks served outside in the afternoon are also excellent. Definitely recommend if you like South Indian style fish fry.",0,5 months ago,"{""dining_mode"": ""Dine in"", ""meal_type"": ""Lunch"", ""food"": 5, ""service_rating"": 5, ""atmosphere"": 4}"
Cafe 27,,"18th Cross Rd, Sector 2, HSR Layout, Bengaluru, Karnataka 560102",12.9112282,77.6522832,Kerala restaurant,,Ci9DQUlRQUNvZENodHljRjlvT2xSemQzSjVRa3BwUlRJNWVuZExkRE15UVUxWGQxRRAB,Cafe 27,Rohan Pramod,105301665965796462013,True,4,"If in HSR, you have to have a cup of tea nd snacks from here, the food is also good, A great place to chill Good amount of parking space also available",0,5 months ago,"{""food"": 4, ""service_rating"": 4, ""atmosphere"": 4}"
Cafe 27,,"18th Cross Rd, Sector 2, HSR Layout, Bengaluru, Karnataka 560102",12.9112282,77.6522832,Kerala restaurant,,Ci9DQUlRQUNvZENodHljRjlvT21RNFdIWjNhWGxXUmxKRkxUSlNNbkpKUWxrNU0zYxAB,Cafe 27,Padmasri R,107037539560249865195,False,5,Love for tea,0,5 months ago,"{""food"": 4, ""service_rating"": 4, ""atmosphere"": 4}"
Cafe 27,,"18th Cross Rd, Sector 2, HSR Layout, Bengaluru, Karnataka 560102",12.9112282,77.6522832,Kerala restaurant,,Ci9DQUlRQUNvZENodHljRjlvT201TllqRnhjazR5WmxCaVVVNWlSbHBQTVZKWWVWRRAB,Cafe 27,Prajeesh Das Nair,109575468351194820919,True,5,Superb..,0,Edited 5 months ago,"{""dining_mode"": ""Dine in"", ""meal_type"": ""Lunch"", ""price_per_person"": ""₹400–600"", ""food"": 5, ""service_rating"": 5, ""atmosphere"": 5, ""group_size"": ""3-4 people"", ""wait_time"": ""Up to 10 min""}"
Cafe 27,,"18th Cross Rd, Sector 2, HSR Layout, Bengaluru, Karnataka 560102",12.9112282,77.6522832,Kerala restaurant,,Ci9DQUlRQUNvZENodHljRjlvT25BemEweEJRbGxxV0dwUlNURXdURUoyWmtWaWFrRRAB,Cafe 27,Arjun Krishnadas,101690137019024589135,True,1,"The service here is disappointing. The older staff member wearing a cap and specs was hesitant to take the order, even after being called multiple times. Eventually, someone from the counter stepped in and took care of it. While the food is good, I wouldn’t recommend this place for families due to staff negligence and the atmosphere that results from such service.",0,Edited 5 months ago,"{""dining_mode"": ""Dine in"", ""meal_type"": ""Other"", ""price_per_person"": ""₹800–1,000"", ""food"": 5, ""service_rating"": 1, ""atmosphere"": 1}"
Cafe 27,,"18th Cross Rd, Sector 2, HSR Layout, Bengaluru, Karnataka 560102",12.9112282,77.6522832,Kerala restaurant,,Ci9DQUlRQUNvZENodHljRjlvT25kclQweHBiazVuTFdwTWR6RnROMjh3U3kxUVZsRRAB,Cafe 27,Wilson Stanley,106580633426205144150,False,5,,0,5 months ago,
Cafe 27,,"18th Cross Rd, Sector 2, HSR Layout, Bengaluru, Karnataka 560102",12.9112282,77.6522832,Kerala restaurant,,Ci9DQUlRQUNvZENodHljRjlvT2pSUWExUkVZa1JGUkVKb2MybDVhM0pQVmxnNWExRRAB,Cafe 27,Travel lifestyle Explorer,116223872945277958454,True,4,,0,5 months ago,"{""food"": 4, ""service_rating"": 4, ""atmosphere"": 4}"
Cafe 27,,"18th Cross Rd, Sector 2, HSR Layout, Bengaluru, Karnataka 560102",12.9112282,77.6522832,Kerala restaurant,,Ci9DQUlRQUNvZENodHljRjlvT21WeWJYaFpaV05zTW5kamIycGZRVTF6TFhjMmJHYxAB,Cafe 27,KAMALNATH VINCENT (Kamal),105976013236314025989,True,4,Parota and beef 😋,0,5 months ago,"{""dining_mode"": ""Dine in"", ""meal_type"": ""Dinner"", ""price_per_person"": ""₹200–400"", ""food"": 4, ""service_rating"": 4, ""atmosphere"": 4, ""wait_time"": ""No wait""}"
Cafe 27,,"18th Cross Rd, Sector 2, HSR Layout, Bengaluru, Karnataka 560102",12.9112282,77.6522832,Kerala restaurant,,Ci9DQUlRQUNvZENodHljRjlvT25VM1ZsaE1abkZNT1RoS1RWaEpNR014U3pCd01VRRAB,Cafe 27,SREEHARI P V,100868008061403578294,True,3,,0,5 months ago,
Cafe 27,,"18th Cross Rd, Sector 2, HSR Layout, Bengaluru, Karnataka 560102",12.9112282,77.6522832,Kerala restaurant,,Ci9DQUlRQUNvZENodHljRjlvT2t3dFRIbEtVMEYzUWxSdlUyRjFOMlEwTkVSbVQxRRAB,Cafe 27,144 Muhammed Althaf,101430450085584938235,False,2,I have found many foreign objects in my food multiple times and have informed the staff many times yet there is no change,0,5 months ago,"{""dining_mode"": ""Dine in"", ""meal_type"": ""Lunch"", ""price_per_person"": ""₹200–400"", ""food"": 2, ""service_rating"": 2, ""atmosphere"": 2}"
Cafe 27,,"18th Cross Rd, Sector 2, HSR Layout, Bengaluru, Karnataka 560102",12.9112282,77.6522832,Kerala restaurant,,Ci9DQUlRQUNvZENodHljRjlvT2xOaFprRndSM2RVVjFCRmExcG9MVWh3WDNaV1gxRRAB,Cafe 27,Varun Thammaiah,109709372951327456737,True,4,,0,5 months ago,"{""meal_type"": ""Other"", ""price_per_person"": ""₹200–400""}"
Cafe 27,,"18th Cross Rd, Sector 2, HSR Layout, Bengaluru, Karnataka 560102",12.9112282,77.6522832,Kerala restaurant,,Ci9DQUlRQUNvZENodHljRjlvT2tGVVFub3pSWGczYjJsNmJrcGpUR3BCY0RCTWNWRRAB,Cafe 27,sudheesh hemachandran,105497001382175463193,True,5,,0,5 months ago,
Cafe 27,,"18th Cross Rd, Sector 2, HSR Layout, Bengaluru, Karnataka 560102",12.9112282,77.6522832,Kerala restaurant,,Ci9DQUlRQUNvZENodHljRjlvT2xvdGFFSXdPV0ZNTTJGSGNUVTVka2hHUzNCclJXYxAB,Cafe 27,Rajul Raj,115850459817764122361,True,4,,0,5 months ago,"{""dining_mode"": ""Dine in"", ""meal_type"": ""Breakfast"", ""price_per_person"": ""₹1–200""}"
Cafe 27,,"18th Cross Rd, Sector 2, HSR Layout, Bengaluru, Karnataka 560102",12.9112282,77.6522832,Kerala restaurant,,Ci9DQUlRQUNvZENodHljRjlvT2xGclJsWmZhRU5xZFZCQ1UyWlFWWGsyUlZScU9XYxAB,Cafe 27,hey_sree,110742077019190394825,True,1,"Rude staffs, behaved like we are there for free food, didn't even let us sit where we wanted. Left the place instantly.",0,5 months ago,"{""service_rating"": 1, ""atmosphere"": 2}"
Cafe 27,,"18th Cross Rd, Sector 2, HSR Layout, Bengaluru, Karnataka 560102",12.9112282,77.6522832,Kerala restaurant,,Ci9DQUlRQUNvZENodHljRjlvT2sxMmJsVmxUamhqVTFSNVVXWjVMVlEyTUZWcFluYxAB,Cafe 27,Neha Joshy,113980879612777138932,False,5,,0,5 months ago,
Cafe 27,,"18th Cross Rd, Sector 2, HSR Layout, Bengaluru, Karnataka 560102",12.9112282,77.6522832,Kerala restaurant,,Ci9DQUlRQUNvZENodHljRjlvT2pSdlkwcDRlREppZG1VeU1XSllaRlZTWm5OUk5WRRAB,Cafe 27,VAISHAKH KP,113641119689280493393,False,1,"The people  are very arrogant , taking the order by the looks of people. Two times  I went to the restaurant  and the staff behavior  is so bad and I will never recommend  this restaurant. Totally  bad experience",0,5 months ago,"{""food"": 1, ""service_rating"": 1, ""atmosphere"": 1}"
Cafe 27,,"18th Cross Rd, Sector 2, HSR Layout, Bengaluru, Karnataka 560102",12.9112282,77.6522832,Kerala restaurant,,Ci9DQUlRQUNvZENodHljRjlvT2tWUlREbEVSRVY1VkhaT2RtNVZMVkF6WkZGVlIwRRAB,Cafe 27,Hemantha Shiva,105923209763859966627,False,5,,0,5 months ago,"{""food"": 5}"
Cafe 27,,"18th Cross Rd, Sector 2, HSR Layout, Bengaluru, Karnataka 560102",12.9112282,77.6522832,Kerala restaurant,,ChZDSUhNMG9nS0VJQ0FnSUREcThMS0tnEAE,Cafe 27,Karthik Kumar,104821487608254926293,False,4,,0,Edited 5 months ago,
Cafe 27,,"18th Cross Rd, Sector 2, HSR Layout, Bengaluru, Karnataka 560102",12.9112282,77.6522832,Kerala restaurant,,Ci9DQUlRQUNvZENodHljRjlvT25jd00wSkdSMlpyUlZwcldrdHlXWEpmWVZOUWJXYxAB,Cafe 27,Aditya,109726671658009819117,False,5,,0,5 months ago,
Cafe 27,,"18th Cross Rd, Sector 2, HSR Layout, Bengaluru, Karnataka 560102",12.9112282,77.6522832,Kerala restaurant,,Ci9DQUlRQUNvZENodHljRjlvT21oeFQyeHBaMUpuVGxSMVpUSjZiVmhNZGtOT2RsRRAB,Cafe 27,sreejith k,101217682313530251392,True,4,,0,5 months ago,"{""food"": 4, ""service_rating"": 4, ""atmosphere"": 3}"
Cafe 27,,"18th Cross Rd, Sector 2, HSR Layout, Bengaluru, Karnataka 560102",12.9112282,77.6522832,Kerala restaurant,,Ci9DQUlRQUNvZENodHljRjlvT25OR1YyUmZVbmx3VEhjMlVYZG1VVFZ1YW5KUFRIYxAB,Cafe 27,Malavika Madhu,118378873153239239885,True,3,,0,5 months ago,
Cafe 27,,"18th Cross Rd, Sector 2, HSR Layout, Bengaluru, Karnataka 560102",12.9112282,77.6522832,Kerala restaurant,,Ci9DQUlRQUNvZENodHljRjlvT2sxb1dFSmhOM0JFY1VZMVRrZEVNV1pTVlROc2NYYxAB,Cafe 27,soumyaranjan singh,108083419336438968861,True,5,,0,5 months ago,"{""dining_mode"": ""Dine in"", ""meal_type"": ""Other"", ""price_per_person"": ""₹1–200"", ""food"": 3, ""service_rating"": 3, ""atmosphere"": 5, ""wait_time"": ""No wait""}"
Cafe 27,,"18th Cross Rd, Sector 2, HSR Layout, Bengaluru, Karnataka 560102",12.9112282,77.6522832,Kerala restaurant,,Ci9DQUlRQUNvZENodHljRjlvT2poWlRWUkVXRFpQU2s5RlV6WnRNelI2YTNCbFZXYxAB,Cafe 27,Diljith g,118404287146924682269,False,5,,0,5 months ago,
Cafe 27,,"18th Cross Rd, Sector 2, HSR Layout, Bengaluru, Karnataka 560102",12.9112282,77.6522832,Kerala restaurant,,ChZDSUhNMG9nS0VJQ0FnSURleV9hQ0hBEAE,Cafe 27,Varatharaj Kannan Soundararajan,110897838467532033235,True,4,,0,Edited 5 months ago,"{""dining_mode"": ""Dine in"", ""meal_type"": ""Dinner"", ""price_per_person"": ""₹200–400"", ""food"": 5, ""service_rating"": 5, ""atmosphere"": 5, ""group_size"": ""Suitable for all group sizes""}"
Cafe 27,,"18th Cross Rd, Sector 2, HSR Layout, Bengaluru, Karnataka 560102",12.9112282,77.6522832,Kerala restaurant,,Ci9DQUlRQUNvZENodHljRjlvT25BNGJrUklORXR3WTNRNVdGOVFXWGwyTldKZlRIYxAB,Cafe 27,Sagar H,106713891622814263401,True,5,,0,5 months ago,"{""dining_mode"": ""Dine in"", ""meal_type"": ""Lunch"", ""price_per_person"": ""₹1–200"", ""food"": 5, ""service_rating"": 5, ""atmosphere"": 5, ""group_size"": ""2 people"", ""vegetarian_recommendation"": ""Would not recommend"", ""parking_space"": ""Somewhat difficult to find parking"", ""parking_options"": ""Free parking lot""}"
Cafe 27,,"18th Cross Rd, Sector 2, HSR Layout, Bengaluru, Karnataka 560102",12.9112282,77.6522832,Kerala restaurant,,Ci9DQUlRQUNvZENodHljRjlvT2xOTVduVndRWEZmVkdaaGFWQjNTV2xmY0hwV1RXYxAB,Cafe 27,Safeer Shamsu,102760150177847026764,False,1,"The chai is okay, nothing special — definitely not worth ₹20. The sudden price hike from ₹15 to ₹20 makes it poor value for money.",0,5 months ago,"{""food"": 1, ""service_rating"": 1}"
Cafe 27,,"18th Cross Rd, Sector 2, HSR Layout, Bengaluru, Karnataka 560102",12.9112282,77.6522832,Kerala restaurant,,Ci9DQUlRQUNvZENodHljRjlvT25CNFRHMHhPRWgxZG1aS1ZVNVliR3RaWVVSeWIyYxAB,Cafe 27,Ayesha,104260522528034471167,True,4,,0,5 months ago,"{""dining_mode"": ""Dine in"", ""meal_type"": ""Lunch"", ""price_per_person"": ""₹200–400"", ""food"": 4, ""service_rating"": 2, ""atmosphere"": 2, ""group_size"": ""3-4 people""}"
Cafe 27,,"18th Cross Rd, Sector 2, HSR Layout, Bengaluru, Karnataka 560102",12.9112282,77.6522832,Kerala restaurant,,Ci9DQUlRQUNvZENodHljRjlvT205TGFWOXNZelJIVEUxdlJXWk5iRE5EUzFFdFpVRRAB,Cafe 27,Jayakrishnan 763 (JK),112880654617896146422,True,3,Very crowded place But good food,0,5 months ago,"{""dining_mode"": ""Dine in"", ""meal_type"": ""Lunch"", ""price_per_person"": ""₹1–200"", ""food"": 4, ""service_rating"": 3, ""atmosphere"": 4, ""group_size"": ""2 people""}"
Cafe 27,,"18th Cross Rd, Sector 2, HSR Layout, Bengaluru, Karnataka 560102",12.9112282,77.6522832,Kerala restaurant,,Ci9DQUlRQUNvZENodHljRjlvT205RlVtcG9OMWRSTlc1U1RIcFljM0psWTI1SVVtYxAB,Cafe 27,Ameen A,116348851292012166192,False,1,"They have mentioned GST include on the menu. I ordered Prawns biriyani and a tea which as per menu it's 220 and 15 rupees, so total would be 235. But when I got the bill.. I saw they added 230 for biriyani and 22 for that low quality tea.. Which made the total 252.. When asked about this to the billing person...with a rude and attitude manner he replied it's gst.. Even in food also people are doing scam.. They don't remember they need to return back to God and answer for all this.",0,6 months ago,"{""dining_mode"": ""Dine in"", ""meal_type"": ""Dinner"", ""food"": 3, ""service_rating"": 1, ""atmosphere"": 2}"
Cafe 27,,"18th Cross Rd, Sector 2, HSR Layout, Bengaluru, Karnataka 560102",12.9112282,77.6522832,Kerala restaurant,,Ci9DQUlRQUNvZENodHljRjlvT2pkaE4yWk9TVXRwUW5WNFYzcHNWSE5DUkU1WmJGRRAB,Cafe 27,Mathukutty P.V.,114727922726068421277,True,5,Very good place,0,6 months ago,"{""meal_type"": ""Other"", ""food"": 5, ""service_rating"": 5, ""atmosphere"": 5}"
Cafe 27,,"18th Cross Rd, Sector 2, HSR Layout, Bengaluru, Karnataka 560102",12.9112282,77.6522832,Kerala restaurant,,Ci9DQUlRQUNvZENodHljRjlvT2xaTlRYY3dNa1I2TXpWU1gyVlphMEpWZG1WSU4xRRAB,Cafe 27,Nidhi Ann Francis,117889005111013724752,False,4,,0,6 months ago,
Cafe 27,,"18th Cross Rd, Sector 2, HSR Layout, Bengaluru, Karnataka 560102",12.9112282,77.6522832,Kerala restaurant,,Ci9DQUlRQUNvZENodHljRjlvT205Uk5uQmxWbms1VVhkV1ZHNUxNMHhGYUV0QmJuYxAB,Cafe 27,deX tEr,102831678286776338917,False,5,,0,6 months ago,"{""food"": 5, ""service_rating"": 5, ""atmosphere"": 5}"
Cafe 27,,"18th Cross Rd, Sector 2, HSR Layout, Bengaluru, Karnataka 560102",12.9112282,77.6522832,Kerala restaurant,,Ci9DQUlRQUNvZENodHljRjlvT21kM2JWOWliVGgwUlU1dmNsbDJlVFV0VnpKMFRtYxAB,Cafe 27,Nicholas Briggs,108331034494392583990,False,4,,0,6 months ago,
Cafe 27,,"18th Cross Rd, Sector 2, HSR Layout, Bengaluru, Karnataka 560102",12.9112282,77.6522832,Kerala restaurant,,Ci9DQUlRQUNvZENodHljRjlvT2pWUFJEVmpUREphZURGblMxTnROMUJ2Y0RKMlEyYxAB,Cafe 27,jafar kadaba,103029117766371601747,True,1,"Chicken kurma 350 rs 2 kg chicken nde paisa, Manishan Kaikatha kurma",0,6 months ago,"{""price_per_person"": ""₹400–600"", ""food"": 1, ""service_rating"": 1, ""atmosphere"": 1}"
Cafe 27,,"18th Cross Rd, Sector 2, HSR Layout, Bengaluru, Karnataka 560102",12.9112282,77.6522832,Kerala restaurant,,Ci9DQUlRQUNvZENodHljRjlvT2tsTllYSmtUbkZLYkhoTk5GaHZlR3MxVTJZM1VsRRAB,Cafe 27,Ganesh K,118307046695941915830,False,5,,0,6 months ago,"{""food"": 5, ""service_rating"": 5, ""atmosphere"": 5}"
Cafe 27,,"18th Cross Rd, Sector 2, HSR Layout, Bengaluru, Karnataka 560102",12.9112282,77.6522832,Kerala restaurant,,Ci9DQUlRQUNvZENodHljRjlvT2xjM1RHVldia05xVTAxNFJFZE1ablpNTTNscGVYYxAB,Cafe 27,Cyrus Wilson,111315932847707738969,False,4,,0,6 months ago,"{""food"": 4, ""service_rating"": 4, ""atmosphere"": 5}"
Cafe 27,,"18th Cross Rd, Sector 2, HSR Layout, Bengaluru, Karnataka 560102",12.9112282,77.6522832,Kerala restaurant,,Ci9DQUlRQUNvZENodHljRjlvT214WmF6Tk5TRWQxZFZaamNFZEtaMGx6WWxNNFIyYxAB,Cafe 27,Kiran S,107863843471301963808,True,5,,0,6 months ago,"{""meal_type"": ""Breakfast""}"
Cafe 27,,"18th Cross Rd, Sector 2, HSR Layout, Bengaluru, Karnataka 560102",12.9112282,77.6522832,Kerala restaurant,,Ci9DQUlRQUNvZENodHljRjlvT2pWSGNIaHFjVXM0WTFoVmIxOXpielJ0U1hNd1pYYxAB,Cafe 27,Xta_cy_,110668693406197651799,True,5,,0,6 months ago,
Cafe 27,,"18th Cross Rd, Sector 2, HSR Layout, Bengaluru, Karnataka 560102",12.9112282,77.6522832,Kerala restaurant,,Ci9DQUlRQUNvZENodHljRjlvT2toamIyTnBielZOYTNaMlJEUlNXRVE1UkhWSWFVRRAB,Cafe 27,Midhun M,104816059620740367026,True,5,,0,6 months ago,"{""food"": 5, ""service_rating"": 5, ""atmosphere"": 3}"
Cafe 27,,"18th Cross Rd, Sector 2, HSR Layout, Bengaluru, Karnataka 560102",12.9112282,77.6522832,Kerala restaurant,,Ci9DQUlRQUNvZENodHljRjlvT25RMmFqSlFhMjloZVZkQ0xUZGhUbkl0V0d3emNYYxAB,Cafe 27,Munawar Cm,114181634449909596122,False,5,,0,6 months ago,"{""food"": 5, ""service_rating"": 5, ""atmosphere"": 5}"
Cafe 27,,"18th Cross Rd, Sector 2, HSR Layout, Bengaluru, Karnataka 560102",12.9112282,77.6522832,Kerala restaurant,,Ci9DQUlRQUNvZENodHljRjlvT21GclJEbE5iM2xCVVVRM1dHdHVXRXRFY2xwWE4yYxAB,Cafe 27,Akshaya Vijayan,106344726119540434311,True,4,"Tried Alfam, NicePathiri❤️, Poratta❤️, Appam Puttu, Poori, CherupayarCurry, KadalaCurry, EggRoast, Chicken parts curry❤️. Evening snacks are great here.  Food is good, but service is poor.",0,Edited 6 months ago,"{""food"": 4, ""service_rating"": 1, ""atmosphere"": 3}"
Cafe 27,,"18th Cross Rd, Sector 2, HSR Layout, Bengaluru, Karnataka 560102",12.9112282,77.6522832,Kerala restaurant,,Ci9DQUlRQUNvZENodHljRjlvT21saGJ6UklWVzR6TFZsd2MycFdkWGc1ZGpVMWNFRRAB,Cafe 27,Kiran Kumar,110334243422448389932,True,4,,0,6 months ago,
Cafe 27,,"18th Cross Rd, Sector 2, HSR Layout, Bengaluru, Karnataka 560102",12.9112282,77.6522832,Kerala restaurant,,Ci9DQUlRQUNvZENodHljRjlvT2tkUFdIcDBSMVo2ZGpodFRUTllkbmxrUlVoRGVrRRAB,Cafe 27,Brigit Dominic,109209513040461532243,False,5,,0,6 months ago,"{""food"": 5, ""service_rating"": 4, ""atmosphere"": 4}"
Cafe 27,,"18th Cross Rd, Sector 2, HSR Layout, Bengaluru, Karnataka 560102",12.9112282,77.6522832,Kerala restaurant,,ChZDSUhNMG9nS0VJQ0FnSUM2d2R1TVRnEAE,Cafe 27,Vishnu Sreenath,100239393675048040027,True,4,Went for a quick snack... Typical Kerala cuisine restaurant with nice interiors and good lighting... Good food and reasonably prices... Will visit again for some Seafood specials,0,Edited 6 months ago,"{""dining_mode"": ""Dine in"", ""meal_type"": ""Lunch"", ""price_per_person"": ""₹200–400"", ""food"": 4, ""service_rating"": 2, ""atmosphere"": 3, ""wait_time"": ""Up to 10 min"", ""vegetarian_recommendation"": ""Would not recommend"", ""parking_space"": ""Somewhat difficult to find parking"", ""parking_options"": ""Free street parking""}"
Cafe 27,,"18th Cross Rd, Sector 2, HSR Layout, Bengaluru, Karnataka 560102",12.9112282,77.6522832,Kerala restaurant,,Ci9DQUlRQUNvZENodHljRjlvT25WQ1lVSTVVRUV6ZDJoU2FHZHhkMEpHV0ZkNFlXYxAB,Cafe 27,Sanil Samuel,101724410697994677500,True,3,,0,6 months ago,
Cafe 27,,"18th Cross Rd, Sector 2, HSR Layout, Bengaluru, Karnataka 560102",12.9112282,77.6522832,Kerala restaurant,,Ci9DQUlRQUNvZENodHljRjlvT25scGFHbGZZMWxuVFdaRk1tRlBOR04yUkZoWlVFRRAB,Cafe 27,Nikkitha Johnson,108541052198593463402,True,4,,0,6 months ago,"{""dining_mode"": ""Dine in"", ""meal_type"": ""Other"", ""price_per_person"": ""₹1–200"", ""food"": 4, ""service_rating"": 4, ""atmosphere"": 4, ""wait_time"": ""Up to 10 min""}"
Cafe 27,,"18th Cross Rd, Sector 2, HSR Layout, Bengaluru, Karnataka 560102",12.9112282,77.6522832,Kerala restaurant,,Ci9DQUlRQUNvZENodHljRjlvT2xSSGRsOXhNVVpsTTJaSlYyeE1aRVF6ZUd0M1oxRRAB,Cafe 27,SreejithTV One,112622925111163724897,False,1,Over hyped Kerala resturant.  At one point in time they were the only kerala restaurant in HSR LAYOUT.  Now you get multiple options and all others are way better that this in terms of cleanliness and food qualify.,0,6 months ago,"{""food"": 1, ""service_rating"": 1, ""atmosphere"": 1}"
Cafe 27,,"18th Cross Rd, Sector 2, HSR Layout, Bengaluru, Karnataka 560102",12.9112282,77.6522832,Kerala restaurant,,Ci9DQUlRQUNvZENodHljRjlvT25WR1IwNDFVVnBPYjI1RlZXeG9WRlJrYVVkYVZXYxAB,Cafe 27,SANTHOSH H M,116300526979612158914,True,4,Good,0,6 months ago,"{""food"": 4, ""service_rating"": 4, ""atmosphere"": 4}"
Cafe 27,,"18th Cross Rd, Sector 2, HSR Layout, Bengaluru, Karnataka 560102",12.9112282,77.6522832,Kerala restaurant,,Ci9DQUlRQUNvZENodHljRjlvT2tWRE5uaE1lVWR1VUdNeFRuSkNUMjFPV1MxdVdHYxAB,Cafe 27,Dev Krishnan P,112685128186746804429,True,4,"Good hygenic food, decently priced and good service.",0,6 months ago,"{""dining_mode"": ""Dine in"", ""meal_type"": ""Dinner"", ""price_per_person"": ""₹2,000+"", ""food"": 4, ""service_rating"": 4, ""atmosphere"": 3}"
Cafe 27,,"18th Cross Rd, Sector 2, HSR Layout, Bengaluru, Karnataka 560102",12.9112282,77.6522832,Kerala restaurant,,Ci9DQUlRQUNvZENodHljRjlvT21kTFlXdG5aRlJ1YUVSSGVsQnpSSFkyTVZJMkxYYxAB,Cafe 27,David Stivane,110172651087073570547,False,5,,0,6 months ago,"{""food"": 5, ""service_rating"": 5, ""atmosphere"": 5}"
Cafe 27,,"18th Cross Rd, Sector 2, HSR Layout, Bengaluru, Karnataka 560102",12.9112282,77.6522832,Kerala restaurant,,Ci9DQUlRQUNvZENodHljRjlvT2tzME0zUnFPVEZwY2tOV1JVVTNVVnB3WmpGalgyYxAB,Cafe 27,Nanda Kumar Rajan,112940251387240547638,True,3,Okay,0,6 months ago,"{""food"": 3, ""service_rating"": 2, ""atmosphere"": 3}"
Cafe 27,,"18th Cross Rd, Sector 2, HSR Layout, Bengaluru, Karnataka 560102",12.9112282,77.6522832,Kerala restaurant,,Ci9DQUlRQUNvZENodHljRjlvT25ORVdIUkNjR1ZsTlZGc1FtOU9hbk5NVmtWaWFuYxAB,Cafe 27,Syed Azeem,113852527042265700739,False,1,Oru ulli vada cost 20Rs pakshe size 10Rs Full oil and not even a proper tissue paper. And chai just taste like Indian Railway chai .,0,6 months ago,"{""food"": 2, ""service_rating"": 1, ""atmosphere"": 1}"
Cafe 27,,"18th Cross Rd, Sector 2, HSR Layout, Bengaluru, Karnataka 560102",12.9112282,77.6522832,Kerala restaurant,,Ci9DQUlRQUNvZENodHljRjlvT21SeE5qVkRaalIyVFdKUWJGY3lOWFZHTkhOeFltYxAB,Cafe 27,Rony P Thomas,111485034165069549488,True,1,"The food is good. But the pricing and service is pathetic. I had a very bad experience from the snack outlet in front of the restaurant. The person literally made me wait 10 minutes to give me 1 cutlet, instead he was giving priority to bulk orders only. When I asked, he even spoke rude to me. Never visiting again",0,6 months ago,"{""food"": 3, ""service_rating"": 1, ""atmosphere"": 1}"
Cafe 27,,"18th Cross Rd, Sector 2, HSR Layout, Bengaluru, Karnataka 560102",12.9112282,77.6522832,Kerala restaurant,,Ci9DQUlRQUNvZENodHljRjlvT25kQmVqVXhTVEoyTFZOQlJtOU5PRTVPTkdOR09HYxAB,Cafe 27,Abhirami kollara,116299413281643136113,True,5,,0,6 months ago,"{""dining_mode"": ""Dine in"", ""meal_type"": ""Lunch"", ""price_per_person"": ""₹200–400"", ""food"": 5, ""service_rating"": 5, ""atmosphere"": 5, ""wait_time"": ""No wait""}"
Cafe 27,,"18th Cross Rd, Sector 2, HSR Layout, Bengaluru, Karnataka 560102",12.9112282,77.6522832,Kerala restaurant,,Ci9DQUlRQUNvZENodHljRjlvT2pZeVFXVkNTbTVLV0VzMFJYWTBaR0pJY1hCNk5VRRAB,Cafe 27,Shyam Babu,112711861768390465102,True,5,,0,6 months ago,"{""dining_mode"": ""Dine in"", ""meal_type"": ""Lunch"", ""food"": 5, ""service_rating"": 5, ""atmosphere"": 5}"
Cafe 27,,"18th Cross Rd, Sector 2, HSR Layout, Bengaluru, Karnataka 560102",12.9112282,77.6522832,Kerala restaurant,,Ci9DQUlRQUNvZENodHljRjlvT21OU1lTMWZOV1ZwZFhsWE5uQmlURGN4YTE5UGVXYxAB,Cafe 27,Richu JC,113583441338532212935,False,5,,0,6 months ago,
Cafe 27,,"18th Cross Rd, Sector 2, HSR Layout, Bengaluru, Karnataka 560102",12.9112282,77.6522832,Kerala restaurant,,Ci9DQUlRQUNvZENodHljRjlvT25KaWRsVlZUblZsZVRaR2FXaFhVMEpOTVc5bFVIYxAB,Cafe 27,Arun Francis M,109084805548124134347,True,4,,0,6 months ago,"{""dining_mode"": ""Dine in"", ""meal_type"": ""Other"", ""price_per_person"": ""₹1–200"", ""food"": 4, ""service_rating"": 3, ""atmosphere"": 4, ""noise_level"": ""Loud, but you can still talk""}"
Cafe 27,,"18th Cross Rd, Sector 2, HSR Layout, Bengaluru, Karnataka 560102",12.9112282,77.6522832,Kerala restaurant,,Ci9DQUlRQUNvZENodHljRjlvT25wTU9XOTZhRUZ1ZUdNNGVHVlNaSEZRUjBjeWEzYxAB,Cafe 27,HABEEB RAHMAN.K,118269342914648068855,True,1,"The food was tasty, but that will not fill your tummy. The Service from the staffs are very bad, also some of the dishes are very over priced.",0,6 months ago,"{""food"": 4, ""service_rating"": 1, ""atmosphere"": 2}"
Cafe 27,,"18th Cross Rd, Sector 2, HSR Layout, Bengaluru, Karnataka 560102",12.9112282,77.6522832,Kerala restaurant,,Ci9DQUlRQUNvZENodHljRjlvT200d09IaFpNRFJ0WkhkSFZFNVNNemRYVlc5dVpuYxAB,Cafe 27,Mani,108534740430063516270,False,5,,0,6 months ago,
Cafe 27,,"18th Cross Rd, Sector 2, HSR Layout, Bengaluru, Karnataka 560102",12.9112282,77.6522832,Kerala restaurant,,Ci9DQUlRQUNvZENodHljRjlvT2paaE1sSjVVelJRU1djd1NqaEZhMHQyVVhaaVVIYxAB,Cafe 27,Shidhil Prakash,113003752374700871311,True,2,,0,6 months ago,
Cafe 27,,"18th Cross Rd, Sector 2, HSR Layout, Bengaluru, Karnataka 560102",12.9112282,77.6522832,Kerala restaurant,,Ci9DQUlRQUNvZENodHljRjlvT2w5NmNVOVROVFU0U2xZMGRYUk1TRVJwV1ZwNVRYYxAB,Cafe 27,Anjana P,101841785536588002093,True,5,Best kerala food in HSR. Best for non veg food and evening tea time snacks,0,6 months ago,"{""dining_mode"": ""Dine in"", ""meal_type"": ""Breakfast"", ""price_per_person"": ""₹1–200"", ""food"": 5, ""service_rating"": 5, ""atmosphere"": 5, ""wait_time"": ""No wait"", ""vegetarian_recommendation"": ""Would not recommend"", ""parking_space"": ""Somewhat difficult to find parking"", ""parking_options"": ""Free street parking""}"
Cafe 27,,"18th Cross Rd, Sector 2, HSR Layout, Bengaluru, Karnataka 560102",12.9112282,77.6522832,Kerala restaurant,,Ci9DQUlRQUNvZENodHljRjlvT25SMmNEY3RMVWxtVTI1UFluSTVlVTV5UWtkUlNXYxAB,Cafe 27,souparnika,117515724704292711030,True,4,,0,6 months ago,
Cafe 27,,"18th Cross Rd, Sector 2, HSR Layout, Bengaluru, Karnataka 560102",12.9112282,77.6522832,Kerala restaurant,,Ci9DQUlRQUNvZENodHljRjlvT2pGaExWQlRRVUpmWkV0Q2VVMXpXWEpLWlc5NGJrRRAB,Cafe 27,Vishnu Easwaran,106915877965541876376,True,4,,0,6 months ago,
Cafe 27,,"18th Cross Rd, Sector 2, HSR Layout, Bengaluru, Karnataka 560102",12.9112282,77.6522832,Kerala restaurant,,Ci9DQUlRQUNvZENodHljRjlvT2psS00yZFJRWGM1WTJscllXVk9WMU0wUWxWck5sRRAB,Cafe 27,Roshitha Pramodan,111245626942432077101,False,5,Authentic kerala food,0,7 months ago,"{""dining_mode"": ""Dine in"", ""meal_type"": ""Lunch"", ""price_per_person"": ""₹200–400"", ""food"": 4, ""service_rating"": 4, ""atmosphere"": 4, ""wait_time"": ""10-30 min""}"
Cafe 27,,"18th Cross Rd, Sector 2, HSR Layout, Bengaluru, Karnataka 560102",12.9112282,77.6522832,Kerala restaurant,,Ci9DQUlRQUNvZENodHljRjlvT210YWVrTlpTWFJ6TjFOTVpsSm9NbTFsTFRsV05XYxAB,Cafe 27,Nitu,102826455394401765029,False,5,,0,7 months ago,"{""food"": 5, ""service_rating"": 5, ""atmosphere"": 5}"
Cafe 27,,"18th Cross Rd, Sector 2, HSR Layout, Bengaluru, Karnataka 560102",12.9112282,77.6522832,Kerala restaurant,,Ci9DQUlRQUNvZENodHljRjlvT2pjd01ucHBkeTFhWDFNeUxYVmpTbk5CYkZWd1YxRRAB,Cafe 27,Muhammed Ijlan,112652611253214131501,True,4,"Kerala tea and snacks available, but cost was bit higher.",0,7 months ago,"{""dining_mode"": ""Dine in"", ""meal_type"": ""Dinner"", ""price_per_person"": ""₹200–400"", ""food"": 4, ""service_rating"": 3, ""atmosphere"": 3}"
Cafe 27,,"18th Cross Rd, Sector 2, HSR Layout, Bengaluru, Karnataka 560102",12.9112282,77.6522832,Kerala restaurant,,ChZDSUhNMG9nS0VJQ0FnSUNpazYyU0d3EAE,Cafe 27,Bijesh A,112231709349792358519,True,3,,0,Edited 7 months ago,"{""food"": 3, ""service_rating"": 2, ""atmosphere"": 2}"
Cafe 27,,"18th Cross Rd, Sector 2, HSR Layout, Bengaluru, Karnataka 560102",12.9112282,77.6522832,Kerala restaurant,,Ci9DQUlRQUNvZENodHljRjlvT2xaVWVWZElVRkpMVHpOSWMzTndYMWd3TjJsaWRrRRAB,Cafe 27,Jose Paul,102974400325964578051,False,1,,0,7 months ago,"{""food"": 1, ""service_rating"": 1, ""atmosphere"": 1}"
Cafe 27,,"18th Cross Rd, Sector 2, HSR Layout, Bengaluru, Karnataka 560102",12.9112282,77.6522832,Kerala restaurant,,Ci9DQUlRQUNvZENodHljRjlvT2prd2RGVkdXRlp6WWtkcFFtNU1UMUJWU1ZBNE9XYxAB,Cafe 27,Paul Thomas,100816760652014227210,True,1,"MUST READ: I usually don't leave negative reviews until I'm pushed to. Imagine you start digging into your biriyani and find a 'screw' in it. Yes, you read it right. A piece of metal in my food. Absolutely unacceptable. And the reaction of the staff and counter boy speaks volumes that they were barely apologetic, hard to change my tone to get some sort of concern and remorse from their end. Absolutely pathetic service, late arrival of food and bland food is what we got served.  This part is for the hotel owners and staff - do your job with all your heart and humility. Thank you.",0,7 months ago,"{""dining_mode"": ""Dine in"", ""meal_type"": ""Lunch"", ""price_per_person"": ""₹1–200"", ""food"": 1, ""service_rating"": 1, ""atmosphere"": 3, ""wait_time"": ""10-30 min""}"
Cafe 27,,"18th Cross Rd, Sector 2, HSR Layout, Bengaluru, Karnataka 560102",12.9112282,77.6522832,Kerala restaurant,,Ci9DQUlRQUNvZENodHljRjlvT2tWbVdrMVVaME5XT0V0SlZVcFpUbk5EYTFGelRHYxAB,Cafe 27,shreya pakkal,117377625446362201781,True,3,,0,7 months ago,
Cafe 27,,"18th Cross Rd, Sector 2, HSR Layout, Bengaluru, Karnataka 560102",12.9112282,77.6522832,Kerala restaurant,,Ci9DQUlRQUNvZENodHljRjlvT2xKZlFsWXdUV2MwVkVOTVFsOHdhMHRhVEhGaFRIYxAB,Cafe 27,Anjali Peter,107527697874728797254,True,5,,0,7 months ago,"{""dining_mode"": ""Dine in"", ""meal_type"": ""Dinner"", ""price_per_person"": ""₹200–400"", ""food"": 5, ""service_rating"": 5, ""atmosphere"": 5, ""vegetarian_recommendation"": ""Highly recommend"", ""vegetarian_offerings"": ""Clearly labeled vegetarian dishes"", ""parking_space"": ""Plenty of parking"", ""parking_options"": ""Free parking lot, Free street parking""}"
Cafe 27,,"18th Cross Rd, Sector 2, HSR Layout, Bengaluru, Karnataka 560102",12.9112282,77.6522832,Kerala restaurant,,Ci9DQUlRQUNvZENodHljRjlvT210RVdFWnJiVkZUUTE5TWFVdGxlVmRIVUUxQ2RsRRAB,Cafe 27,Vigneshwara Naik,104113051357935683107,True,2,,0,7 months ago,
Cafe 27,,"18th Cross Rd, Sector 2, HSR Layout, Bengaluru, Karnataka 560102",12.9112282,77.6522832,Kerala restaurant,,Ci9DQUlRQUNvZENodHljRjlvT2w5cExWQnNUek10WWpWeFlqWnlSRlEwVjBONGEwRRAB,Cafe 27,Deepak Singh,108684353502787472150,False,5,,0,7 months ago,"{""dining_mode"": ""Dine in"", ""meal_type"": ""Dinner"", ""price_per_person"": ""₹200–400"", ""food"": 5, ""service_rating"": 4, ""parking_space"": ""Plenty of parking"", ""parking_options"": ""Free street parking""}"
Cafe 27,,"18th Cross Rd, Sector 2, HSR Layout, Bengaluru, Karnataka 560102",12.9112282,77.6522832,Kerala restaurant,,Ci9DQUlRQUNvZENodHljRjlvT25CblFUQmxibTUwTW5aeWRWSlJUbGsxTkUxeU0zYxAB,Cafe 27,usha moorthy,103887133671353409668,True,5,,0,7 months ago,"{""dining_mode"": ""Dine in"", ""meal_type"": ""Breakfast""}"
Cafe 27,,"18th Cross Rd, Sector 2, HSR Layout, Bengaluru, Karnataka 560102",12.9112282,77.6522832,Kerala restaurant,,Ci9DQUlRQUNvZENodHljRjlvT2xneE5HNVFkelpoT0hZeVFtbHhNMEpDVUhSWVZtYxAB,Cafe 27,Anurag Pradeep,114791313800283430171,False,5,,0,7 months ago,
Cafe 27,,"18th Cross Rd, Sector 2, HSR Layout, Bengaluru, Karnataka 560102",12.9112282,77.6522832,Kerala restaurant,,Ci9DQUlRQUNvZENodHljRjlvT2xNdGFWaGxka3gwUVhJMU5GOVpZVU5ITVdvNVNIYxAB,Cafe 27,Abishek Venkat,115640488511805750845,True,3,,0,7 months ago,"{""food"": 3, ""service_rating"": 3, ""atmosphere"": 2}"
Cafe 27,,"18th Cross Rd, Sector 2, HSR Layout, Bengaluru, Karnataka 560102",12.9112282,77.6522832,Kerala restaurant,,Ci9DQUlRQUNvZENodHljRjlvT2xOVWRVTmpSVkF3UWtWU2NrNTRiaTF6U0V4cVluYxAB,Cafe 27,Athul Nandaj V,117504072220760677836,True,5,Nice place to have all-day meals from breakfast to dinner. The taste and vibes are good.,0,7 months ago,"{""dining_mode"": ""Dine in"", ""meal_type"": ""Lunch"", ""price_per_person"": ""₹1–200"", ""food"": 5, ""service_rating"": 5, ""atmosphere"": 5, ""wait_time"": ""Up to 10 min"", ""vegetarian_recommendation"": ""Highly recommend"", ""parking_space"": ""Plenty of parking""}"
Cafe 27,,"18th Cross Rd, Sector 2, HSR Layout, Bengaluru, Karnataka 560102",12.9112282,77.6522832,Kerala restaurant,,Ci9DQUlRQUNvZENodHljRjlvT21SS2VIZG9jV3BvWXpKRVpXdDRiRkJJUzJoTGFtYxAB,Cafe 27,Nagaraj Mani,117337742202281563975,True,4,,0,7 months ago,"{""food"": 4, ""service_rating"": 4, ""atmosphere"": 4}"
Cafe 27,,"18th Cross Rd, Sector 2, HSR Layout, Bengaluru, Karnataka 560102",12.9112282,77.6522832,Kerala restaurant,,Ci9DQUlRQUNvZENodHljRjlvT2sxeU9GUXRZamR0Tm0xSmVHWkNkSEZmT0VoT1psRRAB,Cafe 27,maria joseph,100943115320912644869,True,4,"This Kerala cafe is located next to NIFT and is always buzzling. There is street parking available. We tried the bonda, banana fritters and chicken cutlet with tea. The banana fritters were 9 on 10, the bonda a 7, cutlet was  a bit disappointing and I would give it a 4. The tea was delicious. A nice hangout place for some chaya and kadi.",0,7 months ago,"{""food"": 4, ""service_rating"": 4, ""atmosphere"": 4}"
Cafe 27,,"18th Cross Rd, Sector 2, HSR Layout, Bengaluru, Karnataka 560102",12.9112282,77.6522832,Kerala restaurant,,Ci9DQUlRQUNvZENodHljRjlvT21Fd2JWUXljMDFGZVZNemRUUmhNVXBPU0VJeVprRRAB,Cafe 27,kishore khumar,110073757689135571312,True,3,,0,7 months ago,"{""dining_mode"": ""Dine in"", ""meal_type"": ""Breakfast"", ""price_per_person"": ""₹400–600"", ""wait_time"": ""Up to 10 min""}"
Cafe 27,,"18th Cross Rd, Sector 2, HSR Layout, Bengaluru, Karnataka 560102",12.9112282,77.6522832,Kerala restaurant,,Ci9DQUlRQUNvZENodHljRjlvT2tRM1gycDZWMmh4VldsWlJ6bHRNemRQZDFBd2VsRRAB,Cafe 27,Ajay Sivadas,113833005962181972268,True,5,,0,7 months ago,"{""dining_mode"": ""Dine in"", ""meal_type"": ""Breakfast"", ""price_per_person"": ""₹1–200"", ""food"": 5, ""service_rating"": 5, ""atmosphere"": 5, ""wait_time"": ""No wait""}"
Cafe 27,,"18th Cross Rd, Sector 2, HSR Layout, Bengaluru, Karnataka 560102",12.9112282,77.6522832,Kerala restaurant,,Ci9DQUlRQUNvZENodHljRjlvT21WYWRWaFpNUzAxWTBWWlpHZFdVa3BPV2xjNE9FRRAB,Cafe 27,Praveen Balakrishnan,111067736752365038409,True,3,"I honestly feel 27th Cafe in HSR is not worth the hype or the money you end up spending here. On my last visit, I was surprised to see a simple pot curry priced at ₹300 – which is much higher than what many reputed 4+ star rated restaurants in the same area charge. The food quality doesn’t justify the steep pricing, and the service has also been getting poorer of late.  When you’re paying such prices, you at least expect better quality food, decent portion sizes, and attentive service. Unfortunately, 27th Cafe seems to be slipping on all fronts. For the same budget, you can easily find far better restaurants nearby that offer both quality and service without overcharging.",0,7 months ago,"{""dining_mode"": ""Dine in"", ""meal_type"": ""Breakfast"", ""price_per_person"": ""₹200–400"", ""food"": 3, ""service_rating"": 2, ""atmosphere"": 3, ""wait_time"": ""No wait""}"
Cafe 27,,"18th Cross Rd, Sector 2, HSR Layout, Bengaluru, Karnataka 560102",12.9112282,77.6522832,Kerala restaurant,,Ci9DQUlRQUNvZENodHljRjlvT21kbGVGWTRUamc0TWt0WlQwOUtZbXR3ZG5SaGFrRRAB,Cafe 27,Shamil M,102477280507024821682,True,1,"This is the worst place where you can go. Even after informing 4 people including the waiter and cashier for alloting the seats, they just gave seats to anyone whom they wanted. Waited around 30 mins with repeated reminder of us being in the queue. After seeing 4 tables being filled, we informed the situation and then also the people was not bothered. Then left from there.",0,7 months ago,"{""service_rating"": 1, ""kid_friendliness"": ""No kid friendliness""}"
Cafe 27,,"18th Cross Rd, Sector 2, HSR Layout, Bengaluru, Karnataka 560102",12.9112282,77.6522832,Kerala restaurant,,Ci9DQUlRQUNvZENodHljRjlvT2w4NWJuUkhSalZFYldwaGNrOHdSVVV4WDBvMFgyYxAB,Cafe 27,Shelby Stephen,112527773864566760929,True,5,,0,7 months ago,"{""dining_mode"": ""Dine in"", ""meal_type"": ""Other"", ""price_per_person"": ""₹1–200"", ""food"": 4, ""service_rating"": 3, ""atmosphere"": 3}"
Cafe 27,,"18th Cross Rd, Sector 2, HSR Layout, Bengaluru, Karnataka 560102",12.9112282,77.6522832,Kerala restaurant,,Ci9DQUlRQUNvZENodHljRjlvT2prMlVHRmxhbXRyVlZKUU9GTkpUMWh5UVRaUVdGRRAB,Cafe 27,Ashwin Pavery,101351911187412024764,True,3,,0,7 months ago,
Cafe 27,,"18th Cross Rd, Sector 2, HSR Layout, Bengaluru, Karnataka 560102",12.9112282,77.6522832,Kerala restaurant,,Ci9DQUlRQUNvZENodHljRjlvT25CUlNWb3dZbWhQWTNKRFNWODVjRVZNUVdobkxVRRAB,Cafe 27,Rohit Raj,100653725927401943277,False,4,,0,7 months ago,
Cafe 27,,"18th Cross Rd, Sector 2, HSR Layout, Bengaluru, Karnataka 560102",12.9112282,77.6522832,Kerala restaurant,,Ci9DQUlRQUNvZENodHljRjlvT25rNVpIUnlRaTFOVUhsRU9IWjNZVVk1UzFVM2FYYxAB,Cafe 27,Lissy Vardhana,100065026317801500131,False,5,,0,7 months ago,
Cafe 27,,"18th Cross Rd, Sector 2, HSR Layout, Bengaluru, Karnataka 560102",12.9112282,77.6522832,Kerala restaurant,,Ci9DQUlRQUNvZENodHljRjlvT21GS2JuWnljVXhNY3pKemRFdExjQzFpZFVoWFpFRRAB,Cafe 27,Bidhun V K,100560524825486748519,True,5,,0,7 months ago,"{""food"": 5, ""service_rating"": 4, ""atmosphere"": 4}"
Cafe 27,,"18th Cross Rd, Sector 2, HSR Layout, Bengaluru, Karnataka 560102",12.9112282,77.6522832,Kerala restaurant,,ChdDSUhNMG9nS0VJQ0FnSUR5dkxxMWhBRRAB,Cafe 27,Sreejith V,111862924568966711356,True,5,Wow Kerala,0,Edited 7 months ago,"{""food"": 4, ""service_rating"": 4, ""atmosphere"": 4}"
Cafe 27,,"18th Cross Rd, Sector 2, HSR Layout, Bengaluru, Karnataka 560102",12.9112282,77.6522832,Kerala restaurant,,Ci9DQUlRQUNvZENodHljRjlvT210QmNHTjFXVTVxZW1kdldIRmtWREpqVEV4WlIwRRAB,Cafe 27,Srikant,103772688041217677913,False,5,,0,7 months ago,
Cafe 27,,"18th Cross Rd, Sector 2, HSR Layout, Bengaluru, Karnataka 560102",12.9112282,77.6522832,Kerala restaurant,,Ci9DQUlRQUNvZENodHljRjlvT21GZmIyRm5Rbk5HTld0elNIRldhM0YzWmtsUk4wRRAB,Cafe 27,Tanya saxena,104057746132311987478,True,4,,0,7 months ago,"{""dining_mode"": ""Dine in"", ""meal_type"": ""Brunch"", ""price_per_person"": ""₹400–600"", ""wait_time"": ""10-30 min""}"
Cafe 27,,"18th Cross Rd, Sector 2, HSR Layout, Bengaluru, Karnataka 560102",12.9112282,77.6522832,Kerala restaurant,,Ci9DQUlRQUNvZENodHljRjlvT20xeFZrbE5TMVpoTkZSRGJ6UkVRM0JOVEhCR01uYxAB,Cafe 27,Vinay Narayanan,117409131315058011918,True,3,,0,7 months ago,"{""dining_mode"": ""Dine in"", ""meal_type"": ""Breakfast"", ""price_per_person"": ""₹1–200"", ""food"": 3, ""service_rating"": 4, ""atmosphere"": 4, ""wait_time"": ""Up to 10 min"", ""vegetarian_recommendation"": ""Not sure"", ""vegetarian_offerings"": ""Not sure"", ""parking_space"": ""Somewhat difficult to find parking"", ""parking_options"": ""Free street parking""}"
Cafe 27,,"18th Cross Rd, Sector 2, HSR Layout, Bengaluru, Karnataka 560102",12.9112282,77.6522832,Kerala restaurant,,Ci9DQUlRQUNvZENodHljRjlvT21GbWNYcDZOVWd3UnkxclEwbzBXVm95TlY5cFExRRAB,Cafe 27,Lamoski,117960458388265740998,True,5,,0,7 months ago,"{""price_per_person"": ""₹200–400"", ""food"": 5, ""service_rating"": 5, ""atmosphere"": 5}"
Cafe 27,,"18th Cross Rd, Sector 2, HSR Layout, Bengaluru, Karnataka 560102",12.9112282,77.6522832,Kerala restaurant,,Ci9DQUlRQUNvZENodHljRjlvT21wVFgydHRRWFZ1UkVZelRsQkxUR2REUmpWeVMxRRAB,Cafe 27,Shubha Yoga,114637577103985678154,True,4,,0,7 months ago,"{""dining_mode"": ""Dine in"", ""meal_type"": ""Lunch"", ""price_per_person"": ""₹1–200""}"
Cafe 27,,"18th Cross Rd, Sector 2, HSR Layout, Bengaluru, Karnataka 560102",12.9112282,77.6522832,Kerala restaurant,,Ci9DQUlRQUNvZENodHljRjlvT25ZM2MwRnNjR05PWldoc1gzWjFlR2MzYjFORFlXYxAB,Cafe 27,arvind sharma,114801226591159577900,True,4,,0,7 months ago,"{""dining_mode"": ""Dine in"", ""meal_type"": ""Lunch"", ""price_per_person"": ""₹400–600"", ""food"": 4, ""service_rating"": 4, ""atmosphere"": 3, ""wait_time"": ""Up to 10 min""}"
Cafe 27,,"18th Cross Rd, Sector 2, HSR Layout, Bengaluru, Karnataka 560102",12.9112282,77.6522832,Kerala restaurant,,Ci9DQUlRQUNvZENodHljRjlvT2tScWVIaE1ZbnBhTlRWVVZtaFdUa0prWDFCb2NuYxAB,Cafe 27,Avanthika Raj,105859983770090827531,False,5,"Tried the Kerala meals and fish fry , super tasty and homely. Definitely coming back !",0,7 months ago,"{""dining_mode"": ""Dine in"", ""meal_type"": ""Lunch"", ""price_per_person"": ""₹800–1,000"", ""wait_time"": ""Up to 10 min"", ""vegetarian_recommendation"": ""Somewhat recommend"", ""parking_space"": ""Plenty of parking""}"
Cafe 27,,"18th Cross Rd, Sector 2, HSR Layout, Bengaluru, Karnataka 560102",12.9112282,77.6522832,Kerala restaurant,,Ci9DQUlRQUNvZENodHljRjlvT21kQlIxaFNTbVZMWmtSMGJtOXVUazAwZW1kaU5uYxAB,Cafe 27,Amritanshu anand,101326324929622309360,False,5,,0,7 months ago,"{""food"": 5, ""service_rating"": 5, ""atmosphere"": 5}"
Cafe 27,,"18th Cross Rd, Sector 2, HSR Layout, Bengaluru, Karnataka 560102",12.9112282,77.6522832,Kerala restaurant,,Ci9DQUlRQUNvZENodHljRjlvT2pKS1REbHpWRkZzWVZSR2VWZHFVR001WWpoUVJYYxAB,Cafe 27,MEGHANA KV,105112617422157813679,False,5,,0,7 months ago,"{""dining_mode"": ""Dine in"", ""meal_type"": ""Lunch"", ""price_per_person"": ""₹200–400"", ""food"": 5, ""service_rating"": 4, ""atmosphere"": 4}"
Cafe 27,,"18th Cross Rd, Sector 2, HSR Layout, Bengaluru, Karnataka 560102",12.9112282,77.6522832,Kerala restaurant,,Ci9DQUlRQUNvZENodHljRjlvT2xGVFVVdHpURFIyVDFrdFFVNXNNVWx2WVRFMmVXYxAB,Cafe 27,Tom Bombadil,115105760444970506622,True,1,Not a fan of the service that is provided at this place,0,7 months ago,"{""dining_mode"": ""Dine in"", ""meal_type"": ""Brunch"", ""price_per_person"": ""₹1,000–1,200"", ""food"": 1, ""service_rating"": 1, ""atmosphere"": 1, ""group_size"": ""2 people""}"
Cafe 27,,"18th Cross Rd, Sector 2, HSR Layout, Bengaluru, Karnataka 560102",12.9112282,77.6522832,Kerala restaurant,,Ci9DQUlRQUNvZENodHljRjlvT25keFl6QTFaakV0ZFZCeWNGWjNNVTVKWjI4MVdXYxAB,Cafe 27,Viswa Chaitanya,101862797409707380439,True,5,,0,7 months ago,
Cafe 27,,"18th Cross Rd, Sector 2, HSR Layout, Bengaluru, Karnataka 560102",12.9112282,77.6522832,Kerala restaurant,,Ci9DQUlRQUNvZENodHljRjlvT25aNE1HcGpiblJaU0VKT1FVMU9Oa1JEVnpVMU9YYxAB,Cafe 27,Sandeep YP,106097132338135080033,True,3,,0,7 months ago,
Cafe 27,,"18th Cross Rd, Sector 2, HSR Layout, Bengaluru, Karnataka 560102",12.9112282,77.6522832,Kerala restaurant,,Ci9DQUlRQUNvZENodHljRjlvT2xGQlFXZHFaWGxtZEU5S1lUbEVXa0pCY3pVNU5WRRAB,Cafe 27,Prithwiraj Bose,117390946008574848116,False,5,,0,7 months ago,
Cafe 27,,"18th Cross Rd, Sector 2, HSR Layout, Bengaluru, Karnataka 560102",12.9112282,77.6522832,Kerala restaurant,,Ci9DQUlRQUNvZENodHljRjlvT201V05VTm9TVEZrY2xCUFIyMHlkV0U1YURWbE1HYxAB,Cafe 27,Jineesh Jayadev,117926807394756370221,True,5,Tasty foods,0,7 months ago,"{""meal_type"": ""Other"", ""price_per_person"": ""₹1–200"", ""food"": 5, ""service_rating"": 4, ""atmosphere"": 5}"
Cafe 27,,"18th Cross Rd, Sector 2, HSR Layout, Bengaluru, Karnataka 560102",12.9112282,77.6522832,Kerala restaurant,,Ci9DQUlRQUNvZENodHljRjlvT2pOUU9YZERlV05aZFdsMFFUZElVSFJ5Y1VoaFZVRRAB,Cafe 27,Vinod r,116322545052747796147,True,5,,0,7 months ago,"{""food"": 4, ""service_rating"": 5, ""atmosphere"": 5}"
Cafe 27,,"18th Cross Rd, Sector 2, HSR Layout, Bengaluru, Karnataka 560102",12.9112282,77.6522832,Kerala restaurant,,Ci9DQUlRQUNvZENodHljRjlvT2t0RGJYcEVWMjVUYjBKeWVVWTViVXRoYURRMFRrRRAB,Cafe 27,Merin Antony,105927349552008867207,False,5,Had very delicious sadhya today,0,8 months ago,"{""food"": 5, ""service_rating"": 5, ""atmosphere"": 5}"
Cafe 27,,"18th Cross Rd, Sector 2, HSR Layout, Bengaluru, Karnataka 560102",12.9112282,77.6522832,Kerala restaurant,,ChZDSUhNMG9nS0VJQ0FnSUNZd2ZmVmVBEAE,Cafe 27,Sreejith Sreedharan,117940327070161228612,True,1,Not great customer service.  There are better Kerala restaurant options now,0,Edited 8 months ago,"{""dining_mode"": ""Dine in""}"
Cafe 27,,"18th Cross Rd, Sector 2, HSR Layout, Bengaluru, Karnataka 560102",12.9112282,77.6522832,Kerala restaurant,,Ci9DQUlRQUNvZENodHljRjlvT2kxNE5IaEdhWE5HY3pBMmJIVmtRVFV3UW5KWU1rRRAB,Cafe 27,Rohit Mishra,116374706447951063857,True,4,,0,8 months ago,
Cafe 27,,"18th Cross Rd, Sector 2, HSR Layout, Bengaluru, Karnataka 560102",12.9112282,77.6522832,Kerala restaurant,,Ci9DQUlRQUNvZENodHljRjlvT2xKV1FWTTBkbWh0UzFWTFNGSm9ZM0JGT0cxQmExRRAB,Cafe 27,greeshmaja govind,113847345675233385017,False,3,"This used to be one of my go-to places in HSR until yesterday. To my shock, I found a lot of cat poop under my table (the corner one near the door). It looked like it had been there for a while, semi-dried. When I informed one of the waiters, he responded very casually, saying they would clean it—but nothing was done until I left. Just before leaving, I mentioned it again to the cashier, and maybe then it was taken care of, but it was still there when I walked out.  I couldn’t take a picture of it as I was there with my fussy baby.  I completely lost my appetite after seeing both the mess and their dismissive attitude. If such things are ignored in the dining area where customers can see, I can only imagine what might be happening inside the kitchen where no one is watching.",0,8 months ago,"{""dining_mode"": ""Dine in"", ""meal_type"": ""Dinner"", ""price_per_person"": ""₹200–400"", ""food"": 4, ""service_rating"": 3, ""atmosphere"": 2, ""wait_time"": ""No wait""}"
Cafe 27,,"18th Cross Rd, Sector 2, HSR Layout, Bengaluru, Karnataka 560102",12.9112282,77.6522832,Kerala restaurant,,Ci9DQUlRQUNvZENodHljRjlvT25WVmJqSlNORUZuYUhwbFZGTm1jV3Q0ZVVGd2FWRRAB,Cafe 27,Koko kafe Kizhur,114041884600072675790,True,5,Adipoli,0,8 months ago,"{""food"": 5, ""service_rating"": 5, ""atmosphere"": 5}"
Cafe 27,,"18th Cross Rd, Sector 2, HSR Layout, Bengaluru, Karnataka 560102",12.9112282,77.6522832,Kerala restaurant,,Ci9DQUlRQUNvZENodHljRjlvT2tFM1pUVjZaWGhLVFZaZlZXUllTM0kyYlZSTllWRRAB,Cafe 27,Akshay,102775780165694105015,False,5,,0,8 months ago,"{""dining_mode"": ""Dine in"", ""meal_type"": ""Breakfast"", ""price_per_person"": ""₹200–400"", ""food"": 5, ""service_rating"": 4, ""atmosphere"": 4, ""wait_time"": ""Up to 10 min""}"
Cafe 27,,"18th Cross Rd, Sector 2, HSR Layout, Bengaluru, Karnataka 560102",12.9112282,77.6522832,Kerala restaurant,,Ci9DQUlRQUNvZENodHljRjlvT21ZME1EVXlaelpFWmxKM2JXUkVaR1V0UkhkUmRsRRAB,Cafe 27,Soubin Kp,115586454622234760412,True,4,,0,8 months ago,"{""dining_mode"": ""Dine in"", ""meal_type"": ""Other"", ""price_per_person"": ""₹1–200"", ""food"": 4, ""service_rating"": 4, ""atmosphere"": 3}"
Cafe 27,,"18th Cross Rd, Sector 2, HSR Layout, Bengaluru, Karnataka 560102",12.9112282,77.6522832,Kerala restaurant,,Ci9DQUlRQUNvZENodHljRjlvT2pCWU1FOWlkRmRNTVVGbFJ6bFZRbkJMVGxwV1lrRRAB,Cafe 27,Anonymous Hippo,104615304840932237708,False,1,"Worst customer service, arrogant staff,",0,8 months ago,"{""dining_mode"": ""Dine in"", ""meal_type"": ""Lunch"", ""price_per_person"": ""₹1–200"", ""food"": 1, ""service_rating"": 1, ""atmosphere"": 1, ""wait_time"": ""Up to 10 min"", ""parking_space"": ""Difficult to find parking"", ""parking_options"": ""Free parking lot""}"
Cafe 27,,"18th Cross Rd, Sector 2, HSR Layout, Bengaluru, Karnataka 560102",12.9112282,77.6522832,Kerala restaurant,,Ci9DQUlRQUNvZENodHljRjlvT25jMGJGSjVSbkUyV0RnM05FazBkSGcwVG1WRGNsRRAB,Cafe 27,Loop loom,108242465527050736418,False,1,"Bad staff , incomplete meals, zero customer value not worth the money",0,8 months ago,"{""food"": 1, ""service_rating"": 1, ""atmosphere"": 1}"
Cafe 27,,"18th Cross Rd, Sector 2, HSR Layout, Bengaluru, Karnataka 560102",12.9112282,77.6522832,Kerala restaurant,,Ci9DQUlRQUNvZENodHljRjlvT25SME1uUjRTRTVZZUc5a1VsRTJabE0wTWxCYVIzYxAB,Cafe 27,ishitaa sinha,116005721592423256895,True,5,Good services by Raimati.,0,8 months ago,
Cafe 27,,"18th Cross Rd, Sector 2, HSR Layout, Bengaluru, Karnataka 560102",12.9112282,77.6522832,Kerala restaurant,,Ci9DQUlRQUNvZENodHljRjlvT25vNVJIQnJaVFkyUkZsM1JsUk9VbTlpY1hReFMzYxAB,Cafe 27,Priyadharshini Rajarathinam,103767419828875633841,True,5,,0,8 months ago,"{""dining_mode"": ""Dine in"", ""meal_type"": ""Lunch"", ""price_per_person"": ""₹200–400"", ""food"": 5, ""service_rating"": 5, ""atmosphere"": 3, ""wait_time"": ""10-30 min""}"
Cafe 27,,"18th Cross Rd, Sector 2, HSR Layout, Bengaluru, Karnataka 560102",12.9112282,77.6522832,Kerala restaurant,,Ci9DQUlRQUNvZENodHljRjlvT25keVF6RjZSMU54VlZVMFFUWlZUalJLWlVGV1RtYxAB,Cafe 27,athulya,100598703294833573067,True,4,Authentic Kerala cuisine with reasonable pricing but the team should prioritize on hygiene of the restaurant,0,8 months ago,
Cafe 27,,"18th Cross Rd, Sector 2, HSR Layout, Bengaluru, Karnataka 560102",12.9112282,77.6522832,Kerala restaurant,,Ci9DQUlRQUNvZENodHljRjlvT2xOcGNETlRTMEZ3TTFOMmREaDRZWGc0ZUZrM2VGRRAB,Cafe 27,Raul Declipse,116847031843331712784,True,4,Dun biryani was excellent,0,8 months ago,"{""dining_mode"": ""Dine in"", ""meal_type"": ""Lunch"", ""price_per_person"": ""₹200–400"", ""food"": 4, ""service_rating"": 3, ""atmosphere"": 3, ""wait_time"": ""Up to 10 min""}"
Cafe 27,,"18th Cross Rd, Sector 2, HSR Layout, Bengaluru, Karnataka 560102",12.9112282,77.6522832,Kerala restaurant,,Ci9DQUlRQUNvZENodHljRjlvT21OVFdHZFlaRUV6UVdaelEwZHdWakZET1hKd2NXYxAB,Cafe 27,lenin uk,118336321222894431936,True,1,,0,8 months ago,"{""food"": 1, ""service_rating"": 1, ""atmosphere"": 1}"
Cafe 27,,"18th Cross Rd, Sector 2, HSR Layout, Bengaluru, Karnataka 560102",12.9112282,77.6522832,Kerala restaurant,,Ci9DQUlRQUNvZENodHljRjlvT25jME9XRkhkMUZDUkdobFFXeFJSbVU1Y0dkVVFsRRAB,Cafe 27,RENJU PAUL,114559939720105310729,True,4,Authentic Kerala restaurant in HSR layout.,0,Edited 8 months ago,"{""meal_type"": ""Lunch"", ""price_per_person"": ""₹400–600"", ""food"": 4, ""service_rating"": 3, ""atmosphere"": 3, ""wait_time"": ""No wait""}"
Cafe 27,,"18th Cross Rd, Sector 2, HSR Layout, Bengaluru, Karnataka 560102",12.9112282,77.6522832,Kerala restaurant,,Ci9DQUlRQUNvZENodHljRjlvT21wRGRFVkVSRlpKTW1WSFdsaHJaRUp2WVRreWFuYxAB,Cafe 27,Sai Bharath,114096630818435130536,True,5,,0,8 months ago,"{""dining_mode"": ""Dine in"", ""meal_type"": ""Dinner"", ""price_per_person"": ""₹1–200"", ""food"": 5, ""service_rating"": 5, ""atmosphere"": 5, ""wait_time"": ""No wait""}"
Cafe 27,,"18th Cross Rd, Sector 2, HSR Layout, Bengaluru, Karnataka 560102",12.9112282,77.6522832,Kerala restaurant,,Ci9DQUlRQUNvZENodHljRjlvT25SaGJ6QmtjVU0yUVZsZmRtOVFSbDl5UVZsVFRtYxAB,Cafe 27,Deemath Adithyan,106674066757265796160,True,5,,0,8 months ago,"{""dining_mode"": ""Dine in"", ""price_per_person"": ""₹200–400"", ""food"": 5, ""service_rating"": 5, ""atmosphere"": 5, ""noise_level"": ""Moderate noise"", ""wait_time"": ""No wait"", ""vegetarian_recommendation"": ""Somewhat recommend"", ""vegetarian_offerings"": ""Not sure""}"
Cafe 27,,"18th Cross Rd, Sector 2, HSR Layout, Bengaluru, Karnataka 560102",12.9112282,77.6522832,Kerala restaurant,,Ci9DQUlRQUNvZENodHljRjlvT2s4NFQzUkhObWcwUzNRelIyVk1lazFGUWtaeVgyYxAB,Cafe 27,Arun A,114106731131597027070,True,1,"Extremely disappointed.. worst service ever, they don't how to treat the customers, if we complain on the issue they start show the attitude, they thinks that they are serving food for free, bunch of useless people working and roaming around the customers table and they will serve the food if you ask. Pathetic service at peak.",0,8 months ago,"{""food"": 3, ""service_rating"": 1, ""atmosphere"": 2}"
Cafe 27,,"18th Cross Rd, Sector 2, HSR Layout, Bengaluru, Karnataka 560102",12.9112282,77.6522832,Kerala restaurant,,Ci9DQUlRQUNvZENodHljRjlvT2pKS2VWUXdPSEJIYjJnNVdEWlVWamxCTUVKWFFXYxAB,Cafe 27,Sunabh Punjabi,102010633929280859074,True,5,,0,8 months ago,"{""food"": 5, ""service_rating"": 5, ""atmosphere"": 5}"
Cafe 27,,"18th Cross Rd, Sector 2, HSR Layout, Bengaluru, Karnataka 560102",12.9112282,77.6522832,Kerala restaurant,,Ci9DQUlRQUNvZENodHljRjlvT2tSZmEwOVVaV3QzV2xGaldIQTFNbU5hVmpKMlVGRRAB,Cafe 27,Roke Rose,106087302926972160417,True,5,,0,8 months ago,"{""food"": 5, ""service_rating"": 5, ""atmosphere"": 5}"
Cafe 27,,"18th Cross Rd, Sector 2, HSR Layout, Bengaluru, Karnataka 560102",12.9112282,77.6522832,Kerala restaurant,,Ci9DQUlRQUNvZENodHljRjlvT2kxMlFtRldaRFkzVEdSTmVrWmhPVFZGTlc1a2RuYxAB,Cafe 27,Aniket Kar,109034176475946473508,False,5,,0,8 months ago,"{""food"": 4, ""service_rating"": 5}"
Cafe 27,,"18th Cross Rd, Sector 2, HSR Layout, Bengaluru, Karnataka 560102",12.9112282,77.6522832,Kerala restaurant,,Ci9DQUlRQUNvZENodHljRjlvT2xsNFdGZFVSWEZIYzE5emRHYzRUMWRUYWtscFYzYxAB,Cafe 27,shree ajnar digital Sound,115911421077251737104,False,5,Good,0,8 months ago,"{""food"": 5, ""service_rating"": 5, ""atmosphere"": 5}"
Cafe 27,,"18th Cross Rd, Sector 2, HSR Layout, Bengaluru, Karnataka 560102",12.9112282,77.6522832,Kerala restaurant,,Ci9DQUlRQUNvZENodHljRjlvT2poNE9WZE5hV3gxVTJKUlRsSXlhVlpEU2tGWFJGRRAB,Cafe 27,ri shij,115719230713518636151,True,4,,0,8 months ago,
Cafe 27,,"18th Cross Rd, Sector 2, HSR Layout, Bengaluru, Karnataka 560102",12.9112282,77.6522832,Kerala restaurant,,Ci9DQUlRQUNvZENodHljRjlvT2xGa1JWRjZlWHB0U1ZWbVgyNTBRMVp0VjFkRmRuYxAB,Cafe 27,Faraz Zubair,108318296533886124765,True,3,,0,8 months ago,
Cafe 27,,"18th Cross Rd, Sector 2, HSR Layout, Bengaluru, Karnataka 560102",12.9112282,77.6522832,Kerala restaurant,,Ci9DQUlRQUNvZENodHljRjlvT2tJdFJrOVRRWGw1TFVSYU9Ua3diekUzTFRsNGRGRRAB,Cafe 27,irwin rohith,102839309433448676519,False,5,,0,8 months ago,"{""food"": 5, ""service_rating"": 4, ""atmosphere"": 5}"
Cafe 27,,"18th Cross Rd, Sector 2, HSR Layout, Bengaluru, Karnataka 560102",12.9112282,77.6522832,Kerala restaurant,,Ci9DQUlRQUNvZENodHljRjlvT2xSNlgwMDNhVFJSV1hoV2RtVlVNMk55VjJFMFpHYxAB,Cafe 27,Abhijith AJ,105656295988219882507,True,5,,0,8 months ago,"{""food"": 5, ""service_rating"": 4, ""atmosphere"": 4}"
Cafe 27,,"18th Cross Rd, Sector 2, HSR Layout, Bengaluru, Karnataka 560102",12.9112282,77.6522832,Kerala restaurant,,Ci9DQUlRQUNvZENodHljRjlvT2pOYU5WTlVlVk5EYjNWcmJYWnZhVkV3WlZoRlpXYxAB,Cafe 27,Nipun Sreenivas,106243625234102033591,False,1,,0,8 months ago,"{""food"": 2, ""service_rating"": 1, ""atmosphere"": 1}"
Cafe 27,,"18th Cross Rd, Sector 2, HSR Layout, Bengaluru, Karnataka 560102",12.9112282,77.6522832,Kerala restaurant,,Ci9DQUlRQUNvZENodHljRjlvT21jMWJUTm1Wa1pQY0c5QmJVb3lTbk51UzFaMFIxRRAB,Cafe 27,Muzammil Adkam,116907076192723975815,False,2,,0,8 months ago,"{""dining_mode"": ""Dine in"", ""meal_type"": ""Lunch"", ""price_per_person"": ""₹800–1,000"", ""food"": 3, ""service_rating"": 1, ""atmosphere"": 2, ""wait_time"": ""1+ hour""}"
Cafe 27,,"18th Cross Rd, Sector 2, HSR Layout, Bengaluru, Karnataka 560102",12.9112282,77.6522832,Kerala restaurant,,Ci9DQUlRQUNvZENodHljRjlvT2t0TWNEWkRWa0pCZFVzNVduVnNUekpOWVVSd05YYxAB,Cafe 27,Robin Saju,111921253906381772957,True,1,The food quality is poor and not worth it. Also the service is very very poor.The waiters attitude is like we came to have free food.,0,8 months ago,"{""dining_mode"": ""Dine in"", ""food"": 3, ""service_rating"": 1, ""atmosphere"": 2}"
Cafe 27,,"18th Cross Rd, Sector 2, HSR Layout, Bengaluru, Karnataka 560102",12.9112282,77.6522832,Kerala restaurant,,Ci9DQUlRQUNvZENodHljRjlvT25OSmVWRnlSbUZDVTBSNVRtcGhOSEpMWDJOM1JsRRAB,Cafe 27,Sanu Rajan,104308131938700751522,True,4,,0,8 months ago,"{""dining_mode"": ""Dine in"", ""meal_type"": ""Lunch"", ""price_per_person"": ""₹200–400"", ""food"": 5, ""service_rating"": 4, ""atmosphere"": 4, ""wait_time"": ""Up to 10 min""}"
Cafe 27,,"18th Cross Rd, Sector 2, HSR Layout, Bengaluru, Karnataka 560102",12.9112282,77.6522832,Kerala restaurant,,Ci9DQUlRQUNvZENodHljRjlvT25wRE5tdFVTekphVVU1YWJtOUtkVFpYUWtKQ1lXYxAB,Cafe 27,Shalish Lakshmanan,111011541750861274729,False,4,,0,8 months ago,"{""dining_mode"": ""Dine in"", ""price_per_person"": ""₹400–600"", ""food"": 4, ""service_rating"": 3, ""atmosphere"": 3, ""wait_time"": ""10-30 min""}"
Cafe 27,,"18th Cross Rd, Sector 2, HSR Layout, Bengaluru, Karnataka 560102",12.9112282,77.6522832,Kerala restaurant,,Ci9DQUlRQUNvZENodHljRjlvT2paMlkyRnpSamRCWkhabWNHRlRaVmxJV1dOWlprRRAB,Cafe 27,Felix James,111515600013336104500,False,4,,0,8 months ago,
Cafe 27,,"18th Cross Rd, Sector 2, HSR Layout, Bengaluru, Karnataka 560102",12.9112282,77.6522832,Kerala restaurant,,Ci9DQUlRQUNvZENodHljRjlvT25kSFNISnJlbkZVWmpOeFdtNW1VMTlMWTJkTVkxRRAB,Cafe 27,ASWANTH MOHAN,105669398953080786533,True,4,,0,8 months ago,
Cafe 27,,"18th Cross Rd, Sector 2, HSR Layout, Bengaluru, Karnataka 560102",12.9112282,77.6522832,Kerala restaurant,,Ci9DQUlRQUNvZENodHljRjlvT21obGMyTlFNMmg0UTBWa1UwVXRVSFJFYzFCVVkxRRAB,Cafe 27,51. Siyad zax,102120220282440135005,False,5,,0,8 months ago,"{""food"": 5, ""service_rating"": 5, ""atmosphere"": 5}"
Cafe 27,,"18th Cross Rd, Sector 2, HSR Layout, Bengaluru, Karnataka 560102",12.9112282,77.6522832,Kerala restaurant,,Ci9DQUlRQUNvZENodHljRjlvT205NWREZ3lRak15VVV4aWRXUTFUWHBIV25wRmJWRRAB,Cafe 27,HAMIM SHERIFF,109601522682280476546,True,5,,0,8 months ago,
Cafe 27,,"18th Cross Rd, Sector 2, HSR Layout, Bengaluru, Karnataka 560102",12.9112282,77.6522832,Kerala restaurant,,Ci9DQUlRQUNvZENodHljRjlvT2xVeE0zUlBkbWhHU0ZkWk1XRTFRWFpFTjJocGRsRRAB,Cafe 27,Jasmine Nongrum,117318132849319808501,True,3,"I usually go for kerela style evening snacks and tea or coffee, which you can stand and have outside the restaurant. They restaurant is not very hygienic, as there are lots of flies.",0,8 months ago,"{""meal_type"": ""Other"", ""food"": 3, ""service_rating"": 3, ""atmosphere"": 3, ""parking_space"": ""Somewhat difficult to find parking"", ""parking_options"": ""Free street parking""}"
Cafe 27,,"18th Cross Rd, Sector 2, HSR Layout, Bengaluru, Karnataka 560102",12.9112282,77.6522832,Kerala restaurant,,Ci9DQUlRQUNvZENodHljRjlvT2s5MGRqZE9jRFY1VFhOblQwVlRlak13TW04MFRYYxAB,Cafe 27,Adnan Riza,113331859296452115538,True,1,"The kitchen hygiene here is very poor. I was shocked to see coconut being grated directly on the floor where staff were walking, then scooped up and transferred into a vessel. Even worse, grill chicken was stacked openly on the floor. The cleanliness of the dining area is completely misleading, step into the kitchen and you’ll see a very different, unhygienic reality.",0,8 months ago,"{""food"": 1, ""service_rating"": 1, ""atmosphere"": 1}"
Cafe 27,,"18th Cross Rd, Sector 2, HSR Layout, Bengaluru, Karnataka 560102",12.9112282,77.6522832,Kerala restaurant,,Ci9DQUlRQUNvZENodHljRjlvT2pGbmMwcFpPV0YzWTFSUVVsTjVNa0pPUTFWeFRYYxAB,Cafe 27,Abdul asrarr,113699198397628960583,True,5,,0,8 months ago,"{""food"": 5, ""service_rating"": 3, ""atmosphere"": 5}"
Cafe 27,,"18th Cross Rd, Sector 2, HSR Layout, Bengaluru, Karnataka 560102",12.9112282,77.6522832,Kerala restaurant,,Ci9DQUlRQUNvZENodHljRjlvT25wQmNIWjNkbmMyWkRKUWJtdFBaVEppY0hWME9GRRAB,Cafe 27,Anu Dhannu,105465613912096197297,True,5,,0,8 months ago,"{""dining_mode"": ""Dine in"", ""meal_type"": ""Lunch"", ""price_per_person"": ""₹200–400"", ""wait_time"": ""Up to 10 min""}"
Cafe 27,,"18th Cross Rd, Sector 2, HSR Layout, Bengaluru, Karnataka 560102",12.9112282,77.6522832,Kerala restaurant,,Ci9DQUlRQUNvZENodHljRjlvT25sS2VIQjRTbTAzUW0xcFRHbGlXa05GUlVKd2MzYxAB,Cafe 27,prashob prabhakaran,109258115921455455051,True,4,"Amazing restaurant in HSR which serve authentic kerala style food .  We tried the kerala porota, meals and even the biriyani which is a must try. They even serve tea , coffee with oiled fry kerala snacks too.",0,8 months ago,"{""food"": 5, ""service_rating"": 5, ""atmosphere"": 5}"
Cafe 27,,"18th Cross Rd, Sector 2, HSR Layout, Bengaluru, Karnataka 560102",12.9112282,77.6522832,Kerala restaurant,,Ci9DQUlRQUNvZENodHljRjlvT25rMU9XeENhRGhPVkdVNVVHZzNkV2RIWkRSMmIyYxAB,Cafe 27,unni chakyat,105526698120861108278,False,1,,0,8 months ago,
Cafe 27,,"18th Cross Rd, Sector 2, HSR Layout, Bengaluru, Karnataka 560102",12.9112282,77.6522832,Kerala restaurant,,Ci9DQUlRQUNvZENodHljRjlvT2pWS1YySkZVRTlPVlZRdFUxcHJkVTFMZGt3NWRuYxAB,Cafe 27,Vishnu Priya,115254834304834694912,True,3,Food quantity not upto the price.The place is bit crowded.,0,8 months ago,"{""food"": 3, ""service_rating"": 4, ""atmosphere"": 3}"
Cafe 27,,"18th Cross Rd, Sector 2, HSR Layout, Bengaluru, Karnataka 560102",12.9112282,77.6522832,Kerala restaurant,,Ci9DQUlRQUNvZENodHljRjlvT21KVmNYUkJMVFoyZDFoQ2VHdzFSRFoxVmpReFZYYxAB,Cafe 27,Vinod Kumar,101051757550421702768,True,5,Superb,0,8 months ago,"{""price_per_person"": ""₹400–600"", ""food"": 5, ""service_rating"": 5, ""atmosphere"": 5}"
Cafe 27,,"18th Cross Rd, Sector 2, HSR Layout, Bengaluru, Karnataka 560102",12.9112282,77.6522832,Kerala restaurant,,Ci9DQUlRQUNvZENodHljRjlvT2pkQmVUZzRSMVJCYmxsd1JUUjRORkpFZGxkSGFXYxAB,Cafe 27,Saneesh P.S,102368303935490207061,True,4,,0,9 months ago,"{""meal_type"": ""Lunch"", ""price_per_person"": ""₹200–400"", ""food"": 5, ""service_rating"": 3, ""atmosphere"": 4, ""wait_time"": ""Up to 10 min"", ""parking_space"": ""Plenty of parking"", ""parking_options"": ""Free parking lot, Free street parking""}"
Cafe 27,,"18th Cross Rd, Sector 2, HSR Layout, Bengaluru, Karnataka 560102",12.9112282,77.6522832,Kerala restaurant,,Ci9DQUlRQUNvZENodHljRjlvT2s0emVsOXJNRGcwVVdscmREbFBOakJaT0dGWFYyYxAB,Cafe 27,Kiran Karnayil,109748261418465114095,True,4,Felt like visited restuarant in kerala. Talking to stewards felt like talking to out own people. For kerala food lovers u can have piece of it here.,0,9 months ago,"{""dining_mode"": ""Dine in"", ""price_per_person"": ""₹200–400"", ""food"": 4, ""service_rating"": 4, ""atmosphere"": 4}"
Cafe 27,,"18th Cross Rd, Sector 2, HSR Layout, Bengaluru, Karnataka 560102",12.9112282,77.6522832,Kerala restaurant,,Ci9DQUlRQUNvZENodHljRjlvT201SFFsOUtka2Q1VVUxdlduWlpWVGRHYUhWUlprRRAB,Cafe 27,Abhay Blesson,107479242078504867103,False,4,,0,9 months ago,
Cafe 27,,"18th Cross Rd, Sector 2, HSR Layout, Bengaluru, Karnataka 560102",12.9112282,77.6522832,Kerala restaurant,,Ci9DQUlRQUNvZENodHljRjlvT2pOcVpWSmpha05NVTNVNFYyZGlibWx6UW1wNVpHYxAB,Cafe 27,Rebecca Alex,102357983656758764302,True,4,,0,9 months ago,"{""dining_mode"": ""Dine in"", ""meal_type"": ""Breakfast"", ""price_per_person"": ""₹1–200"", ""food"": 4, ""service_rating"": 4, ""atmosphere"": 5}"
Cafe 27,,"18th Cross Rd, Sector 2, HSR Layout, Bengaluru, Karnataka 560102",12.9112282,77.6522832,Kerala restaurant,,Ci9DQUlRQUNvZENodHljRjlvT25KVmJ6Vm5iMGgxVnpWYVEyODFORXhzWTJ3M2VHYxAB,Cafe 27,Mallu Media,103549524215780062932,True,5,"Food is just osam, especialy one 'Avil mix' is super killer item.",0,9 months ago,"{""food"": 5, ""service_rating"": 5, ""atmosphere"": 5}"
Cafe 27,,"18th Cross Rd, Sector 2, HSR Layout, Bengaluru, Karnataka 560102",12.9112282,77.6522832,Kerala restaurant,,Ci9DQUlRQUNvZENodHljRjlvT2pKbmIwZG5Oa3RWZW5rMldYSnNSMlZKTFdoTWFYYxAB,Cafe 27,Navaneeth J,101316302806395066249,True,5,,0,9 months ago,"{""dining_mode"": ""Dine in"", ""meal_type"": ""Dinner"", ""price_per_person"": ""₹1–200"", ""food"": 5, ""service_rating"": 3, ""atmosphere"": 3}"
Cafe 27,,"18th Cross Rd, Sector 2, HSR Layout, Bengaluru, Karnataka 560102",12.9112282,77.6522832,Kerala restaurant,,Ci9DQUlRQUNvZENodHljRjlvT21wWGJVUldWbVJ5T0ZSM1ZHOHdTVTR0VkRSYWFsRRAB,Cafe 27,Nipun Hans,112760462979537974019,True,5,,0,9 months ago,"{""food"": 5, ""service_rating"": 5, ""atmosphere"": 5}"
Cafe 27,,"18th Cross Rd, Sector 2, HSR Layout, Bengaluru, Karnataka 560102",12.9112282,77.6522832,Kerala restaurant,,Ci9DQUlRQUNvZENodHljRjlvT2pZM1RrWnJVVVpxVDB4V2RFZHpkVXAyUVhGU2RrRRAB,Cafe 27,Nishanth B,104833132734786522392,True,4,Good food,0,9 months ago,"{""food"": 4, ""service_rating"": 4, ""atmosphere"": 4}"
Cafe 27,,"18th Cross Rd, Sector 2, HSR Layout, Bengaluru, Karnataka 560102",12.9112282,77.6522832,Kerala restaurant,,Ci9DQUlRQUNvZENodHljRjlvT21OeWFsQk5RbU0xVm01YWVYUnJkMUJaZW1oYWVsRRAB,Cafe 27,Robin Dsouza,114728919657868820315,True,4,Good place for tasty kerala style food. We had the meals and fish fry. The fish was fried on a tawa and was moist and tasty. Service can be improved though. Some parking available in front of the restaurant,0,9 months ago,"{""food"": 4, ""service_rating"": 2, ""atmosphere"": 3}"
Cafe 27,,"18th Cross Rd, Sector 2, HSR Layout, Bengaluru, Karnataka 560102",12.9112282,77.6522832,Kerala restaurant,,Ci9DQUlRQUNvZENodHljRjlvT2w5bVpuSlpZWE5wZVdFNVpURXpPWGhaY1dreVRHYxAB,Cafe 27,Svl,103839817457838267293,True,3,Awesome ambience. Kerala culture and authentic food taste. Seating and take away available.,0,9 months ago,"{""dining_mode"": ""Delivery"", ""meal_type"": ""Breakfast"", ""price_per_person"": ""₹1–200"", ""food"": 3, ""service_rating"": 3, ""atmosphere"": 3}"
Cafe 27,,"18th Cross Rd, Sector 2, HSR Layout, Bengaluru, Karnataka 560102",12.9112282,77.6522832,Kerala restaurant,,Ci9DQUlRQUNvZENodHljRjlvT25Cc1pWbHplVmhSZFZaT1ZHRXRlVXBmVTJWQmFFRRAB,Cafe 27,Ajith Na,104135144236752604290,True,5,Authentic kerala food,0,9 months ago,"{""dining_mode"": ""Dine in"", ""meal_type"": ""Breakfast"", ""price_per_person"": ""₹1–200"", ""food"": 4, ""service_rating"": 4, ""atmosphere"": 4, ""wait_time"": ""Up to 10 min""}"
Cafe 27,,"18th Cross Rd, Sector 2, HSR Layout, Bengaluru, Karnataka 560102",12.9112282,77.6522832,Kerala restaurant,,Ci9DQUlRQUNvZENodHljRjlvT2xWZmNXMWFZa0Y2TmsxUWJVdzJlVmhsZW5SUGFsRRAB,Cafe 27,amirtha thendral,102774351203560780341,False,5,,0,9 months ago,"{""food"": 5, ""service_rating"": 5, ""atmosphere"": 5}"
Cafe 27,,"18th Cross Rd, Sector 2, HSR Layout, Bengaluru, Karnataka 560102",12.9112282,77.6522832,Kerala restaurant,,Ci9DQUlRQUNvZENodHljRjlvT2twSVptdFpWVzA1T0RWa1VtSk9ZVzV3VG5CMVRWRRAB,Cafe 27,shama mohammad,111275649743110156484,True,3,Food is good. But fish not so good,0,9 months ago,"{""dining_mode"": ""Dine in"", ""meal_type"": ""Lunch"", ""price_per_person"": ""₹1,800–2,000"", ""food"": 3, ""service_rating"": 4, ""atmosphere"": 4, ""wait_time"": ""Up to 10 min"", ""vegetarian_recommendation"": ""Highly recommend"", ""vegetarian_offerings"": ""Large vegetarian selection"", ""parking_space"": ""Plenty of parking"", ""parking_options"": ""Free parking lot""}"
Cafe 27,,"18th Cross Rd, Sector 2, HSR Layout, Bengaluru, Karnataka 560102",12.9112282,77.6522832,Kerala restaurant,,Ci9DQUlRQUNvZENodHljRjlvT25acVNVdEJNRzAzVEU5WmJHWlVSakp0TUd0RlVXYxAB,Cafe 27,shabeer muhammed,101276000816734884598,True,4,,0,9 months ago,
Cafe 27,,"18th Cross Rd, Sector 2, HSR Layout, Bengaluru, Karnataka 560102",12.9112282,77.6522832,Kerala restaurant,,Ci9DQUlRQUNvZENodHljRjlvT25adFJTMXhWR3d5WVVGVWQxTkJkMFUwVVVaNE9HYxAB,Cafe 27,RAHUL KRISHNA,114945944810471700336,False,5,,0,9 months ago,"{""dining_mode"": ""Dine in"", ""meal_type"": ""Lunch"", ""price_per_person"": ""₹1–200"", ""food"": 5, ""service_rating"": 5, ""atmosphere"": 5, ""wait_time"": ""Up to 10 min"", ""vegetarian_recommendation"": ""Not sure"", ""parking_space"": ""Plenty of parking"", ""parking_options"": ""Free parking lot""}"
Cafe 27,,"18th Cross Rd, Sector 2, HSR Layout, Bengaluru, Karnataka 560102",12.9112282,77.6522832,Kerala restaurant,,Ci9DQUlRQUNvZENodHljRjlvT2paVlEwZE5kM2R5VDIxMk4wRlRjRGx3ZDNBeVFVRRAB,Cafe 27,B N Sudhir,103383576862846246767,True,5,"Very nice place for authentic kerala style food, value fir money",0,9 months ago,"{""dining_mode"": ""Dine in"", ""meal_type"": ""Brunch"", ""price_per_person"": ""₹1–200"", ""food"": 5, ""service_rating"": 5, ""atmosphere"": 5, ""wait_time"": ""No wait""}"
Cafe 27,,"18th Cross Rd, Sector 2, HSR Layout, Bengaluru, Karnataka 560102",12.9112282,77.6522832,Kerala restaurant,,Ci9DQUlRQUNvZENodHljRjlvT2kxak5rUmpSbk5sUXpkdWJWbFBjemhqYlhwelpHYxAB,Cafe 27,Ajith Thekkoot,109444748808456742282,False,5,,0,9 months ago,"{""food"": 5, ""service_rating"": 5, ""atmosphere"": 5}"
Cafe 27,,"18th Cross Rd, Sector 2, HSR Layout, Bengaluru, Karnataka 560102",12.9112282,77.6522832,Kerala restaurant,,Ci9DQUlRQUNvZENodHljRjlvT2psQ2F6UjNOemhPUW1OaVZEUkhRakJJYUhVelEyYxAB,Cafe 27,Sasidharan Ncharakottil,107279479265071028512,True,3,Good south indian veg/non veg restaurant. Tea and kerala snacks are very good. Too crowded during peak hours. Take away provision available. Kerala non veg items are very good,0,9 months ago,"{""dining_mode"": ""Dine in"", ""meal_type"": ""Lunch"", ""price_per_person"": ""₹800–1,000"", ""food"": 4, ""service_rating"": 3, ""atmosphere"": 3, ""wait_time"": ""Up to 10 min"", ""parking_space"": ""Difficult to find parking"", ""parking_options"": ""Free street parking"", ""kid_friendliness"": ""Limited due space constraints"", ""wheelchair_accessibility"": ""Difficult""}"
Cafe 27,,"18th Cross Rd, Sector 2, HSR Layout, Bengaluru, Karnataka 560102",12.9112282,77.6522832,Kerala restaurant,,Ci9DQUlRQUNvZENodHljRjlvT200eFZYRmhjamxoTVZWdkxTMUVabkYzV2tsMmJYYxAB,Cafe 27,Muhammed suhyl A,106151242487598206737,True,4,Clean hotel and tasty and fresh food,0,9 months ago,"{""dining_mode"": ""Dine in"", ""meal_type"": ""Dinner"", ""price_per_person"": ""₹1–200"", ""food"": 4, ""service_rating"": 4, ""atmosphere"": 4, ""wait_time"": ""Up to 10 min"", ""vegetarian_recommendation"": ""Somewhat recommend"", ""vegetarian_offerings"": ""Vegetarian menu or section"", ""parking_space"": ""Somewhat difficult to find parking"", ""parking_options"": ""Free parking lot""}"
Cafe 27,,"18th Cross Rd, Sector 2, HSR Layout, Bengaluru, Karnataka 560102",12.9112282,77.6522832,Kerala restaurant,,Ci9DQUlRQUNvZENodHljRjlvT25weWFXTTBWMmxCWVV0RGVEUktOVzVKY2xKWFptYxAB,Cafe 27,Joel Joy,100908542213743052984,False,5,,0,9 months ago,"{""dining_mode"": ""Dine in"", ""meal_type"": ""Lunch"", ""price_per_person"": ""₹200–400"", ""food"": 5, ""service_rating"": 5, ""atmosphere"": 5, ""wait_time"": ""Up to 10 min""}"
Cafe 27,,"18th Cross Rd, Sector 2, HSR Layout, Bengaluru, Karnataka 560102",12.9112282,77.6522832,Kerala restaurant,,Ci9DQUlRQUNvZENodHljRjlvT2pjdE9XeEROMVpITVVrNE5IbFFWRTFDTFRkT1ZsRRAB,Cafe 27,N Jason,117996688253871693107,True,4,Nice tea and snacks,0,9 months ago,"{""food"": 4}"
Cafe 27,,"18th Cross Rd, Sector 2, HSR Layout, Bengaluru, Karnataka 560102",12.9112282,77.6522832,Kerala restaurant,,Ci9DQUlRQUNvZENodHljRjlvT2tKRVVVNDJjVU4xTlRoSk56TXlRMjlFY2t4VFJuYxAB,Cafe 27,JUBIN MC,107011295752003411769,True,4,,0,9 months ago,"{""food"": 4, ""service_rating"": 5, ""atmosphere"": 5}"
Cafe 27,,"18th Cross Rd, Sector 2, HSR Layout, Bengaluru, Karnataka 560102",12.9112282,77.6522832,Kerala restaurant,,Ci9DQUlRQUNvZENodHljRjlvT2tRd2EwTlNOSGR4U1VsQlR6UnZMWGhRUmxacmFGRRAB,Cafe 27,Avinash M Thamby,101521387946097289823,False,4,,0,9 months ago,"{""food"": 4, ""service_rating"": 4, ""atmosphere"": 4}"
Cafe 27,,"18th Cross Rd, Sector 2, HSR Layout, Bengaluru, Karnataka 560102",12.9112282,77.6522832,Kerala restaurant,,Ci9DQUlRQUNvZENodHljRjlvT210a1kySmtiVXB4WDFsV1VEZ3lXakpRVHpaWFRGRRAB,Cafe 27,Bhavin Bhaskar,116484191646315606988,True,5,,0,9 months ago,"{""dining_mode"": ""Dine in"", ""meal_type"": ""Lunch"", ""price_per_person"": ""₹400–600"", ""wait_time"": ""Up to 10 min"", ""parking_space"": ""Plenty of parking""}"
Cafe 27,,"18th Cross Rd, Sector 2, HSR Layout, Bengaluru, Karnataka 560102",12.9112282,77.6522832,Kerala restaurant,,Ci9DQUlRQUNvZENodHljRjlvT2twc0xXOUdNbVJTTW10clVWQlFZVmRWZWpGWWFtYxAB,Cafe 27,Harikrishnan p,115217878187186731857,True,5,,0,9 months ago,
Cafe 27,,"18th Cross Rd, Sector 2, HSR Layout, Bengaluru, Karnataka 560102",12.9112282,77.6522832,Kerala restaurant,,Ci9DQUlRQUNvZENodHljRjlvT2tZMmMxOWZUMms1U2trNE9WcDJkMk5OVkVKcmVVRRAB,Cafe 27,Sudipta Shaw,112201071399061131228,True,1,Very bad service.,0,9 months ago,"{""food"": 1, ""service_rating"": 1, ""atmosphere"": 1}"
Cafe 27,,"18th Cross Rd, Sector 2, HSR Layout, Bengaluru, Karnataka 560102",12.9112282,77.6522832,Kerala restaurant,,Ci9DQUlRQUNvZENodHljRjlvT21zM1YwcGZXR0ZuU21oZlJtaE1hbTFQUzBneFVIYxAB,Cafe 27,Sayan Deb,113453416944003306069,True,1,Super shit service,0,9 months ago,"{""service_rating"": 1}"
Cafe 27,,"18th Cross Rd, Sector 2, HSR Layout, Bengaluru, Karnataka 560102",12.9112282,77.6522832,Kerala restaurant,,Ci9DQUlRQUNvZENodHljRjlvT2sxRFQwcHZPVnB6YkVwU1pFcE1UemxITTI1U1JsRRAB,Cafe 27,Bennet Enstein,109850143197901561047,True,4,,0,9 months ago,"{""dining_mode"": ""Dine in"", ""meal_type"": ""Dinner"", ""price_per_person"": ""₹200–400"", ""food"": 3, ""service_rating"": 5, ""atmosphere"": 4, ""wait_time"": ""No wait"", ""vegetarian_recommendation"": ""Somewhat recommend"", ""vegetarian_offerings"": ""Vegetarian menu or section, Clearly labeled vegetarian dishes""}"
Cafe 27,,"18th Cross Rd, Sector 2, HSR Layout, Bengaluru, Karnataka 560102",12.9112282,77.6522832,Kerala restaurant,,Ci9DQUlRQUNvZENodHljRjlvT2xGNFYxVjVPV0pzVEd4ZldtZGlOVXN3ZEV4VFlXYxAB,Cafe 27,Balaji Amar,100324613854328286021,True,4,,0,9 months ago,"{""food"": 4, ""service_rating"": 2, ""atmosphere"": 3}"
Cafe 27,,"18th Cross Rd, Sector 2, HSR Layout, Bengaluru, Karnataka 560102",12.9112282,77.6522832,Kerala restaurant,,Ci9DQUlRQUNvZENodHljRjlvT210Q1UxZHFWVWd3TW05c1VWbHVObUo1TlZOME5HYxAB,Cafe 27,Sanu Mathew,110786434346288228702,True,1,"Was a customer for the past 6 years from the day they started near Narayana hospital, but the past few visits made me stop coming here anymore. The service person behaves like we go there for free food, very rude behavior has occurred many times. We spent money here not only to get good food but we also expect decent service. I will ensure i wont visit this palace anymore, wont recommend anyone who i know. Dear management, if you dont train your staffs to talk properly to your customers, you may lose many in future. 🙏",0,9 months ago,"{""dining_mode"": ""Dine in"", ""meal_type"": ""Lunch"", ""price_per_person"": ""₹600–800"", ""food"": 5, ""service_rating"": 1, ""atmosphere"": 5, ""wait_time"": ""1+ hour""}"
Cafe 27,,"18th Cross Rd, Sector 2, HSR Layout, Bengaluru, Karnataka 560102",12.9112282,77.6522832,Kerala restaurant,,Ci9DQUlRQUNvZENodHljRjlvT2pnd1ltTldUWEl6UldGSFRtRkRWMjVMTlZKdE1VRRAB,Cafe 27,Anwesh Reddy,112362607785227379521,True,4,,0,9 months ago,"{""dining_mode"": ""Dine in"", ""price_per_person"": ""₹1–200"", ""food"": 5, ""service_rating"": 5, ""atmosphere"": 5}"
Cafe 27,,"18th Cross Rd, Sector 2, HSR Layout, Bengaluru, Karnataka 560102",12.9112282,77.6522832,Kerala restaurant,,ChdDSUhNMG9nS0VJQ0FnSUNvNGRDYzl3RRAB,Cafe 27,Shyamjith G,101170937455225430401,True,4,,0,Edited 9 months ago,"{""meal_type"": ""Lunch"", ""food"": 4, ""service_rating"": 3, ""atmosphere"": 3, ""group_size"": ""Suitable for all group sizes"", ""wait_time"": ""No wait""}"
Cafe 27,,"18th Cross Rd, Sector 2, HSR Layout, Bengaluru, Karnataka 560102",12.9112282,77.6522832,Kerala restaurant,,Ci9DQUlRQUNvZENodHljRjlvT2poUlprRnVSbmhDY0dWTk0xVlBVRFoxUWpWM1ZrRRAB,Cafe 27,Libin George,108747603129192038933,True,5,,0,9 months ago,"{""meal_type"": ""Dinner"", ""price_per_person"": ""₹1,400–1,600"", ""food"": 5, ""service_rating"": 3, ""atmosphere"": 3, ""group_size"": ""Suitable for all group sizes"", ""wait_time"": ""30-60 min""}"
Cafe 27,,"18th Cross Rd, Sector 2, HSR Layout, Bengaluru, Karnataka 560102",12.9112282,77.6522832,Kerala restaurant,,Ci9DQUlRQUNvZENodHljRjlvT21GTFVGWjVVR3h4YUc1UFZUVjBlR3RNVDJWVVJuYxAB,Cafe 27,Kishore Naidu,104256827939442488466,False,1,,0,9 months ago,"{""price_per_person"": ""₹1–200"", ""food"": 3, ""service_rating"": 1, ""atmosphere"": 5}"
Cafe 27,,"18th Cross Rd, Sector 2, HSR Layout, Bengaluru, Karnataka 560102",12.9112282,77.6522832,Kerala restaurant,,Ci9DQUlRQUNvZENodHljRjlvT21kaVFYVTFSM0ZWYVMwM1IxQjZWM0Z2ZWtsTk1tYxAB,Cafe 27,Rehu Champion,117340642822231253274,False,5,Tea ☕,0,9 months ago,"{""food"": 5, ""atmosphere"": 5}"
Cafe 27,,"18th Cross Rd, Sector 2, HSR Layout, Bengaluru, Karnataka 560102",12.9112282,77.6522832,Kerala restaurant,,Ci9DQUlRQUNvZENodHljRjlvT21WbWVXWjZOa1J2Y25Nd1NYWjBZM2hvTFhZNVpuYxAB,Cafe 27,NEMESIS Prïmë,114342581600452069064,True,5,,0,Edited 9 months ago,"{""dining_mode"": ""Dine in"", ""meal_type"": ""Other"", ""price_per_person"": ""₹1–200"", ""food"": 5, ""service_rating"": 5, ""atmosphere"": 5, ""wait_time"": ""No wait""}"
Cafe 27,,"18th Cross Rd, Sector 2, HSR Layout, Bengaluru, Karnataka 560102",12.9112282,77.6522832,Kerala restaurant,,Ci9DQUlRQUNvZENodHljRjlvT2poT1QzbDFRVVZETFRGQ1MwMW9jUzFoV1Mxbk4wRRAB,Cafe 27,Martel Richard,111879069951181858011,True,4,Had Chicken Kothu Parotta. A tasty food with a Kerala touch! Biriyani is all Mabalar and the masala is good. Would not recommend for a vegetarian.,0,9 months ago,"{""dining_mode"": ""Dine in"", ""price_per_person"": ""₹200–400"", ""food"": 4, ""service_rating"": 4, ""atmosphere"": 4, ""noise_level"": ""Moderate noise"", ""wait_time"": ""No wait"", ""vegetarian_recommendation"": ""Would not recommend"", ""parking_space"": ""Plenty of parking"", ""parking_options"": ""Free street parking""}"
Cafe 27,,"18th Cross Rd, Sector 2, HSR Layout, Bengaluru, Karnataka 560102",12.9112282,77.6522832,Kerala restaurant,,Ci9DQUlRQUNvZENodHljRjlvT2xaNGVVSk5UV3B6VGxwM1UyMUpSRTlQVjFCeWMwRRAB,Cafe 27,Sreya Das,101293932016082352857,True,5,,0,9 months ago,
Cafe 27,,"18th Cross Rd, Sector 2, HSR Layout, Bengaluru, Karnataka 560102",12.9112282,77.6522832,Kerala restaurant,,Ci9DQUlRQUNvZENodHljRjlvT25WdlRYbDNPVFJTWWxjdFpFTmxVSGs0TWxobFJIYxAB,Cafe 27,Vivek Mampilly,102765489692146711667,True,5,,0,9 months ago,"{""food"": 5, ""service_rating"": 5, ""atmosphere"": 3}"
Cafe 27,,"18th Cross Rd, Sector 2, HSR Layout, Bengaluru, Karnataka 560102",12.9112282,77.6522832,Kerala restaurant,,Ci9DQUlRQUNvZENodHljRjlvT25KMVRWQkhWVFZEWlZwMlRtSkNkRVpGTWxvM2FVRRAB,Cafe 27,Sandhya Lahare,111470631155822805683,True,5,,0,9 months ago,"{""price_per_person"": ""₹200–400"", ""food"": 4, ""service_rating"": 4, ""atmosphere"": 4, ""noise_level"": ""Loud, but you can still talk"", ""wait_time"": ""10-30 min"", ""vegetarian_recommendation"": ""Somewhat recommend"", ""parking_space"": ""Somewhat difficult to find parking"", ""parking_options"": ""Free street parking""}"
Cafe 27,,"18th Cross Rd, Sector 2, HSR Layout, Bengaluru, Karnataka 560102",12.9112282,77.6522832,Kerala restaurant,,Ci9DQUlRQUNvZENodHljRjlvT2pWSmJDMUZUMjVNYmw5aldGQlVka3RtY1dWRldVRRAB,Cafe 27,Arjun Cm,103985479240512701306,True,5,👍 We had delicious Kerala-style food — authentic taste and great flavors.,0,9 months ago,"{""dining_mode"": ""Dine in"", ""price_per_person"": ""₹1–200"", ""food"": 5, ""service_rating"": 4, ""atmosphere"": 3, ""noise_level"": ""Moderate noise"", ""wait_time"": ""No wait""}"
Cafe 27,,"18th Cross Rd, Sector 2, HSR Layout, Bengaluru, Karnataka 560102",12.9112282,77.6522832,Kerala restaurant,,Ci9DQUlRQUNvZENodHljRjlvT2tablNWcHNlbUkwU0dONldIY3dXREJoUjNOQ2VHYxAB,Cafe 27,Anil Kumar,109003325155407651196,True,5,,0,9 months ago,"{""price_per_person"": ""₹200–400"", ""food"": 5, ""service_rating"": 5, ""atmosphere"": 4}"
Cafe 27,,"18th Cross Rd, Sector 2, HSR Layout, Bengaluru, Karnataka 560102",12.9112282,77.6522832,Kerala restaurant,,Ci9DQUlRQUNvZENodHljRjlvT2paWFZGOWpaSFF6ZG5SWVlWRXRjV2RUUzNOR1VVRRAB,Cafe 27,Amaan Bhati,116721290514436507147,True,5,,0,9 months ago,"{""food"": 5, ""service_rating"": 5, ""atmosphere"": 5}"
Cafe 27,,"18th Cross Rd, Sector 2, HSR Layout, Bengaluru, Karnataka 560102",12.9112282,77.6522832,Kerala restaurant,,Ci9DQUlRQUNvZENodHljRjlvT2psaVFqUkdSbkZpTUd4VE9HbEJWakp5YldoblZtYxAB,Cafe 27,Rohit John,105558647107444495800,True,5,,0,9 months ago,
Cafe 27,,"18th Cross Rd, Sector 2, HSR Layout, Bengaluru, Karnataka 560102",12.9112282,77.6522832,Kerala restaurant,,Ci9DQUlRQUNvZENodHljRjlvT21oRU0wMXRNVkowZGpOWU0wdHNabTUwYmtaSWRYYxAB,Cafe 27,Arunraj,107495677959411260948,True,5,"Food is very good , Serving needs to improve a lot . Everyone is always in a hurry and never on time to take orders",0,9 months ago,
Cafe 27,,"18th Cross Rd, Sector 2, HSR Layout, Bengaluru, Karnataka 560102",12.9112282,77.6522832,Kerala restaurant,,Ci9DQUlRQUNvZENodHljRjlvT2xweWRIaHdWMUpIYzNjNVRsRlhjVWwwZW0xWmVWRRAB,Cafe 27,Edwin Joseph,101388615611322959886,True,5,,0,10 months ago,"{""dining_mode"": ""Dine in"", ""meal_type"": ""Lunch"", ""price_per_person"": ""₹1–200"", ""wait_time"": ""No wait""}"
Cafe 27,,"18th Cross Rd, Sector 2, HSR Layout, Bengaluru, Karnataka 560102",12.9112282,77.6522832,Kerala restaurant,,Ci9DQUlRQUNvZENodHljRjlvT25VMGVVWTVaMTl5WTBSVFFYTk1SV3czTkcxS1VHYxAB,Cafe 27,Ebrahim Kutty Pulukkool,104429499727227616044,True,3,Average food,0,10 months ago,"{""dining_mode"": ""Dine in"", ""meal_type"": ""Lunch"", ""price_per_person"": ""₹1–200"", ""food"": 3, ""service_rating"": 4, ""atmosphere"": 3, ""wait_time"": ""No wait"", ""parking_space"": ""Plenty of parking"", ""parking_options"": ""Free street parking""}"
Cafe 27,,"18th Cross Rd, Sector 2, HSR Layout, Bengaluru, Karnataka 560102",12.9112282,77.6522832,Kerala restaurant,,Ci9DQUlRQUNvZENodHljRjlvT2tsak9VRlZaRlZMTkhjdGRuQmtTR1ZzZG5NM1drRRAB,Cafe 27,Karun Krishnan,113576834492393343766,True,5,,0,10 months ago,"{""food"": 5, ""service_rating"": 5, ""atmosphere"": 5}"
Cafe 27,,"18th Cross Rd, Sector 2, HSR Layout, Bengaluru, Karnataka 560102",12.9112282,77.6522832,Kerala restaurant,,ChZDSUhNMG9nS0VJQ0FnSURKeFBmZEZREAE,Cafe 27,Udhayaraj R,118207825564816527123,True,5,,0,Edited 10 months ago,"{""dining_mode"": ""Dine in"", ""meal_type"": ""Breakfast"", ""price_per_person"": ""₹1–200"", ""food"": 5, ""service_rating"": 4, ""atmosphere"": 4, ""recommended_dishes"": ""Lime Tea, Neer Dosa"", ""parking_space"": ""Plenty of parking"", ""parking_options"": ""Free parking lot, Free street parking""}"
Cafe 27,,"18th Cross Rd, Sector 2, HSR Layout, Bengaluru, Karnataka 560102",12.9112282,77.6522832,Kerala restaurant,,Ci9DQUlRQUNvZENodHljRjlvT2pjMlZ6QkJTazlLYzFONFZUaDVVVWRVVWxFMU9GRRAB,Cafe 27,Charu,116311774458084514575,True,5,,0,10 months ago,"{""dining_mode"": ""Dine in"", ""meal_type"": ""Breakfast"", ""price_per_person"": ""₹1–200"", ""food"": 5, ""service_rating"": 5, ""atmosphere"": 5, ""wait_time"": ""Up to 10 min""}"
Cafe 27,,"18th Cross Rd, Sector 2, HSR Layout, Bengaluru, Karnataka 560102",12.9112282,77.6522832,Kerala restaurant,,Ci9DQUlRQUNvZENodHljRjlvT2xKMmN6UkJURVZVVlRsaVIyNUtORFIxY2xWUlNtYxAB,Cafe 27,Sachin Krishnan,100229099031509504453,False,5,,0,10 months ago,"{""dining_mode"": ""Dine in"", ""meal_type"": ""Breakfast"", ""price_per_person"": ""₹1–200"", ""wait_time"": ""No wait""}"
Cafe 27,,"18th Cross Rd, Sector 2, HSR Layout, Bengaluru, Karnataka 560102",12.9112282,77.6522832,Kerala restaurant,,Ci9DQUlRQUNvZENodHljRjlvT2pGdWVtNVNSWEZDYldWRVpUZFBUbGRKU0dGMlEzYxAB,Cafe 27,Nini,112717037832811175990,True,3,"Food tasted really good. But there are not enough tables and it's always full. So we never got to sit at a separate table. Which is also fine. But I swear the next day after eating here, I had a very bad stomach ache and food poisoning. I'm not sure why. No hate but please figure it out. Even my friends had the same problem. And the service was toooo slow. I understand that it obviously takes time to serve everyone. But I'm a customer who came for food. Not to understand your problems. Hire new people or figure it out. It took 20 minutes to get the food.",0,10 months ago,"{""dining_mode"": ""Dine in"", ""meal_type"": ""Dinner"", ""price_per_person"": ""₹400–600"", ""food"": 5, ""service_rating"": 2, ""atmosphere"": 2, ""wait_time"": ""30-60 min""}"
Cafe 27,,"18th Cross Rd, Sector 2, HSR Layout, Bengaluru, Karnataka 560102",12.9112282,77.6522832,Kerala restaurant,,ChZDSUhNMG9nS0VOMl9pYkdteXFLVFJREAE,Cafe 27,Sanjay,105399175756476945792,True,5,,0,Edited 10 months ago,"{""dining_mode"": ""Dine in"", ""meal_type"": ""Lunch"", ""price_per_person"": ""₹1–200"", ""food"": 5, ""service_rating"": 5, ""atmosphere"": 5, ""wait_time"": ""No wait"", ""parking_space"": ""Plenty of parking""}"
Cafe 27,,"18th Cross Rd, Sector 2, HSR Layout, Bengaluru, Karnataka 560102",12.9112282,77.6522832,Kerala restaurant,,Ci9DQUlRQUNvZENodHljRjlvT2trNVNVNTRkMjVYTldzNGEwTTRXSFZKWDBoRVNsRRAB,Cafe 27,Ajay Menon,111535985166332576719,True,5,,0,10 months ago,"{""dining_mode"": ""Dine in"", ""price_per_person"": ""₹600–800"", ""food"": 5, ""service_rating"": 5, ""atmosphere"": 4, ""group_size"": ""1 person, 2 people, 3-4 people, 5-8 people"", ""wait_time"": ""No wait""}"
Cafe 27,,"18th Cross Rd, Sector 2, HSR Layout, Bengaluru, Karnataka 560102",12.9112282,77.6522832,Kerala restaurant,,Ci9DQUlRQUNvZENodHljRjlvT2tWeVowTTJVWEJ0Wlc5bWNrZE5NREp4YjB3MWIzYxAB,Cafe 27,VIJAY PRABHAKAR,116757044518574503986,True,5,,0,10 months ago,"{""dining_mode"": ""Dine in"", ""meal_type"": ""Dinner"", ""price_per_person"": ""₹1–200"", ""food"": 5, ""service_rating"": 5, ""atmosphere"": 4, ""wait_time"": ""No wait""}"
Cafe 27,,"18th Cross Rd, Sector 2, HSR Layout, Bengaluru, Karnataka 560102",12.9112282,77.6522832,Kerala restaurant,,Ci9DQUlRQUNvZENodHljRjlvT25GRlRERXdlbFEyYWtKcVVXZHdaRU15YUROa2RIYxAB,Cafe 27,Pooja Menon,117142824074540117141,True,4,,0,10 months ago,"{""dining_mode"": ""Dine in"", ""meal_type"": ""Dinner"", ""price_per_person"": ""₹1–200"", ""food"": 4, ""service_rating"": 3, ""atmosphere"": 3, ""wait_time"": ""Up to 10 min""}"
Cafe 27,,"18th Cross Rd, Sector 2, HSR Layout, Bengaluru, Karnataka 560102",12.9112282,77.6522832,Kerala restaurant,,Ci9DQUlRQUNvZENodHljRjlvT2tKV2VXdFdjVGhMYWxwRGMzZzROWEZOVkdrdFIxRRAB,Cafe 27,Jazz Mk,107473749539344921779,True,5,Authentic kerala food. Pakka u wll like it,0,10 months ago,"{""food"": 5, ""service_rating"": 5, ""atmosphere"": 5}"
Cafe 27,,"18th Cross Rd, Sector 2, HSR Layout, Bengaluru, Karnataka 560102",12.9112282,77.6522832,Kerala restaurant,,Ci9DQUlRQUNvZENodHljRjlvT2tGaldIcFlibGwyWDFGNVgwWk5ja0ZsUmxkQ1VsRRAB,Cafe 27,Vaishakh Pushpoth,111730574500061423312,True,5,,0,10 months ago,
Cafe 27,,"18th Cross Rd, Sector 2, HSR Layout, Bengaluru, Karnataka 560102",12.9112282,77.6522832,Kerala restaurant,,Ci9DQUlRQUNvZENodHljRjlvT2tFek1uVnpaMVIxYUdwVFZsVmlTa1ZYYTJjMWFuYxAB,Cafe 27,Raihana M.A,116049139623240489561,True,5,,0,10 months ago,"{""food"": 5, ""service_rating"": 5, ""atmosphere"": 5}"
Cafe 27,,"18th Cross Rd, Sector 2, HSR Layout, Bengaluru, Karnataka 560102",12.9112282,77.6522832,Kerala restaurant,,Ci9DQUlRQUNvZENodHljRjlvT2taR2EwRnlVbE0zU3kxMmR6ZHVkVVEzVmtsa1FrRRAB,Cafe 27,Sreerag Ramesh,118054137367376201495,True,5,The food is delicious but lacks ambience.,0,10 months ago,"{""price_per_person"": ""₹1–200"", ""food"": 5, ""service_rating"": 5, ""atmosphere"": 3, ""wait_time"": ""Up to 10 min""}"
Cafe 27,,"18th Cross Rd, Sector 2, HSR Layout, Bengaluru, Karnataka 560102",12.9112282,77.6522832,Kerala restaurant,,Ci9DQUlRQUNvZENodHljRjlvT21jM04yZE5aMUJVTW10alJsWmpjRTVGWjI1NlVuYxAB,Cafe 27,Deena DS,111422630952916642725,True,5,"🌴👌 *Craving for a Taste of Kerala in Bangalore? Cafe 27 is Your Jam!* 🤩  Heyloooo, foodies! 👋 If you're anything like me, and you're constantly on the hunt for authentic Kerala food in Bangalore, then Cafe 27 in HSR Layout is def one of the must-try places! 🍽️ 💯  From their lip-smacking Puttu 🥞 to their heavenly Idiyappam 🍝, every dish I've tried here has been a masterclass in traditional Kerala flavors. But let's be real, the real star of the show is their tea ☕️ - I'm talking about the perfect cuppa that'll transport you straight to the lush green landscapes of God's Own Country 🌳. I love the Chaya ☕️ there, and I go here every. single. time. 😂  The ambiance is simple- you could take a table inside or just sit outside on the sidewalk for having tea, it’s darn chill, and the prices? 💸 pretty reasonable! Whether you're a Keralite far from home or just a food enthusiast looking for a taste adventure, Cafe 27 is a must-visit. I can say, you won't be disappointed! 😍  So, what are you waiting for? Head over to Cafe 27, and get ready to indulge in some seriously delicious Kerala cuisine. Your taste buds will thank you!  *Rating:* 5/5 stars ⭐️ (and I'm not biased at all... okay, maybe a little 😉)  *Will I return?* Oh, you bet I will! 🎉 See you at Cafe 27, tea lovers! 😂",0,10 months ago,"{""dining_mode"": ""Dine in"", ""meal_type"": ""Other"", ""price_per_person"": ""₹1–200"", ""food"": 5, ""service_rating"": 5, ""atmosphere"": 5, ""wait_time"": ""No wait"", ""vegetarian_recommendation"": ""Highly recommend"", ""vegetarian_offerings"": ""Vegetarian menu or section""}"
Cafe 27,,"18th Cross Rd, Sector 2, HSR Layout, Bengaluru, Karnataka 560102",12.9112282,77.6522832,Kerala restaurant,,ChdDSUhNMG9nS0VJQ0FnSURQLXJpcGhnRRAB,Cafe 27,Jeevadarsan Priyadarsanan (Jeevan),103400273548327436220,True,3,Food is better now.,0,Edited 10 months ago,"{""food"": 4, ""service_rating"": 3, ""atmosphere"": 2}"
Cafe 27,,"18th Cross Rd, Sector 2, HSR Layout, Bengaluru, Karnataka 560102",12.9112282,77.6522832,Kerala restaurant,,Ci9DQUlRQUNvZENodHljRjlvT2xOWldWcEhlVGh2ZUhOQ1pITlNkMVkxYkdSaU5sRRAB,Cafe 27,anu jram,108080795341351092697,True,5,,0,10 months ago,"{""dining_mode"": ""Dine in"", ""meal_type"": ""Dinner"", ""price_per_person"": ""₹200–400"", ""food"": 5, ""service_rating"": 5, ""atmosphere"": 4, ""wait_time"": ""Up to 10 min""}"
Cafe 27,,"18th Cross Rd, Sector 2, HSR Layout, Bengaluru, Karnataka 560102",12.9112282,77.6522832,Kerala restaurant,,Ci9DQUlRQUNvZENodHljRjlvT25SQlQxaGFlRGxhVkZGMk4zSlFjVlZRUnpSblVuYxAB,Cafe 27,SRIHARI K B,112066581680543516280,False,5,,0,10 months ago,"{""dining_mode"": ""Dine in"", ""meal_type"": ""Lunch"", ""price_per_person"": ""₹200–400"", ""food"": 5, ""service_rating"": 5, ""atmosphere"": 5, ""wait_time"": ""Up to 10 min"", ""vegetarian_recommendation"": ""Not sure""}"
Cafe 27,,"18th Cross Rd, Sector 2, HSR Layout, Bengaluru, Karnataka 560102",12.9112282,77.6522832,Kerala restaurant,,Ci9DQUlRQUNvZENodHljRjlvT2sxdlRtWlRVa3RaYzA1cVozcE1WRzR5WTI0eVZtYxAB,Cafe 27,Sreehari Janardhanan,117630989964682437294,True,4,,0,10 months ago,"{""dining_mode"": ""Dine in"", ""meal_type"": ""Lunch"", ""price_per_person"": ""₹200–400"", ""food"": 4, ""service_rating"": 4, ""atmosphere"": 4, ""wait_time"": ""No wait"", ""parking_space"": ""Difficult to find parking"", ""parking_options"": ""Free street parking""}"
Cafe 27,,"18th Cross Rd, Sector 2, HSR Layout, Bengaluru, Karnataka 560102",12.9112282,77.6522832,Kerala restaurant,,ChdDSUhNMG9nS0VOS3NwdXYwcV9fbXB3RRAB,Cafe 27,Vishnu Cherpulassery,104736183848549657412,True,1,"Although the pre-paid token system for coffee and chai was a great idea, the staff kept forgetting our payment, which made it extremely annoying to have to re-show our payment from the upi app.  Even worse, the snacks guy's UPI soundbox malfunctioned, and he followed up with us later despite the fact that I had shown him the payment.  They must check their systems!",0,10 months ago,"{""dining_mode"": ""Dine in"", ""meal_type"": ""Dinner"", ""price_per_person"": ""₹200–400"", ""food"": 3, ""service_rating"": 1, ""atmosphere"": 3, ""wait_time"": ""10-30 min""}"
Cafe 27,,"18th Cross Rd, Sector 2, HSR Layout, Bengaluru, Karnataka 560102",12.9112282,77.6522832,Kerala restaurant,,Ci9DQUlRQUNvZENodHljRjlvT2pReWRuZEdibm80WkRSWVVEWnFTRXN5VmxGeFFXYxAB,Cafe 27,Sai Sumanth Chary,113172056489254270230,False,3,,0,10 months ago,
Cafe 27,,"18th Cross Rd, Sector 2, HSR Layout, Bengaluru, Karnataka 560102",12.9112282,77.6522832,Kerala restaurant,,Ci9DQUlRQUNvZENodHljRjlvT2pWTGVXVnBMWE5mY0V0RGVETnVPVzF4VW5JeGRtYxAB,Cafe 27,Prashant Singh,100916955783046598918,True,4,,0,10 months ago,"{""dining_mode"": ""Dine in"", ""meal_type"": ""Breakfast"", ""price_per_person"": ""₹1–200"", ""food"": 3, ""service_rating"": 3, ""atmosphere"": 3, ""wait_time"": ""Up to 10 min""}"
Cafe 27,,"18th Cross Rd, Sector 2, HSR Layout, Bengaluru, Karnataka 560102",12.9112282,77.6522832,Kerala restaurant,,Ci9DQUlRQUNvZENodHljRjlvT21GSlVFUjRRa3A1Vm1NM1JYYzFNMlZsT1VscGNIYxAB,Cafe 27,Sandeep Chathoth Vijayan,103961387575738402969,False,3,,0,10 months ago,
Cafe 27,,"18th Cross Rd, Sector 2, HSR Layout, Bengaluru, Karnataka 560102",12.9112282,77.6522832,Kerala restaurant,,Ci9DQUlRQUNvZENodHljRjlvT2xselVscFlOSHBtUVRJMVgxUmxTblJyYm14T2NVRRAB,Cafe 27,Veron Wilfred,115873605193128890350,False,1,Not enough quantity irresponsible wait time,0,10 months ago,
Cafe 27,,"18th Cross Rd, Sector 2, HSR Layout, Bengaluru, Karnataka 560102",12.9112282,77.6522832,Kerala restaurant,,ChZDSUhNMG9nS0VLMl9oY080blA3VE1nEAE,Cafe 27,Sourav Daz,114257289081911523870,False,1,"We ordered half chicken biryani and were extremely disappointed with the quantity. They served the biryani in a small cup and the sauce in a saucer, which is normally used for serving tea or coffee. We expected a bit more quantity.it was like they wre giving sample food.",0,10 months ago,"{""dining_mode"": ""Dine in"", ""meal_type"": ""Lunch"", ""price_per_person"": ""₹1–200"", ""food"": 1, ""service_rating"": 4, ""atmosphere"": 2}"
Cafe 27,,"18th Cross Rd, Sector 2, HSR Layout, Bengaluru, Karnataka 560102",12.9112282,77.6522832,Kerala restaurant,,Ci9DQUlRQUNvZENodHljRjlvT2tGRmJrdEhSMjVEU2xsbVdsTktURWN5YkV4dGFVRRAB,Cafe 27,Naveenkumar cr,100057666804003493312,True,4,,0,10 months ago,"{""dining_mode"": ""Dine in"", ""meal_type"": ""Dinner"", ""price_per_person"": ""₹200–400"", ""food"": 4, ""service_rating"": 4, ""atmosphere"": 4, ""group_size"": ""Suitable for all group sizes"", ""parking_space"": ""Difficult to find parking"", ""parking_options"": ""Free street parking""}"
Cafe 27,,"18th Cross Rd, Sector 2, HSR Layout, Bengaluru, Karnataka 560102",12.9112282,77.6522832,Kerala restaurant,,Ci9DQUlRQUNvZENodHljRjlvT25KdllYWTRNSFp4ZVY5dk4wTXhObU50YVhKWlFWRRAB,Cafe 27,Justine Jose,111078617149630702947,True,3,"Good location , decent tea. That’s about it Food has always been average.  Nothing good or bad to say about the tasted",0,10 months ago,"{""dining_mode"": ""Dine in"", ""meal_type"": ""Breakfast"", ""food"": 3, ""service_rating"": 2, ""atmosphere"": 2}"
Cafe 27,,"18th Cross Rd, Sector 2, HSR Layout, Bengaluru, Karnataka 560102",12.9112282,77.6522832,Kerala restaurant,,ChZDSUhNMG9nS0VJQ0FnSUQ3aWNDRFFnEAE,Cafe 27,Vishnu Vasudevan,116845797578876516039,True,4,"Had lunch at this restaurant. We tried their meals, biryani, beef roast, and ghee roast. All the items we had were very good in both quality and quantity. However, we ordered a manthal fry that we did not receive, likely because the staff forgot about the order. We also had to ask for a glass several times before getting one. Therefore, while the restaurant is good, they need to improve their service standards. There is a small parking space available in front of the building, but if it's full, you can park your vehicle on the street.",0,Edited 10 months ago,"{""dining_mode"": ""Dine in"", ""meal_type"": ""Lunch"", ""price_per_person"": ""₹200–400"", ""food"": 5, ""service_rating"": 3, ""atmosphere"": 4, ""recommended_dishes"": ""Kerala Chicken Biryani, Beef Fry, Malabar Biryani"", ""noise_level"": ""Moderate noise"", ""parking_space"": ""Somewhat difficult to find parking"", ""parking_options"": ""Free street parking""}"
Cafe 27,,"18th Cross Rd, Sector 2, HSR Layout, Bengaluru, Karnataka 560102",12.9112282,77.6522832,Kerala restaurant,,ChZDSUhNMG9nS0VJQ0FnSUR0XzVMbmRBEAE,Cafe 27,Prasul Pradeep,114719674780376551745,True,5,One of the rare kerala hotel that is compatitive clean. Food is great. Cost reasonable. Location is good and there is space around for parking. Tables are limited so weekends is difficult to get a table. Service is slow during weekends but weekday is very fast. Staff very friendly and quick,0,Edited 10 months ago,"{""food"": 5, ""service_rating"": 5, ""atmosphere"": 5}"
Cafe 27,,"18th Cross Rd, Sector 2, HSR Layout, Bengaluru, Karnataka 560102",12.9112282,77.6522832,Kerala restaurant,,ChdDSUhNMG9nS0VQZm01TGlOX2ZTdTVnRRAB,Cafe 27,Rameez Ahmed,116975483872411393021,True,5,,0,11 months ago,"{""food"": 5, ""service_rating"": 5, ""atmosphere"": 4}"
Cafe 27,,"18th Cross Rd, Sector 2, HSR Layout, Bengaluru, Karnataka 560102",12.9112282,77.6522832,Kerala restaurant,,ChZDSUhNMG9nS0VLRDAwcUhLeF9YeFJ3EAE,Cafe 27,Cindrella R,105254045209307360355,True,3,"Food is not that tasty, at least I don't find it tasty when compared to other Kerala mess/restaurant Liked the service",0,11 months ago,"{""dining_mode"": ""Dine in"", ""meal_type"": ""Lunch"", ""price_per_person"": ""₹1–200"", ""food"": 3, ""service_rating"": 4, ""atmosphere"": 2}"
Cafe 27,,"18th Cross Rd, Sector 2, HSR Layout, Bengaluru, Karnataka 560102",12.9112282,77.6522832,Kerala restaurant,,ChZDSUhNMG9nS0VMR2t4LV9UaXAzOFJREAE,Cafe 27,Kanna Kannan,101250372148309475240,True,4,,0,11 months ago,"{""dining_mode"": ""Dine in"", ""meal_type"": ""Dinner"", ""price_per_person"": ""₹1–200"", ""food"": 4, ""service_rating"": 5, ""atmosphere"": 5, ""wait_time"": ""No wait"", ""vegetarian_recommendation"": ""Somewhat recommend"", ""vegetarian_offerings"": ""Vegetarian menu or section"", ""parking_space"": ""Plenty of parking"", ""parking_options"": ""Free parking lot""}"
Cafe 27,,"18th Cross Rd, Sector 2, HSR Layout, Bengaluru, Karnataka 560102",12.9112282,77.6522832,Kerala restaurant,,Ci9DQUlRQUNvZENodHljRjlvT2psUFVYbHNNMlJOU0RkbmVtVXRRVWRaYnpWWlNrRRAB,Cafe 27,Cedric Joseph Manathra (C),107208768092954957136,False,5,,0,11 months ago,"{""food"": 3, ""service_rating"": 2, ""atmosphere"": 5}"
Cafe 27,,"18th Cross Rd, Sector 2, HSR Layout, Bengaluru, Karnataka 560102",12.9112282,77.6522832,Kerala restaurant,,ChZDSUhNMG9nS0VJRE14ZXI5al9uQ0VnEAE,Cafe 27,Sahed Sheraf,115581509974478529479,True,4,"Tried tea,snacks,appam,chicken stew and neypathiri.Tea i can give 60% okay.In snacks unnakai and payampori is very good.When it comes to food appam is good but it’s not live.Chicken stew is awesome.Altogether great experience and the location is very calm and good for anyone.",0,11 months ago,"{""dining_mode"": ""Dine in"", ""meal_type"": ""Dinner"", ""price_per_person"": ""₹1–200"", ""food"": 4, ""service_rating"": 4, ""atmosphere"": 5, ""wait_time"": ""Up to 10 min""}"
Cafe 27,,"18th Cross Rd, Sector 2, HSR Layout, Bengaluru, Karnataka 560102",12.9112282,77.6522832,Kerala restaurant,,ChdDSUhNMG9nS0VOZkh3N1NFMWRqbF9RRRAB,Cafe 27,mahesh k.m,117680130295859136607,False,4,,0,11 months ago,"{""price_per_person"": ""₹200–400"", ""group_size"": ""3-4 people""}"
Cafe 27,,"18th Cross Rd, Sector 2, HSR Layout, Bengaluru, Karnataka 560102",12.9112282,77.6522832,Kerala restaurant,,ChZDSUhNMG9nS0VQXzkyc3Jva2U3VGRREAE,Cafe 27,Dr Subodh S Elamplavil,108060871927358114843,True,5,"Visits regularly during weekends. Great option for arabic cuisine, tea and snacks",0,11 months ago,"{""dining_mode"": ""Dine in"", ""meal_type"": ""Dinner"", ""price_per_person"": ""₹200–400"", ""food"": 5, ""service_rating"": 4, ""atmosphere"": 5}"
Cafe 27,,"18th Cross Rd, Sector 2, HSR Layout, Bengaluru, Karnataka 560102",12.9112282,77.6522832,Kerala restaurant,,ChdDSUhNMG9nS0VPUG9qTFRUdUpYN2xRRRAB,Cafe 27,Thomas Joseph,103811906568000766733,True,4,,0,11 months ago,
Cafe 27,,"18th Cross Rd, Sector 2, HSR Layout, Bengaluru, Karnataka 560102",12.9112282,77.6522832,Kerala restaurant,,Ci9DQUlRQUNvZENodHljRjlvT21Sa1pWTjViMmd6UlZWV1IxWkNPRWxqVGtoRFdVRRAB,Cafe 27,Steve Colecraft,106957940223654250112,True,1,Most of you people don't agree but I am not bloody bothered about that. These people show speciality to customers. If it is a Kerala Customer King service. If it is a kannadiga or any other south customers there is no King service this I have noticed and not only that. Compared to other restaurant these people charge more for snacks as well for tea coffee. Opposite bus stop you get best tea better than this 27 cafe. never visit this restaurant. Just for one customer I know it will not lose a business but after this you people lose all your local customer.,0,11 months ago,"{""food"": 1, ""service_rating"": 1}"
Cafe 27,,"18th Cross Rd, Sector 2, HSR Layout, Bengaluru, Karnataka 560102",12.9112282,77.6522832,Kerala restaurant,,ChZDSUhNMG9nS0VOSF9zb2pBdlBqdk1REAE,Cafe 27,Alwin Joseph,116367889534961544003,True,4,,0,11 months ago,"{""dining_mode"": ""Dine in"", ""meal_type"": ""Lunch"", ""price_per_person"": ""₹1–200"", ""food"": 5, ""service_rating"": 4, ""atmosphere"": 4, ""wait_time"": ""10-30 min"", ""vegetarian_recommendation"": ""Somewhat recommend"", ""vegetarian_offerings"": ""Large vegetarian selection"", ""parking_space"": ""Somewhat difficult to find parking"", ""parking_options"": ""Free street parking""}"
Cafe 27,,"18th Cross Rd, Sector 2, HSR Layout, Bengaluru, Karnataka 560102",12.9112282,77.6522832,Kerala restaurant,,ChdDSUhNMG9nS0VMTDZ2X19Za2J5Q3B3RRAB,Cafe 27,Jasvinder Singh Marwah,100637711133163617167,False,5,,0,11 months ago,"{""dining_mode"": ""Dine in"", ""meal_type"": ""Dinner"", ""price_per_person"": ""₹200–400"", ""food"": 5, ""service_rating"": 5, ""atmosphere"": 4, ""noise_level"": ""Moderate noise""}"
Cafe 27,,"18th Cross Rd, Sector 2, HSR Layout, Bengaluru, Karnataka 560102",12.9112282,77.6522832,Kerala restaurant,,ChZDSUhNMG9nS0VPcUl6SzdZb3RYZ0NBEAE,Cafe 27,Sameer Sukumaran,117592426363238638516,True,5,"If you are a malayalee who like food that is not very expensive then this is the place. Yes you have flies and few mosquitos , but all in all good place. Vegetarian can also visit this place thought they serve more non veg here .",0,11 months ago,"{""dining_mode"": ""Dine in"", ""meal_type"": ""Breakfast"", ""price_per_person"": ""₹1–200"", ""food"": 5, ""service_rating"": 5, ""atmosphere"": 4, ""wait_time"": ""No wait"", ""vegetarian_recommendation"": ""Highly recommend"", ""vegetarian_offerings"": ""Clearly labeled vegetarian dishes"", ""vegetarian_options"": ""Kerala vegetarian breakfast best place"", ""parking_space"": ""Plenty of parking"", ""parking_options"": ""Free parking lot"", ""wheelchair_accessibility"": ""Yes""}"
Cafe 27,,"18th Cross Rd, Sector 2, HSR Layout, Bengaluru, Karnataka 560102",12.9112282,77.6522832,Kerala restaurant,,ChZDSUhNMG9nS0VJQ0VoOHktbjVmaVZ3EAE,Cafe 27,sooryamol V,110022118026116061439,True,5,,0,11 months ago,
Cafe 27,,"18th Cross Rd, Sector 2, HSR Layout, Bengaluru, Karnataka 560102",12.9112282,77.6522832,Kerala restaurant,,ChdDSUhNMG9nS0VPanZyb0xrd3AyNzhnRRAB,Cafe 27,Manivasagam E,112559230594588474910,True,5,Kerala special items are available with chai. Dine in option available. All are fast moving food items and ppl crowd is high all the time. Price is moderate and taste of the items are yummy. Must try place for snacks and kerala food items. Digitals payments are accepted and road side parking is available.,0,11 months ago,
Cafe 27,,"18th Cross Rd, Sector 2, HSR Layout, Bengaluru, Karnataka 560102",12.9112282,77.6522832,Kerala restaurant,,ChZDSUhNMG9nS0VQV3B4Znp5b083VVBnEAE,Cafe 27,syed zainul abedin,110732819876813694331,True,5,,0,11 months ago,
Cafe 27,,"18th Cross Rd, Sector 2, HSR Layout, Bengaluru, Karnataka 560102",12.9112282,77.6522832,Kerala restaurant,,ChdDSUhNMG9nS0VJQ0FnSURUOGVxbXBRRRAB,Cafe 27,Hisham k,112684724480518899958,True,3,,0,Edited 11 months ago,
Cafe 27,,"18th Cross Rd, Sector 2, HSR Layout, Bengaluru, Karnataka 560102",12.9112282,77.6522832,Kerala restaurant,,ChdDSUhNMG9nS0VMcmVwSmJLeHFHMzJBRRAB,Cafe 27,Arafath Afni1,112694049766427595826,False,5,Chicken biryani   Wow,0,11 months ago,"{""dining_mode"": ""Dine in"", ""meal_type"": ""Lunch"", ""food"": 5, ""service_rating"": 5, ""atmosphere"": 5}"
Cafe 27,,"18th Cross Rd, Sector 2, HSR Layout, Bengaluru, Karnataka 560102",12.9112282,77.6522832,Kerala restaurant,,ChZDSUhNMG9nS0VKakp2Y3JsNjdTLVpBEAE,Cafe 27,ABHIJITH VIJAYAN,108778100959313835094,True,5,The porotta served is superb and has the right taste.,0,11 months ago,"{""dining_mode"": ""Dine in"", ""meal_type"": ""Dinner"", ""food"": 5, ""service_rating"": 5, ""atmosphere"": 5}"
Cafe 27,,"18th Cross Rd, Sector 2, HSR Layout, Bengaluru, Karnataka 560102",12.9112282,77.6522832,Kerala restaurant,,ChZDSUhNMG9nS0VNbnF1X09mb012UVZnEAE,Cafe 27,SHYAM MOHAN,118162795763177057391,True,4,Great place for Kerala food in HSR. Slightly costly for obvious reasons.,0,11 months ago,"{""dining_mode"": ""Dine in"", ""meal_type"": ""Lunch"", ""price_per_person"": ""₹200–400"", ""food"": 4, ""service_rating"": 4, ""atmosphere"": 3, ""wait_time"": ""Up to 10 min""}"
Cafe 27,,"18th Cross Rd, Sector 2, HSR Layout, Bengaluru, Karnataka 560102",12.9112282,77.6522832,Kerala restaurant,,ChZDSUhNMG9nS0VJN1I1T2FGb3FPdEN3EAE,Cafe 27,Nanditha Pm,109213262895534905323,False,5,,0,11 months ago,"{""dining_mode"": ""Dine in"", ""meal_type"": ""Breakfast"", ""price_per_person"": ""₹400–600"", ""wait_time"": ""No wait""}"
Cafe 27,,"18th Cross Rd, Sector 2, HSR Layout, Bengaluru, Karnataka 560102",12.9112282,77.6522832,Kerala restaurant,,ChZDSUhNMG9nS0VJQ0FnSUQwMllYOVRREAE,Cafe 27,Nandakumar Sadasiva Bhat,114303845552000289139,True,4,Good Kerala breakfast,0,Edited 11 months ago,"{""dining_mode"": ""Dine in"", ""meal_type"": ""Breakfast"", ""price_per_person"": ""₹1–200"", ""food"": 4, ""service_rating"": 5, ""atmosphere"": 4, ""wait_time"": ""No wait"", ""vegetarian_recommendation"": ""Highly recommend"", ""vegetarian_offerings"": ""Large vegetarian selection""}"
Cafe 27,,"18th Cross Rd, Sector 2, HSR Layout, Bengaluru, Karnataka 560102",12.9112282,77.6522832,Kerala restaurant,,ChdDSUhNMG9nS0VJQ0FnSURNLWF2T3hBRRAB,Cafe 27,Nithin C M,109727130660836793664,True,5,,0,Edited 11 months ago,
Cafe 27,,"18th Cross Rd, Sector 2, HSR Layout, Bengaluru, Karnataka 560102",12.9112282,77.6522832,Kerala restaurant,,ChZDSUhNMG9nS0VKV1I0WXFhdjhxb1B3EAE,Cafe 27,Mr Nazeer,104913539656632395151,False,4,,0,11 months ago,"{""dining_mode"": ""Take out"", ""meal_type"": ""Other"", ""price_per_person"": ""₹1–200"", ""wait_time"": ""Up to 10 min""}"
Cafe 27,,"18th Cross Rd, Sector 2, HSR Layout, Bengaluru, Karnataka 560102",12.9112282,77.6522832,Kerala restaurant,,ChZDSUhNMG9nS0VNYUpwX1NDdWJLV0R3EAE,Cafe 27,Ashwin Sekhar,108998813065536957950,True,4,,0,11 months ago,"{""dining_mode"": ""Dine in"", ""meal_type"": ""Other"", ""price_per_person"": ""₹1–200"", ""food"": 4, ""service_rating"": 3, ""atmosphere"": 4, ""wait_time"": ""No wait"", ""parking_space"": ""Difficult to find parking"", ""parking_options"": ""Free parking lot""}"
Cafe 27,,"18th Cross Rd, Sector 2, HSR Layout, Bengaluru, Karnataka 560102",12.9112282,77.6522832,Kerala restaurant,,ChZDSUhNMG9nS0VOU3hfYldLa2JYSVBnEAE,Cafe 27,Akshita K A,108081688302744491976,True,4,Five stars for the chaaya kada chaaya that every malayali is searching for in Bangalore. From the pazhampori to the erachi pathil - this takes you on a direct flight to Kerala. Leave with a full heart - be it the kadis or the biriyani,0,11 months ago,"{""dining_mode"": ""Dine in"", ""meal_type"": ""Other"", ""price_per_person"": ""₹200–400"", ""food"": 5, ""service_rating"": 4, ""atmosphere"": 4}"
Cafe 27,,"18th Cross Rd, Sector 2, HSR Layout, Bengaluru, Karnataka 560102",12.9112282,77.6522832,Kerala restaurant,,ChZDSUhNMG9nS0VJRzI3TUxncnJyUVJ3EAE,Cafe 27,nithya g,105640218510753365874,False,4,,0,11 months ago,
Cafe 27,,"18th Cross Rd, Sector 2, HSR Layout, Bengaluru, Karnataka 560102",12.9112282,77.6522832,Kerala restaurant,,ChdDSUhNMG9nS0VPVG5nUHJNam92dm9RRRAB,Cafe 27,Thameem,107112112798596184933,True,3,So so,0,11 months ago,"{""dining_mode"": ""Dine in"", ""meal_type"": ""Lunch"", ""price_per_person"": ""₹1–200"", ""food"": 3, ""service_rating"": 4, ""atmosphere"": 4, ""parking_space"": ""Somewhat difficult to find parking""}"
Cafe 27,,"18th Cross Rd, Sector 2, HSR Layout, Bengaluru, Karnataka 560102",12.9112282,77.6522832,Kerala restaurant,,ChdDSUhNMG9nS0VKTzFwNXV5b2F1amt3RRAB,Cafe 27,RanDeep !,109393939526034945285,True,5,,0,11 months ago,
Cafe 27,,"18th Cross Rd, Sector 2, HSR Layout, Bengaluru, Karnataka 560102",12.9112282,77.6522832,Kerala restaurant,,ChdDSUhNMG9nS0VPcVE4X2Y0MHJmVTBBRRAB,Cafe 27,R.sudha Chitti,107920405917516931115,False,1,"Very bad experience I had, chicken biryani was like taste less.",0,11 months ago,"{""food"": 1, ""service_rating"": 1}"
Cafe 27,,"18th Cross Rd, Sector 2, HSR Layout, Bengaluru, Karnataka 560102",12.9112282,77.6522832,Kerala restaurant,,ChdDSUhNMG9nS0VJQ0FnTUNJNVAybG5nRRAB,Cafe 27,ABHINAV GUPTA,113107340078139290090,True,3,,0,Edited 11 months ago,"{""dining_mode"": ""Dine in"", ""meal_type"": ""Other"", ""price_per_person"": ""₹1–200"", ""food"": 4, ""service_rating"": 3, ""atmosphere"": 3}"
Cafe 27,,"18th Cross Rd, Sector 2, HSR Layout, Bengaluru, Karnataka 560102",12.9112282,77.6522832,Kerala restaurant,,ChdDSUhNMG9nS0VJQ0FnSURrdl9lZnlBRRAB,Cafe 27,Syed Ather,100227183465587709919,False,4,Good,0,Edited 11 months ago,"{""food"": 4, ""service_rating"": 4, ""atmosphere"": 5}"
Cafe 27,,"18th Cross Rd, Sector 2, HSR Layout, Bengaluru, Karnataka 560102",12.9112282,77.6522832,Kerala restaurant,,ChZDSUhNMG9nS0VQcU4tT09hdXEzZmJ3EAE,Cafe 27,Zee,105287928135800273408,True,4,Great tea and snacks. Would definitely recommend for it but otherwise food is average. Tried both meals and biriyani and they were okayish. Neat place and well maintained tho.,0,a year ago,"{""meal_type"": ""Lunch"", ""price_per_person"": ""₹1–200"", ""food"": 4, ""service_rating"": 5, ""atmosphere"": 4}"
Cafe 27,,"18th Cross Rd, Sector 2, HSR Layout, Bengaluru, Karnataka 560102",12.9112282,77.6522832,Kerala restaurant,,ChdDSUhNMG9nS0VJQ0FnTUNZeUtfVnRBRRAB,Cafe 27,Rushikesh Vaidya,116908917886638018400,True,1,Attitude of the owner and the serving staff was very rude.,0,a year ago,
Cafe 27,,"18th Cross Rd, Sector 2, HSR Layout, Bengaluru, Karnataka 560102",12.9112282,77.6522832,Kerala restaurant,,ChZDSUhNMG9nS0VJQ0FnTUNZaVBUOEJBEAE,Cafe 27,Vishnu,117440273142625475587,False,1,"Very bad experience. Honestly, not worth the hype at all. The way they treat customers is really disappointing. Staff is arrogant, especially the tea guy. No proper system, no guidance, and if you ask anything, they talk rudely. This kind of behaviour is not acceptable in any business.  Tea is also not that great — nothing special. People are not coming here for taste, they are just used to it. But slowly, with this kind of attitude, even regular customers will stop coming.  If you can’t respect customers, then no matter how famous the shop is, it won’t last. First fix the behaviour, then think about running a business.",0,a year ago,"{""food"": 2, ""service_rating"": 1, ""atmosphere"": 2}"
Cafe 27,,"18th Cross Rd, Sector 2, HSR Layout, Bengaluru, Karnataka 560102",12.9112282,77.6522832,Kerala restaurant,,ChZDSUhNMG9nS0VJQ0FnTUNZc0kzWVdBEAE,Cafe 27,Salih Ali,101009179041121479304,True,1,"I had a disappointing experience at this cafe, mainly due to the behavior of the tea maker. The process is confusing for first-time visitors — you have to pay first, get a token, and then hand it to the tea maker. However, instead of simply accepting the token or explaining what to do, the tea maker insists that customers place the token in a very specific spot without clearly communicating where that is.  New customers are left puzzled, especially when there’s a long queue. Rather than guiding them politely, the tea maker responds rudely, which makes the whole experience uncomfortable. It would really help if the management put up clear instructions or had someone else handle the tea orders.  To be honest, the tea wasn’t anything special, and with this kind of customer service, it makes you question whether it’s worth coming back. I hope they improve the service soon, as this kind of attitude can drive regulars away.",0,a year ago,
Cafe 27,,"18th Cross Rd, Sector 2, HSR Layout, Bengaluru, Karnataka 560102",12.9112282,77.6522832,Kerala restaurant,,ChZDSUhNMG9nS0VJQ0FnSUR5NjhlWUZREAE,Cafe 27,CA. Lokesshh,108540633438315423033,True,4,Had Puri with egg curry and it was good,0,Edited a year ago,"{""food"": 4, ""service_rating"": 4, ""atmosphere"": 4}"
Cafe 27,,"18th Cross Rd, Sector 2, HSR Layout, Bengaluru, Karnataka 560102",12.9112282,77.6522832,Kerala restaurant,,ChdDSUhNMG9nS0VJQ0FnTURvOVpla253RRAB,Cafe 27,Bijoy pavithran.v,113558064775294341002,False,5,,0,a year ago,
Cafe 27,,"18th Cross Rd, Sector 2, HSR Layout, Bengaluru, Karnataka 560102",12.9112282,77.6522832,Kerala restaurant,,ChZDSUhNMG9nS0VJQ0FnTURvMmFhNWFnEAE,Cafe 27,Shubham singh,113135059884624218507,True,4,Good Keralite non vegetarian options available. Food taste was good. You must try their lemon tea.,0,a year ago,"{""dining_mode"": ""Dine in"", ""meal_type"": ""Dinner"", ""price_per_person"": ""₹1–200"", ""food"": 4, ""service_rating"": 4, ""atmosphere"": 3, ""vegetarian_recommendation"": ""Would not recommend"", ""vegetarian_offerings"": ""Clearly labeled vegetarian dishes"", ""parking_space"": ""Plenty of parking"", ""parking_options"": ""Free parking lot""}"
Cafe 27,,"18th Cross Rd, Sector 2, HSR Layout, Bengaluru, Karnataka 560102",12.9112282,77.6522832,Kerala restaurant,,ChdDSUhNMG9nS0VJQ0FnTURvd2FMdHhBRRAB,Cafe 27,raju nair,101816953890169449388,False,5,,0,a year ago,"{""dining_mode"": ""Dine in"", ""meal_type"": ""Dinner"", ""price_per_person"": ""₹400–600"", ""food"": 4, ""service_rating"": 4, ""atmosphere"": 4}"
Cafe 27,,"18th Cross Rd, Sector 2, HSR Layout, Bengaluru, Karnataka 560102",12.9112282,77.6522832,Kerala restaurant,,ChZDSUhNMG9nS0VJQ0FnTURvOW9pcEd3EAE,Cafe 27,Jiten Behera,113428506241269080207,True,4,"Good kerala food, full crowded place, one stop kerala cafe stop in HSR layout",0,a year ago,"{""dining_mode"": ""Dine in"", ""meal_type"": ""Lunch"", ""food"": 4, ""service_rating"": 5, ""atmosphere"": 3}"
Cafe 27,,"18th Cross Rd, Sector 2, HSR Layout, Bengaluru, Karnataka 560102",12.9112282,77.6522832,Kerala restaurant,,ChZDSUhNMG9nS0VJQ0FnTURveXY2a0tREAE,Cafe 27,Akash T,117066681594506963457,False,3,,0,a year ago,"{""food"": 3, ""service_rating"": 2, ""atmosphere"": 4}"
Cafe 27,,"18th Cross Rd, Sector 2, HSR Layout, Bengaluru, Karnataka 560102",12.9112282,77.6522832,Kerala restaurant,,ChdDSUhNMG9nS0VJQ0FnTURvOG91dV9nRRAB,Cafe 27,Aswin Ksd,117724535266639364591,False,1,Very bad service ',0,a year ago,"{""food"": 4, ""service_rating"": 1, ""atmosphere"": 3}"
Cafe 27,,"18th Cross Rd, Sector 2, HSR Layout, Bengaluru, Karnataka 560102",12.9112282,77.6522832,Kerala restaurant,,ChZDSUhNMG9nS0VJQ0FnTURvOHRPYVV3EAE,Cafe 27,Shefin T P,116142185384890473632,False,1,"Service was very bad ,",0,a year ago,"{""food"": 4, ""service_rating"": 1, ""atmosphere"": 3}"
Cafe 27,,"18th Cross Rd, Sector 2, HSR Layout, Bengaluru, Karnataka 560102",12.9112282,77.6522832,Kerala restaurant,,ChdDSUhNMG9nS0VJQ0FnTURvNHZHTXJnRRAB,Cafe 27,MITHUN KP,114884469832523415280,True,1,"I was disappointed with the food quality during my visit. The vegetarian dishes were average, 🥴but the fish was particularly very poor🤮. The service staff were fine 😇, however the cashier was not very welcoming😒. I recommend the management team re-evaluate their food sourcing and preparation🧑🏽‍🍳 to improve quality, and provide basic hospitality training for the cashier.💸",0,a year ago,"{""food"": 1, ""service_rating"": 3, ""atmosphere"": 3}"
Cafe 27,,"18th Cross Rd, Sector 2, HSR Layout, Bengaluru, Karnataka 560102",12.9112282,77.6522832,Kerala restaurant,,ChdDSUhNMG9nS0VJQ0FnTURvNExpczhnRRAB,Cafe 27,Alanson Anand Babu,107381064904330970235,True,5,,0,a year ago,"{""food"": 4, ""service_rating"": 4, ""atmosphere"": 4}"
Cafe 27,,"18th Cross Rd, Sector 2, HSR Layout, Bengaluru, Karnataka 560102",12.9112282,77.6522832,Kerala restaurant,,ChdDSUhNMG9nS0VJQ0FnTUNvajVmYnR3RRAB,Cafe 27,HARINI GUNASEKARAN,104163384789745054772,True,5,,0,a year ago,"{""food"": 4, ""service_rating"": 4, ""atmosphere"": 4}"
Cafe 27,,"18th Cross Rd, Sector 2, HSR Layout, Bengaluru, Karnataka 560102",12.9112282,77.6522832,Kerala restaurant,,ChdDSUhNMG9nS0VJQ0FnTUNvdDduQXpBRRAB,Cafe 27,Suryajith Vs,107831716320857875313,False,1,"I have been coming to this place for the last few months, from the first day and till today they have poor customer service and hospitality. There is nothing to take care about the consistency of dealing clients or keeping good service Once you become a brand. Food is medium quality. But for the sake of kerala food I preferred it. Only chai and snacks are good. Please prefer this place only if u have time to waste and more patience.",0,a year ago,"{""food"": 2, ""service_rating"": 1}"
Cafe 27,,"18th Cross Rd, Sector 2, HSR Layout, Bengaluru, Karnataka 560102",12.9112282,77.6522832,Kerala restaurant,,ChdDSUhNMG9nS0VJQ0FnTUNvbDY2UGxnRRAB,Cafe 27,Jerish George,102036719588726468272,True,1,,0,a year ago,"{""food"": 1}"
Cafe 27,,"18th Cross Rd, Sector 2, HSR Layout, Bengaluru, Karnataka 560102",12.9112282,77.6522832,Kerala restaurant,,ChZDSUhNMG9nS0VJQ0FnTURnaUpyQ0JBEAE,Cafe 27,Abhijith Udayan,100244167294134396158,True,3,,0,Edited a year ago,"{""food"": 3}"
Cafe 27,,"18th Cross Rd, Sector 2, HSR Layout, Bengaluru, Karnataka 560102",12.9112282,77.6522832,Kerala restaurant,,ChdDSUhNMG9nS0VJQ0FnTUNvLWR2T2hnRRAB,Cafe 27,santhosh mathew,103150960226157894867,True,4,,0,a year ago,"{""food"": 4, ""service_rating"": 4, ""atmosphere"": 4}"
Cafe 27,,"18th Cross Rd, Sector 2, HSR Layout, Bengaluru, Karnataka 560102",12.9112282,77.6522832,Kerala restaurant,,ChdDSUhNMG9nS0VJQ0FnTUNvMmQ2bDd3RRAB,Cafe 27,pavani manukonda,108984805487045485605,False,1,,0,a year ago,"{""dining_mode"": ""Take out"", ""meal_type"": ""Other"", ""price_per_person"": ""₹1–200"", ""service_rating"": 1, ""atmosphere"": 1}"
Cafe 27,,"18th Cross Rd, Sector 2, HSR Layout, Bengaluru, Karnataka 560102",12.9112282,77.6522832,Kerala restaurant,,ChdDSUhNMG9nS0VJQ0FnTUNvaXFuLTlBRRAB,Cafe 27,Mahen,101006085695315958760,True,3,,0,a year ago,
Cafe 27,,"18th Cross Rd, Sector 2, HSR Layout, Bengaluru, Karnataka 560102",12.9112282,77.6522832,Kerala restaurant,,ChdDSUhNMG9nS0VJQ0FnTURJNS1hQ3N3RRAB,Cafe 27,Saravanan Ram,113448234959306297930,True,5,,0,a year ago,"{""dining_mode"": ""Dine in"", ""meal_type"": ""Breakfast"", ""price_per_person"": ""₹1,000–1,200"", ""food"": 5, ""service_rating"": 5, ""atmosphere"": 5, ""vegetarian_recommendation"": ""Somewhat recommend"", ""vegetarian_offerings"": ""Vegetarian menu or section"", ""parking_options"": ""Free street parking""}"
Cafe 27,,"18th Cross Rd, Sector 2, HSR Layout, Bengaluru, Karnataka 560102",12.9112282,77.6522832,Kerala restaurant,,ChdDSUhNMG9nS0VJQ0FnTURJeDh2T3FnRRAB,Cafe 27,nedin fp,114167502222750468981,True,2,Cafe 27 be like: Food? mid 🤡 Server bro? attitude on max 💀 thought he was the menu.  Signal; nokanda ila 📵,0,a year ago,"{""dining_mode"": ""Dine in"", ""food"": 2, ""service_rating"": 1, ""atmosphere"": 3}"
Cafe 27,,"18th Cross Rd, Sector 2, HSR Layout, Bengaluru, Karnataka 560102",12.9112282,77.6522832,Kerala restaurant,,ChZDSUhNMG9nS0VJQ0FnTURJMjV6TUJBEAE,Cafe 27,Vishnu Sathyan,114745264878272693918,True,5,,0,a year ago,
Cafe 27,,"18th Cross Rd, Sector 2, HSR Layout, Bengaluru, Karnataka 560102",12.9112282,77.6522832,Kerala restaurant,,ChZDSUhNMG9nS0VJQ0FnTURJa2JqN1d3EAE,Cafe 27,Binshi,106483425327426905616,False,5,,0,a year ago,"{""food"": 4, ""service_rating"": 5, ""atmosphere"": 3}"
Cafe 27,,"18th Cross Rd, Sector 2, HSR Layout, Bengaluru, Karnataka 560102",12.9112282,77.6522832,Kerala restaurant,,ChdDSUhNMG9nS0VJQ0FnTURJZ2Npem1RRRAB,Cafe 27,biniya aj,100287664372459323296,False,4,,0,a year ago,
Cafe 27,,"18th Cross Rd, Sector 2, HSR Layout, Bengaluru, Karnataka 560102",12.9112282,77.6522832,Kerala restaurant,,ChZDSUhNMG9nS0VJQ0FnTURJdnJycVB3EAE,Cafe 27,Savita Vanraj,118415187163000915154,True,5,,0,a year ago,"{""dining_mode"": ""Take out"", ""food"": 5, ""service_rating"": 5, ""atmosphere"": 3}"
Cafe 27,,"18th Cross Rd, Sector 2, HSR Layout, Bengaluru, Karnataka 560102",12.9112282,77.6522832,Kerala restaurant,,ChdDSUhNMG9nS0VJQ0FnTURJMXRMajd3RRAB,Cafe 27,Abhay Ravi,116793096416036539894,True,5,,0,a year ago,
Cafe 27,,"18th Cross Rd, Sector 2, HSR Layout, Bengaluru, Karnataka 560102",12.9112282,77.6522832,Kerala restaurant,,ChdDSUhNMG9nS0VJQ0FnTURJME9uNS1RRRAB,Cafe 27,Shiva ganesan,110978246826730970656,True,5,,0,a year ago,
Cafe 27,,"18th Cross Rd, Sector 2, HSR Layout, Bengaluru, Karnataka 560102",12.9112282,77.6522832,Kerala restaurant,,ChdDSUhNMG9nS0VJQ0FnTURJa0pxcTdnRRAB,Cafe 27,Dhanush Reddy T,116775411931434095167,True,4,,0,a year ago,"{""food"": 4, ""service_rating"": 4, ""atmosphere"": 4}"
Cafe 27,,"18th Cross Rd, Sector 2, HSR Layout, Bengaluru, Karnataka 560102",12.9112282,77.6522832,Kerala restaurant,,ChZDSUhNMG9nS0VJQ0FnTUNJOV92Mk5BEAE,Cafe 27,Mubashir Mubu,101840345934113265763,True,4,,0,a year ago,"{""food"": 3, ""service_rating"": 4, ""atmosphere"": 4}"
Cafe 27,,"18th Cross Rd, Sector 2, HSR Layout, Bengaluru, Karnataka 560102",12.9112282,77.6522832,Kerala restaurant,,ChZDSUhNMG9nS0VJQ0FnTUNJX2ZDTGR3EAE,Cafe 27,Prabhakar Sankar,102494502727712066653,True,5,,0,a year ago,
Cafe 27,,"18th Cross Rd, Sector 2, HSR Layout, Bengaluru, Karnataka 560102",12.9112282,77.6522832,Kerala restaurant,,ChZDSUhNMG9nS0VJQ0FnTUNJaGJIa1pREAE,Cafe 27,Kumar Shetty,107085016795445793054,False,5,,0,a year ago,"{""food"": 5, ""service_rating"": 5}"
Cafe 27,,"18th Cross Rd, Sector 2, HSR Layout, Bengaluru, Karnataka 560102",12.9112282,77.6522832,Kerala restaurant,,ChdDSUhNMG9nS0VJQ0FnTUNJNGFMU3lnRRAB,Cafe 27,Jithin V K,106348798421519331391,False,4,,0,a year ago,"{""food"": 4, ""service_rating"": 4, ""atmosphere"": 4}"
Cafe 27,,"18th Cross Rd, Sector 2, HSR Layout, Bengaluru, Karnataka 560102",12.9112282,77.6522832,Kerala restaurant,,ChZDSUhNMG9nS0VJQ0FnTUNJbG82bkNnEAE,Cafe 27,Akshay Achu,103417636012015480377,True,3,Many varieties of breakfast option especially Non Veg,0,a year ago,"{""dining_mode"": ""Dine in"", ""meal_type"": ""Breakfast"", ""price_per_person"": ""₹1–200"", ""food"": 4, ""service_rating"": 3, ""atmosphere"": 3}"
Cafe 27,,"18th Cross Rd, Sector 2, HSR Layout, Bengaluru, Karnataka 560102",12.9112282,77.6522832,Kerala restaurant,,ChZDSUhNMG9nS0VJQ0FnTUNJMnREVGJREAE,Cafe 27,Gokul G,113228678618277256906,False,4,,0,a year ago,"{""dining_mode"": ""Dine in"", ""meal_type"": ""Lunch"", ""price_per_person"": ""₹1–200"", ""food"": 4, ""service_rating"": 4, ""atmosphere"": 3, ""vegetarian_recommendation"": ""Somewhat recommend"", ""parking_space"": ""Plenty of parking""}"
Cafe 27,,"18th Cross Rd, Sector 2, HSR Layout, Bengaluru, Karnataka 560102",12.9112282,77.6522832,Kerala restaurant,,ChdDSUhNMG9nS0VJQ0FnTUNJd3IydWxnRRAB,Cafe 27,Emil Marian,109492905303388209524,True,5,,0,a year ago,"{""food"": 5, ""service_rating"": 5, ""atmosphere"": 5}"
Cafe 27,,"18th Cross Rd, Sector 2, HSR Layout, Bengaluru, Karnataka 560102",12.9112282,77.6522832,Kerala restaurant,,ChZDSUhNMG9nS0VJQ0FnTUNJbkxfNFF3EAE,Cafe 27,Kalai,110669477919002509854,True,4,,0,a year ago,
Cafe 27,,"18th Cross Rd, Sector 2, HSR Layout, Bengaluru, Karnataka 560102",12.9112282,77.6522832,Kerala restaurant,,ChdDSUhNMG9nS0VJQ0FnTUNJMU02eXdnRRAB,Cafe 27,jagan sagar,105040327294892393647,True,1,The guys who services comments on the customers and says no food is fresh . The best Kerala restaurant in bangalore is “Lungees” public stop coming to ziyan’s Cafe27,0,a year ago,"{""dining_mode"": ""Dine in"", ""meal_type"": ""Dinner"", ""food"": 1, ""service_rating"": 1, ""atmosphere"": 1}"
Cafe 27,,"18th Cross Rd, Sector 2, HSR Layout, Bengaluru, Karnataka 560102",12.9112282,77.6522832,Kerala restaurant,,ChdDSUhNMG9nS0VJQ0FnTUNJNVBDaTFBRRAB,Cafe 27,NIDHIN N RAHUMAN,116137878254713142159,False,1,"I had a disappointing experience at this restaurant. The service was extremely slow, and we had to wait a long time for our food. The staff wasn't attentive to our needs, and despite ordering full meals, we were only given a few side dishes. It was unclear why there was hesitation in bringing out the curries that should have accompanied the meal. Additionally, they didn’t offer glasses for drinking water, which felt inconsiderate. As for the food, it was just average, nothing exceptional. Overall, I wouldn't recommend this place as a top choice.There are many staff I don't know why the management employees these kind of people .they were treating us like we are having food for free from there. ...",0,a year ago,"{""dining_mode"": ""Dine in"", ""meal_type"": ""Lunch"", ""food"": 2, ""service_rating"": 1, ""atmosphere"": 2}"
Cafe 27,,"18th Cross Rd, Sector 2, HSR Layout, Bengaluru, Karnataka 560102",12.9112282,77.6522832,Kerala restaurant,,ChdDSUhNMG9nS0VJQ0FnTUNJeE12TDlRRRAB,Cafe 27,Travin,109096329300679762284,True,1,"Wish I could give a negative rating to this place. I wonder why it is so hyped. I had an extremely disappointing experience.  I went on a weekend for lunch, and they had only two options on the menu—veg meals and biryani (this is what the waiter told us). There was no ample seating space, and the place was filled with houseflies on the tables.  At the very least, I hoped the food would be good, but it was so basic. People who are hyping this place have probably never tried Kottayam The Restaurant or Kadavu Shappu Curry’s, both of which are much better in terms of service, food options, and taste.",0,a year ago,"{""food"": 1, ""service_rating"": 1, ""atmosphere"": 1}"
Cafe 27,,"18th Cross Rd, Sector 2, HSR Layout, Bengaluru, Karnataka 560102",12.9112282,77.6522832,Kerala restaurant,,ChZDSUhNMG9nS0VJQ0FnTUNJdUxEVklREAE,Cafe 27,Tinu Jose,100507485579952053394,True,5,,0,a year ago,"{""food"": 5, ""service_rating"": 5, ""atmosphere"": 5}"
Cafe 27,,"18th Cross Rd, Sector 2, HSR Layout, Bengaluru, Karnataka 560102",12.9112282,77.6522832,Kerala restaurant,,ChZDSUhNMG9nS0VJQ0FnSUQ0NllDbmVnEAE,Cafe 27,Akshay M,110335876671250558733,True,5,,0,Edited a year ago,
Cafe 27,,"18th Cross Rd, Sector 2, HSR Layout, Bengaluru, Karnataka 560102",12.9112282,77.6522832,Kerala restaurant,,ChdDSUhNMG9nS0VJQ0FnTUR3eGVqR2xBRRAB,Cafe 27,Anu Rag,105376806077024265898,True,5,,0,a year ago,
Cafe 27,,"18th Cross Rd, Sector 2, HSR Layout, Bengaluru, Karnataka 560102",12.9112282,77.6522832,Kerala restaurant,,ChdDSUhNMG9nS0VJQ0FnTUR3aFp2QjR3RRAB,Cafe 27,Shruthi A S,117538227234389838603,True,5,,0,a year ago,"{""food"": 5, ""service_rating"": 5, ""atmosphere"": 4}"
Cafe 27,,"18th Cross Rd, Sector 2, HSR Layout, Bengaluru, Karnataka 560102",12.9112282,77.6522832,Kerala restaurant,,ChZDSUhNMG9nS0VJQ0FnTUR3dXJIRmVBEAE,Cafe 27,Biju A Nair,105143803485245856043,True,4,Tea is my favorite at the cafe 27.,0,a year ago,"{""food"": 4, ""service_rating"": 4, ""atmosphere"": 4}"
Cafe 27,,"18th Cross Rd, Sector 2, HSR Layout, Bengaluru, Karnataka 560102",12.9112282,77.6522832,Kerala restaurant,,ChdDSUhNMG9nS0VJQ0FnTUR3cExhejhBRRAB,Cafe 27,sidharth,102270711306135764116,False,1,,0,a year ago,
Cafe 27,,"18th Cross Rd, Sector 2, HSR Layout, Bengaluru, Karnataka 560102",12.9112282,77.6522832,Kerala restaurant,,ChZDSUhNMG9nS0VJQ0FnTUR3bUtTZ0lREAE,Cafe 27,Arjun Rnath,103646335310653208040,True,4,Decent push kart for kerala style snacks,0,a year ago,
Cafe 27,,"18th Cross Rd, Sector 2, HSR Layout, Bengaluru, Karnataka 560102",12.9112282,77.6522832,Kerala restaurant,,ChZDSUhNMG9nS0VJQ0FnTUR3NEs3aU1REAE,Cafe 27,Gaurav Bholla,114300650638082570302,False,1,"Since 2025 this place isn't worth going for, everything is bad",0,a year ago,
Cafe 27,,"18th Cross Rd, Sector 2, HSR Layout, Bengaluru, Karnataka 560102",12.9112282,77.6522832,Kerala restaurant,,ChZDSUhNMG9nS0VJQ0FnTUN3My1DT013EAE,Cafe 27,Akhil Madav,110768633226754297817,True,3,,0,a year ago,
Cafe 27,,"18th Cross Rd, Sector 2, HSR Layout, Bengaluru, Karnataka 560102",12.9112282,77.6522832,Kerala restaurant,,ChdDSUhNMG9nS0VJQ0FnTUN3MDVqMWx3RRAB,Cafe 27,Joesam John Zachariah,101045423128809712701,True,5,,0,a year ago,"{""dining_mode"": ""Dine in"", ""meal_type"": ""Other"", ""food"": 5, ""service_rating"": 5, ""atmosphere"": 5}"
Cafe 27,,"18th Cross Rd, Sector 2, HSR Layout, Bengaluru, Karnataka 560102",12.9112282,77.6522832,Kerala restaurant,,ChdDSUhNMG9nS0VJQ0FnTUN3X1lMNC1BRRAB,Cafe 27,Pavan Singh,103183196188610470997,False,4,,0,a year ago,"{""dining_mode"": ""Dine in"", ""meal_type"": ""Dinner"", ""price_per_person"": ""₹400–600"", ""food"": 2, ""service_rating"": 2, ""atmosphere"": 4, ""recommended_dishes"": ""Kerala Meal, Chicken Alfaham""}"
Cafe 27,,"18th Cross Rd, Sector 2, HSR Layout, Bengaluru, Karnataka 560102",12.9112282,77.6522832,Kerala restaurant,,ChZDSUhNMG9nS0VJQ0FnTUN3OHJlSFNnEAE,Cafe 27,Nithin Mukundan,101525117900579871764,True,5,,0,a year ago,"{""dining_mode"": ""Dine in"", ""meal_type"": ""Dinner"", ""price_per_person"": ""₹1–200"", ""food"": 5, ""service_rating"": 5, ""atmosphere"": 4, ""recommended_dishes"": ""Chicken Alfaham""}"
Cafe 27,,"18th Cross Rd, Sector 2, HSR Layout, Bengaluru, Karnataka 560102",12.9112282,77.6522832,Kerala restaurant,,ChZDSUhNMG9nS0VJQ0FnTUN3MU1fTWZBEAE,Cafe 27,Sanal Sunny,112972234505750163607,True,5,Good Kerala food in HSR,0,a year ago,"{""dining_mode"": ""Dine in"", ""meal_type"": ""Lunch"", ""price_per_person"": ""₹200–400"", ""food"": 5, ""service_rating"": 3, ""atmosphere"": 3, ""recommended_dishes"": ""Kerala Chicken Biryani""}"
Cafe 27,,"18th Cross Rd, Sector 2, HSR Layout, Bengaluru, Karnataka 560102",12.9112282,77.6522832,Kerala restaurant,,ChZDSUhNMG9nS0VJQ0FnTUN3a09iNEpBEAE,Cafe 27,Anuprasad G,105784932326422490723,True,4,,0,a year ago,"{""food"": 4, ""service_rating"": 4, ""atmosphere"": 5}"
Cafe 27,,"18th Cross Rd, Sector 2, HSR Layout, Bengaluru, Karnataka 560102",12.9112282,77.6522832,Kerala restaurant,,ChdDSUhNMG9nS0VJQ0FnTURRMzdQZjN3RRAB,Cafe 27,nagaraj k,108827713194731991801,False,1,Cost is very high  behaviour not good,0,a year ago,"{""dining_mode"": ""Dine in"", ""meal_type"": ""Dinner"", ""price_per_person"": ""₹200–400"", ""food"": 3, ""service_rating"": 1, ""atmosphere"": 1}"
Cafe 27,,"18th Cross Rd, Sector 2, HSR Layout, Bengaluru, Karnataka 560102",12.9112282,77.6522832,Kerala restaurant,,ChdDSUhNMG9nS0VJQ0FnSUNXX1BURzJRRRAB,Cafe 27,Anton Ego,101750150836169024409,True,5,I always love this place. The food has been good for all these years...,0,Edited a year ago,"{""food"": 5, ""service_rating"": 5, ""atmosphere"": 5}"
Cafe 27,,"18th Cross Rd, Sector 2, HSR Layout, Bengaluru, Karnataka 560102",12.9112282,77.6522832,Kerala restaurant,,ChZDSUhNMG9nS0VJQ0FnSURKOHJxd0Z3EAE,Cafe 27,Somesh HS,115268003247448407711,True,5,,0,Edited a year ago,
Cafe 27,,"18th Cross Rd, Sector 2, HSR Layout, Bengaluru, Karnataka 560102",12.9112282,77.6522832,Kerala restaurant,,ChdDSUhNMG9nS0VJQ0FnTURRODhTWWt3RRAB,Cafe 27,athenaowl tattoo,108415415516121600192,False,5,good food and service since 2 years,0,a year ago,"{""food"": 5, ""service_rating"": 5, ""atmosphere"": 5}"
Cafe 27,,"18th Cross Rd, Sector 2, HSR Layout, Bengaluru, Karnataka 560102",12.9112282,77.6522832,Kerala restaurant,,ChdDSUhNMG9nS0VJQ0FnTURRZzZ5SGp3RRAB,Cafe 27,Jayakumar S,102876833960292431138,True,5,,0,a year ago,
Cafe 27,,"18th Cross Rd, Sector 2, HSR Layout, Bengaluru, Karnataka 560102",12.9112282,77.6522832,Kerala restaurant,,ChZDSUhNMG9nS0VJQ0FnTURRM2ZqSlhBEAE,Cafe 27,Rahul Raghunandan,115830762985435039080,False,5,,0,a year ago,
Cafe 27,,"18th Cross Rd, Sector 2, HSR Layout, Bengaluru, Karnataka 560102",12.9112282,77.6522832,Kerala restaurant,,ChZDSUhNMG9nS0VJQ0FnSURadk52d0lREAE,Cafe 27,Dhanesh Pillai,114750365918178413808,True,5,,0,Edited a year ago,"{""dining_mode"": ""Dine in"", ""meal_type"": ""Dinner"", ""price_per_person"": ""₹400–600"", ""food"": 5, ""service_rating"": 5, ""atmosphere"": 5}"
Cafe 27,,"18th Cross Rd, Sector 2, HSR Layout, Bengaluru, Karnataka 560102",12.9112282,77.6522832,Kerala restaurant,,ChdDSUhNMG9nS0VJQ0FnTURRc29mVTV3RRAB,Cafe 27,Bairing Liar,102985237844251395122,True,4,,0,a year ago,"{""dining_mode"": ""Take out"", ""meal_type"": ""Lunch"", ""price_per_person"": ""₹1–200"", ""food"": 4, ""service_rating"": 4, ""atmosphere"": 4}"
Cafe 27,,"18th Cross Rd, Sector 2, HSR Layout, Bengaluru, Karnataka 560102",12.9112282,77.6522832,Kerala restaurant,,ChZDSUhNMG9nS0VJQ0FnSUNaLTdUaVFnEAE,Cafe 27,Manish Marwah,113698098151419166858,True,4,Food is really good but they need to pay a lot of attention in crowd management and cleanliness,0,Edited a year ago,"{""dining_mode"": ""Dine in"", ""meal_type"": ""Lunch"", ""price_per_person"": ""₹400–600"", ""food"": 4, ""service_rating"": 3, ""atmosphere"": 1, ""vegetarian_options"": ""Total n veg restaurant"", ""parking_space"": ""Plenty of parking"", ""parking_options"": ""Free parking lot"", ""parking_notes"": ""Can park east 8-10 cars and 2 wheelers by road""}"
Cafe 27,,"18th Cross Rd, Sector 2, HSR Layout, Bengaluru, Karnataka 560102",12.9112282,77.6522832,Kerala restaurant,,ChZDSUhNMG9nS0VJQ0FnTURRcktQZEx3EAE,Cafe 27,Puttumbakam Bharath,112442728541935323557,False,5,,0,a year ago,
Cafe 27,,"18th Cross Rd, Sector 2, HSR Layout, Bengaluru, Karnataka 560102",12.9112282,77.6522832,Kerala restaurant,,ChdDSUhNMG9nS0VJQ0FnTUNRbDVMcndRRRAB,Cafe 27,Ajuma Kasim,111255709133786850656,True,5,,0,a year ago,"{""food"": 5, ""service_rating"": 5, ""atmosphere"": 5}"
Cafe 27,,"18th Cross Rd, Sector 2, HSR Layout, Bengaluru, Karnataka 560102",12.9112282,77.6522832,Kerala restaurant,,ChdDSUhNMG9nS0VJQ0FnTUNRdTZ5UXNRRRAB,Cafe 27,JAYASREE NISHANTH,104395754372979393899,True,4,Food is good enough. I just tried the snacks alone. Service can be really better.,0,a year ago,"{""dining_mode"": ""Dine in"", ""meal_type"": ""Other"", ""price_per_person"": ""₹1–200"", ""food"": 4, ""service_rating"": 3, ""atmosphere"": 3, ""parking_space"": ""Somewhat difficult to find parking"", ""parking_options"": ""Free street parking""}"
Cafe 27,,"18th Cross Rd, Sector 2, HSR Layout, Bengaluru, Karnataka 560102",12.9112282,77.6522832,Kerala restaurant,,ChdDSUhNMG9nS0VJQ0FnSUMzbl9lQ2x3RRAB,Cafe 27,Jithin R.J.,108869597777170716525,True,4,Decent place for kerala style food. Limited menu. Tea is nice. Quick service but very casual.,0,Edited a year ago,"{""dining_mode"": ""Dine in"", ""meal_type"": ""Other"", ""price_per_person"": ""₹1–200"", ""food"": 4, ""service_rating"": 4, ""atmosphere"": 4}"
Cafe 27,,"18th Cross Rd, Sector 2, HSR Layout, Bengaluru, Karnataka 560102",12.9112282,77.6522832,Kerala restaurant,,ChZDSUhNMG9nS0VJQ0FnTUNRdloyN2FBEAE,Cafe 27,Likith kumar N,107607651653756354273,False,5,,0,a year ago,
Cafe 27,,"18th Cross Rd, Sector 2, HSR Layout, Bengaluru, Karnataka 560102",12.9112282,77.6522832,Kerala restaurant,,ChdDSUhNMG9nS0VJQ0FnTUNRN2FUSXJBRRAB,Cafe 27,Prasobh Sadanandan,106950237264852838620,True,5,Evening snacks are really good and have a lot of variety,0,a year ago,"{""parking_space"": ""Somewhat difficult to find parking"", ""parking_options"": ""Free parking lot""}"
Cafe 27,,"18th Cross Rd, Sector 2, HSR Layout, Bengaluru, Karnataka 560102",12.9112282,77.6522832,Kerala restaurant,,ChdDSUhNMG9nS0VJQ0FnTUNRMWVDLXdnRRAB,Cafe 27,Sriraj,116365926798127271007,True,4,,0,a year ago,
Cafe 27,,"18th Cross Rd, Sector 2, HSR Layout, Bengaluru, Karnataka 560102",12.9112282,77.6522832,Kerala restaurant,,ChZDSUhNMG9nS0VJQ0FnTUNRdVkzWGVBEAE,Cafe 27,namdev kanbarkar,111453435783787016575,True,1,Very dirty There's not even tissue paper to wipe your hands and the food isn't even hot Too much Bad Service,0,a year ago,
Cafe 27,,"18th Cross Rd, Sector 2, HSR Layout, Bengaluru, Karnataka 560102",12.9112282,77.6522832,Kerala restaurant,,ChZDSUhNMG9nS0VJQ0FnTUNRMmRDNEZ3EAE,Cafe 27,Muthu,107053614718689747512,False,5,,0,a year ago,"{""food"": 5, ""service_rating"": 5, ""atmosphere"": 5}"
Cafe 27,,"18th Cross Rd, Sector 2, HSR Layout, Bengaluru, Karnataka 560102",12.9112282,77.6522832,Kerala restaurant,,ChdDSUhNMG9nS0VJQ0FnTUNRaWFxVG1RRRAB,Cafe 27,Venugopal Gopinath,114027174887664917864,False,3,,0,a year ago,"{""dining_mode"": ""Dine in"", ""meal_type"": ""Lunch"", ""price_per_person"": ""₹200–400"", ""food"": 2, ""service_rating"": 2, ""atmosphere"": 2}"
Cafe 27,,"18th Cross Rd, Sector 2, HSR Layout, Bengaluru, Karnataka 560102",12.9112282,77.6522832,Kerala restaurant,,ChZDSUhNMG9nS0VJQ0FnTUNROHVhVVNBEAE,Cafe 27,Nishmitha Poojari,115177104539079249454,False,2,Ordered NeerDosa!! They served cold NeerDosa which was like rubber! God knows why all the hype is about!,0,a year ago,
Cafe 27,,"18th Cross Rd, Sector 2, HSR Layout, Bengaluru, Karnataka 560102",12.9112282,77.6522832,Kerala restaurant,,ChZDSUhNMG9nS0VJQ0FnTUNRME5HQlpnEAE,Cafe 27,Victorz Victorzekm,107038455083360159649,False,5,,0,a year ago,
Cafe 27,,"18th Cross Rd, Sector 2, HSR Layout, Bengaluru, Karnataka 560102",12.9112282,77.6522832,Kerala restaurant,,ChZDSUhNMG9nS0VJQ0FnTURnbF9ua2JREAE,Cafe 27,Ajith J,114087246227319263974,True,5,,0,a year ago,"{""food"": 5, ""service_rating"": 5, ""atmosphere"": 5}"
Cafe 27,,"18th Cross Rd, Sector 2, HSR Layout, Bengaluru, Karnataka 560102",12.9112282,77.6522832,Kerala restaurant,,ChZDSUhNMG9nS0VJQ0FnTURnczUta1B3EAE,Cafe 27,Ratheesh M 320,113945061581416977779,True,5,,0,a year ago,
Cafe 27,,"18th Cross Rd, Sector 2, HSR Layout, Bengaluru, Karnataka 560102",12.9112282,77.6522832,Kerala restaurant,,ChdDSUhNMG9nS0VJQ0FnTURnc1pPV3ZnRRAB,Cafe 27,Vani Boregowda Muralidhar,113229695550450179485,True,4,,0,a year ago,"{""dining_mode"": ""Dine in"", ""meal_type"": ""Brunch"", ""price_per_person"": ""₹200–400"", ""food"": 5, ""service_rating"": 5, ""atmosphere"": 5}"
Cafe 27,,"18th Cross Rd, Sector 2, HSR Layout, Bengaluru, Karnataka 560102",12.9112282,77.6522832,Kerala restaurant,,ChdDSUhNMG9nS0VJQ0FnTURnMFpIWDNRRRAB,Cafe 27,sruthin sr,103070239730844391642,False,1,"""I’ve rarely encountered such poor customer service in all my dining experiences. During my visit to this restaurant, I was met with shockingly rude behavior from the staff member at the cash counter. Instead of providing the warm, welcoming service one expects at any restaurant, I was greeted with indifference and outright disrespect. It's disheartening when a business overlooks the importance of a friendly and professional attitude, especially when dealing with customers. I truly hope management takes this review to heart and addresses the behavior of their staff because it significantly tarnished the overall experience. Will not be returning, and I suggest others look elsewhere for a more positive dining experience",0,a year ago,"{""food"": 4, ""service_rating"": 1, ""atmosphere"": 4}"
Cafe 27,,"18th Cross Rd, Sector 2, HSR Layout, Bengaluru, Karnataka 560102",12.9112282,77.6522832,Kerala restaurant,,ChZDSUhNMG9nS0VJQ0FnTURnb1pISURnEAE,Cafe 27,Uma Devi,100671638990965760273,False,4,Good place to have kerala style cuisine,0,a year ago,"{""dining_mode"": ""Dine in"", ""meal_type"": ""Dinner"", ""price_per_person"": ""₹400–600"", ""food"": 4, ""service_rating"": 4, ""atmosphere"": 4, ""vegetarian_recommendation"": ""Somewhat recommend"", ""vegetarian_offerings"": ""Clearly labeled vegetarian dishes"", ""parking_space"": ""Plenty of parking"", ""parking_options"": ""Free parking lot""}"
Cafe 27,,"18th Cross Rd, Sector 2, HSR Layout, Bengaluru, Karnataka 560102",12.9112282,77.6522832,Kerala restaurant,,ChdDSUhNMG9nS0VJQ0FnTURnbHFlVndnRRAB,Cafe 27,kirthana ramakrishnan,111993994554791151639,True,4,,0,a year ago,
Cafe 27,,"18th Cross Rd, Sector 2, HSR Layout, Bengaluru, Karnataka 560102",12.9112282,77.6522832,Kerala restaurant,,ChZDSUhNMG9nS0VJQ0FnTURnM1BxdFF3EAE,Cafe 27,Sibi P U,105368998640524145711,True,3,,0,a year ago,"{""dining_mode"": ""Dine in"", ""meal_type"": ""Other"", ""price_per_person"": ""₹200–400"", ""food"": 3, ""service_rating"": 3, ""atmosphere"": 3}"
Cafe 27,,"18th Cross Rd, Sector 2, HSR Layout, Bengaluru, Karnataka 560102",12.9112282,77.6522832,Kerala restaurant,,ChdDSUhNMG9nS0VJQ0FnTURnbEwtUmt3RRAB,Cafe 27,Sanoop K S,103093924758963732278,True,4,,0,a year ago,"{""dining_mode"": ""Dine in"", ""meal_type"": ""Other"", ""price_per_person"": ""₹1–200"", ""food"": 4, ""service_rating"": 4, ""atmosphere"": 4}"
Cafe 27,,"18th Cross Rd, Sector 2, HSR Layout, Bengaluru, Karnataka 560102",12.9112282,77.6522832,Kerala restaurant,,ChZDSUhNMG9nS0VJQ0FnTURnbExXaWZREAE,Cafe 27,MISHAL AHMMED,101186916907438040699,False,5,,0,a year ago,"{""price_per_person"": ""₹400–600"", ""food"": 4, ""service_rating"": 4, ""atmosphere"": 4}"
Cafe 27,,"18th Cross Rd, Sector 2, HSR Layout, Bengaluru, Karnataka 560102",12.9112282,77.6522832,Kerala restaurant,,ChdDSUhNMG9nS0VJQ0FnTURnaU9EeTlRRRAB,Cafe 27,Shon Philips,102117445455289017857,False,5,"A very authentic style kerala restaurant that is a must visit! Their biriyani, parotta curries are a must have Their hallmark chai and mouthwatering snacks are not to be missed either!",0,a year ago,"{""dining_mode"": ""Dine in"", ""food"": 5, ""service_rating"": 5, ""atmosphere"": 5}"
Cafe 27,,"18th Cross Rd, Sector 2, HSR Layout, Bengaluru, Karnataka 560102",12.9112282,77.6522832,Kerala restaurant,,ChZDSUhNMG9nS0VJQ0FnTUNnaTctYUNBEAE,Cafe 27,MD Mohsin Ghazi,101459771460259700265,True,1,,0,a year ago,"{""dining_mode"": ""Dine in"", ""meal_type"": ""Dinner"", ""food"": 1, ""service_rating"": 1, ""atmosphere"": 1}"
Cafe 27,,"18th Cross Rd, Sector 2, HSR Layout, Bengaluru, Karnataka 560102",12.9112282,77.6522832,Kerala restaurant,,ChdDSUhNMG9nS0VJQ0FnTUNnM1l5Mm1RRRAB,Cafe 27,Arun Mohan,116396694685982416405,False,5,,0,a year ago,"{""food"": 5, ""service_rating"": 4, ""atmosphere"": 5}"
Cafe 27,,"18th Cross Rd, Sector 2, HSR Layout, Bengaluru, Karnataka 560102",12.9112282,77.6522832,Kerala restaurant,,ChZDSUhNMG9nS0VJQ0FnTUNnOXFmTVpnEAE,Cafe 27,Nitesh Kumar,106106571374995366641,True,4,Love to eat chicken Biryani but not good for vegi.,0,a year ago,"{""price_per_person"": ""₹400–600""}"
Cafe 27,,"18th Cross Rd, Sector 2, HSR Layout, Bengaluru, Karnataka 560102",12.9112282,77.6522832,Kerala restaurant,,ChdDSUhNMG9nS0VJQ0FnTUNneHJqT2p3RRAB,Cafe 27,Isen Kuriakose,116547280054400987481,True,4,"This is where I found an authentic Kerala samovar chaya, and they are consistent.",0,a year ago,"{""dining_mode"": ""Dine in"", ""meal_type"": ""Other"", ""price_per_person"": ""₹1–200"", ""food"": 4, ""service_rating"": 4, ""atmosphere"": 5, ""vegetarian_recommendation"": ""Would not recommend"", ""vegetarian_offerings"": ""Clearly labeled vegetarian dishes"", ""parking_space"": ""Plenty of parking"", ""parking_options"": ""Free parking lot"", ""parking_notes"": ""5 cars, 20 to 30 bikes""}"
Cafe 27,,"18th Cross Rd, Sector 2, HSR Layout, Bengaluru, Karnataka 560102",12.9112282,77.6522832,Kerala restaurant,,ChZDSUhNMG9nS0VJQ0FnTUNnaXJ1T0pnEAE,Cafe 27,Muhammed Fuhad,106490608349917400805,True,5,,0,a year ago,"{""dining_mode"": ""Dine in"", ""price_per_person"": ""₹1–200"", ""food"": 5, ""service_rating"": 5, ""atmosphere"": 5}"
Cafe 27,,"18th Cross Rd, Sector 2, HSR Layout, Bengaluru, Karnataka 560102",12.9112282,77.6522832,Kerala restaurant,,ChZDSUhNMG9nS0VJQ0FnTURBcjU2d1lREAE,Cafe 27,Ashwin Arun,108613742572194256343,True,5,,0,a year ago,
Cafe 27,,"18th Cross Rd, Sector 2, HSR Layout, Bengaluru, Karnataka 560102",12.9112282,77.6522832,Kerala restaurant,,ChZDSUhNMG9nS0VJQ0FnTURBNDdXT1NBEAE,Cafe 27,vinu thomas,114324947265264701411,True,4,Good place to have snacks and nice chai! Ample amount of seating space and worth the visit for kerala food.,0,a year ago,"{""dining_mode"": ""Dine in"", ""meal_type"": ""Lunch"", ""price_per_person"": ""₹200–400"", ""food"": 4, ""service_rating"": 4, ""atmosphere"": 4, ""recommended_dishes"": ""Malabar Biryani"", ""vegetarian_recommendation"": ""Somewhat recommend"", ""parking_options"": ""Free street parking""}"
Cafe 27,,"18th Cross Rd, Sector 2, HSR Layout, Bengaluru, Karnataka 560102",12.9112282,77.6522832,Kerala restaurant,,ChZDSUhNMG9nS0VJQ0FnTURBZzl1QU5nEAE,Cafe 27,Sinan ali Mohammed,113210731443440525634,True,5,Best spot for meetings,0,a year ago,"{""food"": 5, ""service_rating"": 5, ""atmosphere"": 5}"
Cafe 27,,"18th Cross Rd, Sector 2, HSR Layout, Bengaluru, Karnataka 560102",12.9112282,77.6522832,Kerala restaurant,,ChdDSUhNMG9nS0VJQ0FnTURBMlpEeHNnRRAB,Cafe 27,Reliyas Ca,103271959875853104121,True,5,,0,a year ago,"{""dining_mode"": ""Dine in"", ""meal_type"": ""Dinner"", ""price_per_person"": ""₹200–400"", ""food"": 5, ""service_rating"": 5, ""atmosphere"": 5}"
Cafe 27,,"18th Cross Rd, Sector 2, HSR Layout, Bengaluru, Karnataka 560102",12.9112282,77.6522832,Kerala restaurant,,ChZDSUhNMG9nS0VJQ0FnTURBd2ZUclVBEAE,Cafe 27,Lubz Abin,101613189046068421977,False,5,,0,a year ago,"{""dining_mode"": ""Take out"", ""meal_type"": ""Other"", ""price_per_person"": ""₹800–1,000"", ""vegetarian_recommendation"": ""Not sure"", ""vegetarian_offerings"": ""Clearly labeled vegetarian dishes"", ""parking_space"": ""Somewhat difficult to find parking"", ""parking_options"": ""Free parking lot, Free street parking""}"
Cafe 27,,"18th Cross Rd, Sector 2, HSR Layout, Bengaluru, Karnataka 560102",12.9112282,77.6522832,Kerala restaurant,,ChZDSUhNMG9nS0VJQ0FnTURBaHZpQUVREAE,Cafe 27,Ganpat Verma,106716521941645901822,False,5,,0,a year ago,"{""food"": 5, ""service_rating"": 5, ""atmosphere"": 5}"
Cafe 27,,"18th Cross Rd, Sector 2, HSR Layout, Bengaluru, Karnataka 560102",12.9112282,77.6522832,Kerala restaurant,,ChZDSUhNMG9nS0VJQ0FnTURBaVBQOE1REAE,Cafe 27,Shinoy Babu,107148067389162660830,True,4,,0,a year ago,"{""meal_type"": ""Dinner"", ""price_per_person"": ""₹200–400"", ""food"": 4, ""service_rating"": 4, ""atmosphere"": 3, ""recommended_dishes"": ""Kerala Meal, Puttu Kadala, Chicken Alfaham""}"
Cafe 27,,"18th Cross Rd, Sector 2, HSR Layout, Bengaluru, Karnataka 560102",12.9112282,77.6522832,Kerala restaurant,,ChZDSUhNMG9nS0VJQ0FnTUNBOS1MbE5BEAE,Cafe 27,Adarshes Appu,115435986163481936710,True,5,Nice,0,a year ago,"{""meal_type"": ""Dinner"", ""price_per_person"": ""₹200–400"", ""food"": 5, ""service_rating"": 5, ""atmosphere"": 4, ""recommended_dishes"": ""Kerala Meal, Puttu Kadala, Beef Biriyani, Malabar Biryani, Appam and Egg Curry""}"
Cafe 27,,"18th Cross Rd, Sector 2, HSR Layout, Bengaluru, Karnataka 560102",12.9112282,77.6522832,Kerala restaurant,,ChdDSUhNMG9nS0VJQ0FnTUNBNV9fOHRnRRAB,Cafe 27,Sonu Bind,115907226499514703205,False,5,"Diners say this Kerala restaurant serves up delicious Kerala meals, biryani, appam, and a variety of snacks, including pazhampori and chicken rolls. They also highlight the friendly staff, quick service, reasonable prices, and authentic, homely atmosphere.  Some reviews mention the place can be crowded.",0,a year ago,"{""food"": 5, ""service_rating"": 5, ""atmosphere"": 5}"
Cafe 27,,"18th Cross Rd, Sector 2, HSR Layout, Bengaluru, Karnataka 560102",12.9112282,77.6522832,Kerala restaurant,,ChZDSUhNMG9nS0VJQ0FnTUNBNTRUcU1nEAE,Cafe 27,Nabeesa Abdullah,103384671124656577329,True,5,Snacks no words to say.variery snacks .and Tea is ultimate. Delay in service,0,a year ago,"{""food"": 5, ""service_rating"": 4, ""atmosphere"": 5}"
Cafe 27,,"18th Cross Rd, Sector 2, HSR Layout, Bengaluru, Karnataka 560102",12.9112282,77.6522832,Kerala restaurant,,ChZDSUhNMG9nS0VJQ0FnTUNBbTRHSk5BEAE,Cafe 27,Arjun Kartha,110561796532677614403,True,5,"Great option for Kerala food, gets pretty busy during lunch time. Seats are limited",0,a year ago,"{""price_per_person"": ""₹200–400"", ""food"": 5, ""service_rating"": 4, ""atmosphere"": 3, ""recommended_dishes"": ""Kerala Meal""}"
Cafe 27,,"18th Cross Rd, Sector 2, HSR Layout, Bengaluru, Karnataka 560102",12.9112282,77.6522832,Kerala restaurant,,ChZDSUhNMG9nS0VJQ0FnSUQtaUs3ekt3EAE,Cafe 27,Sachin M,102823118785892308156,True,3,,0,Edited a year ago,"{""dining_mode"": ""Dine in"", ""meal_type"": ""Other"", ""price_per_person"": ""₹1–200"", ""food"": 3, ""service_rating"": 3, ""atmosphere"": 2, ""recommended_dishes"": ""Beef Biriyani, Malabar Biryani""}"
Cafe 27,,"18th Cross Rd, Sector 2, HSR Layout, Bengaluru, Karnataka 560102",12.9112282,77.6522832,Kerala restaurant,,ChZDSUhNMG9nS0VJQ0FnSUNlbmJuWFpREAE,Cafe 27,Jagath,104340916407603822957,True,4,,0,Edited a year ago,"{""dining_mode"": ""Dine in"", ""meal_type"": ""Dinner"", ""price_per_person"": ""₹200–400"", ""food"": 4, ""service_rating"": 4, ""atmosphere"": 4}"
Cafe 27,,"18th Cross Rd, Sector 2, HSR Layout, Bengaluru, Karnataka 560102",12.9112282,77.6522832,Kerala restaurant,,ChZDSUhNMG9nS0VJQ0FnTUNBNmRMWEJ3EAE,Cafe 27,Preeti Gupta,111426047381452330420,False,5,"Great food, prompt delivery must try",0,a year ago,"{""dining_mode"": ""Delivery"", ""meal_type"": ""Lunch"", ""price_per_person"": ""₹400–600"", ""food"": 5, ""service_rating"": 5, ""atmosphere"": 5, ""recommended_dishes"": ""Kerala Meal, Puttu Kadala""}"
Cafe 27,,"18th Cross Rd, Sector 2, HSR Layout, Bengaluru, Karnataka 560102",12.9112282,77.6522832,Kerala restaurant,,ChZDSUhNMG9nS0VJQ0FnTUNBNGZUNFR3EAE,Cafe 27,Poornendu Krishnaprasad,117119072524767117896,False,4,,0,a year ago,"{""food"": 4, ""service_rating"": 4, ""atmosphere"": 4}"
Cafe 27,,"18th Cross Rd, Sector 2, HSR Layout, Bengaluru, Karnataka 560102",12.9112282,77.6522832,Kerala restaurant,,ChZDSUhNMG9nS0VJQ0FnTUNBeUlucFJBEAE,Cafe 27,Akshaj,108982867052278918332,True,4,U can see some of my friends everyday after office here to have sutta with kattan !,0,a year ago,
Cafe 27,,"18th Cross Rd, Sector 2, HSR Layout, Bengaluru, Karnataka 560102",12.9112282,77.6522832,Kerala restaurant,,ChdDSUhNMG9nS0VJQ0FnSURfdjR6ODZRRRAB,Cafe 27,Muhammed Rajil,100002535310035263099,True,1,"Food is expensive compared to kaycho restaurants and the staff is also very rood ,there rumali rotti shawarma is super 100 rs only",0,a year ago,"{""dining_mode"": ""Dine in"", ""meal_type"": ""Lunch"", ""price_per_person"": ""₹600–800"", ""food"": 2, ""service_rating"": 1, ""atmosphere"": 3}"
Cafe 27,,"18th Cross Rd, Sector 2, HSR Layout, Bengaluru, Karnataka 560102",12.9112282,77.6522832,Kerala restaurant,,ChZDSUhNMG9nS0VJQ0FnSUQyNk9yUUl3EAE,Cafe 27,Anooj Chandran,109630902048805929589,True,5,Nice kerala restaurant..,0,Edited a year ago,"{""dining_mode"": ""Dine in"", ""meal_type"": ""Lunch"", ""price_per_person"": ""₹1–200"", ""food"": 5, ""service_rating"": 5, ""atmosphere"": 5}"
Cafe 27,,"18th Cross Rd, Sector 2, HSR Layout, Bengaluru, Karnataka 560102",12.9112282,77.6522832,Kerala restaurant,,ChdDSUhNMG9nS0VJQ0FnSURZMnVhcXNBRRAB,Cafe 27,Shabil Basheer,101563576385718319127,True,3,,0,Edited a year ago,"{""dining_mode"": ""Dine in"", ""meal_type"": ""Lunch"", ""price_per_person"": ""₹1–200"", ""food"": 3, ""service_rating"": 3, ""atmosphere"": 3}"
Cafe 27,,"18th Cross Rd, Sector 2, HSR Layout, Bengaluru, Karnataka 560102",12.9112282,77.6522832,Kerala restaurant,,ChdDSUhNMG9nS0VJQ0FnSURfMjRmeGp3RRAB,Cafe 27,Manju A,111981472978280457199,True,5,,0,a year ago,"{""dining_mode"": ""Dine in"", ""meal_type"": ""Dinner"", ""price_per_person"": ""₹400–600"", ""food"": 5, ""service_rating"": 5, ""atmosphere"": 5, ""recommended_dishes"": ""Beef Fry""}"
Cafe 27,,"18th Cross Rd, Sector 2, HSR Layout, Bengaluru, Karnataka 560102",12.9112282,77.6522832,Kerala restaurant,,ChZDSUhNMG9nS0VJQ0FnSURfNC1QV1BnEAE,Cafe 27,Padmanabhan M,112364447422125718742,True,4,,0,a year ago,"{""food"": 4, ""service_rating"": 4, ""atmosphere"": 4}"
Cafe 27,,"18th Cross Rd, Sector 2, HSR Layout, Bengaluru, Karnataka 560102",12.9112282,77.6522832,Kerala restaurant,,ChdDSUhNMG9nS0VJQ0FnSURfM2VPWXBBRRAB,Cafe 27,akshay ks,106689877751173336716,True,3,Kerala restaurant. Evening time snacks are good,0,a year ago,"{""dining_mode"": ""Dine in"", ""meal_type"": ""Other"", ""price_per_person"": ""₹200–400"", ""food"": 3, ""service_rating"": 3, ""atmosphere"": 3}"
Cafe 27,,"18th Cross Rd, Sector 2, HSR Layout, Bengaluru, Karnataka 560102",12.9112282,77.6522832,Kerala restaurant,,ChdDSUhNMG9nS0VJQ0FnSURfZ0lPRXJ3RRAB,Cafe 27,Rizwan Hashim,112182802943362119694,True,5,,0,a year ago,"{""food"": 5, ""service_rating"": 5, ""atmosphere"": 3}"
Cafe 27,,"18th Cross Rd, Sector 2, HSR Layout, Bengaluru, Karnataka 560102",12.9112282,77.6522832,Kerala restaurant,,ChdDSUhNMG9nS0VJQ0FnSUNfdlk3d3hRRRAB,Cafe 27,Arun K,107774976500997249573,True,5,,0,a year ago,
Cafe 27,,"18th Cross Rd, Sector 2, HSR Layout, Bengaluru, Karnataka 560102",12.9112282,77.6522832,Kerala restaurant,,ChdDSUhNMG9nS0VJQ0FnSUNfcWN5eXNRRRAB,Cafe 27,Thomas George,106047606039674163504,False,2,,0,a year ago,"{""food"": 4, ""service_rating"": 1, ""atmosphere"": 2}"
Cafe 27,,"18th Cross Rd, Sector 2, HSR Layout, Bengaluru, Karnataka 560102",12.9112282,77.6522832,Kerala restaurant,,ChdDSUhNMG9nS0VJQ0FnSURpMGM3YTNRRRAB,Cafe 27,Nisheedh Naduvilayil,114183869218946193130,True,5,,0,Edited a year ago,"{""dining_mode"": ""Dine in"", ""meal_type"": ""Lunch"", ""price_per_person"": ""₹200–400"", ""food"": 5, ""service_rating"": 4, ""atmosphere"": 4, ""recommended_dishes"": ""Kerala Meal, Ayala Fry, Puttu & Chicken Curry, Beef Fry"", ""vegetarian_recommendation"": ""Somewhat recommend"", ""parking_space"": ""Plenty of parking"", ""parking_options"": ""Free parking lot"", ""wheelchair_accessibility"": ""Yes""}"
Cafe 27,,"18th Cross Rd, Sector 2, HSR Layout, Bengaluru, Karnataka 560102",12.9112282,77.6522832,Kerala restaurant,,ChZDSUhNMG9nS0VJQ0FnSUNfcnNqVkVBEAE,Cafe 27,billa ramana,108023594622556887860,False,5,Excellent,0,a year ago,"{""food"": 5, ""service_rating"": 5, ""atmosphere"": 5}"
Cafe 27,,"18th Cross Rd, Sector 2, HSR Layout, Bengaluru, Karnataka 560102",12.9112282,77.6522832,Kerala restaurant,,ChdDSUhNMG9nS0VJQ0FnSUNfcXZuNTh3RRAB,Cafe 27,Sunil Kumar,104066587530321748507,True,5,,0,a year ago,"{""food"": 5, ""service_rating"": 5, ""atmosphere"": 5}"
Cafe 27,,"18th Cross Rd, Sector 2, HSR Layout, Bengaluru, Karnataka 560102",12.9112282,77.6522832,Kerala restaurant,,ChZDSUhNMG9nS0VJQ0FnSUNfd3ZDWUh3EAE,Cafe 27,samyukth vinod,118128207557954230165,False,1,"Used to visit this place frequently, after renovation staffs have become too rude they are not even willing to serve extra rice",0,a year ago,"{""dining_mode"": ""Dine in"", ""meal_type"": ""Lunch"", ""price_per_person"": ""₹200–400"", ""food"": 4, ""service_rating"": 1, ""atmosphere"": 4}"
Cafe 27,,"18th Cross Rd, Sector 2, HSR Layout, Bengaluru, Karnataka 560102",12.9112282,77.6522832,Kerala restaurant,,ChdDSUhNMG9nS0VJQ0FnSUNfbUs3MWtBRRAB,Cafe 27,unais “UNAISAVARAN” avaran the foodiee,106517201868600468081,True,4,"There was Chicken Alfam, Porotta and Pathiri Irachikari. All the food was delicious",0,a year ago,"{""dining_mode"": ""Dine in"", ""meal_type"": ""Dinner"", ""price_per_person"": ""₹1–200"", ""food"": 5, ""service_rating"": 2, ""atmosphere"": 4, ""recommended_dishes"": ""Chicken Alfaham""}"
Cafe 27,,"18th Cross Rd, Sector 2, HSR Layout, Bengaluru, Karnataka 560102",12.9112282,77.6522832,Kerala restaurant,,ChZDSUhNMG9nS0VJQ0FnSURmbi0td2F3EAE,Cafe 27,Sreeroop Sreedhar,108915494243403200628,True,3,,0,a year ago,
Cafe 27,,"18th Cross Rd, Sector 2, HSR Layout, Bengaluru, Karnataka 560102",12.9112282,77.6522832,Kerala restaurant,,ChZDSUhNMG9nS0VJQ0FnSURmLTliR0FREAE,Cafe 27,AMAN SINGH,118375078067173103621,False,4,,0,a year ago,"{""food"": 5, ""service_rating"": 5, ""atmosphere"": 4}"
Cafe 27,,"18th Cross Rd, Sector 2, HSR Layout, Bengaluru, Karnataka 560102",12.9112282,77.6522832,Kerala restaurant,,ChdDSUhNMG9nS0VJQ0FnSURmeTRMbTJBRRAB,Cafe 27,sanjeevi,118424837031360958968,False,4,,0,a year ago,
Cafe 27,,"18th Cross Rd, Sector 2, HSR Layout, Bengaluru, Karnataka 560102",12.9112282,77.6522832,Kerala restaurant,,ChZDSUhNMG9nS0VJQ0FnSURmM2Z1Y2R3EAE,Cafe 27,Jithu Vidyadharan,118395580373793982543,True,5,,0,a year ago,"{""food"": 5, ""service_rating"": 5, ""atmosphere"": 5}"
Cafe 27,,"18th Cross Rd, Sector 2, HSR Layout, Bengaluru, Karnataka 560102",12.9112282,77.6522832,Kerala restaurant,,ChdDSUhNMG9nS0VJQ0FnSURmemFTYzl3RRAB,Cafe 27,Asthaf Althu,114326762387972921731,False,1,Worst,0,a year ago,"{""food"": 1, ""service_rating"": 1, ""atmosphere"": 1}"
Cafe 27,,"18th Cross Rd, Sector 2, HSR Layout, Bengaluru, Karnataka 560102",12.9112282,77.6522832,Kerala restaurant,,ChdDSUhNMG9nS0VJQ0FnSURmellqa3p3RRAB,Cafe 27,Ashraf Pp,101475025681616050963,False,1,കാഷ്യർ വാസ് വേസ്റ്റ് ട്ടോ behaviour,0,a year ago,
Cafe 27,,"18th Cross Rd, Sector 2, HSR Layout, Bengaluru, Karnataka 560102",12.9112282,77.6522832,Kerala restaurant,,ChZDSUhNMG9nS0VJQ0FnSURmemRETUVREAE,Cafe 27,Suraj Aiyappa,105818576375318923733,False,1,Worst service..,0,a year ago,
Cafe 27,,"18th Cross Rd, Sector 2, HSR Layout, Bengaluru, Karnataka 560102",12.9112282,77.6522832,Kerala restaurant,,ChdDSUhNMG9nS0VJQ0FnSURmemVEMjhBRRAB,Cafe 27,Mahammad Safwan Mahammad,118171634786213667825,False,1,,0,a year ago,"{""food"": 2, ""service_rating"": 1, ""atmosphere"": 2}"
Cafe 27,,"18th Cross Rd, Sector 2, HSR Layout, Bengaluru, Karnataka 560102",12.9112282,77.6522832,Kerala restaurant,,ChZDSUhNMG9nS0VJQ0FnSURZZ3UtVFZnEAE,Cafe 27,Satish Krishnan,118048666254927046074,True,5,"Great place for Kerala food, bites",0,Edited a year ago,"{""food"": 5, ""service_rating"": 4, ""atmosphere"": 3}"
Cafe 27,,"18th Cross Rd, Sector 2, HSR Layout, Bengaluru, Karnataka 560102",12.9112282,77.6522832,Kerala restaurant,,ChZDSUhNMG9nS0VJQ0FnSURma2ZMS0J3EAE,Cafe 27,Thejav S,104400181987328726342,True,3,,0,a year ago,"{""dining_mode"": ""Dine in"", ""meal_type"": ""Other"", ""price_per_person"": ""₹1–200"", ""food"": 3, ""service_rating"": 3, ""atmosphere"": 3}"
Cafe 27,,"18th Cross Rd, Sector 2, HSR Layout, Bengaluru, Karnataka 560102",12.9112282,77.6522832,Kerala restaurant,,ChZDSUhNMG9nS0VJQ0FnSURmbXNINEV3EAE,Cafe 27,ananth krishnan,101261087036468239935,True,5,Very very authentic Kerala food. Aapam and Idiappam are awesome with eh Spicy Chicken Curry and Kadala Curry,0,a year ago,"{""dining_mode"": ""Dine in"", ""meal_type"": ""Breakfast"", ""price_per_person"": ""₹200–400"", ""food"": 5, ""service_rating"": 3, ""atmosphere"": 4}"
Cafe 27,,"18th Cross Rd, Sector 2, HSR Layout, Bengaluru, Karnataka 560102",12.9112282,77.6522832,Kerala restaurant,,ChdDSUhNMG9nS0VJQ0FnSURmcklMMWxBRRAB,Cafe 27,minu jose,106025790546212465008,False,4,,0,a year ago,"{""dining_mode"": ""Dine in"", ""meal_type"": ""Lunch"", ""price_per_person"": ""₹1–200"", ""food"": 4, ""service_rating"": 5, ""atmosphere"": 3, ""recommended_dishes"": ""Kerala Meal""}"
Cafe 27,,"18th Cross Rd, Sector 2, HSR Layout, Bengaluru, Karnataka 560102",12.9112282,77.6522832,Kerala restaurant,,ChZDSUhNMG9nS0VJQ0FnSURmOUpETUJnEAE,Cafe 27,Nived S R,105859125932084740818,True,4,,0,a year ago,"{""food"": 4, ""service_rating"": 2, ""atmosphere"": 4}"
Cafe 27,,"18th Cross Rd, Sector 2, HSR Layout, Bengaluru, Karnataka 560102",12.9112282,77.6522832,Kerala restaurant,,ChdDSUhNMG9nS0VJQ0FnSURmbExfa193RRAB,Cafe 27,Pritesh Dagur,112694761867039320245,True,5,"Café 27 was a last minute decision and the one I stand by, firmly! The food is yummyyyyyy.  We tried appam (5/5), chicken mulakittath (5/5), kadala curry (too heavy on pepper for me, but my husband loved it) and neyi pathiri (4/5, I found it a bit oily).......  The service was so quick, we were in and out of breakfast in 35 minutes. I heavily recommend it for Keraliite breakfast......",0,a year ago,"{""dining_mode"": ""Dine in"", ""meal_type"": ""Breakfast"", ""price_per_person"": ""₹200–400"", ""food"": 5, ""service_rating"": 5, ""atmosphere"": 5, ""recommended_dishes"": ""Puttu Kadala, Appam and Egg Curry""}"
Cafe 27,,"18th Cross Rd, Sector 2, HSR Layout, Bengaluru, Karnataka 560102",12.9112282,77.6522832,Kerala restaurant,,ChdDSUhNMG9nS0VJQ0FnSURaem92azhBRRAB,Cafe 27,DrAiswarya,103359570180185470616,True,5,,0,Edited a year ago,"{""food"": 5, ""service_rating"": 5, ""atmosphere"": 5}"
Cafe 27,,"18th Cross Rd, Sector 2, HSR Layout, Bengaluru, Karnataka 560102",12.9112282,77.6522832,Kerala restaurant,,ChZDSUhNMG9nS0VJQ0FnSUNmaDZmRE1BEAE,Cafe 27,Avinash Kamble,115878266084992127239,False,5,,0,a year ago,"{""food"": 5, ""service_rating"": 5, ""atmosphere"": 5}"
Cafe 27,,"18th Cross Rd, Sector 2, HSR Layout, Bengaluru, Karnataka 560102",12.9112282,77.6522832,Kerala restaurant,,ChdDSUhNMG9nS0VJQ0FnSUNmbmVpTTBRRRAB,Cafe 27,Sabu Ka,115456845308856784976,False,1,Hotel atmosphere is good but the staff behaviour and vice is very bad.their success is no competitor near the shop.,0,a year ago,
Cafe 27,,"18th Cross Rd, Sector 2, HSR Layout, Bengaluru, Karnataka 560102",12.9112282,77.6522832,Kerala restaurant,,ChZDSUhNMG9nS0VJQ0FnSUNmbmVEOFFBEAE,Cafe 27,Saranya S,100522753359200907305,False,1,"Food items are very goos and tasty, but service is very worst.",0,a year ago,
Cafe 27,,"18th Cross Rd, Sector 2, HSR Layout, Bengaluru, Karnataka 560102",12.9112282,77.6522832,Kerala restaurant,,ChdDSUhNMG9nS0VJQ0FnSUQ3a1l6OGd3RRAB,Cafe 27,Shrihari,112469106175516321446,True,2,No hygiene. They are expanding their outlet then it may have good ambience.,0,Edited a year ago,
Cafe 27,,"18th Cross Rd, Sector 2, HSR Layout, Bengaluru, Karnataka 560102",12.9112282,77.6522832,Kerala restaurant,,ChdDSUhNMG9nS0VJQ0FnSUN0MFBmSTF3RRAB,Cafe 27,Arya Babu MB,107439576725700353440,True,5,Best place to enjoy kerala tea bites especially kozhikode snacks.,0,Edited a year ago,"{""food"": 5, ""service_rating"": 4, ""atmosphere"": 3}"
Cafe 27,,"18th Cross Rd, Sector 2, HSR Layout, Bengaluru, Karnataka 560102",12.9112282,77.6522832,Kerala restaurant,,ChZDSUhNMG9nS0VJQ0FnSUNmNmZUVEVREAE,Cafe 27,aleena simon,115039015733576676291,True,5,,0,a year ago,"{""price_per_person"": ""₹200–400"", ""food"": 5, ""service_rating"": 5, ""atmosphere"": 5}"
Cafe 27,,"18th Cross Rd, Sector 2, HSR Layout, Bengaluru, Karnataka 560102",12.9112282,77.6522832,Kerala restaurant,,ChZDSUhNMG9nS0VJQ0FnSUNmM3E3b1RnEAE,Cafe 27,Anand Swamy,108083377533065613260,True,5,"Great place for Kerala food ( breakfast, lunch, dinner, snacks). Tea and snacks are the best with friends and groups.",0,a year ago,"{""dining_mode"": ""Dine in"", ""meal_type"": ""Other"", ""price_per_person"": ""₹200–400"", ""food"": 5, ""service_rating"": 4, ""atmosphere"": 4, ""recommended_dishes"": ""Masala Vada, Malabar Biryani, Appam and Egg Curry""}"
Cafe 27,,"18th Cross Rd, Sector 2, HSR Layout, Bengaluru, Karnataka 560102",12.9112282,77.6522832,Kerala restaurant,,ChdDSUhNMG9nS0VJQ0FnSUNmenUtZ2dnRRAB,Cafe 27,SAFUVAN MK,117038224264536089227,False,5,,0,a year ago,
Cafe 27,,"18th Cross Rd, Sector 2, HSR Layout, Bengaluru, Karnataka 560102",12.9112282,77.6522832,Kerala restaurant,,ChdDSUhNMG9nS0VJQ0FnSUNmanZfT2dBRRAB,Cafe 27,vidhya s.v,114066127495581368480,False,5,,0,a year ago,"{""service_rating"": 5, ""atmosphere"": 5}"
Cafe 27,,"18th Cross Rd, Sector 2, HSR Layout, Bengaluru, Karnataka 560102",12.9112282,77.6522832,Kerala restaurant,,ChdDSUhNMG9nS0VJQ0FnSUNmLXFMc2p3RRAB,Cafe 27,berley george,105465770548134461458,True,5,,0,a year ago,"{""dining_mode"": ""Dine in"", ""meal_type"": ""Lunch"", ""price_per_person"": ""₹200–400"", ""food"": 5, ""service_rating"": 4, ""atmosphere"": 5}"
Cafe 27,,"18th Cross Rd, Sector 2, HSR Layout, Bengaluru, Karnataka 560102",12.9112282,77.6522832,Kerala restaurant,,ChdDSUhNMG9nS0VJQ0FnSUNmbXVhdXNnRRAB,Cafe 27,Rajith Nair,100036460902203541709,True,5,,0,a year ago,
Cafe 27,,"18th Cross Rd, Sector 2, HSR Layout, Bengaluru, Karnataka 560102",12.9112282,77.6522832,Kerala restaurant,,ChZDSUhNMG9nS0VJQ0FnSUNmNnZUUVNBEAE,Cafe 27,Tony JK,115543577645233807840,True,5,,0,a year ago,
Cafe 27,,"18th Cross Rd, Sector 2, HSR Layout, Bengaluru, Karnataka 560102",12.9112282,77.6522832,Kerala restaurant,,ChdDSUhNMG9nS0VJQ0FnSUR2ejd2V3BRRRAB,Cafe 27,Aswany Augustine,111209661084567468590,False,5,,0,a year ago,"{""food"": 5, ""service_rating"": 5, ""atmosphere"": 5}"
Cafe 27,,"18th Cross Rd, Sector 2, HSR Layout, Bengaluru, Karnataka 560102",12.9112282,77.6522832,Kerala restaurant,,ChdDSUhNMG9nS0VJQ0FnSUQ3d05iRjZRRRAB,Cafe 27,Raj V Reddy,109645691005849233802,True,5,Regular chai point & Kerala lunch meal with fresh fish is🔥🔥,0,Edited a year ago,"{""dining_mode"": ""Dine in"", ""meal_type"": ""Other"", ""price_per_person"": ""₹1–200"", ""food"": 5, ""service_rating"": 5, ""atmosphere"": 5, ""parking_space"": ""Plenty of parking"", ""parking_options"": ""Free parking lot""}"
Cafe 27,,"18th Cross Rd, Sector 2, HSR Layout, Bengaluru, Karnataka 560102",12.9112282,77.6522832,Kerala restaurant,,ChZDSUhNMG9nS0VJQ0FnSURZeS1PQ0FnEAE,Cafe 27,Jaison Thomas Panjikaran,111475417021273387491,True,5,,0,Edited a year ago,"{""dining_mode"": ""Dine in"", ""price_per_person"": ""₹1–200"", ""food"": 5, ""service_rating"": 4, ""atmosphere"": 4, ""parking_options"": ""Free street parking""}"
Cafe 27,,"18th Cross Rd, Sector 2, HSR Layout, Bengaluru, Karnataka 560102",12.9112282,77.6522832,Kerala restaurant,,ChZDSUhNMG9nS0VJQ0FnSUR2dlp6ZkRBEAE,Cafe 27,Tibin Anthony,102128291337404785027,True,5,"Our home away from kerala. If you want some good food, amazing adicha chaaya, staff that make you feel right at home and a very relaxed Malayalee vibe, come on over!",0,a year ago,"{""food"": 4, ""service_rating"": 5, ""atmosphere"": 5}"
Cafe 27,,"18th Cross Rd, Sector 2, HSR Layout, Bengaluru, Karnataka 560102",12.9112282,77.6522832,Kerala restaurant,,ChdDSUhNMG9nS0VJQ0FnSUR2MVpIaHlnRRAB,Cafe 27,Noel George,102537019408190934600,True,4,,0,a year ago,"{""dining_mode"": ""Dine in"", ""meal_type"": ""Lunch"", ""price_per_person"": ""₹200–400"", ""food"": 4, ""service_rating"": 3, ""atmosphere"": 3}"
Cafe 27,,"18th Cross Rd, Sector 2, HSR Layout, Bengaluru, Karnataka 560102",12.9112282,77.6522832,Kerala restaurant,,ChZDSUhNMG9nS0VJQ0FnSUR2OXJMZUFnEAE,Cafe 27,Ponnurn Thrilok,115789506716366215849,True,5,,0,a year ago,
Cafe 27,,"18th Cross Rd, Sector 2, HSR Layout, Bengaluru, Karnataka 560102",12.9112282,77.6522832,Kerala restaurant,,ChZDSUhNMG9nS0VJQ0FnSUR2NXVPcU1BEAE,Cafe 27,Tamizh Tamizh,107294316706169662602,False,5,,0,a year ago,"{""food"": 5, ""service_rating"": 5, ""atmosphere"": 5}"
Cafe 27,,"18th Cross Rd, Sector 2, HSR Layout, Bengaluru, Karnataka 560102",12.9112282,77.6522832,Kerala restaurant,,ChZDSUhNMG9nS0VJQ0FnSUN2cWFyYUNnEAE,Cafe 27,saish gaonkar,104195570894098894278,True,4,"A Taste of Kerala: Cafe 27 Review Cafe 27 offers a satisfying taste of Kerala. Their authentic Kerala meals are a standout, with flavors that transport you straight to the southern state. The unlimited rice is a generous touch, ensuring you leave feeling fully satisfied. While the fish fry, including matthi (sardine) and aila (bangda), was decent, it could have been a bit more flavorful. The chicken biryani, though authentic, might not quite match up to the best Kerala biryani you've had. However, the meals are definitely worth the price, especially considering the quality and quantity. The cafe can get quite crowded during peak lunch hours, so be prepared for a wait. If you're looking for a quick bite, their tea and other Kerala snacks are also worth trying. Ample parking space is a definite plus. Overall, Cafe 27 is a reliable choice for authentic Kerala cuisine.",0,Edited a year ago,"{""dining_mode"": ""Dine in"", ""meal_type"": ""Lunch"", ""price_per_person"": ""₹400–600"", ""food"": 4, ""service_rating"": 5, ""atmosphere"": 4, ""recommended_dishes"": ""Kerala Meal, Malabar Biryani""}"
Cafe 27,,"18th Cross Rd, Sector 2, HSR Layout, Bengaluru, Karnataka 560102",12.9112282,77.6522832,Kerala restaurant,,ChZDSUhNMG9nS0VJQ0FnSUR2OU1fb013EAE,Cafe 27,Praneesh AK,113086305715431915002,True,5,,0,a year ago,"{""dining_mode"": ""Dine in"", ""meal_type"": ""Dinner"", ""price_per_person"": ""₹200–400"", ""food"": 5, ""service_rating"": 4, ""atmosphere"": 3, ""noise_level"": ""Loud, but you can still talk""}"
Cafe 27,,"18th Cross Rd, Sector 2, HSR Layout, Bengaluru, Karnataka 560102",12.9112282,77.6522832,Kerala restaurant,,ChdDSUhNMG9nS0VJQ0FnSUR2OU1IcW53RRAB,Cafe 27,ASHWIN NAIR,110040699633618678930,True,4,,0,a year ago,"{""food"": 4, ""service_rating"": 2, ""atmosphere"": 2}"
Cafe 27,,"18th Cross Rd, Sector 2, HSR Layout, Bengaluru, Karnataka 560102",12.9112282,77.6522832,Kerala restaurant,,ChdDSUhNMG9nS0VJQ0FnSUR2dU1mRl9nRRAB,Cafe 27,SREE KAR PG FOR LADIES,109792754256558194197,True,5,,0,a year ago,"{""dining_mode"": ""Take out"", ""meal_type"": ""Lunch"", ""price_per_person"": ""₹200–400"", ""food"": 4, ""service_rating"": 5, ""atmosphere"": 5, ""recommended_dishes"": ""Kerala Meal""}"
Cafe 27,,"18th Cross Rd, Sector 2, HSR Layout, Bengaluru, Karnataka 560102",12.9112282,77.6522832,Kerala restaurant,,ChZDSUhNMG9nS0VJQ0FnSUN2MzdlWkZBEAE,Cafe 27,Rat bikerr,115529216530237863469,True,4,Had biriyani and prawn roast it was good price is also reasonable,0,a year ago,"{""dining_mode"": ""Dine in"", ""meal_type"": ""Lunch"", ""price_per_person"": ""₹200–400"", ""food"": 4, ""service_rating"": 4, ""atmosphere"": 3}"
Cafe 27,,"18th Cross Rd, Sector 2, HSR Layout, Bengaluru, Karnataka 560102",12.9112282,77.6522832,Kerala restaurant,,ChdDSUhNMG9nS0VJQ0FnSUNpdl83ZXJnRRAB,Cafe 27,Anish v,103815427002028459903,True,5,Best place for Malabar type food,0,Edited a year ago,"{""dining_mode"": ""Dine in"", ""meal_type"": ""Breakfast"", ""price_per_person"": ""₹1–200"", ""food"": 5, ""service_rating"": 4, ""atmosphere"": 3}"
Cafe 27,,"18th Cross Rd, Sector 2, HSR Layout, Bengaluru, Karnataka 560102",12.9112282,77.6522832,Kerala restaurant,,ChZDSUhNMG9nS0VJQ0FnSUNOX2N5RkVREAE,Cafe 27,Albin Cherian,110511983833402263963,True,4,Good food but price is on bit higher side,0,Edited a year ago,"{""food"": 4, ""service_rating"": 4, ""atmosphere"": 4}"
Cafe 27,,"18th Cross Rd, Sector 2, HSR Layout, Bengaluru, Karnataka 560102",12.9112282,77.6522832,Kerala restaurant,,ChZDSUhNMG9nS0VJQ0FnSUNzOTRlbk93EAE,Cafe 27,Cornelius Jaikar,110935590881574938679,True,4,,0,Edited a year ago,"{""dining_mode"": ""Dine in"", ""meal_type"": ""Dinner"", ""price_per_person"": ""₹200–400"", ""food"": 4, ""service_rating"": 4, ""atmosphere"": 3, ""recommended_dishes"": ""Kerala Meal, Beef Biriyani""}"
Cafe 27,,"18th Cross Rd, Sector 2, HSR Layout, Bengaluru, Karnataka 560102",12.9112282,77.6522832,Kerala restaurant,,ChdDSUhNMG9nS0VJQ0FnSUN2eklQN2lnRRAB,Cafe 27,SURAJ SATISH,114140321656956516200,True,4,,0,a year ago,"{""food"": 4, ""service_rating"": 3, ""atmosphere"": 3}"
Cafe 27,,"18th Cross Rd, Sector 2, HSR Layout, Bengaluru, Karnataka 560102",12.9112282,77.6522832,Kerala restaurant,,ChdDSUhNMG9nS0VJQ0FnSUNCazVTZWdRRRAB,Cafe 27,akhil ramesh,110527744200615612716,False,4,,0,Edited a year ago,"{""dining_mode"": ""Dine in"", ""meal_type"": ""Other"", ""price_per_person"": ""₹1–200"", ""food"": 4, ""service_rating"": 5, ""atmosphere"": 4, ""parking_space"": ""Plenty of parking"", ""parking_options"": ""Free parking lot""}"
Cafe 27,,"18th Cross Rd, Sector 2, HSR Layout, Bengaluru, Karnataka 560102",12.9112282,77.6522832,Kerala restaurant,,ChZDSUhNMG9nS0VJQ0FnSUN2bEstdEJnEAE,Cafe 27,Vinod Surendran R,113553975724267274636,True,5,Authentic Kerala Malabar food. Great choices. Seating capacity is low,0,a year ago,"{""dining_mode"": ""Dine in"", ""meal_type"": ""Dinner"", ""price_per_person"": ""₹200–400"", ""food"": 5, ""service_rating"": 5, ""atmosphere"": 5}"
Cafe 27,,"18th Cross Rd, Sector 2, HSR Layout, Bengaluru, Karnataka 560102",12.9112282,77.6522832,Kerala restaurant,,ChdDSUhNMG9nS0VJQ0FnSUN2bUlTTXJBRRAB,Cafe 27,Dhiyanesh R,107950430171822837975,True,5,,0,a year ago,
Cafe 27,,"18th Cross Rd, Sector 2, HSR Layout, Bengaluru, Karnataka 560102",12.9112282,77.6522832,Kerala restaurant,,ChdDSUhNMG9nS0VJQ0FnSURQdzhQdF9BRRAB,Cafe 27,BalaK,102886230612319274709,True,2,,0,a year ago,
Cafe 27,,"18th Cross Rd, Sector 2, HSR Layout, Bengaluru, Karnataka 560102",12.9112282,77.6522832,Kerala restaurant,,ChZDSUhNMG9nS0VJQ0FnSURQall6RlR3EAE,Cafe 27,rakhi rajan,106476847634504748398,True,4,,0,a year ago,"{""dining_mode"": ""Dine in"", ""meal_type"": ""Dinner"", ""price_per_person"": ""₹200–400"", ""food"": 4, ""service_rating"": 4, ""atmosphere"": 3, ""recommended_dishes"": ""Kerala Meal, Puttu Kadala""}"
Cafe 27,,"18th Cross Rd, Sector 2, HSR Layout, Bengaluru, Karnataka 560102",12.9112282,77.6522832,Kerala restaurant,,ChZDSUhNMG9nS0VJQ0FnSURvXzgtSFh3EAE,Cafe 27,Sathish K,115772042380963672821,True,4,,0,Edited a year ago,"{""dining_mode"": ""Dine in"", ""meal_type"": ""Lunch"", ""price_per_person"": ""₹200–400"", ""food"": 4, ""service_rating"": 4, ""atmosphere"": 4, ""recommended_dishes"": ""Kerala Meal, Puttu Kadala, Fried Fish, Malabar Biryani""}"
Cafe 27,,"18th Cross Rd, Sector 2, HSR Layout, Bengaluru, Karnataka 560102",12.9112282,77.6522832,Kerala restaurant,,ChdDSUhNMG9nS0VJQ0FnSURQcnU3by13RRAB,Cafe 27,maria joseph,113217881612612113978,True,2,,0,a year ago,"{""food"": 3, ""service_rating"": 2, ""atmosphere"": 3}"
Cafe 27,,"18th Cross Rd, Sector 2, HSR Layout, Bengaluru, Karnataka 560102",12.9112282,77.6522832,Kerala restaurant,,ChZDSUhNMG9nS0VJQ0FnSURQeHFUWmJBEAE,Cafe 27,Ranjith V,112611387378408783619,True,5,"Excellent service. Good parotta, appam and chicken curry. Pazhampori must try",0,a year ago,"{""food"": 5, ""service_rating"": 5, ""atmosphere"": 5}"
Cafe 27,,"18th Cross Rd, Sector 2, HSR Layout, Bengaluru, Karnataka 560102",12.9112282,77.6522832,Kerala restaurant,,ChZDSUhNMG9nS0VJQ0FnSURQLXRpQVNnEAE,Cafe 27,arjun sanal,116932854275549831064,True,2,There are no standout dishes.just a very average shop. The attitude of the staff especially one who is bit old and wearing the specs.. he is super rude and behaves like we are there to eat free food,0,a year ago,"{""food"": 3, ""service_rating"": 1, ""atmosphere"": 3}"
Cafe 27,,"18th Cross Rd, Sector 2, HSR Layout, Bengaluru, Karnataka 560102",12.9112282,77.6522832,Kerala restaurant,,ChdDSUhNMG9nS0VJQ0FnSURQdXRMNG93RRAB,Cafe 27,Kaushik Ganguly,113083797958416463583,True,5,,0,a year ago,"{""dining_mode"": ""Dine in"", ""meal_type"": ""Breakfast"", ""price_per_person"": ""₹1–200"", ""food"": 5, ""service_rating"": 4, ""atmosphere"": 4}"
Cafe 27,,"18th Cross Rd, Sector 2, HSR Layout, Bengaluru, Karnataka 560102",12.9112282,77.6522832,Kerala restaurant,,ChZDSUhNMG9nS0VJQ0FnSURQNHNqUVhnEAE,Cafe 27,bennet morais,107275435229239215290,True,4,,0,a year ago,"{""dining_mode"": ""Dine in"", ""meal_type"": ""Lunch"", ""price_per_person"": ""₹1–200"", ""food"": 4, ""service_rating"": 4, ""atmosphere"": 3}"
Cafe 27,,"18th Cross Rd, Sector 2, HSR Layout, Bengaluru, Karnataka 560102",12.9112282,77.6522832,Kerala restaurant,,ChZDSUhNMG9nS0VJQ0FnSUNQMVpma05BEAE,Cafe 27,Vaishakh,118043301368378593516,True,5,,0,a year ago,"{""dining_mode"": ""Dine in"", ""meal_type"": ""Dinner"", ""price_per_person"": ""₹200–400"", ""food"": 5, ""service_rating"": 5, ""atmosphere"": 4}"
Cafe 27,,"18th Cross Rd, Sector 2, HSR Layout, Bengaluru, Karnataka 560102",12.9112282,77.6522832,Kerala restaurant,,ChdDSUhNMG9nS0VJQ0FnSUNQbFpTdXF3RRAB,Cafe 27,Sreeraj P,102970577028701968323,True,4,Good food but a bit overpriced. Tea is not so great but there is always a long queue for Tea.,0,a year ago,"{""dining_mode"": ""Dine in"", ""meal_type"": ""Lunch"", ""price_per_person"": ""₹1–200"", ""food"": 4, ""service_rating"": 3, ""atmosphere"": 4, ""recommended_dishes"": ""Malabar Biryani""}"
Cafe 27,,"18th Cross Rd, Sector 2, HSR Layout, Bengaluru, Karnataka 560102",12.9112282,77.6522832,Kerala restaurant,,ChdDSUhNMG9nS0VJQ0FnSUNQenM2ZW5RRRAB,Cafe 27,Anoop Alakkat,109256368848938396777,True,4,,0,a year ago,"{""dining_mode"": ""Dine in"", ""meal_type"": ""Lunch"", ""price_per_person"": ""₹1–200"", ""food"": 4, ""service_rating"": 4, ""atmosphere"": 4, ""recommended_dishes"": ""Kerala Meal""}"
Cafe 27,,"18th Cross Rd, Sector 2, HSR Layout, Bengaluru, Karnataka 560102",12.9112282,77.6522832,Kerala restaurant,,ChZDSUhNMG9nS0VJQ0FnSUNQem9DVlNnEAE,Cafe 27,Sruthy,108594347697424429122,False,1,"Very pathetic service,the waiters at the restaurant are very rude,very cheap quality food, not going back there.",0,a year ago,"{""dining_mode"": ""Dine in"", ""meal_type"": ""Breakfast"", ""price_per_person"": ""₹1–200"", ""food"": 1, ""service_rating"": 1, ""atmosphere"": 1}"
Cafe 27,,"18th Cross Rd, Sector 2, HSR Layout, Bengaluru, Karnataka 560102",12.9112282,77.6522832,Kerala restaurant,,ChdDSUhNMG9nS0VJQ0FnSUNQdU1mWHBRRRAB,Cafe 27,Rajesh Nambiar,100861169549652393209,True,5,,0,a year ago,"{""dining_mode"": ""Dine in""}"
Cafe 27,,"18th Cross Rd, Sector 2, HSR Layout, Bengaluru, Karnataka 560102",12.9112282,77.6522832,Kerala restaurant,,ChZDSUhNMG9nS0VJQ0FnSUNYMzdLcEtnEAE,Cafe 27,Saurabh Mittal,105222407480892072796,True,5,,0,Edited a year ago,"{""dining_mode"": ""Dine in"", ""meal_type"": ""Brunch"", ""food"": 5, ""service_rating"": 5, ""atmosphere"": 5}"
Cafe 27,,"18th Cross Rd, Sector 2, HSR Layout, Bengaluru, Karnataka 560102",12.9112282,77.6522832,Kerala restaurant,,ChZDSUhNMG9nS0VJQ0FnSUQzN2NxQUVnEAE,Cafe 27,George Cv,108249875336281396428,True,1,"PLZ DONT VISIT ..  I visited this place many times like a regular customer even though I don’t like the attitude of the staff still I go as a Mallu but today I ordered an appam egg curry ..trust me the egg curry was like just made out of Daniya powder and it was like the daniya powder just poured on top of the curry , I called the waiter ( one old guy with specs who usually has no patience to listen to the customer ) when showed him the same he says ‘’ Here it’s served like this ‘’  There many nice restaurants are in HSR ..this is truly overrated . PLZZ DONT VISIT",0,a year ago,
Cafe 27,,"18th Cross Rd, Sector 2, HSR Layout, Bengaluru, Karnataka 560102",12.9112282,77.6522832,Kerala restaurant,,ChdDSUhNMG9nS0VJQ0FnSUQzcFpQSW9BRRAB,Cafe 27,Sarath Nair,109279091184260377987,True,4,,0,a year ago,"{""dining_mode"": ""Dine in"", ""meal_type"": ""Dinner"", ""price_per_person"": ""₹200–400"", ""food"": 4, ""service_rating"": 4, ""atmosphere"": 5, ""recommended_dishes"": ""Beef Fry"", ""parking_space"": ""Somewhat difficult to find parking"", ""parking_options"": ""Free street parking""}"
Cafe 27,,"18th Cross Rd, Sector 2, HSR Layout, Bengaluru, Karnataka 560102",12.9112282,77.6522832,Kerala restaurant,,ChdDSUhNMG9nS0VJQ0FnSUQzLVl2MnBBRRAB,Cafe 27,Anil Franklin,102997883434061332067,True,5,,0,a year ago,"{""dining_mode"": ""Dine in"", ""meal_type"": ""Dinner"", ""price_per_person"": ""₹200–400"", ""food"": 5, ""service_rating"": 4, ""atmosphere"": 4}"
Cafe 27,,"18th Cross Rd, Sector 2, HSR Layout, Bengaluru, Karnataka 560102",12.9112282,77.6522832,Kerala restaurant,,ChdDSUhNMG9nS0VJQ0FnSUQzMllxRjFnRRAB,Cafe 27,I AM ARJUN,108092928339364331830,True,5,Good foods,0,a year ago,"{""dining_mode"": ""Dine in"", ""meal_type"": ""Dinner"", ""price_per_person"": ""₹800–1,000"", ""food"": 5, ""service_rating"": 5, ""atmosphere"": 5, ""recommended_dishes"": ""Kerala Meal, Puttu Kadala, Chicken Alfaham"", ""vegetarian_recommendation"": ""Highly recommend"", ""vegetarian_offerings"": ""Not sure"", ""parking_space"": ""Somewhat difficult to find parking"", ""parking_options"": ""Free parking lot""}"
Cafe 27,,"18th Cross Rd, Sector 2, HSR Layout, Bengaluru, Karnataka 560102",12.9112282,77.6522832,Kerala restaurant,,ChdDSUhNMG9nS0VJQ0FnSUQzN3JLN3ZRRRAB,Cafe 27,Ekta Khemchandani,108571126906108488666,True,3,,0,a year ago,"{""dining_mode"": ""Dine in"", ""meal_type"": ""Lunch""}"
Cafe 27,,"18th Cross Rd, Sector 2, HSR Layout, Bengaluru, Karnataka 560102",12.9112282,77.6522832,Kerala restaurant,,ChdDSUhNMG9nS0VJQ0FnSURYaDVXOS1BRRAB,Cafe 27,Abhijith Vijay Yohan,110309382305440669517,True,4,,0,Edited a year ago,"{""dining_mode"": ""Dine in"", ""meal_type"": ""Breakfast"", ""price_per_person"": ""₹1–200"", ""food"": 3, ""service_rating"": 3, ""atmosphere"": 4}"
Cafe 27,,"18th Cross Rd, Sector 2, HSR Layout, Bengaluru, Karnataka 560102",12.9112282,77.6522832,Kerala restaurant,,ChZDSUhNMG9nS0VJQ0FnSUQzeXRlcktnEAE,Cafe 27,Bandwina Khymdeit,105093811838520484232,False,3,,0,a year ago,"{""dining_mode"": ""Delivery"", ""meal_type"": ""Dinner"", ""price_per_person"": ""₹1–200"", ""food"": 3, ""service_rating"": 3, ""atmosphere"": 3, ""recommended_dishes"": ""Kerala Meal, Beef Biriyani, Ayala Fry"", ""wheelchair_accessibility"": ""It have a very good place for people who are differently abled on using wheelchairs we can easily go  wel  very smoothly""}"
Cafe 27,,"18th Cross Rd, Sector 2, HSR Layout, Bengaluru, Karnataka 560102",12.9112282,77.6522832,Kerala restaurant,,ChdDSUhNMG9nS0VJQ0FnSUQzc1BLamx3RRAB,Cafe 27,Vidya Vijayaraghavan,109361144893428807025,True,5,,0,a year ago,"{""dining_mode"": ""Take out"", ""meal_type"": ""Other"", ""food"": 5, ""service_rating"": 5, ""atmosphere"": 5}"
Cafe 27,,"18th Cross Rd, Sector 2, HSR Layout, Bengaluru, Karnataka 560102",12.9112282,77.6522832,Kerala restaurant,,ChZDSUhNMG9nS0VJQ0FnSUMwdHNlRlNREAE,Cafe 27,Dhanya Nambiar,114118254022066872847,True,4,Major hang out point for people who like tea and snacks.amble parking also available,0,Edited a year ago,"{""food"": 4, ""service_rating"": 4, ""atmosphere"": 4}"
Cafe 27,,"18th Cross Rd, Sector 2, HSR Layout, Bengaluru, Karnataka 560102",12.9112282,77.6522832,Kerala restaurant,,ChZDSUhNMG9nS0VJQ0FnSUMzNy1DLWNBEAE,Cafe 27,Nilesh Kumar.K,108183189124289089413,True,4,,0,a year ago,
Cafe 27,,"18th Cross Rd, Sector 2, HSR Layout, Bengaluru, Karnataka 560102",12.9112282,77.6522832,Kerala restaurant,,ChdDSUhNMG9nS0VJQ0FnSUMzdDcydm1BRRAB,Cafe 27,Divya G K,101685125124075813807,True,4,,0,a year ago,"{""dining_mode"": ""Dine in"", ""meal_type"": ""Breakfast"", ""price_per_person"": ""₹1–200"", ""food"": 5, ""service_rating"": 5, ""atmosphere"": 4, ""recommended_dishes"": ""Puttu Kadala, Appam and Egg Curry"", ""vegetarian_recommendation"": ""Highly recommend"", ""parking_options"": ""Free street parking""}"
Cafe 27,,"18th Cross Rd, Sector 2, HSR Layout, Bengaluru, Karnataka 560102",12.9112282,77.6522832,Kerala restaurant,,ChdDSUhNMG9nS0VJQ0FnSUMzNTREUjdBRRAB,Cafe 27,AKSHAY PB,113145284413450766462,True,5,The food is good and the price is reasonable. But it gets really crowded during lunchtime.,0,a year ago,"{""dining_mode"": ""Dine in"", ""meal_type"": ""Lunch"", ""price_per_person"": ""₹200–400"", ""vegetarian_recommendation"": ""Not sure"", ""vegetarian_offerings"": ""Not sure"", ""parking_space"": ""Plenty of parking"", ""parking_options"": ""Free street parking""}"
Cafe 27,,"18th Cross Rd, Sector 2, HSR Layout, Bengaluru, Karnataka 560102",12.9112282,77.6522832,Kerala restaurant,,ChZDSUhNMG9nS0VJQ0FnSUMzOW96Yk13EAE,Cafe 27,Madan Dedhia,101041777624646870060,True,5,"Place is well known for its Kerala style Chai, did have a cup of it and it's good. Nice flavour of raw tea, not blended chai we get in the market. Always crowded in the evenings specially as young folks love to hang around over a cup of chai. Also serves snacks and condiments to eat there or take home. Had a slice of Chatti patri, was delicious and yummy.",0,Edited a year ago,"{""dining_mode"": ""Dine in"", ""meal_type"": ""Brunch"", ""price_per_person"": ""₹1–200"", ""food"": 5, ""service_rating"": 5, ""atmosphere"": 5, ""recommended_dishes"": ""Kerala Meal""}"
Cafe 27,,"18th Cross Rd, Sector 2, HSR Layout, Bengaluru, Karnataka 560102",12.9112282,77.6522832,Kerala restaurant,,ChZDSUhNMG9nS0VJQ0FnSUMzMGZtLVZREAE,Cafe 27,Deepak s n,103884895482024706394,False,4,,0,a year ago,"{""dining_mode"": ""Dine in"", ""meal_type"": ""Brunch"", ""price_per_person"": ""₹400–600"", ""food"": 4, ""service_rating"": 4, ""atmosphere"": 4, ""vegetarian_recommendation"": ""Highly recommend"", ""vegetarian_options"": ""Need to added more items""}"
Cafe 27,,"18th Cross Rd, Sector 2, HSR Layout, Bengaluru, Karnataka 560102",12.9112282,77.6522832,Kerala restaurant,,ChdDSUhNMG9nS0VJQ0FnSUMza1lqV3FBRRAB,Cafe 27,Hithesh K,105944441645036251475,True,4,,0,a year ago,
Cafe 27,,"18th Cross Rd, Sector 2, HSR Layout, Bengaluru, Karnataka 560102",12.9112282,77.6522832,Kerala restaurant,,ChdDSUhNMG9nS0VJQ0FnSUMzdHZfSnF3RRAB,Cafe 27,Harsha Dedhia,100393489214394120308,True,4,,0,a year ago,"{""food"": 4, ""service_rating"": 4, ""atmosphere"": 4}"
Cafe 27,,"18th Cross Rd, Sector 2, HSR Layout, Bengaluru, Karnataka 560102",12.9112282,77.6522832,Kerala restaurant,,ChdDSUhNMG9nS0VJQ0FnSUMzbHItai13RRAB,Cafe 27,Anu!,115584278632069807949,True,5,,0,a year ago,"{""dining_mode"": ""Dine in"", ""meal_type"": ""Brunch"", ""price_per_person"": ""₹400–600"", ""food"": 4, ""service_rating"": 3, ""atmosphere"": 4, ""vegetarian_recommendation"": ""Somewhat recommend"", ""vegetarian_offerings"": ""Not sure""}"
Cafe 27,,"18th Cross Rd, Sector 2, HSR Layout, Bengaluru, Karnataka 560102",12.9112282,77.6522832,Kerala restaurant,,ChZDSUhNMG9nS0VJQ0FnSUMzOHN1NWNBEAE,Cafe 27,Butterfly,117849183274579141517,False,1,,0,a year ago,"{""service_rating"": 1}"
Cafe 27,,"18th Cross Rd, Sector 2, HSR Layout, Bengaluru, Karnataka 560102",12.9112282,77.6522832,Kerala restaurant,,ChdDSUhNMG9nS0VJQ0FnSUMzbk9QVXRRRRAB,Cafe 27,Fakruddin Fakru,113242183345006444862,False,5,,0,a year ago,"{""meal_type"": ""Breakfast"", ""food"": 5, ""service_rating"": 5, ""atmosphere"": 5}"
Cafe 27,,"18th Cross Rd, Sector 2, HSR Layout, Bengaluru, Karnataka 560102",12.9112282,77.6522832,Kerala restaurant,,ChdDSUhNMG9nS0VJQ0FnSUMzbk1iVXp3RRAB,Cafe 27,Raijo V James,118288741933459150777,True,3,"Went to try the famous(friends suggestion) beef items, but by 12PM itself it was over! So I had meals with kingfish fry. The issue was the cost! A small fish costs ₹240! Also the service is not the great! Would try again for the beef  roast, lets see😉",0,a year ago,"{""dining_mode"": ""Dine in"", ""meal_type"": ""Lunch"", ""price_per_person"": ""₹200–400"", ""food"": 3, ""service_rating"": 3, ""atmosphere"": 3}"
Cafe 27,,"18th Cross Rd, Sector 2, HSR Layout, Bengaluru, Karnataka 560102",12.9112282,77.6522832,Kerala restaurant,,ChdDSUhNMG9nS0VJQ0FnSUMzdE83N3BBRRAB,Cafe 27,ADWAITH,108667471011654916152,True,5,"I tried the biriyani here for lunch, and it was really good! Tasted just like authentic Malabar biriyani – the flavors were spot on and made for a satisfying meal. They also have a great selection of Kerala snacks in the evening, which is a nice touch. The only downside is that the price is a bit on the higher side compared to other Kerala restaurants. Still, if you’re craving a good Malabar biriyani and some tasty snacks, this place is worth a visit!",0,a year ago,"{""dining_mode"": ""Dine in"", ""meal_type"": ""Lunch"", ""price_per_person"": ""₹200–400"", ""food"": 5, ""service_rating"": 5, ""atmosphere"": 5, ""recommended_dishes"": ""Kerala Meal""}"
Cafe 27,,"18th Cross Rd, Sector 2, HSR Layout, Bengaluru, Karnataka 560102",12.9112282,77.6522832,Kerala restaurant,,ChdDSUhNMG9nS0VJQ0FnSURZX3BTR253RRAB,Cafe 27,Jagannathan Srinivasamurthy,103995470005892181191,True,5,"Good kerala restaurant.  If you love kerala non-vegetarian food, this is the place to go.  Breakfast is good for vegetarians.  I would not recommend vegetarian lunch and dinner here as it can be very uncomfortable to vegetarian food here.  Snacks like pazhampori (banana fry), parippuvada etc are good.  Do not forget kerala style chaya (tea)",0,Edited a year ago,"{""dining_mode"": ""Dine in"", ""meal_type"": ""Breakfast"", ""price_per_person"": ""₹1–200"", ""food"": 5, ""service_rating"": 5, ""atmosphere"": 5, ""recommended_dishes"": ""Puttu Kadala"", ""vegetarian_recommendation"": ""Somewhat recommend"", ""vegetarian_offerings"": ""Vegetarian menu or section"", ""vegetarian_options"": ""Not much for vegetarians..."", ""dietary_restrictions"": ""Puttu etc are glutan free"", ""parking_space"": ""Plenty of parking"", ""parking_options"": ""Free parking lot, Free street parking"", ""parking_notes"": ""Parking is very steep. Careful"", ""kid_friendliness"": ""Pazhampori is yummy"", ""wheelchair_accessibility"": ""Accessible""}"
Cafe 27,,"18th Cross Rd, Sector 2, HSR Layout, Bengaluru, Karnataka 560102",12.9112282,77.6522832,Kerala restaurant,,ChdDSUhNMG9nS0VJQ0FnSURveE9Qbjl3RRAB,Cafe 27,Nithin,105699478816529614168,True,3,"Food quality is great..Slightly expensive than other Kerala food joints. Chicken biriyani, Kerala meals are must try.  Update (11/2/24) Con - Service/Waiter behaviour, especially there's a short-guy (""experienced""), behaves differently depending on his mood.. When I had to order additional tea, he says ""ഒന്നിച്ചു പറഞ്ഞൂടെ വേറെ customers കണ്ടൂടെ.."" (can't you see there are other customers). That's not an acceptable behaviour.  ഇത് പോലുള്ള ഒരാൾ മതി.. മടുപിക്കാൻ!",0,Edited a year ago,"{""dining_mode"": ""Dine in"", ""meal_type"": ""Dinner"", ""food"": 5, ""service_rating"": 1, ""atmosphere"": 5}"
Cafe 27,,"18th Cross Rd, Sector 2, HSR Layout, Bengaluru, Karnataka 560102",12.9112282,77.6522832,Kerala restaurant,,ChdDSUhNMG9nS0VJQ0FnSUMzc091R3l3RRAB,Cafe 27,Syed Shafiq,110148143087826654507,False,5,,0,a year ago,
Cafe 27,,"18th Cross Rd, Sector 2, HSR Layout, Bengaluru, Karnataka 560102",12.9112282,77.6522832,Kerala restaurant,,ChdDSUhNMG9nS0VJQ0FnSURYMzZIZzdnRRAB,Cafe 27,Jaseer R,112033970043410656685,True,5,,0,a year ago,"{""food"": 5, ""service_rating"": 5, ""atmosphere"": 5}"
Cafe 27,,"18th Cross Rd, Sector 2, HSR Layout, Bengaluru, Karnataka 560102",12.9112282,77.6522832,Kerala restaurant,,ChZDSUhNMG9nS0VJQ0FnSURYMzVqcVRREAE,Cafe 27,Anup Chandran,115061084770134189197,True,4,,0,a year ago,"{""dining_mode"": ""Dine in"", ""meal_type"": ""Other"", ""price_per_person"": ""₹1–200"", ""food"": 4, ""service_rating"": 3, ""atmosphere"": 2}"
Cafe 27,,"18th Cross Rd, Sector 2, HSR Layout, Bengaluru, Karnataka 560102",12.9112282,77.6522832,Kerala restaurant,,ChZDSUhNMG9nS0VJQ0FnSURYcjVudUJBEAE,Cafe 27,Swaroop Madhu,116242768321777383356,False,3,,0,a year ago,"{""dining_mode"": ""Dine in"", ""meal_type"": ""Other"", ""price_per_person"": ""₹1–200"", ""recommended_dishes"": ""Masala Vada"", ""vegetarian_recommendation"": ""Not sure"", ""vegetarian_offerings"": ""Not sure"", ""parking_space"": ""Somewhat difficult to find parking"", ""parking_options"": ""Free street parking""}"
Cafe 27,,"18th Cross Rd, Sector 2, HSR Layout, Bengaluru, Karnataka 560102",12.9112282,77.6522832,Kerala restaurant,,ChdDSUhNMG9nS0VJQ0FnSURYel83T25nRRAB,Cafe 27,Vijay Prakasha,109547449809893586476,True,5,,0,a year ago,
Cafe 27,,"18th Cross Rd, Sector 2, HSR Layout, Bengaluru, Karnataka 560102",12.9112282,77.6522832,Kerala restaurant,,ChZDSUhNMG9nS0VJQ0FnSURYMjhTVGVBEAE,Cafe 27,Dheeraj Nair,106815619112824308807,True,5,,0,a year ago,"{""dining_mode"": ""Dine in"", ""meal_type"": ""Lunch"", ""price_per_person"": ""₹200–400"", ""food"": 5, ""service_rating"": 5, ""atmosphere"": 5, ""recommended_dishes"": ""Kerala Meal, Puttu Kadala, Beef Biriyani""}"
Cafe 27,,"18th Cross Rd, Sector 2, HSR Layout, Bengaluru, Karnataka 560102",12.9112282,77.6522832,Kerala restaurant,,ChdDSUhNMG9nS0VJQ0FnSUM5c19tY2d3RRAB,Cafe 27,Manjusha,115856943447306958043,True,3,"Ordered CB which didn't taste well it was average, too salty. Kerala Snacks items is good",0,Edited a year ago,"{""food"": 1}"
Cafe 27,,"18th Cross Rd, Sector 2, HSR Layout, Bengaluru, Karnataka 560102",12.9112282,77.6522832,Kerala restaurant,,ChZDSUhNMG9nS0VJQ0FnSURYdmRudFNnEAE,Cafe 27,GK Mobile,103991123602112243138,True,3,,0,a year ago,
Cafe 27,,"18th Cross Rd, Sector 2, HSR Layout, Bengaluru, Karnataka 560102",12.9112282,77.6522832,Kerala restaurant,,ChdDSUhNMG9nS0VJQ0FnSURYN3RQWmpnRRAB,Cafe 27,Sathvik S Bangera,113514423471838158958,True,4,Good place. Food was awesome.,0,a year ago,"{""dining_mode"": ""Dine in"", ""meal_type"": ""Dinner"", ""price_per_person"": ""₹1–200"", ""food"": 4, ""service_rating"": 4, ""atmosphere"": 4, ""parking_space"": ""Somewhat difficult to find parking""}"
Cafe 27,,"18th Cross Rd, Sector 2, HSR Layout, Bengaluru, Karnataka 560102",12.9112282,77.6522832,Kerala restaurant,,ChZDSUhNMG9nS0VJQ0FnSURYcnY3VmZnEAE,Cafe 27,Tom Jose,118383102228734400323,True,1,,0,a year ago,"{""dining_mode"": ""Delivery"", ""meal_type"": ""Other""}"
Cafe 27,,"18th Cross Rd, Sector 2, HSR Layout, Bengaluru, Karnataka 560102",12.9112282,77.6522832,Kerala restaurant,,ChdDSUhNMG9nS0VJQ0FnSURYekliSXpRRRAB,Cafe 27,Vivek vp,103453877526851945801,True,5,,0,a year ago,"{""price_per_person"": ""₹200–400"", ""food"": 5, ""service_rating"": 5, ""atmosphere"": 5, ""recommended_dishes"": ""Beef Biriyani""}"
Cafe 27,,"18th Cross Rd, Sector 2, HSR Layout, Bengaluru, Karnataka 560102",12.9112282,77.6522832,Kerala restaurant,,ChdDSUhNMG9nS0VJQ0FnSURYNk1DTF93RRAB,Cafe 27,A B,104399392424319149536,True,4,We tried Chicken Biriyani & Poth Biriyani Taste wise both dishes are delicious . must try  Service also very good  Kerala snaks are also available,0,a year ago,"{""dining_mode"": ""Dine in"", ""meal_type"": ""Lunch"", ""food"": 4, ""service_rating"": 4, ""atmosphere"": 4, ""recommended_dishes"": ""Beef Biriyani, Chicken Alfaham, Masala Vada""}"
Cafe 27,,"18th Cross Rd, Sector 2, HSR Layout, Bengaluru, Karnataka 560102",12.9112282,77.6522832,Kerala restaurant,,ChZDSUhNMG9nS0VJQ0FnSURYZ0lQNllREAE,Cafe 27,sumesh v s,106490671548247790626,True,3,,0,a year ago,"{""food"": 3, ""service_rating"": 5, ""atmosphere"": 4}"
Cafe 27,,"18th Cross Rd, Sector 2, HSR Layout, Bengaluru, Karnataka 560102",12.9112282,77.6522832,Kerala restaurant,,ChZDSUhNMG9nS0VJQ0FnSUNYcjhtZFV3EAE,Cafe 27,rupa singh,117256988170619487827,True,5,It’s a good place for some nicely brewed coffee,0,a year ago,"{""food"": 5, ""service_rating"": 4, ""atmosphere"": 3}"
Cafe 27,,"18th Cross Rd, Sector 2, HSR Layout, Bengaluru, Karnataka 560102",12.9112282,77.6522832,Kerala restaurant,,ChdDSUhNMG9nS0VJQ0FnSUNYOS1URy1nRRAB,Cafe 27,Arunima Anand,101903410765576570526,True,3,,0,a year ago,"{""dining_mode"": ""Dine in"", ""meal_type"": ""Lunch"", ""price_per_person"": ""₹200–400"", ""food"": 3, ""service_rating"": 3, ""atmosphere"": 3}"
Cafe 27,,"18th Cross Rd, Sector 2, HSR Layout, Bengaluru, Karnataka 560102",12.9112282,77.6522832,Kerala restaurant,,ChdDSUhNMG9nS0VJQ0FnSUNYMTh1ZGl3RRAB,Cafe 27,John Page Louis,100730037811605238887,True,3,,0,a year ago,
Cafe 27,,"18th Cross Rd, Sector 2, HSR Layout, Bengaluru, Karnataka 560102",12.9112282,77.6522832,Kerala restaurant,,ChZDSUhNMG9nS0VJQ0FnSUNYbDVyUUJREAE,Cafe 27,Mishab Musthafa,113459215140451950251,True,3,"Good food, Consistent in taste but a bit expensive compared to other kerala cuisine restaurants",0,a year ago,"{""dining_mode"": ""Dine in"", ""meal_type"": ""Brunch"", ""price_per_person"": ""₹600–800"", ""food"": 4, ""service_rating"": 4, ""atmosphere"": 4, ""recommended_dishes"": ""Beef Biriyani, Ayala Fry, Chicken Alfaham, Fried Fish, Beef Fry, Malabar Biryani""}"
Cafe 27,,"18th Cross Rd, Sector 2, HSR Layout, Bengaluru, Karnataka 560102",12.9112282,77.6522832,Kerala restaurant,,ChdDSUhNMG9nS0VJQ0FnSUNYcF9lSDhRRRAB,Cafe 27,austin francies,101244527290261013559,True,3,,0,a year ago,
Cafe 27,,"18th Cross Rd, Sector 2, HSR Layout, Bengaluru, Karnataka 560102",12.9112282,77.6522832,Kerala restaurant,,ChdDSUhNMG9nS0VJQ0FnSUNYMDViYXlnRRAB,Cafe 27,Revathi V,111337653466445267930,True,4,,0,a year ago,"{""dining_mode"": ""Dine in"", ""meal_type"": ""Brunch"", ""price_per_person"": ""₹1–200"", ""food"": 5, ""service_rating"": 4, ""atmosphere"": 3, ""recommended_dishes"": ""Puttu Kadala"", ""vegetarian_recommendation"": ""Highly recommend""}"
Cafe 27,,"18th Cross Rd, Sector 2, HSR Layout, Bengaluru, Karnataka 560102",12.9112282,77.6522832,Kerala restaurant,,ChdDSUhNMG9nS0VJQ0FnSUNYdlpiZGpnRRAB,Cafe 27,Nawaz Ahmed S,116681579543463826005,True,4,,0,a year ago,
Cafe 27,,"18th Cross Rd, Sector 2, HSR Layout, Bengaluru, Karnataka 560102",12.9112282,77.6522832,Kerala restaurant,,ChdDSUhNMG9nS0VJQ0FnSUNYamNDcnJ3RRAB,Cafe 27,Abhijith A,117741846619044385933,True,5,,0,a year ago,
Cafe 27,,"18th Cross Rd, Sector 2, HSR Layout, Bengaluru, Karnataka 560102",12.9112282,77.6522832,Kerala restaurant,,ChdDSUhNMG9nS0VJQ0FnSUNYaGVHUS1RRRAB,Cafe 27,jacob joseph,104200251225647421812,False,5,,0,a year ago,"{""food"": 5, ""service_rating"": 5, ""atmosphere"": 5}"
Cafe 27,,"18th Cross Rd, Sector 2, HSR Layout, Bengaluru, Karnataka 560102",12.9112282,77.6522832,Kerala restaurant,,ChZDSUhNMG9nS0VJQ0FnSUNYMGV2UFVBEAE,Cafe 27,Robin,109691294966727149434,True,5,,0,a year ago,
Cafe 27,,"18th Cross Rd, Sector 2, HSR Layout, Bengaluru, Karnataka 560102",12.9112282,77.6522832,Kerala restaurant,,ChdDSUhNMG9nS0VJQ0FnSUNYX3VlQTNRRRAB,Cafe 27,Samisha gowda,108263216765526459277,False,5,,0,a year ago,"{""food"": 5, ""service_rating"": 5, ""atmosphere"": 5}"
Cafe 27,,"18th Cross Rd, Sector 2, HSR Layout, Bengaluru, Karnataka 560102",12.9112282,77.6522832,Kerala restaurant,,ChdDSUhNMG9nS0VJQ0FnSUNYOXNLQzNRRRAB,Cafe 27,Avany KP,102200153332807202876,True,5,,0,a year ago,"{""dining_mode"": ""Dine in"", ""meal_type"": ""Brunch"", ""price_per_person"": ""₹1–200"", ""food"": 5, ""service_rating"": 5, ""atmosphere"": 5, ""recommended_dishes"": ""Malabar Biryani""}"
Cafe 27,,"18th Cross Rd, Sector 2, HSR Layout, Bengaluru, Karnataka 560102",12.9112282,77.6522832,Kerala restaurant,,ChdDSUhNMG9nS0VJQ0FnSUNYa05tb2lBRRAB,Cafe 27,Frank Dino,103810979018413353054,True,4,,0,a year ago,"{""dining_mode"": ""Dine in"", ""meal_type"": ""Lunch"", ""price_per_person"": ""₹200–400"", ""food"": 4, ""service_rating"": 4, ""atmosphere"": 4, ""recommended_dishes"": ""Kerala Meal, Puttu Kadala""}"
Cafe 27,,"18th Cross Rd, Sector 2, HSR Layout, Bengaluru, Karnataka 560102",12.9112282,77.6522832,Kerala restaurant,,ChZDSUhNMG9nS0VJQ0FnSUR5eExtWGJBEAE,Cafe 27,Nidhin Jose,110888243760783980106,True,2,This time the food was not so great 😕,0,Edited a year ago,"{""dining_mode"": ""Dine in"", ""meal_type"": ""Dinner"", ""price_per_person"": ""₹1–200"", ""food"": 2, ""service_rating"": 4, ""atmosphere"": 4}"
Cafe 27,,"18th Cross Rd, Sector 2, HSR Layout, Bengaluru, Karnataka 560102",12.9112282,77.6522832,Kerala restaurant,,ChZDSUhNMG9nS0VJQ0FnSURuaTd2R1FBEAE,Cafe 27,Joel Lazar,110518808428982720193,False,3,,0,a year ago,
Cafe 27,,"18th Cross Rd, Sector 2, HSR Layout, Bengaluru, Karnataka 560102",12.9112282,77.6522832,Kerala restaurant,,ChZDSUhNMG9nS0VJQ0FnSUMwXzlXTUN3EAE,Cafe 27,Akhil Panyamparambil,115694007218319770017,True,5,Good kerala food.,0,Edited a year ago,"{""food"": 5, ""service_rating"": 5, ""atmosphere"": 5}"
Cafe 27,,"18th Cross Rd, Sector 2, HSR Layout, Bengaluru, Karnataka 560102",12.9112282,77.6522832,Kerala restaurant,,ChZDSUhNMG9nS0VJQ0FnSURuLVlxdFRBEAE,Cafe 27,Himanshu Gupta,107814463702652478120,False,1,Bad food and bad service,0,a year ago,"{""food"": 1, ""service_rating"": 1}"
Cafe 27,,"18th Cross Rd, Sector 2, HSR Layout, Bengaluru, Karnataka 560102",12.9112282,77.6522832,Kerala restaurant,,ChZDSUhNMG9nS0VJQ0FnSURuNGU3OVFREAE,Cafe 27,Parimal Bajpai,111425961195494303070,True,5,Good tea,0,a year ago,"{""atmosphere"": 5}"
Cafe 27,,"18th Cross Rd, Sector 2, HSR Layout, Bengaluru, Karnataka 560102",12.9112282,77.6522832,Kerala restaurant,,ChZDSUhNMG9nS0VJQ0FnSURudnRmcmN3EAE,Cafe 27,Hemanth singh,111044468904243349265,True,5,,0,a year ago,
Cafe 27,,"18th Cross Rd, Sector 2, HSR Layout, Bengaluru, Karnataka 560102",12.9112282,77.6522832,Kerala restaurant,,ChZDSUhNMG9nS0VJQ0FnSURuNXJYQVZ3EAE,Cafe 27,yusuf pajanigar,114193274394621342818,True,4,,0,a year ago,
Cafe 27,,"18th Cross Rd, Sector 2, HSR Layout, Bengaluru, Karnataka 560102",12.9112282,77.6522832,Kerala restaurant,,ChdDSUhNMG9nS0VJQ0FnSURuNU4tRHlBRRAB,Cafe 27,Vipin Ratnakaran,117201016920353297519,True,5,"They open till midnight and serve good food throughout. Taste is not something above this world, but good service , quality food and ambiance and cleanliness are very acceptable. Overall this is a good place to dine in. And thanks for keeping it open till mid night.",0,a year ago,"{""dining_mode"": ""Dine in"", ""meal_type"": ""Dinner"", ""price_per_person"": ""₹200–400"", ""food"": 3, ""service_rating"": 4, ""atmosphere"": 3, ""recommended_dishes"": ""Chicken Alfaham, Beef Fry"", ""parking_space"": ""Somewhat difficult to find parking"", ""parking_options"": ""Free parking lot"", ""parking_notes"": ""4-5 cars can be parker in front of the restaurant and there is an empty space next tk the restaurant beside the road as well.""}"
Cafe 27,,"18th Cross Rd, Sector 2, HSR Layout, Bengaluru, Karnataka 560102",12.9112282,77.6522832,Kerala restaurant,,ChZDSUhNMG9nS0VJQ0FnSURuNUxHVFZ3EAE,Cafe 27,Jose Antony,101993000779240244300,True,5,"Nice hotel in HSR Layout, Bangalore for Kerala style food. Their tea and snack stall is awesome",0,a year ago,"{""dining_mode"": ""Dine in"", ""meal_type"": ""Lunch"", ""price_per_person"": ""₹1–200"", ""food"": 5, ""service_rating"": 5, ""atmosphere"": 5}"
Cafe 27,,"18th Cross Rd, Sector 2, HSR Layout, Bengaluru, Karnataka 560102",12.9112282,77.6522832,Kerala restaurant,,ChZDSUhNMG9nS0VJQ0FnSURua0tfZk9REAE,Cafe 27,Natasha Sharma,106826538198925441941,False,1,Very  bad service,0,a year ago,"{""food"": 1, ""service_rating"": 1, ""atmosphere"": 1}"
Cafe 27,,"18th Cross Rd, Sector 2, HSR Layout, Bengaluru, Karnataka 560102",12.9112282,77.6522832,Kerala restaurant,,ChdDSUhNMG9nS0VJQ0FnSUNubjVyRGdnRRAB,Cafe 27,Jyothish VM,102589446088912379378,True,5,,0,a year ago,"{""dining_mode"": ""Dine in"", ""meal_type"": ""Lunch"", ""price_per_person"": ""₹800–1,000"", ""food"": 5, ""service_rating"": 4, ""atmosphere"": 4, ""recommended_dishes"": ""Malabar Biryani, Kerala Chicken Biryani"", ""parking_space"": ""Plenty of parking"", ""parking_options"": ""Free parking lot, Free street parking""}"
Cafe 27,,"18th Cross Rd, Sector 2, HSR Layout, Bengaluru, Karnataka 560102",12.9112282,77.6522832,Kerala restaurant,,ChZDSUhNMG9nS0VJQ0FnSUNuNzZHTlBnEAE,Cafe 27,prashant kushwaha,105236529858595880160,True,5,,0,a year ago,
Cafe 27,,"18th Cross Rd, Sector 2, HSR Layout, Bengaluru, Karnataka 560102",12.9112282,77.6522832,Kerala restaurant,,ChdDSUhNMG9nS0VJQ0FnSUNuejRuejNRRRAB,Cafe 27,Monika Nepolion,116804119675186478914,False,5,,0,a year ago,
Cafe 27,,"18th Cross Rd, Sector 2, HSR Layout, Bengaluru, Karnataka 560102",12.9112282,77.6522832,Kerala restaurant,,ChZDSUhNMG9nS0VJQ0FnSUNuajRXZUhREAE,Cafe 27,Anupriya Vijayan,106920297162774309542,False,5,,0,a year ago,"{""dining_mode"": ""Dine in"", ""price_per_person"": ""₹1–200"", ""food"": 5, ""service_rating"": 5, ""atmosphere"": 5}"
Cafe 27,,"18th Cross Rd, Sector 2, HSR Layout, Bengaluru, Karnataka 560102",12.9112282,77.6522832,Kerala restaurant,,ChdDSUhNMG9nS0VJQ0FnSUNudDVQcmpnRRAB,Cafe 27,Suhail Bin Ashraf,117797671172863565295,True,5,,0,a year ago,"{""dining_mode"": ""Dine in"", ""meal_type"": ""Other"", ""food"": 4, ""service_rating"": 3, ""atmosphere"": 4}"
Cafe 27,,"18th Cross Rd, Sector 2, HSR Layout, Bengaluru, Karnataka 560102",12.9112282,77.6522832,Kerala restaurant,,ChdDSUhNMG9nS0VJQ0FnSUNuMl9mdG1BRRAB,Cafe 27,Parvees Ahamed B S,116951585038216385844,True,5,Nice food,0,a year ago,"{""dining_mode"": ""Dine in"", ""meal_type"": ""Other"", ""price_per_person"": ""₹1–200"", ""food"": 5, ""service_rating"": 5, ""atmosphere"": 5, ""parking_space"": ""Plenty of parking"", ""parking_options"": ""Free parking lot""}"
Cafe 27,,"18th Cross Rd, Sector 2, HSR Layout, Bengaluru, Karnataka 560102",12.9112282,77.6522832,Kerala restaurant,,ChZDSUhNMG9nS0VJQ0FnSUNuaTZpOEtREAE,Cafe 27,Satya Narayana,102818938698779642536,False,1,"After recently visiting Alappuzha for Onam, I was craving Kerala's banana fritters and tea. I decided to visit this place, as I have known this shop since it operated from a small hut across the road from its current location. Over the years, I have noticed a clear pattern in how they treat customers.  Despite being a long-time visitor, the staff and management consistently seem to prioritize Malayali customers, making others feel less welcome. THEY GIVE PREFERENCE ONLY TO MALYALIS . This behavior has been DISAPPOINTING, and while I have overlooked it in the past because the food is occasionally good, today I was especially frustrated. The preference given to Malayalis was so blatant that, out of anger, I threw my chai glass into the pot instead of putting it back at the tea stall .  I regret letting my frustration get the better of me, but it reflects how upsetting the experience was. Food is one thing, but customer service and respect should be consistent, regardless of where someone is from",0,a year ago,"{""dining_mode"": ""Dine in"", ""meal_type"": ""Other"", ""price_per_person"": ""₹1–200"", ""food"": 1, ""service_rating"": 1, ""atmosphere"": 1}"
Cafe 27,,"18th Cross Rd, Sector 2, HSR Layout, Bengaluru, Karnataka 560102",12.9112282,77.6522832,Kerala restaurant,,ChZDSUhNMG9nS0VJQ0FnSUNuazREb0h3EAE,Cafe 27,Mahesh Venkitachalam,113940342803665716873,True,2,"Improve Maadi, Chettaa! I’ve been coming here for years because like many people from Kerala, I feel nostalgic about Malayali food from time to time. They serve the usual stuff like puttu, aappam, poori, pazham pori, kadala curry, etc. and the food is just above average, which I can put up with. Unfortunately they also have a disorganised, haphazard ordering and billing process, and carry some of the customer unfriendly attitude from back home. I feel they could and should do much better.",0,a year ago,"{""food"": 3, ""service_rating"": 2, ""atmosphere"": 2}"
Cafe 27,,"18th Cross Rd, Sector 2, HSR Layout, Bengaluru, Karnataka 560102",12.9112282,77.6522832,Kerala restaurant,,ChdDSUhNMG9nS0VJQ0FnSUNuamZ5WnJRRRAB,Cafe 27,malik panchara,107733564068037013976,True,1,"Worst staff and cashier, don't know how to behave with the customers.",0,a year ago,"{""food"": 1, ""service_rating"": 1}"
Cafe 27,,"18th Cross Rd, Sector 2, HSR Layout, Bengaluru, Karnataka 560102",12.9112282,77.6522832,Kerala restaurant,,ChZDSUhNMG9nS0VJQ0FnSUNuamJUVEV3EAE,Cafe 27,PRAVEEN CHIRAMMEL,111576992594055256154,True,1,worthless meals. pathetic experience.,0,a year ago,"{""dining_mode"": ""Dine in"", ""meal_type"": ""Lunch"", ""price_per_person"": ""₹1–200"", ""food"": 2, ""service_rating"": 1, ""atmosphere"": 2, ""vegetarian_recommendation"": ""Would not recommend"", ""vegetarian_offerings"": ""Not sure""}"
Cafe 27,,"18th Cross Rd, Sector 2, HSR Layout, Bengaluru, Karnataka 560102",12.9112282,77.6522832,Kerala restaurant,,ChdDSUhNMG9nS0VJQ0FnSURPMFlEdzZnRRAB,Cafe 27,Rajesh,116848538697455525020,True,4,Meals and Biriyanis are good. Evening snacks are very good. Can be very crowded during lunch time.,0,Edited a year ago,"{""dining_mode"": ""Dine in"", ""meal_type"": ""Lunch"", ""price_per_person"": ""₹200–400"", ""food"": 4, ""service_rating"": 5, ""atmosphere"": 5}"
Cafe 27,,"18th Cross Rd, Sector 2, HSR Layout, Bengaluru, Karnataka 560102",12.9112282,77.6522832,Kerala restaurant,,ChZDSUhNMG9nS0VJQ0FnSUNuNGFqTVhBEAE,Cafe 27,manu jolly,107850950139328101465,True,3,,0,a year ago,"{""food"": 2, ""service_rating"": 3, ""atmosphere"": 5}"
Cafe 27,,"18th Cross Rd, Sector 2, HSR Layout, Bengaluru, Karnataka 560102",12.9112282,77.6522832,Kerala restaurant,,ChZDSUhNMG9nS0VJQ0FnSUNuX3BuSlFBEAE,Cafe 27,Juvairiya Ak,114774119154097166883,False,5,,0,a year ago,
Cafe 27,,"18th Cross Rd, Sector 2, HSR Layout, Bengaluru, Karnataka 560102",12.9112282,77.6522832,Kerala restaurant,,ChZDSUhNMG9nS0VJQ0FnSUNuaHZ2RFdREAE,Cafe 27,BINU PHILIP,102410660244791101883,True,4,Kerala style food and snacks,0,a year ago,"{""food"": 3, ""service_rating"": 3, ""atmosphere"": 4}"
Cafe 27,,"18th Cross Rd, Sector 2, HSR Layout, Bengaluru, Karnataka 560102",12.9112282,77.6522832,Kerala restaurant,,ChdDSUhNMG9nS0VJQ0FnSUNuNG9yLTdBRRAB,Cafe 27,Nomad,115629104437371163827,True,5,,0,a year ago,"{""dining_mode"": ""Dine in"", ""meal_type"": ""Brunch"", ""price_per_person"": ""₹200–400"", ""food"": 5, ""service_rating"": 5, ""atmosphere"": 5, ""recommended_dishes"": ""Fried Fish, Poori, Beef Fry, Neer Dosa, Malabar Biryani, Appam and Egg Curry, Kerala Chicken Biryani""}"
Cafe 27,,"18th Cross Rd, Sector 2, HSR Layout, Bengaluru, Karnataka 560102",12.9112282,77.6522832,Kerala restaurant,,ChZDSUhNMG9nS0VJQ0FnSUNub3NYbVZREAE,Cafe 27,Anagha Shaji,114918572936971641618,True,4,,0,a year ago,"{""dining_mode"": ""Dine in"", ""meal_type"": ""Lunch"", ""price_per_person"": ""₹200–400"", ""recommended_dishes"": ""Malabar Biryani""}"
Cafe 27,,"18th Cross Rd, Sector 2, HSR Layout, Bengaluru, Karnataka 560102",12.9112282,77.6522832,Kerala restaurant,,ChZDSUhNMG9nS0VJQ0FnSUNuN1BmUFFBEAE,Cafe 27,Sachin Shyam sundar,109926626396991003292,False,5,,0,a year ago,"{""food"": 5, ""service_rating"": 5, ""atmosphere"": 5}"
Cafe 27,,"18th Cross Rd, Sector 2, HSR Layout, Bengaluru, Karnataka 560102",12.9112282,77.6522832,Kerala restaurant,,ChdDSUhNMG9nS0VJQ0FnSURIMjhDMy1nRRAB,Cafe 27,Manjunath Vishwanath,117885075615671818574,True,4,Nice Kerala meals and fish fry,0,a year ago,"{""dining_mode"": ""Dine in"", ""meal_type"": ""Lunch"", ""price_per_person"": ""₹400–600"", ""food"": 4, ""service_rating"": 5, ""atmosphere"": 2, ""recommended_dishes"": ""Fried Fish"", ""vegetarian_recommendation"": ""Somewhat recommend"", ""vegetarian_offerings"": ""Clearly labeled vegetarian dishes"", ""parking_space"": ""Plenty of parking"", ""parking_options"": ""Free parking lot, Free street parking""}"
Cafe 27,,"18th Cross Rd, Sector 2, HSR Layout, Bengaluru, Karnataka 560102",12.9112282,77.6522832,Kerala restaurant,,ChdDSUhNMG9nS0VJQ0FnSURINDlpOGtBRRAB,Cafe 27,SOUMYA RAJESH,102799898174312470185,True,3,,0,a year ago,"{""food"": 5, ""service_rating"": 5, ""atmosphere"": 3}"
Cafe 27,,"18th Cross Rd, Sector 2, HSR Layout, Bengaluru, Karnataka 560102",12.9112282,77.6522832,Kerala restaurant,,ChZDSUhNMG9nS0VJQ0FnSURIdmFyLURREAE,Cafe 27,Bharath Kumar M,109148600405459172336,True,5,Kerala style good must try.  Veg meals with fish or chicken.  Sambar and pappadam are my favorite.,0,a year ago,"{""dining_mode"": ""Dine in"", ""meal_type"": ""Lunch"", ""price_per_person"": ""₹200–400"", ""food"": 5, ""service_rating"": 5, ""atmosphere"": 5, ""recommended_dishes"": ""Kerala Chicken Biryani"", ""vegetarian_recommendation"": ""Highly recommend"", ""vegetarian_options"": ""Veg meals is a must try"", ""parking_options"": ""Free parking lot, Free street parking""}"
Cafe 27,,"18th Cross Rd, Sector 2, HSR Layout, Bengaluru, Karnataka 560102",12.9112282,77.6522832,Kerala restaurant,,ChZDSUhNMG9nS0VJQ0FnSURIOWFTYUZnEAE,Cafe 27,Anupam RS,101036496075133134593,True,1,,0,a year ago,"{""food"": 1, ""service_rating"": 1, ""atmosphere"": 1}"
Cafe 27,,"18th Cross Rd, Sector 2, HSR Layout, Bengaluru, Karnataka 560102",12.9112282,77.6522832,Kerala restaurant,,ChZDSUhNMG9nS0VJQ0FnSURINWVUWUF3EAE,Cafe 27,pankaj netrakar,105323198291906878769,True,5,,0,a year ago,
Cafe 27,,"18th Cross Rd, Sector 2, HSR Layout, Bengaluru, Karnataka 560102",12.9112282,77.6522832,Kerala restaurant,,ChZDSUhNMG9nS0VJQ0FnSURIMFpQN2VBEAE,Cafe 27,Sivakumar KP,102653607648875878244,True,5,,0,a year ago,"{""food"": 4, ""service_rating"": 4, ""atmosphere"": 4}"
Cafe 27,,"18th Cross Rd, Sector 2, HSR Layout, Bengaluru, Karnataka 560102",12.9112282,77.6522832,Kerala restaurant,,ChdDSUhNMG9nS0VJQ0FnSURIM05MVndRRRAB,Cafe 27,Akhil Pillai,111774248983216211161,True,4,,0,a year ago,"{""dining_mode"": ""Dine in"", ""meal_type"": ""Brunch"", ""price_per_person"": ""₹1–200"", ""food"": 4, ""service_rating"": 4, ""atmosphere"": 4}"
Cafe 27,,"18th Cross Rd, Sector 2, HSR Layout, Bengaluru, Karnataka 560102",12.9112282,77.6522832,Kerala restaurant,,ChZDSUhNMG9nS0VJQ0FnSURIdFBHVVhREAE,Cafe 27,yousaf parichakam,109081103605067175083,True,5,,0,a year ago,"{""food"": 5, ""service_rating"": 4, ""atmosphere"": 5}"
Cafe 27,,"18th Cross Rd, Sector 2, HSR Layout, Bengaluru, Karnataka 560102",12.9112282,77.6522832,Kerala restaurant,,ChdDSUhNMG9nS0VJQ0FnSUNIdDl1NXlRRRAB,Cafe 27,Madhuri Joshi,100493798855323466324,False,5,,0,a year ago,
Cafe 27,,"18th Cross Rd, Sector 2, HSR Layout, Bengaluru, Karnataka 560102",12.9112282,77.6522832,Kerala restaurant,,ChdDSUhNMG9nS0VJQ0FnSUNIcTZTTGpBRRAB,Cafe 27,Rajesh Reddy,117524397466756971602,True,3,,0,a year ago,"{""dining_mode"": ""Take out"", ""meal_type"": ""Brunch"", ""price_per_person"": ""₹1–200"", ""food"": 4, ""service_rating"": 3, ""atmosphere"": 4, ""parking_space"": ""Somewhat difficult to find parking"", ""parking_options"": ""Free parking lot, Free street parking"", ""parking_notes"": ""Hi""}"
Cafe 27,,"18th Cross Rd, Sector 2, HSR Layout, Bengaluru, Karnataka 560102",12.9112282,77.6522832,Kerala restaurant,,ChZDSUhNMG9nS0VJQ0FnSUNIaS0yYUZnEAE,Cafe 27,Sajid K,106826478028136406430,True,4,"The meals at this place are quite good, offering authentic flavors and a satisfying experience. The biryani is also commendable, with a nice balance of spices. However, while the fish dishes are decent, they don't particularly stand out. As for the meat and chicken items, they are average and could use a bit more flavor.",0,a year ago,"{""dining_mode"": ""Dine in"", ""meal_type"": ""Lunch"", ""price_per_person"": ""₹200–400"", ""food"": 4, ""service_rating"": 3, ""atmosphere"": 2}"
Cafe 27,,"18th Cross Rd, Sector 2, HSR Layout, Bengaluru, Karnataka 560102",12.9112282,77.6522832,Kerala restaurant,,ChdDSUhNMG9nS0VJQ0FnSUNIODg3WnZRRRAB,Cafe 27,Aleena Babu,110874237254244185357,True,4,The pathiri (pathal) and beef roast combo is a must try.,0,a year ago,"{""food"": 5, ""service_rating"": 4, ""atmosphere"": 3}"
Cafe 27,,"18th Cross Rd, Sector 2, HSR Layout, Bengaluru, Karnataka 560102",12.9112282,77.6522832,Kerala restaurant,,ChdDSUhNMG9nS0VJQ0FnSUNIc19XX3NnRRAB,Cafe 27,ameetha rupert,107895054772190146822,True,2,Chicken biriyani was not that good. Unhygienic place.,0,a year ago,"{""dining_mode"": ""Dine in"", ""meal_type"": ""Lunch"", ""food"": 2, ""service_rating"": 2, ""atmosphere"": 1}"
Cafe 27,,"18th Cross Rd, Sector 2, HSR Layout, Bengaluru, Karnataka 560102",12.9112282,77.6522832,Kerala restaurant,,ChdDSUhNMG9nS0VJQ0FnSUNIMDVld3NBRRAB,Cafe 27,Shafa vp,114151670511336034422,True,1,Now days their food is getting worsted,0,a year ago,"{""food"": 1, ""service_rating"": 1, ""atmosphere"": 2}"
Cafe 27,,"18th Cross Rd, Sector 2, HSR Layout, Bengaluru, Karnataka 560102",12.9112282,77.6522832,Kerala restaurant,,ChZDSUhNMG9nS0VJQ0FnSUNIbzdxN0dREAE,Cafe 27,Vinay Puthalath,101475326727090026301,False,1,Good enough food. Service could be much better. Absolutely not malabari in that sense.,0,a year ago,"{""dining_mode"": ""Dine in"", ""meal_type"": ""Lunch"", ""price_per_person"": ""₹1–200"", ""food"": 4, ""service_rating"": 1, ""atmosphere"": 3}"
Cafe 27,,"18th Cross Rd, Sector 2, HSR Layout, Bengaluru, Karnataka 560102",12.9112282,77.6522832,Kerala restaurant,,ChZDSUhNMG9nS0VJQ0FnSUNIcWY3amFREAE,Cafe 27,munfiq fasil,113027487819215749770,False,4,,0,a year ago,
Cafe 27,,"18th Cross Rd, Sector 2, HSR Layout, Bengaluru, Karnataka 560102",12.9112282,77.6522832,Kerala restaurant,,ChdDSUhNMG9nS0VJQ0FnSUNIcnZ1cmtRRRAB,Cafe 27,muhammed Rafi,113884759104833968436,True,5,,0,a year ago,"{""food"": 5, ""service_rating"": 5, ""atmosphere"": 5}"
Cafe 27,,"18th Cross Rd, Sector 2, HSR Layout, Bengaluru, Karnataka 560102",12.9112282,77.6522832,Kerala restaurant,,ChdDSUhNMG9nS0VJQ0FnSUQ0X19hVHF3RRAB,Cafe 27,Rahul tk,111653225608136594155,True,5,"Had a bad experience today , The serving guy poured sambar in to biriyani and he is not even say sorry . I would say the quality of restaurant is getting lower now a days",0,Edited a year ago,"{""food"": 5, ""service_rating"": 1, ""atmosphere"": 1}"
Cafe 27,,"18th Cross Rd, Sector 2, HSR Layout, Bengaluru, Karnataka 560102",12.9112282,77.6522832,Kerala restaurant,,ChZDSUhNMG9nS0VJQ0FnSUNjbzgyNmV3EAE,Cafe 27,Vivek K,117770130462140333419,True,5,Little overs spicy.  otherwise good. Lot kerala dishes,0,Edited a year ago,"{""food"": 4, ""service_rating"": 5, ""atmosphere"": 5}"
Cafe 27,,"18th Cross Rd, Sector 2, HSR Layout, Bengaluru, Karnataka 560102",12.9112282,77.6522832,Kerala restaurant,,ChdDSUhNMG9nS0VJQ0FnSUQ3cC1IejRRRRAB,Cafe 27,Abed Paul,106653733020868945757,True,1,Service is so pathetic these days.. even though the food is nice.. I would never prefer this place again. They won't give you any respect.,0,a year ago,"{""service_rating"": 1, ""atmosphere"": 1}"
Cafe 27,,"18th Cross Rd, Sector 2, HSR Layout, Bengaluru, Karnataka 560102",12.9112282,77.6522832,Kerala restaurant,,ChZDSUhNMG9nS0VJQ0FnSUQ3ODhqZ2V3EAE,Cafe 27,Zenhal Aneez,107195983617731167925,False,5,,0,a year ago,"{""food"": 5, ""service_rating"": 5, ""atmosphere"": 5}"
Cafe 27,,"18th Cross Rd, Sector 2, HSR Layout, Bengaluru, Karnataka 560102",12.9112282,77.6522832,Kerala restaurant,,ChZDSUhNMG9nS0VJQ0FnSUQ3X2RLNER3EAE,Cafe 27,Sharan K,105852745608406997939,True,5,,0,a year ago,
Cafe 27,,"18th Cross Rd, Sector 2, HSR Layout, Bengaluru, Karnataka 560102",12.9112282,77.6522832,Kerala restaurant,,ChdDSUhNMG9nS0VJQ0FnSUQ3eWU2RXRBRRAB,Cafe 27,Subholakshmi Sanyal,111400051866274369503,True,5,,0,a year ago,"{""food"": 5, ""service_rating"": 5, ""atmosphere"": 5}"
Cafe 27,,"18th Cross Rd, Sector 2, HSR Layout, Bengaluru, Karnataka 560102",12.9112282,77.6522832,Kerala restaurant,,ChZDSUhNMG9nS0VJQ0FnSUQ3OGJyY2NnEAE,Cafe 27,pranav e,100826364723195413984,True,4,A wonderful place to have delicious varieties of Kerala food,0,a year ago,"{""food"": 5, ""service_rating"": 3, ""atmosphere"": 5}"
Cafe 27,,"18th Cross Rd, Sector 2, HSR Layout, Bengaluru, Karnataka 560102",12.9112282,77.6522832,Kerala restaurant,,ChdDSUhNMG9nS0VJQ0FnSUQ3a1lMdXRnRRAB,Cafe 27,Nithul Ravi,106900432619955363430,False,1,,0,a year ago,"{""dining_mode"": ""Dine in"", ""meal_type"": ""Lunch""}"
Cafe 27,,"18th Cross Rd, Sector 2, HSR Layout, Bengaluru, Karnataka 560102",12.9112282,77.6522832,Kerala restaurant,,ChZDSUhNMG9nS0VJQ0FnSUQ3bXBXX1lBEAE,Cafe 27,Suraj,104800883078969989366,True,5,,0,a year ago,"{""dining_mode"": ""Dine in"", ""meal_type"": ""Dinner"", ""price_per_person"": ""₹200–400"", ""food"": 5, ""service_rating"": 5, ""atmosphere"": 4, ""recommended_dishes"": ""Chicken Alfaham, Malabar Biryani, Appam and Egg Curry""}"
Cafe 27,,"18th Cross Rd, Sector 2, HSR Layout, Bengaluru, Karnataka 560102",12.9112282,77.6522832,Kerala restaurant,,ChdDSUhNMG9nS0VJQ0FnSUQ3OHBHVndnRRAB,Cafe 27,rahul kotecha,100738600280397918252,False,4,,0,a year ago,"{""dining_mode"": ""Dine in"", ""meal_type"": ""Breakfast"", ""price_per_person"": ""₹1–200"", ""food"": 4, ""service_rating"": 2, ""atmosphere"": 3}"
Cafe 27,,"18th Cross Rd, Sector 2, HSR Layout, Bengaluru, Karnataka 560102",12.9112282,77.6522832,Kerala restaurant,,ChdDSUhNMG9nS0VJQ0FnSUQ3X0p5bWxRRRAB,Cafe 27,MIDLAJ N.P,103220290599527066528,True,5,,0,a year ago,"{""food"": 5, ""service_rating"": 5, ""atmosphere"": 5}"
Cafe 27,,"18th Cross Rd, Sector 2, HSR Layout, Bengaluru, Karnataka 560102",12.9112282,77.6522832,Kerala restaurant,,ChZDSUhNMG9nS0VJQ0FnSUQ3N0o3QmJ3EAE,Cafe 27,Suman N Pillai,101344767612534080636,True,5,Very much impressed with this place ... Visited twice since the food was too good. And the chaya ( tea) is a must try.  Would definitely recommend you to visit once damm sure you will visit again,0,a year ago,"{""dining_mode"": ""Dine in"", ""meal_type"": ""Brunch"", ""price_per_person"": ""₹1,600–1,800"", ""food"": 5, ""service_rating"": 5}"
Cafe 27,,"18th Cross Rd, Sector 2, HSR Layout, Bengaluru, Karnataka 560102",12.9112282,77.6522832,Kerala restaurant,,ChZDSUhNMG9nS0VJQ0FnSUQ3eU16dGRnEAE,Cafe 27,Aruna VS,107501913342912303914,False,5,,0,a year ago,
Cafe 27,,"18th Cross Rd, Sector 2, HSR Layout, Bengaluru, Karnataka 560102",12.9112282,77.6522832,Kerala restaurant,,ChZDSUhNMG9nS0VJQ0FnSUM3ejV2UU53EAE,Cafe 27,Dinesh Kumar,107544939970292589998,False,5,,0,a year ago,"{""food"": 5, ""service_rating"": 5, ""atmosphere"": 5}"
Cafe 27,,"18th Cross Rd, Sector 2, HSR Layout, Bengaluru, Karnataka 560102",12.9112282,77.6522832,Kerala restaurant,,ChZDSUhNMG9nS0VJQ0FnSUM3dF9lNElnEAE,Cafe 27,HARI KRISHNAN HARI KRISHNAN,105163137092081421940,True,5,"Pathal, the best! Great tea and snacks.",0,a year ago,"{""dining_mode"": ""Dine in"", ""meal_type"": ""Breakfast"", ""price_per_person"": ""₹1–200"", ""food"": 5, ""service_rating"": 4, ""atmosphere"": 4, ""recommended_dishes"": ""Kerala Meal, Chicken Alfaham, Poori, Kerala Chicken Biryani""}"
Cafe 27,,"18th Cross Rd, Sector 2, HSR Layout, Bengaluru, Karnataka 560102",12.9112282,77.6522832,Kerala restaurant,,ChZDSUhNMG9nS0VJQ0FnSUM3aDRfeVdREAE,Cafe 27,rahulsadu,112060815968254542662,True,5,Authentic malabar dishes and tea in HSR. Especially the evening snacks. A must hangout place with your friends.,0,a year ago,"{""dining_mode"": ""Dine in"", ""meal_type"": ""Other"", ""price_per_person"": ""₹1–200"", ""food"": 5, ""service_rating"": 5, ""atmosphere"": 5}"
Cafe 27,,"18th Cross Rd, Sector 2, HSR Layout, Bengaluru, Karnataka 560102",12.9112282,77.6522832,Kerala restaurant,,ChZDSUhNMG9nS0VJQ0FnSUM3MWZQWFFnEAE,Cafe 27,Jithu M Jose,103228729592802671244,True,4,,0,a year ago,
Cafe 27,,"18th Cross Rd, Sector 2, HSR Layout, Bengaluru, Karnataka 560102",12.9112282,77.6522832,Kerala restaurant,,ChdDSUhNMG9nS0VJQ0FnSUQyeVlmbV9RRRAB,Cafe 27,anju mars,103595668549533321024,True,5,,0,Edited a year ago,"{""dining_mode"": ""Dine in"", ""meal_type"": ""Brunch"", ""price_per_person"": ""₹200–400"", ""food"": 4, ""service_rating"": 3, ""atmosphere"": 5, ""recommended_dishes"": ""Poori, Kerala Chicken Biryani"", ""vegetarian_recommendation"": ""Somewhat recommend"", ""vegetarian_offerings"": ""Vegetarian menu or section"", ""parking_space"": ""Somewhat difficult to find parking"", ""parking_options"": ""Free parking lot, Free street parking""}"
Cafe 27,,"18th Cross Rd, Sector 2, HSR Layout, Bengaluru, Karnataka 560102",12.9112282,77.6522832,Kerala restaurant,,ChZDSUhNMG9nS0VJQ0FnSUM3MGVDa1pREAE,Cafe 27,No One,116552612263456509244,True,4,,0,a year ago,"{""dining_mode"": ""Dine in"", ""meal_type"": ""Lunch"", ""price_per_person"": ""₹1–200"", ""food"": 5, ""service_rating"": 5, ""atmosphere"": 4, ""recommended_dishes"": ""Beef Fry, Malabar Biryani, Kerala Chicken Biryani""}"
Cafe 27,,"18th Cross Rd, Sector 2, HSR Layout, Bengaluru, Karnataka 560102",12.9112282,77.6522832,Kerala restaurant,,ChZDSUhNMG9nS0VJQ0FnSUM3d2F6c0Z3EAE,Cafe 27,Muthuraja A,115218625671668165820,True,4,,0,a year ago,"{""dining_mode"": ""Dine in"", ""meal_type"": ""Breakfast"", ""price_per_person"": ""₹200–400"", ""food"": 3, ""service_rating"": 4, ""atmosphere"": 4}"
Cafe 27,,"18th Cross Rd, Sector 2, HSR Layout, Bengaluru, Karnataka 560102",12.9112282,77.6522832,Kerala restaurant,,ChdDSUhNMG9nS0VJQ0FnSUM3OHVPZW1nRRAB,Cafe 27,Gokulakrishnan Kalaikovan,116258814037436976280,True,4,,0,a year ago,"{""dining_mode"": ""Take out"", ""meal_type"": ""Other"", ""price_per_person"": ""₹1–200""}"
Cafe 27,,"18th Cross Rd, Sector 2, HSR Layout, Bengaluru, Karnataka 560102",12.9112282,77.6522832,Kerala restaurant,,ChdDSUhNMG9nS0VJQ0FnSUM3MHMtQXJnRRAB,Cafe 27,SIVA SANKAR,109876416780587381268,False,1,"These shop is not bad this is not very very bad its world class bad food and services. Customers is waiting for 1,2 hours for getting the curry or side dish .especially we mallu people don’t support these type of jobs .",0,a year ago,
Cafe 27,,"18th Cross Rd, Sector 2, HSR Layout, Bengaluru, Karnataka 560102",12.9112282,77.6522832,Kerala restaurant,,ChZDSUhNMG9nS0VJQ0FnSUM3bkxMTmVnEAE,Cafe 27,Asutosh Misra,111646881233784596955,True,3,,0,a year ago,"{""food"": 3, ""service_rating"": 3, ""atmosphere"": 3}"
Cafe 27,,"18th Cross Rd, Sector 2, HSR Layout, Bengaluru, Karnataka 560102",12.9112282,77.6522832,Kerala restaurant,,ChdDSUhNMG9nS0VJQ0FnSUM3bkpEWDR3RRAB,Cafe 27,harleen kaur,108264752099012994974,False,4,,0,a year ago,"{""food"": 4, ""service_rating"": 4, ""atmosphere"": 4}"
Cafe 27,,"18th Cross Rd, Sector 2, HSR Layout, Bengaluru, Karnataka 560102",12.9112282,77.6522832,Kerala restaurant,,ChZDSUhNMG9nS0VJQ0FnSUM3cFBLV05REAE,Cafe 27,Video Cuts,115870217117790665399,False,1,"I had a terrible experience with this restaurant. The pothu biryani I ordered had meat that was extremely tough and overcooked—every piece was rough. I also ordered three pieces of puttu but only got one. When I reached out to Zomato for a refund, they refused to help because I'm not a Prime user. I paid for the food, but the quality was unacceptable, and the lack of support from Zomato only made things worse.",0,a year ago,"{""food"": 1, ""service_rating"": 1}"
Cafe 27,,"18th Cross Rd, Sector 2, HSR Layout, Bengaluru, Karnataka 560102",12.9112282,77.6522832,Kerala restaurant,,ChZDSUhNMG9nS0VJQ0FnSUM3dUlqMklBEAE,Cafe 27,Neha Lucia Alosious,112529591007796824218,True,5,My go to place when i crave for home. The meals take back to kerala instantly.. The prawns roast is❤️🤌,0,a year ago,"{""dining_mode"": ""Dine in"", ""meal_type"": ""Lunch"", ""price_per_person"": ""₹200–400"", ""food"": 5, ""service_rating"": 5, ""atmosphere"": 5, ""recommended_dishes"": ""Fish Fry, Beef Biriyani""}"
Cafe 27,,"18th Cross Rd, Sector 2, HSR Layout, Bengaluru, Karnataka 560102",12.9112282,77.6522832,Kerala restaurant,,ChdDSUhNMG9nS0VJQ0FnSUM3a0lDRHdnRRAB,Cafe 27,yadunand,116394874246982912295,True,5,,0,a year ago,
Cafe 27,,"18th Cross Rd, Sector 2, HSR Layout, Bengaluru, Karnataka 560102",12.9112282,77.6522832,Kerala restaurant,,ChdDSUhNMG9nS0VJQ0FnSURibi1md293RRAB,Cafe 27,Donne Biriyani,101772874772051433373,False,5,,0,a year ago,"{""food"": 5, ""service_rating"": 5, ""atmosphere"": 5}"
Cafe 27,,"18th Cross Rd, Sector 2, HSR Layout, Bengaluru, Karnataka 560102",12.9112282,77.6522832,Kerala restaurant,,ChZDSUhNMG9nS0VJQ0FnSURHNDVHZk9BEAE,Cafe 27,B S Mahesh Kumar,110382998540567941562,True,5,Best fresh sea food for the best price. Must try for lunch. Meals and variety of fish.  Good parking space for both car and bikes.  Lemon tea with some good snacks also available.,0,Edited a year ago,"{""dining_mode"": ""Dine in"", ""meal_type"": ""Lunch"", ""price_per_person"": ""₹200–400"", ""food"": 5, ""service_rating"": 4, ""atmosphere"": 4, ""recommended_dishes"": ""Fish Fry, Fried Fish"", ""parking_options"": ""Free parking lot""}"
Cafe 27,,"18th Cross Rd, Sector 2, HSR Layout, Bengaluru, Karnataka 560102",12.9112282,77.6522832,Kerala restaurant,,ChZDSUhNMG9nS0VJQ0FnSURidTdhektnEAE,Cafe 27,Visanth P Nair,104797362324399081648,False,5,,0,a year ago,
Cafe 27,,"18th Cross Rd, Sector 2, HSR Layout, Bengaluru, Karnataka 560102",12.9112282,77.6522832,Kerala restaurant,,ChZDSUhNMG9nS0VJQ0FnSURiZzVDRkl3EAE,Cafe 27,prasanna balachandran,103913748402498166465,True,3,One of the best restaurant to have foods in HSR .. Their service is too friendly.   It's a nice place to taste kerala food's with family and friends,0,a year ago,"{""dining_mode"": ""Dine in"", ""meal_type"": ""Breakfast"", ""price_per_person"": ""₹1–200"", ""food"": 3, ""service_rating"": 4, ""atmosphere"": 3, ""vegetarian_recommendation"": ""Somewhat recommend"", ""vegetarian_offerings"": ""Not sure"", ""vegetarian_options"": ""If you're a vegetarian just order puttu with kadala curry.. it'll be tasty""}"
Cafe 27,,"18th Cross Rd, Sector 2, HSR Layout, Bengaluru, Karnataka 560102",12.9112282,77.6522832,Kerala restaurant,,ChdDSUhNMG9nS0VJQ0FnSURiZzRiNzFRRRAB,Cafe 27,Rahul Rajagopal,100268673733372676765,True,5,,0,a year ago,
Cafe 27,,"18th Cross Rd, Sector 2, HSR Layout, Bengaluru, Karnataka 560102",12.9112282,77.6522832,Kerala restaurant,,ChZDSUhNMG9nS0VJQ0FnSURicGRueGJREAE,Cafe 27,Nevin Clement,101204908282659382724,True,5,,0,a year ago,
Cafe 27,,"18th Cross Rd, Sector 2, HSR Layout, Bengaluru, Karnataka 560102",12.9112282,77.6522832,Kerala restaurant,,ChZDSUhNMG9nS0VJQ0FnSURieFlfc1VREAE,Cafe 27,Jai Surya,108447715753791444950,True,4,"The fish fry is rhe best here, you take any fish and the masala coating is really good. It's a must try. Rest the food is good as well except for the chicken leg piece I tried.",0,a year ago,"{""price_per_person"": ""₹2,000+"", ""food"": 5, ""service_rating"": 4, ""atmosphere"": 5}"
Cafe 27,,"18th Cross Rd, Sector 2, HSR Layout, Bengaluru, Karnataka 560102",12.9112282,77.6522832,Kerala restaurant,,ChZDSUhNMG9nS0VJQ0FnSURidWY2MWNREAE,Cafe 27,Purushothaman E,111070599504159209930,True,1,,0,a year ago,
Cafe 27,,"18th Cross Rd, Sector 2, HSR Layout, Bengaluru, Karnataka 560102",12.9112282,77.6522832,Kerala restaurant,,ChdDSUhNMG9nS0VJQ0FnSURrczhTTnZnRRAB,Cafe 27,renjith k r,108524386904994463951,True,3,Average Kerala food. Their snacks section is good with varieties,0,Edited a year ago,"{""food"": 3, ""service_rating"": 4, ""atmosphere"": 4}"
Cafe 27,,"18th Cross Rd, Sector 2, HSR Layout, Bengaluru, Karnataka 560102",12.9112282,77.6522832,Kerala restaurant,,ChZDSUhNMG9nS0VJQ0FnSUMyeXR6V09BEAE,Cafe 27,Shiv,111180590687930414075,True,4,The Authentic Kerala Style Restaurant in HSR Near NIFT. The service is pakka and the taste is also good. Reasonable price for all the dishes.. The staffs were friendly to communicate. Recommended to visit and enjoy the time..,0,Edited a year ago,"{""dining_mode"": ""Dine in"", ""meal_type"": ""Breakfast"", ""food"": 4, ""service_rating"": 4, ""atmosphere"": 4, ""recommended_dishes"": ""Poori, Chatti Choru, Malabar Biryani, Appam and Egg Curry, Kerala Chicken Biryani""}"
Cafe 27,,"18th Cross Rd, Sector 2, HSR Layout, Bengaluru, Karnataka 560102",12.9112282,77.6522832,Kerala restaurant,,ChZDSUhNMG9nS0VJQ0FnSUNVbWVpMFJBEAE,Cafe 27,Sreekumar R,107089640613227278745,True,4,,0,Edited a year ago,"{""food"": 4, ""service_rating"": 4, ""atmosphere"": 4}"
Cafe 27,,"18th Cross Rd, Sector 2, HSR Layout, Bengaluru, Karnataka 560102",12.9112282,77.6522832,Kerala restaurant,,ChdDSUhNMG9nS0VJQ0FnSUM5bTRTcDNRRRAB,Cafe 27,Arun,118420639079546820446,True,4,,0,Edited a year ago,"{""dining_mode"": ""Dine in"", ""meal_type"": ""Breakfast"", ""price_per_person"": ""₹1–200"", ""food"": 4, ""service_rating"": 5, ""atmosphere"": 5, ""recommended_dishes"": ""Appam and Egg Curry""}"
Cafe 27,,"18th Cross Rd, Sector 2, HSR Layout, Bengaluru, Karnataka 560102",12.9112282,77.6522832,Kerala restaurant,,ChZDSUhNMG9nS0VJQ0FnSURicFB2V0ZBEAE,Cafe 27,Praveen Menon,104428180028445261302,False,1,"I've had the worst beef biryani ever here—the meat is so tough it's impossible to tear and chew, and the pieces are too big. The fish fry is also disappointing; the fish tastes like ice water and the prices are too high. The only acceptable option is the veg meals (and even those are just average). I've been here for lunch at least 5-6 times over the past two years, hoping their meat dishes would improve, but I'm always disappointed.",0,a year ago,"{""dining_mode"": ""Dine in"", ""meal_type"": ""Lunch"", ""price_per_person"": ""₹200–400"", ""food"": 1, ""service_rating"": 3, ""atmosphere"": 4}"
Cafe 27,,"18th Cross Rd, Sector 2, HSR Layout, Bengaluru, Karnataka 560102",12.9112282,77.6522832,Kerala restaurant,,ChZDSUhNMG9nS0VJQ0FnSURieE11N0lnEAE,Cafe 27,Ajoy John,104807315614537048149,False,2,,0,a year ago,"{""dining_mode"": ""Dine in"", ""meal_type"": ""Dinner"", ""price_per_person"": ""₹200–400"", ""food"": 4, ""service_rating"": 1, ""atmosphere"": 3, ""recommended_dishes"": ""Chicken Alfaham""}"
Cafe 27,,"18th Cross Rd, Sector 2, HSR Layout, Bengaluru, Karnataka 560102",12.9112282,77.6522832,Kerala restaurant,,ChdDSUhNMG9nS0VJQ0FnSURiaEluTDdRRRAB,Cafe 27,Ashoka B,112909436671100009375,False,5,,0,a year ago,"{""meal_type"": ""Lunch"", ""price_per_person"": ""₹200–400"", ""food"": 5, ""service_rating"": 5, ""atmosphere"": 5}"
Cafe 27,,"18th Cross Rd, Sector 2, HSR Layout, Bengaluru, Karnataka 560102",12.9112282,77.6522832,Kerala restaurant,,ChZDSUhNMG9nS0VJQ0FnSUNiaDRQS0p3EAE,Cafe 27,Anil Kumar P.G,113102561247897898945,True,5,,0,a year ago,"{""food"": 5, ""service_rating"": 5, ""atmosphere"": 5}"
Cafe 27,,"18th Cross Rd, Sector 2, HSR Layout, Bengaluru, Karnataka 560102",12.9112282,77.6522832,Kerala restaurant,,ChdDSUhNMG9nS0VJQ0FnSUNibThXWXJnRRAB,Cafe 27,Jawad P E,100809428973208308304,True,5,Always a good stop for tea and snacks.,0,a year ago,"{""dining_mode"": ""Dine in"", ""meal_type"": ""Other"", ""price_per_person"": ""₹1–200"", ""food"": 5, ""service_rating"": 4, ""atmosphere"": 5}"
Cafe 27,,"18th Cross Rd, Sector 2, HSR Layout, Bengaluru, Karnataka 560102",12.9112282,77.6522832,Kerala restaurant,,ChZDSUhNMG9nS0VJQ0FnSUNicVlldGNREAE,Cafe 27,Syed Ahamed Waseem Bafakhy,111486044661942993833,True,3,,0,a year ago,"{""dining_mode"": ""Dine in"", ""meal_type"": ""Lunch"", ""price_per_person"": ""₹200–400"", ""food"": 3, ""service_rating"": 2, ""atmosphere"": 2}"
Cafe 27,,"18th Cross Rd, Sector 2, HSR Layout, Bengaluru, Karnataka 560102",12.9112282,77.6522832,Kerala restaurant,,ChdDSUhNMG9nS0VJQ0FnSUNiLXNHa3dBRRAB,Cafe 27,Shareef Sha,105970060769345864083,False,5,,0,a year ago,"{""food"": 5, ""service_rating"": 5}"
Cafe 27,,"18th Cross Rd, Sector 2, HSR Layout, Bengaluru, Karnataka 560102",12.9112282,77.6522832,Kerala restaurant,,ChdDSUhNMG9nS0VJQ0FnSUNidk9IcTJBRRAB,Cafe 27,Sugandhi Unnikrishnan,109259129258496964514,True,2,,0,a year ago,"{""food"": 2, ""service_rating"": 2, ""atmosphere"": 3}"
Cafe 27,,"18th Cross Rd, Sector 2, HSR Layout, Bengaluru, Karnataka 560102",12.9112282,77.6522832,Kerala restaurant,,ChZDSUhNMG9nS0VJQ0FnSUNiOVBfdlJnEAE,Cafe 27,Mohammed Munawar Ahmed,105044799561898715597,True,4,,0,a year ago,"{""food"": 4, ""service_rating"": 5, ""atmosphere"": 3}"
Cafe 27,,"18th Cross Rd, Sector 2, HSR Layout, Bengaluru, Karnataka 560102",12.9112282,77.6522832,Kerala restaurant,,ChdDSUhNMG9nS0VJQ0FnSUNiaEwtQmt3RRAB,Cafe 27,Athul Athreya,103631295257409034471,True,5,,0,a year ago,"{""food"": 5, ""service_rating"": 4, ""atmosphere"": 2}"
Cafe 27,,"18th Cross Rd, Sector 2, HSR Layout, Bengaluru, Karnataka 560102",12.9112282,77.6522832,Kerala restaurant,,ChZDSUhNMG9nS0VJQ0FnSURybi0tcU5REAE,Cafe 27,ANILA P ANTONY,116262159172200593352,False,5,,0,a year ago,"{""food"": 5, ""service_rating"": 5, ""atmosphere"": 5}"
Cafe 27,,"18th Cross Rd, Sector 2, HSR Layout, Bengaluru, Karnataka 560102",12.9112282,77.6522832,Kerala restaurant,,ChdDSUhNMG9nS0VJQ0FnSUNtcGN2RDJBRRAB,Cafe 27,Naveen S,103971681752213731267,True,5,Favorite hangout spot  for evening snack and chai in HSR,0,Edited a year ago,"{""dining_mode"": ""Dine in"", ""meal_type"": ""Other"", ""food"": 5, ""service_rating"": 5, ""atmosphere"": 5}"
Cafe 27,,"18th Cross Rd, Sector 2, HSR Layout, Bengaluru, Karnataka 560102",12.9112282,77.6522832,Kerala restaurant,,ChdDSUhNMG9nS0VJQ0FnSURyOTZMZXp3RRAB,Cafe 27,ravichandra digganvi,110461347127749216711,True,5,,0,a year ago,"{""food"": 5, ""service_rating"": 5, ""atmosphere"": 5}"
Cafe 27,,"18th Cross Rd, Sector 2, HSR Layout, Bengaluru, Karnataka 560102",12.9112282,77.6522832,Kerala restaurant,,ChZDSUhNMG9nS0VJQ0FnSURyaDVLZ01REAE,Cafe 27,Lain Spotting,104852941336271349029,True,1,"Absolute disgrace to malabar food and comes along with awful sevice. I ordered the chicken biryani and I cannnot begin to tell all the things that went wrong with my experience here. First of all it was extremely bland and flavourless, like someone made ghee rice and poured some curry on it. The rice didn't absorb any of the flavours of the masala. Secondly, the chicken pieces I got were extremely slimy and of low quality(which you can clearly see in the photo) Lastly the quantity is extremely less for the price. To top it off, when i got the biryani, i noticed that I only got 1 peice of chicken instead of two, and when I pointed this out to the waiter, he said he would give another piece but he was nowhere to be found even 20 minutes after I informed him. Overall, this has been an extremely pathethic experience and I find it hard to believe that one of the most popular kerala restaurants in hsr survives by serving this substandard slop.",0,a year ago,"{""dining_mode"": ""Dine in"", ""meal_type"": ""Lunch"", ""price_per_person"": ""₹1–200"", ""food"": 1, ""service_rating"": 1, ""atmosphere"": 2, ""recommended_dishes"": ""Malabar Biryani""}"
Cafe 27,,"18th Cross Rd, Sector 2, HSR Layout, Bengaluru, Karnataka 560102",12.9112282,77.6522832,Kerala restaurant,,ChdDSUhNMG9nS0VJQ0FnSURyMjlleHNnRRAB,Cafe 27,Rakesh Babu,114257438218378176704,False,5,,0,a year ago,"{""food"": 5, ""service_rating"": 5, ""atmosphere"": 5}"
Cafe 27,,"18th Cross Rd, Sector 2, HSR Layout, Bengaluru, Karnataka 560102",12.9112282,77.6522832,Kerala restaurant,,ChRDSUhNMG9nS0VJQ0FnSUMwOE9GZRAB,Cafe 27,Abhi,113052468296240099546,True,1,,0,Edited a year ago,
Cafe 27,,"18th Cross Rd, Sector 2, HSR Layout, Bengaluru, Karnataka 560102",12.9112282,77.6522832,Kerala restaurant,,ChdDSUhNMG9nS0VJQ0FnSURyc19UYV93RRAB,Cafe 27,Prasanna Krishnamoorthy,102653414098053535233,True,5,Great food always! Quick and very very yummy.. tea and snacks are also terrific 👍🏾,0,a year ago,"{""dining_mode"": ""Dine in"", ""meal_type"": ""Lunch"", ""price_per_person"": ""₹1–200"", ""food"": 5, ""service_rating"": 5, ""atmosphere"": 4, ""recommended_dishes"": ""Chicken Alfaham""}"
Cafe 27,,"18th Cross Rd, Sector 2, HSR Layout, Bengaluru, Karnataka 560102",12.9112282,77.6522832,Kerala restaurant,,ChdDSUhNMG9nS0VJQ0FnSURycmE3U19RRRAB,Cafe 27,Aravind Mohan,103483327747487840490,True,3,,0,a year ago,
Cafe 27,,"18th Cross Rd, Sector 2, HSR Layout, Bengaluru, Karnataka 560102",12.9112282,77.6522832,Kerala restaurant,,ChdDSUhNMG9nS0VJQ0FnSURydnV2Tm5nRRAB,Cafe 27,Sankar Sahu,107200538612844930278,True,4,,0,a year ago,"{""dining_mode"": ""Take out"", ""meal_type"": ""Dinner"", ""price_per_person"": ""₹200–400"", ""food"": 4, ""service_rating"": 4, ""atmosphere"": 4}"
Cafe 27,,"18th Cross Rd, Sector 2, HSR Layout, Bengaluru, Karnataka 560102",12.9112282,77.6522832,Kerala restaurant,,ChZDSUhNMG9nS0VJQ0FnSURyc3ZMSEl3EAE,Cafe 27,Saran cj,117585822641297916054,False,5,,0,a year ago,"{""food"": 4, ""service_rating"": 4, ""atmosphere"": 3}"
Cafe 27,,"18th Cross Rd, Sector 2, HSR Layout, Bengaluru, Karnataka 560102",12.9112282,77.6522832,Kerala restaurant,,ChZDSUhNMG9nS0VJQ0FnSURydE5teWNnEAE,Cafe 27,MAHESH K.M,107912847132060469254,False,1,The customer service and staff behavior were very disappointing. The staff needs to learn how to treat customers. Good food is pointless if it's served with a poor attitude.,0,a year ago,"{""dining_mode"": ""Dine in"", ""meal_type"": ""Lunch"", ""price_per_person"": ""₹200–400"", ""food"": 2, ""service_rating"": 1, ""atmosphere"": 1}"
Cafe 27,,"18th Cross Rd, Sector 2, HSR Layout, Bengaluru, Karnataka 560102",12.9112282,77.6522832,Kerala restaurant,,ChdDSUhNMG9nS0VJQ0FnSURycEtxa2d3RRAB,Cafe 27,laskar samad,100989450938832856052,False,5,,0,a year ago,"{""food"": 5, ""service_rating"": 5, ""atmosphere"": 5}"
Cafe 27,,"18th Cross Rd, Sector 2, HSR Layout, Bengaluru, Karnataka 560102",12.9112282,77.6522832,Kerala restaurant,,ChZDSUhNMG9nS0VJQ0FnSURydVBEQUVBEAE,Cafe 27,Shan Vimal,112548426391913619811,True,5,,0,a year ago,"{""food"": 5, ""service_rating"": 4, ""atmosphere"": 4}"
Cafe 27,,"18th Cross Rd, Sector 2, HSR Layout, Bengaluru, Karnataka 560102",12.9112282,77.6522832,Kerala restaurant,,ChZDSUhNMG9nS0VJQ0FnSURyMk5TS05BEAE,Cafe 27,archana jha,114822364988976046103,True,4,Food is good. Cleanliness to be maintained. Too many flies,0,a year ago,"{""price_per_person"": ""₹1,600–1,800"", ""food"": 4, ""service_rating"": 4, ""atmosphere"": 3}"
Cafe 27,,"18th Cross Rd, Sector 2, HSR Layout, Bengaluru, Karnataka 560102",12.9112282,77.6522832,Kerala restaurant,,ChZDSUhNMG9nS0VJQ0FnSURyMEo2YkV3EAE,Cafe 27,Pritam Modak,110070077900553948841,True,4,,0,a year ago,
Cafe 27,,"18th Cross Rd, Sector 2, HSR Layout, Bengaluru, Karnataka 560102",12.9112282,77.6522832,Kerala restaurant,,ChdDSUhNMG9nS0VJQ0FnSURyd0xYRGlBRRAB,Cafe 27,Ramshid Qasim,115819604164828339266,True,4,,0,a year ago,"{""food"": 4, ""service_rating"": 4, ""atmosphere"": 4}"
Cafe 27,,"18th Cross Rd, Sector 2, HSR Layout, Bengaluru, Karnataka 560102",12.9112282,77.6522832,Kerala restaurant,,ChZDSUhNMG9nS0VJQ0FnSURyZ01hV1hBEAE,Cafe 27,Keerthana Sajeevan,106172413984454321903,False,4,,0,a year ago,
Cafe 27,,"18th Cross Rd, Sector 2, HSR Layout, Bengaluru, Karnataka 560102",12.9112282,77.6522832,Kerala restaurant,,ChZDSUhNMG9nS0VJQ0FnSUNybjhQWkRBEAE,Cafe 27,jyothish jayan,115893100792037577557,True,4,Good kerala food in Bangalore,0,a year ago,"{""dining_mode"": ""Dine in"", ""meal_type"": ""Lunch"", ""price_per_person"": ""₹1–200"", ""food"": 4, ""service_rating"": 4, ""atmosphere"": 4}"
Cafe 27,,"18th Cross Rd, Sector 2, HSR Layout, Bengaluru, Karnataka 560102",12.9112282,77.6522832,Kerala restaurant,,ChdDSUhNMG9nS0VJQ0FnSUNyOC1ubHdnRRAB,Cafe 27,Maharaj M A,111307256910484503909,True,4,No better way to enjoy the rain with kattan chaya,0,a year ago,"{""food"": 4, ""service_rating"": 3, ""atmosphere"": 2}"
Cafe 27,,"18th Cross Rd, Sector 2, HSR Layout, Bengaluru, Karnataka 560102",12.9112282,77.6522832,Kerala restaurant,,ChZDSUhNMG9nS0VJQ0FnSUNyblpic1BBEAE,Cafe 27,Sourabh S Rawat,104169851871093661467,True,3,There were a limited number of options available when we visited during the day time. The fish curry we had was definitely good but there was only one type available. The hygiene for the fried items should be improved. The service was prompt.,0,a year ago,"{""dining_mode"": ""Dine in"", ""meal_type"": ""Lunch"", ""price_per_person"": ""₹1–200"", ""food"": 3, ""service_rating"": 4, ""atmosphere"": 3, ""parking_space"": ""Plenty of parking"", ""parking_options"": ""Free street parking""}"
Cafe 27,,"18th Cross Rd, Sector 2, HSR Layout, Bengaluru, Karnataka 560102",12.9112282,77.6522832,Kerala restaurant,,ChZDSUhNMG9nS0VJQ0FnSUNybGJpdFdBEAE,Cafe 27,Nitin “Nitin0211” Tewari,102947202957167508816,True,4,,0,a year ago,"{""dining_mode"": ""Dine in"", ""meal_type"": ""Breakfast"", ""food"": 4, ""service_rating"": 4, ""atmosphere"": 4}"
Cafe 27,,"18th Cross Rd, Sector 2, HSR Layout, Bengaluru, Karnataka 560102",12.9112282,77.6522832,Kerala restaurant,,ChdDSUhNMG9nS0VJQ0FnSUNVenBMR2hRRRAB,Cafe 27,Rohan Suresh,102391569687135842854,True,4,,0,Edited a year ago,
Cafe 27,,"18th Cross Rd, Sector 2, HSR Layout, Bengaluru, Karnataka 560102",12.9112282,77.6522832,Kerala restaurant,,ChdDSUhNMG9nS0VJQ0FnSUNlel9EM21RRRAB,Cafe 27,Libin V Babu,111065987728938770103,True,5,Good place to have tea and snacks. Dine in for authentic Kerala dishes.,0,Edited a year ago,"{""dining_mode"": ""Dine in"", ""meal_type"": ""Dinner"", ""price_per_person"": ""₹1–200"", ""food"": 5, ""service_rating"": 5, ""atmosphere"": 5, ""parking_space"": ""Plenty of parking"", ""parking_options"": ""Free parking lot""}"
Cafe 27,,"18th Cross Rd, Sector 2, HSR Layout, Bengaluru, Karnataka 560102",12.9112282,77.6522832,Kerala restaurant,,ChdDSUhNMG9nS0VJQ0FnSUNyN3EyWXlBRRAB,Cafe 27,Dr PVR,113557118172291282456,True,5,,0,a year ago,"{""price_per_person"": ""₹200–400"", ""food"": 5, ""service_rating"": 5, ""atmosphere"": 4}"
Cafe 27,,"18th Cross Rd, Sector 2, HSR Layout, Bengaluru, Karnataka 560102",12.9112282,77.6522832,Kerala restaurant,,ChdDSUhNMG9nS0VJQ0FnSUNyenZlNWpnRRAB,Cafe 27,Caroline Job,104212232521776922798,True,1,,0,a year ago,
Cafe 27,,"18th Cross Rd, Sector 2, HSR Layout, Bengaluru, Karnataka 560102",12.9112282,77.6522832,Kerala restaurant,,ChdDSUhNMG9nS0VJQ0FnSUNyem9UWDd3RRAB,Cafe 27,Edwin Jiji,102206060969155759526,True,1,"The place is as pathetic as it can get. For a 10 table setup cafe there's barely 2 guys who are ""qualified"" enough to take the order. Other staff are pretty much useless and their duty is just to transport food from kitchen to table. If and when you get a seat you have to wait for atleast a good 10-20 mins call the guy multiple times to ask him to take the order just to hear that half of the items are over and you just have to make do with whatever is left over. Or you can always yell and call and ask the guy to take your order. Hygiene is a concept that's completely unheard of here so all in all this restaurant is a complete no go.  Above instances are not a one time thing but things that have happened atleast 4-5 times.",0,a year ago,"{""dining_mode"": ""Dine in"", ""meal_type"": ""Breakfast"", ""food"": 1, ""service_rating"": 1, ""atmosphere"": 2}"
Cafe 27,,"18th Cross Rd, Sector 2, HSR Layout, Bengaluru, Karnataka 560102",12.9112282,77.6522832,Kerala restaurant,,ChdDSUhNMG9nS0VJQ0FnSUNydXVhMjh3RRAB,Cafe 27,Govind Dinesh,101429789641609363360,True,5,,0,a year ago,
Cafe 27,,"18th Cross Rd, Sector 2, HSR Layout, Bengaluru, Karnataka 560102",12.9112282,77.6522832,Kerala restaurant,,ChdDSUhNMG9nS0VJQ0FnSUNyOG9hUy1BRRAB,Cafe 27,janet varkey,116777659162375985537,False,5,Best hangout place for mallus.. one chai and kaddi can make your day,0,a year ago,
Cafe 27,,"18th Cross Rd, Sector 2, HSR Layout, Bengaluru, Karnataka 560102",12.9112282,77.6522832,Kerala restaurant,,ChZDSUhNMG9nS0VJQ0FnSUNyNHVuOFpBEAE,Cafe 27,Vishnupriya Dinesh,100384147174982124186,False,5,,0,a year ago,"{""food"": 5, ""service_rating"": 5, ""atmosphere"": 5}"
Cafe 27,,"18th Cross Rd, Sector 2, HSR Layout, Bengaluru, Karnataka 560102",12.9112282,77.6522832,Kerala restaurant,,ChZDSUhNMG9nS0VJQ0FnSUNyb3NIb2ZnEAE,Cafe 27,Sreeja Balan,108474207000205033721,True,4,,0,a year ago,
Cafe 27,,"18th Cross Rd, Sector 2, HSR Layout, Bengaluru, Karnataka 560102",12.9112282,77.6522832,Kerala restaurant,,ChZDSUhNMG9nS0VJQ0FnSURMMTZHZkZnEAE,Cafe 27,aysha khalander,113366711673848300969,True,5,,0,a year ago,"{""dining_mode"": ""Dine in"", ""meal_type"": ""Breakfast"", ""food"": 5, ""service_rating"": 5, ""atmosphere"": 5, ""vegetarian_recommendation"": ""Somewhat recommend"", ""vegetarian_offerings"": ""Vegetarian menu or section"", ""parking_space"": ""Plenty of parking"", ""parking_options"": ""Free parking lot"", ""parking_notes"": ""Good"", ""kid_friendliness"": ""Nice""}"
Cafe 27,,"18th Cross Rd, Sector 2, HSR Layout, Bengaluru, Karnataka 560102",12.9112282,77.6522832,Kerala restaurant,,ChdDSUhNMG9nS0VJQ0FnSURMLTZuc3ZnRRAB,Cafe 27,Vaishnavi I G,109221237419034662072,True,4,,0,a year ago,"{""dining_mode"": ""Dine in"", ""meal_type"": ""Lunch"", ""price_per_person"": ""₹1–200"", ""food"": 4, ""service_rating"": 4, ""atmosphere"": 5, ""recommended_dishes"": ""Kerala Meal, Chicken Alfaham""}"
Cafe 27,,"18th Cross Rd, Sector 2, HSR Layout, Bengaluru, Karnataka 560102",12.9112282,77.6522832,Kerala restaurant,,ChdDSUhNMG9nS0VJQ0FnSURMdTdMcXh3RRAB,Cafe 27,K V Lakshman,105693987901419947607,False,4,"Good place, more offerable kerala syle",0,a year ago,"{""dining_mode"": ""Dine in"", ""food"": 5, ""service_rating"": 4, ""atmosphere"": 5}"
Cafe 27,,"18th Cross Rd, Sector 2, HSR Layout, Bengaluru, Karnataka 560102",12.9112282,77.6522832,Kerala restaurant,,ChdDSUhNMG9nS0VJQ0FnSURMdGNha2lRRRAB,Cafe 27,Arjun Nair,102936027063024056379,True,4,"Good food , clean ambience especially for lunch & snacks little crowded during the afternoon 👌",0,a year ago,
Cafe 27,,"18th Cross Rd, Sector 2, HSR Layout, Bengaluru, Karnataka 560102",12.9112282,77.6522832,Kerala restaurant,,ChZDSUhNMG9nS0VJQ0FnSURMbGVPcmNBEAE,Cafe 27,Injas MTP,109214514041783292581,True,4,,0,a year ago,"{""dining_mode"": ""Dine in"", ""price_per_person"": ""₹400–600""}"
Cafe 27,,"18th Cross Rd, Sector 2, HSR Layout, Bengaluru, Karnataka 560102",12.9112282,77.6522832,Kerala restaurant,,ChdDSUhNMG9nS0VJQ0FnSURMZ2R6WXR3RRAB,Cafe 27,Basavaraj Dodamani,102987429347758414793,False,5,,0,a year ago,
Cafe 27,,"18th Cross Rd, Sector 2, HSR Layout, Bengaluru, Karnataka 560102",12.9112282,77.6522832,Kerala restaurant,,ChdDSUhNMG9nS0VJQ0FnSURMa3I2UnJBRRAB,Cafe 27,Snehil,116883744872372681631,True,4,,0,a year ago,
Cafe 27,,"18th Cross Rd, Sector 2, HSR Layout, Bengaluru, Karnataka 560102",12.9112282,77.6522832,Kerala restaurant,,ChZDSUhNMG9nS0VJQ0FnSURMbk5PQUF3EAE,Cafe 27,Ajeesh Abraham Cherin,114696694117037859800,True,5,"This place is great! The service was good, and the food had delicious Kerala flavors.",0,a year ago,"{""dining_mode"": ""Take out"", ""meal_type"": ""Dinner"", ""price_per_person"": ""₹600–800"", ""food"": 4, ""service_rating"": 5, ""atmosphere"": 4}"
Cafe 27,,"18th Cross Rd, Sector 2, HSR Layout, Bengaluru, Karnataka 560102",12.9112282,77.6522832,Kerala restaurant,,ChdDSUhNMG9nS0VJQ0FnSURMNklpMmdnRRAB,Cafe 27,vigesh km,113930436127528582168,False,5,,0,a year ago,
Cafe 27,,"18th Cross Rd, Sector 2, HSR Layout, Bengaluru, Karnataka 560102",12.9112282,77.6522832,Kerala restaurant,,ChZDSUhNMG9nS0VJQ0FnSURMb09LM05BEAE,Cafe 27,Badi Didi,100740631952336655562,True,1,Very Bad coffee. They just take a coffee sachet and make it.,0,a year ago,
Cafe 27,,"18th Cross Rd, Sector 2, HSR Layout, Bengaluru, Karnataka 560102",12.9112282,77.6522832,Kerala restaurant,,ChdDSUhNMG9nS0VJQ0FnSUNMXzRHNG9RRRAB,Cafe 27,Parthasarathi Chakrabarti,108676359221093638505,True,3,No frills but neat and clean place. Mallu cuisine.... Probably the only place in HSR serving non-veg for breakfast. So I dropped in. The tea was useless. The idiyappam was good and the chicken curry (to go with the appam) was as fiery as it looked. Go for it only if you have great tolerance for the super 🔥. I actually asked for another plate to be parcelled. 😁,0,a year ago,"{""dining_mode"": ""Dine in"", ""meal_type"": ""Breakfast"", ""price_per_person"": ""₹1–200"", ""food"": 3, ""service_rating"": 4, ""atmosphere"": 4}"
Cafe 27,,"18th Cross Rd, Sector 2, HSR Layout, Bengaluru, Karnataka 560102",12.9112282,77.6522832,Kerala restaurant,,ChdDSUhNMG9nS0VJQ0FnSUNMejVmenZBRRAB,Cafe 27,Akhil Dharmaratnam,108731102928582022690,True,5,Excellent place and ambience,0,a year ago,"{""dining_mode"": ""Dine in"", ""food"": 5, ""service_rating"": 5, ""atmosphere"": 5}"
Cafe 27,,"18th Cross Rd, Sector 2, HSR Layout, Bengaluru, Karnataka 560102",12.9112282,77.6522832,Kerala restaurant,,ChRDSUhNMG9nS0VJQ0FnSUNabGJ0NhAB,Cafe 27,Nowfz,105527671691439439997,True,1,"Honest edited l review from my end. Cafe 27 was good earlier and we were so happy to go there for food, tea and snacks by driving 12kms. But nowadays  the behaviour seems to be very pathetic and rude from the staff. And they are thinking the food they serve is good in this Bangalore market. The tea person is really rude and he is thinking that he is the king. Really sad to see this restaurant is going down to a bad situation in the case of service, cleanliness and behaviour.  Thanks",0,Edited a year ago,"{""dining_mode"": ""Dine in"", ""meal_type"": ""Dinner"", ""price_per_person"": ""₹1–200"", ""food"": 2, ""service_rating"": 1, ""atmosphere"": 1, ""recommended_dishes"": ""Neer Dosa, Beef Biriyani, Kerala Chicken Biryani""}"
Cafe 27,,"18th Cross Rd, Sector 2, HSR Layout, Bengaluru, Karnataka 560102",12.9112282,77.6522832,Kerala restaurant,,ChdDSUhNMG9nS0VJQ0FnSUNMaDduWmtBRRAB,Cafe 27,Aswathy Gopinath,100962289556718743281,False,5,,0,a year ago,"{""food"": 5, ""service_rating"": 5, ""atmosphere"": 3}"
Cafe 27,,"18th Cross Rd, Sector 2, HSR Layout, Bengaluru, Karnataka 560102",12.9112282,77.6522832,Kerala restaurant,,ChZDSUhNMG9nS0VJQ0FnSUNMdTUyb1pnEAE,Cafe 27,shipin k,101797909270139371543,True,3,,0,a year ago,"{""food"": 4, ""service_rating"": 3, ""atmosphere"": 4}"
Cafe 27,,"18th Cross Rd, Sector 2, HSR Layout, Bengaluru, Karnataka 560102",12.9112282,77.6522832,Kerala restaurant,,ChZDSUhNMG9nS0VJQ0FnSUNMdmNtdFRREAE,Cafe 27,Sai Madhav,106323709596944374799,True,3,,0,a year ago,"{""food"": 3, ""service_rating"": 3, ""atmosphere"": 3}"
Cafe 27,,"18th Cross Rd, Sector 2, HSR Layout, Bengaluru, Karnataka 560102",12.9112282,77.6522832,Kerala restaurant,,ChdDSUhNMG9nS0VJQ0FnSUNMcllHWndRRRAB,Cafe 27,Preethy Thekkan,114913538769203564293,True,4,"Kerala food, like the locals eat.",0,a year ago,"{""dining_mode"": ""Dine in"", ""meal_type"": ""Breakfast"", ""price_per_person"": ""₹1–200"", ""food"": 5, ""service_rating"": 4, ""atmosphere"": 4}"
Cafe 27,,"18th Cross Rd, Sector 2, HSR Layout, Bengaluru, Karnataka 560102",12.9112282,77.6522832,Kerala restaurant,,ChdDSUhNMG9nS0VJQ0FnSUNMa2UzMTRnRRAB,Cafe 27,Pranav Manoj,106691214386846508646,False,5,,0,a year ago,"{""food"": 5, ""service_rating"": 5, ""atmosphere"": 5}"
Cafe 27,,"18th Cross Rd, Sector 2, HSR Layout, Bengaluru, Karnataka 560102",12.9112282,77.6522832,Kerala restaurant,,ChdDSUhNMG9nS0VJQ0FnSUNMdG9IR3BnRRAB,Cafe 27,PRASANTH N,108378470004490880922,True,4,,0,a year ago,"{""food"": 4, ""service_rating"": 4, ""atmosphere"": 4}"
Cafe 27,,"18th Cross Rd, Sector 2, HSR Layout, Bengaluru, Karnataka 560102",12.9112282,77.6522832,Kerala restaurant,,ChZDSUhNMG9nS0VJQ0FnSUNMc3RuWlpREAE,Cafe 27,Sandhya,113128120971923764586,True,5,,0,a year ago,"{""food"": 5, ""service_rating"": 4, ""atmosphere"": 4}"
Cafe 27,,"18th Cross Rd, Sector 2, HSR Layout, Bengaluru, Karnataka 560102",12.9112282,77.6522832,Kerala restaurant,,ChZDSUhNMG9nS0VJQ0FnSUNMa3JmYkZBEAE,Cafe 27,Soft trails,104222600384031110806,True,5,,0,a year ago,"{""dining_mode"": ""Dine in"", ""meal_type"": ""Lunch"", ""price_per_person"": ""₹200–400"", ""food"": 5, ""service_rating"": 5, ""atmosphere"": 4}"
Cafe 27,,"18th Cross Rd, Sector 2, HSR Layout, Bengaluru, Karnataka 560102",12.9112282,77.6522832,Kerala restaurant,,ChdDSUhNMG9nS0VJQ0FnSUNMck1yczZnRRAB,Cafe 27,Selva manickam,101857225348501429815,True,5,,0,a year ago,
Cafe 27,,"18th Cross Rd, Sector 2, HSR Layout, Bengaluru, Karnataka 560102",12.9112282,77.6522832,Kerala restaurant,,ChZDSUhNMG9nS0VJQ0FnSUNMekxmbU53EAE,Cafe 27,Ranjith Raj T.D,104352139688888149265,True,5,,0,a year ago,
Cafe 27,,"18th Cross Rd, Sector 2, HSR Layout, Bengaluru, Karnataka 560102",12.9112282,77.6522832,Kerala restaurant,,ChZDSUhNMG9nS0VJQ0FnSUNMeE0zUWV3EAE,Cafe 27,Anaswara Shaji,101524085897229835080,False,5,,0,a year ago,"{""dining_mode"": ""Dine in"", ""meal_type"": ""Dinner"", ""price_per_person"": ""₹1–200"", ""food"": 5, ""service_rating"": 4, ""atmosphere"": 5, ""recommended_dishes"": ""Kerala Meal, Malabar Biryani""}"
Cafe 27,,"18th Cross Rd, Sector 2, HSR Layout, Bengaluru, Karnataka 560102",12.9112282,77.6522832,Kerala restaurant,,ChZDSUhNMG9nS0VJQ0FnSUNMOEphamFnEAE,Cafe 27,ashik chikku,106760114331026744864,False,4,,0,a year ago,
Cafe 27,,"18th Cross Rd, Sector 2, HSR Layout, Bengaluru, Karnataka 560102",12.9112282,77.6522832,Kerala restaurant,,ChdDSUhNMG9nS0VJQ0FnSUNMNE82dG5RRRAB,Cafe 27,Megha Devaraj,116488732602558379851,True,2,Service is very poor. The food is of average taste. Malabari Snacks are tasty though.,0,a year ago,"{""dining_mode"": ""Dine in"", ""meal_type"": ""Breakfast"", ""price_per_person"": ""₹1–200"", ""food"": 3, ""service_rating"": 2, ""atmosphere"": 2}"
Cafe 27,,"18th Cross Rd, Sector 2, HSR Layout, Bengaluru, Karnataka 560102",12.9112282,77.6522832,Kerala restaurant,,ChdDSUhNMG9nS0VJQ0FnSUR6cjVMcjBBRRAB,Cafe 27,AMARCHAND G,105648596044013625046,True,4,,0,a year ago,"{""food"": 4, ""service_rating"": 3, ""atmosphere"": 3}"
Cafe 27,,"18th Cross Rd, Sector 2, HSR Layout, Bengaluru, Karnataka 560102",12.9112282,77.6522832,Kerala restaurant,,ChZDSUhNMG9nS0VJQ0FnSURrcTVQQWVnEAE,Cafe 27,Asghar Abdulla,103677770914769332591,False,5,Good kerala style restaurant,0,Edited a year ago,"{""dining_mode"": ""Dine in"", ""meal_type"": ""Dinner"", ""price_per_person"": ""₹200–400"", ""food"": 5, ""service_rating"": 5, ""atmosphere"": 3, ""recommended_dishes"": ""Chatti Choru, Malabar Biryani""}"
Cafe 27,,"18th Cross Rd, Sector 2, HSR Layout, Bengaluru, Karnataka 560102",12.9112282,77.6522832,Kerala restaurant,,ChdDSUhNMG9nS0VJQ0FnSUR6NDVDczBBRRAB,Cafe 27,Divya Vijayakumar,111384084505400738721,True,4,Wanna try good Kerala style food never miss this place …! Especially the beef fry and appam…! Chill with your tea and evening snack ..! Though the atmosphere and service is average but food is worth a try,0,a year ago,"{""food"": 5, ""service_rating"": 4, ""atmosphere"": 2}"
Cafe 27,,"18th Cross Rd, Sector 2, HSR Layout, Bengaluru, Karnataka 560102",12.9112282,77.6522832,Kerala restaurant,,ChdDSUhNMG9nS0VJQ0FnSUR6OWU2dDZRRRAB,Cafe 27,athul abraham,102850486583452118779,True,3,,0,a year ago,
Cafe 27,,"18th Cross Rd, Sector 2, HSR Layout, Bengaluru, Karnataka 560102",12.9112282,77.6522832,Kerala restaurant,,ChZDSUhNMG9nS0VJQ0FnSUR6a2JLMkZREAE,Cafe 27,Anaghapriya,116852411391285608027,True,5,,0,a year ago,"{""dining_mode"": ""Dine in"", ""meal_type"": ""Dinner"", ""price_per_person"": ""₹400–600"", ""food"": 5, ""service_rating"": 5, ""atmosphere"": 4, ""recommended_dishes"": ""Chicken Alfaham, Kerala Chicken Biryani""}"
Cafe 27,,"18th Cross Rd, Sector 2, HSR Layout, Bengaluru, Karnataka 560102",12.9112282,77.6522832,Kerala restaurant,,ChdDSUhNMG9nS0VJQ0FnSUR6NFp2M3BnRRAB,Cafe 27,Local Guide,107279197993729600752,True,2,,0,a year ago,
Cafe 27,,"18th Cross Rd, Sector 2, HSR Layout, Bengaluru, Karnataka 560102",12.9112282,77.6522832,Kerala restaurant,,ChdDSUhNMG9nS0VJQ0FnSUR6NnFUNDhnRRAB,Cafe 27,Rashmi,114612076891551068168,False,4,,0,a year ago,
Cafe 27,,"18th Cross Rd, Sector 2, HSR Layout, Bengaluru, Karnataka 560102",12.9112282,77.6522832,Kerala restaurant,,ChdDSUhNMG9nS0VJQ0FnSUR6M01lOXlnRRAB,Cafe 27,joju felix,115735237586766495345,False,1,Service is bad,0,a year ago,
Cafe 27,,"18th Cross Rd, Sector 2, HSR Layout, Bengaluru, Karnataka 560102",12.9112282,77.6522832,Kerala restaurant,,ChdDSUhNMG9nS0VJQ0FnSUR6M05QTDNnRRAB,Cafe 27,Lilly Varghese,100979491535326067878,False,1,Worst service,0,a year ago,"{""service_rating"": 1}"
Cafe 27,,"18th Cross Rd, Sector 2, HSR Layout, Bengaluru, Karnataka 560102",12.9112282,77.6522832,Kerala restaurant,,ChdDSUhNMG9nS0VJQ0FnSUR6N0tpZ3hRRRAB,Cafe 27,Ashokkumar S,101646053489390529488,True,3,Not upto expectation,0,a year ago,"{""dining_mode"": ""Take out"", ""food"": 3, ""service_rating"": 4, ""atmosphere"": 3}"
Cafe 27,,"18th Cross Rd, Sector 2, HSR Layout, Bengaluru, Karnataka 560102",12.9112282,77.6522832,Kerala restaurant,,ChZDSUhNMG9nS0VJQ0FnSUR6LU15MGF3EAE,Cafe 27,abna_tovarai,113927346804351499015,True,4,,0,a year ago,"{""dining_mode"": ""Dine in"", ""meal_type"": ""Other"", ""price_per_person"": ""₹200–400""}"
Cafe 27,,"18th Cross Rd, Sector 2, HSR Layout, Bengaluru, Karnataka 560102",12.9112282,77.6522832,Kerala restaurant,,ChdDSUhNMG9nS0VJQ0FnSUR6aUxpdHd3RRAB,Cafe 27,Vineesh Kumar,115645684852334297594,True,4,,0,a year ago,"{""food"": 5, ""service_rating"": 4, ""atmosphere"": 3}"
Cafe 27,,"18th Cross Rd, Sector 2, HSR Layout, Bengaluru, Karnataka 560102",12.9112282,77.6522832,Kerala restaurant,,ChdDSUhNMG9nS0VJQ0FnSUN6LV9pTm5RRRAB,Cafe 27,Arun Raghu,103704218413702567878,True,5,,0,a year ago,"{""dining_mode"": ""Dine in"", ""meal_type"": ""Lunch"", ""price_per_person"": ""₹600–800"", ""food"": 5, ""service_rating"": 5, ""atmosphere"": 5, ""recommended_dishes"": ""Kerala Meal""}"
Cafe 27,,"18th Cross Rd, Sector 2, HSR Layout, Bengaluru, Karnataka 560102",12.9112282,77.6522832,Kerala restaurant,,ChZDSUhNMG9nS0VJQ0FnSUN6MWI3S0h3EAE,Cafe 27,Eby Eldho Ealiyas,113117944419002498962,True,4,Great place to have Kerala cuisine. The taste of the food here is so consistent.,0,a year ago,"{""price_per_person"": ""₹200–400""}"
Cafe 27,,"18th Cross Rd, Sector 2, HSR Layout, Bengaluru, Karnataka 560102",12.9112282,77.6522832,Kerala restaurant,,ChdDSUhNMG9nS0VJQ0FnSUN6NWVuVjh3RRAB,Cafe 27,Nimmi Nandhu,110377011865540629497,True,3,,0,a year ago,"{""dining_mode"": ""Dine in"", ""meal_type"": ""Lunch"", ""price_per_person"": ""₹800–1,000"", ""food"": 3, ""service_rating"": 3, ""atmosphere"": 4, ""vegetarian_recommendation"": ""Somewhat recommend"", ""vegetarian_offerings"": ""Not sure"", ""parking_space"": ""Plenty of parking"", ""parking_options"": ""Free parking lot, Free street parking""}"
Cafe 27,,"18th Cross Rd, Sector 2, HSR Layout, Bengaluru, Karnataka 560102",12.9112282,77.6522832,Kerala restaurant,,ChdDSUhNMG9nS0VJQ0FnSUN6b2NuaV93RRAB,Cafe 27,Yogesh Bhatt,109657968765038501567,True,4,The food and staff are so good,0,a year ago,"{""dining_mode"": ""Dine in"", ""meal_type"": ""Dinner"", ""price_per_person"": ""₹400–600"", ""food"": 4, ""service_rating"": 4, ""atmosphere"": 4}"
Cafe 27,,"18th Cross Rd, Sector 2, HSR Layout, Bengaluru, Karnataka 560102",12.9112282,77.6522832,Kerala restaurant,,ChdDSUhNMG9nS0VJQ0FnSURVa1BMVjd3RRAB,Cafe 27,ARUN DAYANANDAN,116104104536255306349,True,4,,0,Edited a year ago,"{""dining_mode"": ""Dine in"", ""meal_type"": ""Breakfast"", ""price_per_person"": ""₹1–200"", ""food"": 4, ""service_rating"": 4, ""atmosphere"": 4}"
Cafe 27,,"18th Cross Rd, Sector 2, HSR Layout, Bengaluru, Karnataka 560102",12.9112282,77.6522832,Kerala restaurant,,ChZDSUhNMG9nS0VJQ0FnSUROZ0oyUVdnEAE,Cafe 27,AnuSree k,116474891253909840638,True,1,,0,Edited a year ago,"{""dining_mode"": ""Dine in"", ""meal_type"": ""Dinner"", ""food"": 1, ""service_rating"": 1, ""atmosphere"": 1, ""recommended_dishes"": ""Kerala Meal""}"
Cafe 27,,"18th Cross Rd, Sector 2, HSR Layout, Bengaluru, Karnataka 560102",12.9112282,77.6522832,Kerala restaurant,,ChdDSUhNMG9nS0VJQ0FnSURUMzVmUDZnRRAB,Cafe 27,Mak Hus,104137980269126616469,False,5,"Achappam, kuzhalappam",0,a year ago,"{""dining_mode"": ""Take out"", ""meal_type"": ""Other"", ""price_per_person"": ""₹200–400"", ""food"": 5, ""service_rating"": 5, ""atmosphere"": 5}"
Cafe 27,,"18th Cross Rd, Sector 2, HSR Layout, Bengaluru, Karnataka 560102",12.9112282,77.6522832,Kerala restaurant,,ChdDSUhNMG9nS0VJQ0FnSURUdlp5ZG9nRRAB,Cafe 27,Anoop Kumar,115507650626451714164,True,5,,0,a year ago,"{""dining_mode"": ""Dine in"", ""meal_type"": ""Lunch"", ""price_per_person"": ""₹200–400"", ""food"": 5, ""service_rating"": 4, ""atmosphere"": 5, ""recommended_dishes"": ""Kerala Meal, Beef Biriyani, Malabar Biryani, Appam and Egg Curry, Kerala Chicken Biryani"", ""parking_space"": ""Plenty of parking"", ""parking_options"": ""Free street parking""}"
Cafe 27,,"18th Cross Rd, Sector 2, HSR Layout, Bengaluru, Karnataka 560102",12.9112282,77.6522832,Kerala restaurant,,ChdDSUhNMG9nS0VJQ0FnSUN5bVBHcmlnRRAB,Cafe 27,Nayanthara Sreeraj,107228433697458275951,True,3,,0,Edited a year ago,"{""dining_mode"": ""Dine in"", ""meal_type"": ""Other"", ""price_per_person"": ""₹200–400"", ""food"": 3, ""service_rating"": 3, ""atmosphere"": 5}"
Cafe 27,,"18th Cross Rd, Sector 2, HSR Layout, Bengaluru, Karnataka 560102",12.9112282,77.6522832,Kerala restaurant,,ChZDSUhNMG9nS0VJQ0FnSURUOGUtUENBEAE,Cafe 27,Aflah Vp,113122087788177137085,True,5,Very tasty kerala food,0,a year ago,"{""dining_mode"": ""Dine in"", ""meal_type"": ""Dinner"", ""price_per_person"": ""₹1–200"", ""food"": 4, ""service_rating"": 3, ""atmosphere"": 4}"
Cafe 27,,"18th Cross Rd, Sector 2, HSR Layout, Bengaluru, Karnataka 560102",12.9112282,77.6522832,Kerala restaurant,,ChdDSUhNMG9nS0VJQ0FnSURUaEpYbmtBRRAB,Cafe 27,shivaraj KM,114233142447285568797,True,5,,0,a year ago,
Cafe 27,,"18th Cross Rd, Sector 2, HSR Layout, Bengaluru, Karnataka 560102",12.9112282,77.6522832,Kerala restaurant,,ChdDSUhNMG9nS0VJQ0FnSUNUcl9fRDFBRRAB,Cafe 27,Sainy Kuriakose,100004578890835625955,True,4,,0,a year ago,"{""dining_mode"": ""Dine in"", ""meal_type"": ""Other"", ""price_per_person"": ""₹1–200"", ""food"": 4, ""service_rating"": 4, ""atmosphere"": 4}"
Cafe 27,,"18th Cross Rd, Sector 2, HSR Layout, Bengaluru, Karnataka 560102",12.9112282,77.6522832,Kerala restaurant,,ChdDSUhNMG9nS0VJQ0FnSUNUdC1XWi13RRAB,Cafe 27,Akash VK,110226237256668104807,True,1,The waiter’s treat customers so badly . The servicing is so poor . They don’t even take orders from the customers and chit chat in the kitchen . One of the worst restaurant in HSR.,0,a year ago,"{""dining_mode"": ""Dine in"", ""meal_type"": ""Brunch"", ""price_per_person"": ""₹200–400"", ""food"": 2, ""service_rating"": 1, ""atmosphere"": 2}"
Cafe 27,,"18th Cross Rd, Sector 2, HSR Layout, Bengaluru, Karnataka 560102",12.9112282,77.6522832,Kerala restaurant,,ChZDSUhNMG9nS0VJQ0FnSUR4emJpeGNREAE,Cafe 27,Adarsh P,102929388199975633033,True,4,,0,Edited a year ago,"{""food"": 4, ""service_rating"": 4, ""atmosphere"": 4}"
Cafe 27,,"18th Cross Rd, Sector 2, HSR Layout, Bengaluru, Karnataka 560102",12.9112282,77.6522832,Kerala restaurant,,ChZDSUhNMG9nS0VJQ0FnSUNUeGFLV1BBEAE,Cafe 27,Usha Shivakumar,106880682117863775834,True,1,,0,a year ago,
Cafe 27,,"18th Cross Rd, Sector 2, HSR Layout, Bengaluru, Karnataka 560102",12.9112282,77.6522832,Kerala restaurant,,ChdDSUhNMG9nS0VJQ0FnSUNUaWY3U3RBRRAB,Cafe 27,Ravi Prince,108401660330111821740,True,5,,0,a year ago,"{""food"": 4, ""service_rating"": 4, ""atmosphere"": 4}"
Cafe 27,,"18th Cross Rd, Sector 2, HSR Layout, Bengaluru, Karnataka 560102",12.9112282,77.6522832,Kerala restaurant,,ChdDSUhNMG9nS0VJQ0FnSUNUM3NEQjd3RRAB,Cafe 27,Melvin John,103287944340129320705,True,5,,0,a year ago,
Cafe 27,,"18th Cross Rd, Sector 2, HSR Layout, Bengaluru, Karnataka 560102",12.9112282,77.6522832,Kerala restaurant,,ChdDSUhNMG9nS0VJQ0FnSUNUN3RXQzlBRRAB,Cafe 27,Shinu MP,108812897689258072118,True,5,Good for evening hangout,0,a year ago,"{""food"": 4, ""service_rating"": 4, ""atmosphere"": 4}"
Cafe 27,,"18th Cross Rd, Sector 2, HSR Layout, Bengaluru, Karnataka 560102",12.9112282,77.6522832,Kerala restaurant,,ChZDSUhNMG9nS0VJQ0FnSUNUOXNxRkVBEAE,Cafe 27,Jackson Cheriyan,107383977774122253983,True,5,,0,a year ago,"{""food"": 5, ""service_rating"": 2, ""atmosphere"": 4}"
Cafe 27,,"18th Cross Rd, Sector 2, HSR Layout, Bengaluru, Karnataka 560102",12.9112282,77.6522832,Kerala restaurant,,ChdDSUhNMG9nS0VJQ0FnSUNULXRpcnVBRRAB,Cafe 27,Vishnu Pillai,112627631153121736133,True,4,,0,a year ago,"{""food"": 4, ""service_rating"": 3, ""atmosphere"": 4}"
Cafe 27,,"18th Cross Rd, Sector 2, HSR Layout, Bengaluru, Karnataka 560102",12.9112282,77.6522832,Kerala restaurant,,ChZDSUhNMG9nS0VJQ0FnSUNUc3UtNVZREAE,Cafe 27,Jithin A,116049573713273469325,True,4,,0,a year ago,"{""food"": 4, ""service_rating"": 4, ""atmosphere"": 4}"
Cafe 27,,"18th Cross Rd, Sector 2, HSR Layout, Bengaluru, Karnataka 560102",12.9112282,77.6522832,Kerala restaurant,,ChdDSUhNMG9nS0VJQ0FnSUNUa3BHNTFBRRAB,Cafe 27,jill jk,101353588355911191582,False,3,Food is good but the service is awful,0,a year ago,"{""price_per_person"": ""₹1–200"", ""food"": 4, ""service_rating"": 1, ""atmosphere"": 3}"
Cafe 27,,"18th Cross Rd, Sector 2, HSR Layout, Bengaluru, Karnataka 560102",12.9112282,77.6522832,Kerala restaurant,,ChZDSUhNMG9nS0VJQ0FnSUNUNG9xYVB3EAE,Cafe 27,vignesh hari,105968627382779459353,True,3,,0,a year ago,
Cafe 27,,"18th Cross Rd, Sector 2, HSR Layout, Bengaluru, Karnataka 560102",12.9112282,77.6522832,Kerala restaurant,,ChZDSUhNMG9nS0VJQ0FnSUNUb3J6YUp3EAE,Cafe 27,Amith Anil,116895877799547911348,True,5,Great meals and fish fry. Go to place on weekends! Also try out their snacks which starts around 4 pm.,0,a year ago,"{""food"": 5, ""service_rating"": 5, ""atmosphere"": 5}"
Cafe 27,,"18th Cross Rd, Sector 2, HSR Layout, Bengaluru, Karnataka 560102",12.9112282,77.6522832,Kerala restaurant,,ChdDSUhNMG9nS0VJQ0FnSUNUd3BQd2t3RRAB,Cafe 27,Antony Damacious,109591888925925400660,True,3,,0,a year ago,"{""dining_mode"": ""Dine in"", ""meal_type"": ""Lunch"", ""food"": 3, ""service_rating"": 3, ""atmosphere"": 3}"
Cafe 27,,"18th Cross Rd, Sector 2, HSR Layout, Bengaluru, Karnataka 560102",12.9112282,77.6522832,Kerala restaurant,,ChdDSUhNMG9nS0VJQ0FnSUNUX0pUbm9BRRAB,Cafe 27,Arun Kumar,111520871228306309084,True,5,,0,a year ago,"{""dining_mode"": ""Dine in"", ""food"": 5, ""service_rating"": 5, ""atmosphere"": 5}"
Cafe 27,,"18th Cross Rd, Sector 2, HSR Layout, Bengaluru, Karnataka 560102",12.9112282,77.6522832,Kerala restaurant,,ChZDSUhNMG9nS0VJQ0FnSUNUeUllaU53EAE,Cafe 27,Koushik Tamilmaran,104807866164807350628,True,5,Good Kerala food with great options for snacks and tea,0,a year ago,"{""dining_mode"": ""Dine in"", ""meal_type"": ""Lunch"", ""price_per_person"": ""₹1–200"", ""food"": 5, ""service_rating"": 5, ""atmosphere"": 5}"
Cafe 27,,"18th Cross Rd, Sector 2, HSR Layout, Bengaluru, Karnataka 560102",12.9112282,77.6522832,Kerala restaurant,,ChdDSUhNMG9nS0VJQ0FnSURqMTVDYnl3RRAB,Cafe 27,Anoop edakkanam,108208549069908004938,True,5,✌️✌️,0,a year ago,"{""food"": 4, ""service_rating"": 4, ""atmosphere"": 4}"
Cafe 27,,"18th Cross Rd, Sector 2, HSR Layout, Bengaluru, Karnataka 560102",12.9112282,77.6522832,Kerala restaurant,,ChdDSUhNMG9nS0VJQ0FnSURqcF91cnNnRRAB,Cafe 27,Melbin Kuriakose,108702398467665463542,True,5,super food,0,a year ago,"{""dining_mode"": ""Dine in"", ""meal_type"": ""Breakfast"", ""price_per_person"": ""₹1–200"", ""food"": 5, ""service_rating"": 5, ""atmosphere"": 5}"
Cafe 27,,"18th Cross Rd, Sector 2, HSR Layout, Bengaluru, Karnataka 560102",12.9112282,77.6522832,Kerala restaurant,,ChdDSUhNMG9nS0VJQ0FnSURqcDludW53RRAB,Cafe 27,Nandu Jayan,115609286409744104670,True,4,,0,a year ago,"{""food"": 4, ""service_rating"": 4, ""atmosphere"": 4}"
Cafe 27,,"18th Cross Rd, Sector 2, HSR Layout, Bengaluru, Karnataka 560102",12.9112282,77.6522832,Kerala restaurant,,ChZDSUhNMG9nS0VJQ0FnSURqaWFYN0pnEAE,Cafe 27,RAJEESH KV,106605040032197549123,True,5,,0,2 years ago,"{""dining_mode"": ""Dine in"", ""meal_type"": ""Breakfast"", ""price_per_person"": ""₹1–200"", ""food"": 5, ""service_rating"": 5, ""atmosphere"": 5}"
Cafe 27,,"18th Cross Rd, Sector 2, HSR Layout, Bengaluru, Karnataka 560102",12.9112282,77.6522832,Kerala restaurant,,ChZDSUhNMG9nS0VJQ0FnSURqaWREdFJ3EAE,Cafe 27,Visakh Vijayakumar,116009587094995573528,True,3,,0,2 years ago,"{""dining_mode"": ""Dine in"", ""meal_type"": ""Dinner"", ""price_per_person"": ""₹400–600""}"
Cafe 27,,"18th Cross Rd, Sector 2, HSR Layout, Bengaluru, Karnataka 560102",12.9112282,77.6522832,Kerala restaurant,,ChdDSUhNMG9nS0VJQ0FnSURqbnE2ODRnRRAB,Cafe 27,Santhosh S,118032433529681341569,True,5,,0,2 years ago,
Cafe 27,,"18th Cross Rd, Sector 2, HSR Layout, Bengaluru, Karnataka 560102",12.9112282,77.6522832,Kerala restaurant,,ChdDSUhNMG9nS0VJQ0FnSUNqaktyVWpBRRAB,Cafe 27,singh Sp,104993584310331023295,True,1,"Zero vibe place. person at counter will do his best to ignore you. have to strain your vocal cord to get his attention. Next the tea maker, clearly hates his job, may be underpaid or depressed or misunderstood that he is running a charity. And then there is security guy who just cant stop blowing his terrible whistle, literally has no common sense, sees a car starts blowing whistle like a maniac wont stop until car leaves bengaluru. no proper seating outside. stuffy inside. will avoid",0,Edited 2 years ago,"{""food"": 2, ""service_rating"": 1, ""atmosphere"": 1}"
Cafe 27,,"18th Cross Rd, Sector 2, HSR Layout, Bengaluru, Karnataka 560102",12.9112282,77.6522832,Kerala restaurant,,ChdDSUhNMG9nS0VJQ0FnSURqMHB1UHNnRRAB,Cafe 27,Keerthana K,102272731458461405694,False,1,Worst Kerala hotel in Bangalore!!! Over priced! Over hyped!! They charged 40 rupees for a lime juice! Please don't visit this place. It's totally a waste of your hard earned money. NOT AT ALL RECOMMENDED.,0,2 years ago,"{""food"": 1, ""service_rating"": 1, ""atmosphere"": 1}"
Cafe 27,,"18th Cross Rd, Sector 2, HSR Layout, Bengaluru, Karnataka 560102",12.9112282,77.6522832,Kerala restaurant,,ChdDSUhNMG9nS0VJQ0FnSURqM01yQnhnRRAB,Cafe 27,Juswin Jacob,105179688597561251159,True,4,Nice place,0,2 years ago,"{""dining_mode"": ""Dine in"", ""meal_type"": ""Dinner"", ""price_per_person"": ""₹200–400"", ""food"": 4, ""service_rating"": 4, ""atmosphere"": 4, ""recommended_dishes"": ""Chicken Alfaham, Beef Biriyani, Malabar Biryani"", ""vegetarian_recommendation"": ""Somewhat recommend""}"
Cafe 27,,"18th Cross Rd, Sector 2, HSR Layout, Bengaluru, Karnataka 560102",12.9112282,77.6522832,Kerala restaurant,,ChZDSUhNMG9nS0VJQ0FnSURqNU9fdktREAE,Cafe 27,SANJU SIMON,100882191215506396398,True,5,Food collections of malabari at Bengaluru,0,2 years ago,"{""food"": 4, ""service_rating"": 4, ""atmosphere"": 3}"
Cafe 27,,"18th Cross Rd, Sector 2, HSR Layout, Bengaluru, Karnataka 560102",12.9112282,77.6522832,Kerala restaurant,,ChdDSUhNMG9nS0VJQ0FnSURqcFBmaTZBRRAB,Cafe 27,Sanumol P,103837622490843760153,True,3,,0,2 years ago,"{""food"": 2, ""service_rating"": 2, ""atmosphere"": 2}"
Cafe 27,,"18th Cross Rd, Sector 2, HSR Layout, Bengaluru, Karnataka 560102",12.9112282,77.6522832,Kerala restaurant,,ChZDSUhNMG9nS0VJQ0FnSURqMklybFVnEAE,Cafe 27,Abhay,115854844320283758357,False,5,,0,2 years ago,
