restaurant_name,phone,address,latitude,longitude,place_type,website,review_id,place_name,reviewer_name,reviewer_id,local_guide,rating,review_text,likes,date,attributes
"Casa Fresco, HSR: All-Day Dining & Café",080 4992 7445,"73, 27th Main Rd, Phase 3, 1st Sector, HSR Layout, Bengaluru, Karnataka 560102",12.9207539,77.650514,Restaurant,http://www.casafresco.in/,Ci9DQUlRQUNvZENodHljRjlvT2xoMFp6WlNjeTAyYVZkb2FEZFZVSFJYTFVRdFRFRRAB,"Casa Fresco, HSR: All",Chander Bhatia,103001028708875555612,True,5,Food was amazing and overall a nice experience,0,a day ago,"{""meal_type"": ""Lunch"", ""price_per_person"": ""₹1,800–2,000"", ""food"": 5, ""service_rating"": 4, ""atmosphere"": 4, ""noise_level"": ""Moderate noise"", ""wait_time"": ""10-30 min"", ""vegetarian_recommendation"": ""Highly recommend"", ""parking_space"": ""Somewhat difficult to find parking""}"
"Casa Fresco, HSR: All-Day Dining & Café",080 4992 7445,"73, 27th Main Rd, Phase 3, 1st Sector, HSR Layout, Bengaluru, Karnataka 560102",12.9207539,77.650514,Restaurant,http://www.casafresco.in/,Ci9DQUlRQUNvZENodHljRjlvT25OUlVDMXNRMk5RWDJoeWVsSlFMV05aYjJObWFsRRAB,"Casa Fresco, HSR: All","mahindra ,",101457318361906405006,True,1,Pastas nd sandwich was horrible...I would not recommend. Find a better place,0,a day ago,"{""meal_type"": ""Dinner"", ""food"": 1, ""service_rating"": 3, ""atmosphere"": 2}"
"Casa Fresco, HSR: All-Day Dining & Café",080 4992 7445,"73, 27th Main Rd, Phase 3, 1st Sector, HSR Layout, Bengaluru, Karnataka 560102",12.9207539,77.650514,Restaurant,http://www.casafresco.in/,Ci9DQUlRQUNvZENodHljRjlvT21neU5VUjJhVXRpVW5ZeWNtc3hXVXRFVW5sbVdVRRAB,"Casa Fresco, HSR: All",Shalini Bhatt,112570428605704967599,False,5,"I had a great experience at Casca Fresco. The breakfast was absolutely delicious, and the taste was amazing. The staff were very polite and welcoming. I tried the English breakfast, and it was really good. Would definitely recommend this place!",0,a day ago,"{""meal_type"": ""Breakfast"", ""price_per_person"": ""₹200–400"", ""food"": 5, ""service_rating"": 5, ""atmosphere"": 5, ""noise_level"": ""Quiet, easy to talk"", ""wait_time"": ""No wait""}"
"Casa Fresco, HSR: All-Day Dining & Café",080 4992 7445,"73, 27th Main Rd, Phase 3, 1st Sector, HSR Layout, Bengaluru, Karnataka 560102",12.9207539,77.650514,Restaurant,http://www.casafresco.in/,Ci9DQUlRQUNvZENodHljRjlvT2xjMU1sbFNVSHBHVmw5MlREUTFZbEJFT0U5ck5FRRAB,"Casa Fresco, HSR: All",Pramila Bansal,104139340484151700450,False,5,"very wide variety of food and good service, Staff team !",0,a day ago,"{""meal_type"": ""Brunch"", ""price_per_person"": ""₹200–400"", ""food"": 5, ""service_rating"": 5, ""atmosphere"": 5}"
"Casa Fresco, HSR: All-Day Dining & Café",080 4992 7445,"73, 27th Main Rd, Phase 3, 1st Sector, HSR Layout, Bengaluru, Karnataka 560102",12.9207539,77.650514,Restaurant,http://www.casafresco.in/,Ci9DQUlRQUNvZENodHljRjlvT2psSlNXVlViVXMyY2xCaGQxcDNkalZJTjNSdlRWRRAB,"Casa Fresco, HSR: All",Chaitali Ghag,107685179423658149635,False,5,,0,3 days ago,"{""food"": 5, ""service_rating"": 5, ""atmosphere"": 5}"
"Casa Fresco, HSR: All-Day Dining & Café",080 4992 7445,"73, 27th Main Rd, Phase 3, 1st Sector, HSR Layout, Bengaluru, Karnataka 560102",12.9207539,77.650514,Restaurant,http://www.casafresco.in/,Ci9DQUlRQUNvZENodHljRjlvT2kxVFFVaEplVkI2YVVoWlQwVlRXa1p5Tm5WMFduYxAB,"Casa Fresco, HSR: All",Jay N,115233980709945428155,True,3,"The ambience is good and has a lot of sitting space, but the service is a little slow and the food is average.  This place is like just any other cafe around.",0,4 days ago,"{""meal_type"": ""Brunch"", ""price_per_person"": ""₹600–800"", ""food"": 3, ""service_rating"": 2, ""atmosphere"": 4, ""noise_level"": ""Quiet, easy to talk""}"
"Casa Fresco, HSR: All-Day Dining & Café",080 4992 7445,"73, 27th Main Rd, Phase 3, 1st Sector, HSR Layout, Bengaluru, Karnataka 560102",12.9207539,77.650514,Restaurant,http://www.casafresco.in/,Ci9DQUlRQUNvZENodHljRjlvT2tkTWRsRjJhWHBzZEdkWWRXNTRVVTR5VlZGdE1IYxAB,"Casa Fresco, HSR: All",Suman,104216628295756070120,False,1,Food was too oily and not good at all. Oil was literally dripping from the burger and sandwich. I will not recommend to visit this restaurant at all.,0,4 days ago,"{""dining_mode"": ""Dine in"", ""meal_type"": ""Brunch"", ""price_per_person"": ""₹800–1,000"", ""food"": 1, ""service_rating"": 3, ""atmosphere"": 1, ""noise_level"": ""Moderate noise""}"
"Casa Fresco, HSR: All-Day Dining & Café",080 4992 7445,"73, 27th Main Rd, Phase 3, 1st Sector, HSR Layout, Bengaluru, Karnataka 560102",12.9207539,77.650514,Restaurant,http://www.casafresco.in/,Ci9DQUlRQUNvZENodHljRjlvT25saVV6TjRNR2xRZG1jeFFsVm5OMFk1VkdKaFduYxAB,"Casa Fresco, HSR: All",Shirsho Dasgupta,114177781299118689109,True,5,I was here just to kill the time till I could Finish up a work at the HSR Layout Police station and it happened to Be one of the Best Cafes I have ever visited in Bangalore. The Food is extremely good and the staff are really courteous. Hoping to visit pretty soon.,0,4 days ago,"{""dining_mode"": ""Dine in"", ""meal_type"": ""Lunch"", ""price_per_person"": ""₹400–600"", ""food"": 5, ""service_rating"": 5, ""atmosphere"": 5, ""noise_level"": ""Quiet, easy to talk"", ""vegetarian_recommendation"": ""Highly recommend"", ""parking_space"": ""Not sure"", ""wheelchair_accessibility"": ""Yes, this place is wheelchair Friendly as it is on the same level as the road Beside it.""}"
"Casa Fresco, HSR: All-Day Dining & Café",080 4992 7445,"73, 27th Main Rd, Phase 3, 1st Sector, HSR Layout, Bengaluru, Karnataka 560102",12.9207539,77.650514,Restaurant,http://www.casafresco.in/,Ci9DQUlRQUNvZENodHljRjlvT2taaE9IVnhiRkpsZUVaclVIRnZORFpGTjE5NGRVRRAB,"Casa Fresco, HSR: All",Kailash chandra Barik,112874971826090428915,False,5,"I’ve been here a few times now and the food has been pretty consistent each time. Service is quick, and I usually end up ordering their pizzas or pasta",0,5 days ago,"{""dining_mode"": ""Dine in"", ""meal_type"": ""Lunch"", ""food"": 5, ""service_rating"": 5, ""atmosphere"": 5, ""noise_level"": ""Quiet, easy to talk""}"
"Casa Fresco, HSR: All-Day Dining & Café",080 4992 7445,"73, 27th Main Rd, Phase 3, 1st Sector, HSR Layout, Bengaluru, Karnataka 560102",12.9207539,77.650514,Restaurant,http://www.casafresco.in/,Ci9DQUlRQUNvZENodHljRjlvT21Obk9VSktOMnBWYTBoYVFsODBObmN4WlRGU2MxRRAB,"Casa Fresco, HSR: All",Tarak Biswas,117202917006173628664,False,5,"Been stopping by casa fresco off and on,and it's been a smooth experience overall.Quick service , decent variety and I tend to go back to their English breakfast or a simple Pasta",0,5 days ago,"{""food"": 5, ""service_rating"": 5, ""atmosphere"": 5}"
"Casa Fresco, HSR: All-Day Dining & Café",080 4992 7445,"73, 27th Main Rd, Phase 3, 1st Sector, HSR Layout, Bengaluru, Karnataka 560102",12.9207539,77.650514,Restaurant,http://www.casafresco.in/,Ci9DQUlRQUNvZENodHljRjlvT2xOa1NteDNRa2hUWDNNeVpqQTJVR2QzWjFCdVlWRRAB,"Casa Fresco, HSR: All",Kshama BS,102664255320519642037,False,1,"Food was really bad and service is very late ..we had ordered chicken wings it was over burnt and when we asked , they said it comes like this only and then we had also ordered jamies pizza which was undercooked the base was too raw and there was no flavour at all... really not suggesting to visit",0,5 days ago,"{""food"": 1, ""service_rating"": 1, ""atmosphere"": 2}"
"Casa Fresco, HSR: All-Day Dining & Café",080 4992 7445,"73, 27th Main Rd, Phase 3, 1st Sector, HSR Layout, Bengaluru, Karnataka 560102",12.9207539,77.650514,Restaurant,http://www.casafresco.in/,ChdDSUhNMG9nS0VJQ0FnSUNCMzg3amlBRRAB,"Casa Fresco, HSR: All",Ashutosh Sharma,111383099684746290591,True,4,,0,Edited 6 days ago,"{""dining_mode"": ""Dine in"", ""meal_type"": ""Brunch"", ""price_per_person"": ""₹400–600"", ""food"": 4, ""service_rating"": 3, ""atmosphere"": 4, ""noise_level"": ""Moderate noise"", ""vegetarian_recommendation"": ""Somewhat recommend"", ""vegetarian_offerings"": ""Vegetarian menu or section"", ""parking_space"": ""Difficult to find parking"", ""parking_options"": ""Free street parking""}"
"Casa Fresco, HSR: All-Day Dining & Café",080 4992 7445,"73, 27th Main Rd, Phase 3, 1st Sector, HSR Layout, Bengaluru, Karnataka 560102",12.9207539,77.650514,Restaurant,http://www.casafresco.in/,Ci9DQUlRQUNvZENodHljRjlvT2pOcmNteHlPRVo2ZWpaTlZ6TlRSM2hUVnpsT2NIYxAB,"Casa Fresco, HSR: All",Harshit Anand,104761306034720373797,True,2,Bad location. No parking space and secluded area,0,6 days ago,
"Casa Fresco, HSR: All-Day Dining & Café",080 4992 7445,"73, 27th Main Rd, Phase 3, 1st Sector, HSR Layout, Bengaluru, Karnataka 560102",12.9207539,77.650514,Restaurant,http://www.casafresco.in/,Ci9DQUlRQUNvZENodHljRjlvT2xkdWVXWXRZWFpwV1dOUFdGSlZiVEIxVTFGT1JVRRAB,"Casa Fresco, HSR: All",Pratyasa Pati,103661238907932822107,True,4,"Great place to enjoy a nice English breakfast in Bangalore. I’ve tried quite a few places, and this one was definitely really good. You do need to go early if you want to find a table, as it tends to get quite busy.  Since they mostly serve predictable and popular dishes, the service is usually pretty fast. However, if you order something unique or a newer item on the menu, it might take a bit longer.  Overall, the food was excellent — fresh, tasty, and well-prepared. I really liked the place, and it’s a great spot to hang out and enjoy a meal.",0,a week ago,"{""meal_type"": ""Brunch"", ""price_per_person"": ""₹1,000–1,200"", ""food"": 4, ""service_rating"": 3, ""atmosphere"": 3, ""group_size"": ""Suitable for all group sizes"", ""wait_time"": ""No wait""}"
"Casa Fresco, HSR: All-Day Dining & Café",080 4992 7445,"73, 27th Main Rd, Phase 3, 1st Sector, HSR Layout, Bengaluru, Karnataka 560102",12.9207539,77.650514,Restaurant,http://www.casafresco.in/,Ci9DQUlRQUNvZENodHljRjlvT2xaM1R6bDBhR2Q2VTJwSGRGTnZObEp4VkVKU09FRRAB,"Casa Fresco, HSR: All",Shobha M,112347537622576687826,False,3,"Food is great, but you got stand in queue for your turn!! I had to wait for mostly 25mins for my turn please??",0,a week ago,"{""meal_type"": ""Dinner"", ""price_per_person"": ""₹800–1,000"", ""wait_time"": ""10-30 min""}"
"Casa Fresco, HSR: All-Day Dining & Café",080 4992 7445,"73, 27th Main Rd, Phase 3, 1st Sector, HSR Layout, Bengaluru, Karnataka 560102",12.9207539,77.650514,Restaurant,http://www.casafresco.in/,Ci9DQUlRQUNvZENodHljRjlvT2pkU2RFNXhWMlYyWWs1TWJsaHFjbW8xTkRaWWFWRRAB,"Casa Fresco, HSR: All",Ayushi Shukla,116452402368286009237,True,5,,0,a week ago,"{""food"": 5, ""service_rating"": 4, ""atmosphere"": 4}"
"Casa Fresco, HSR: All-Day Dining & Café",080 4992 7445,"73, 27th Main Rd, Phase 3, 1st Sector, HSR Layout, Bengaluru, Karnataka 560102",12.9207539,77.650514,Restaurant,http://www.casafresco.in/,Ci9DQUlRQUNvZENodHljRjlvT25aWFRIaEdRWHBGV25aeVUzbFdhazVvWldWMmVsRRAB,"Casa Fresco, HSR: All",Sharun V K,103438712059307689073,True,4,,0,a week ago,"{""meal_type"": ""Dinner"", ""price_per_person"": ""₹600–800"", ""food"": 3, ""service_rating"": 5, ""atmosphere"": 4, ""group_size"": ""3-4 people"", ""wait_time"": ""10-30 min""}"
"Casa Fresco, HSR: All-Day Dining & Café",080 4992 7445,"73, 27th Main Rd, Phase 3, 1st Sector, HSR Layout, Bengaluru, Karnataka 560102",12.9207539,77.650514,Restaurant,http://www.casafresco.in/,Ci9DQUlRQUNvZENodHljRjlvT20xYWFYbFhWMGt6ZWxOSlJ6RnpWakJvYURGMlEwRRAB,"Casa Fresco, HSR: All",Anuj Bandlish,118233986567058864340,True,5,"Absolutely loved this place! The food is top-notch with a great variety to choose from and everything we tried was delicious. The mocktails were refreshing and well-crafted, adding to the overall experience.  The vibe of the place is lively yet comfortable, perfect for hanging out with friends or a relaxed evening out. Prices are quite reasonable for the quality and ambience they offer, which makes it even better.  Special shoutout to the chowmein, it’s a must-try and definitely one of the best dishes on the menu!  Highly recommended if you’re looking for good food, great drinks, and a nice vibe.",0,a week ago,"{""meal_type"": ""Dinner"", ""price_per_person"": ""₹400–600"", ""food"": 5, ""service_rating"": 5, ""atmosphere"": 5, ""noise_level"": ""Moderate noise"", ""vegetarian_recommendation"": ""Highly recommend"", ""parking_space"": ""Somewhat difficult to find parking"", ""parking_options"": ""Free street parking""}"
"Casa Fresco, HSR: All-Day Dining & Café",080 4992 7445,"73, 27th Main Rd, Phase 3, 1st Sector, HSR Layout, Bengaluru, Karnataka 560102",12.9207539,77.650514,Restaurant,http://www.casafresco.in/,Ci9DQUlRQUNvZENodHljRjlvT21OQ1FrRmlXbk5SUzFsbFZYZHZXV1JYTUhCcFdsRRAB,"Casa Fresco, HSR: All",shantanu singh,114795980812271694660,False,2,Too much sugar in irish frost coffee!,0,a week ago,"{""food"": 1, ""service_rating"": 4, ""atmosphere"": 4}"
"Casa Fresco, HSR: All-Day Dining & Café",080 4992 7445,"73, 27th Main Rd, Phase 3, 1st Sector, HSR Layout, Bengaluru, Karnataka 560102",12.9207539,77.650514,Restaurant,http://www.casafresco.in/,Ci9DQUlRQUNvZENodHljRjlvT2tkVGMwZzRXbXg2UjBwU04xZEdaRkZUU0ZSeWJuYxAB,"Casa Fresco, HSR: All",Reshma Soman,101871640531127618089,True,5,,0,a week ago,"{""meal_type"": ""Brunch"", ""price_per_person"": ""₹400–600"", ""food"": 5, ""service_rating"": 4, ""atmosphere"": 4}"
"Casa Fresco, HSR: All-Day Dining & Café",080 4992 7445,"73, 27th Main Rd, Phase 3, 1st Sector, HSR Layout, Bengaluru, Karnataka 560102",12.9207539,77.650514,Restaurant,http://www.casafresco.in/,Ci9DQUlRQUNvZENodHljRjlvT2sxNU5WZHZOR1JGWkY5Q2NGaHdiRkJEYkcxTVRtYxAB,"Casa Fresco, HSR: All",Flameッ BēåSt,105449004018332425413,True,5,Very tasty and my fevarate food is tuscan chicken crostini,0,Edited a week ago,"{""meal_type"": ""Dinner"", ""price_per_person"": ""₹800–1,000"", ""food"": 5, ""service_rating"": 5, ""atmosphere"": 5}"
"Casa Fresco, HSR: All-Day Dining & Café",080 4992 7445,"73, 27th Main Rd, Phase 3, 1st Sector, HSR Layout, Bengaluru, Karnataka 560102",12.9207539,77.650514,Restaurant,http://www.casafresco.in/,Ci9DQUlRQUNvZENodHljRjlvT25od2JHNVBRVzAxYmkxVGJYQkJZVXB3YURSeVUwRRAB,"Casa Fresco, HSR: All",Revathi M,117639742607027373198,True,1,Very bad food. Rice was not properly cooked and boba tea was below average.,0,a week ago,
"Casa Fresco, HSR: All-Day Dining & Café",080 4992 7445,"73, 27th Main Rd, Phase 3, 1st Sector, HSR Layout, Bengaluru, Karnataka 560102",12.9207539,77.650514,Restaurant,http://www.casafresco.in/,Ci9DQUlRQUNvZENodHljRjlvT25SRGNsUlFPREZ6WDNKTVpYRkNjMWhQWWt0SWExRRAB,"Casa Fresco, HSR: All",Shaifali Jain,110749348456666185556,True,5,"Pizza-Thin crust, fresh, full of veggies Boba tea-I did not like Onion rings-Good  Atmosphere is chill, setup is outdoor, warm lighting",0,a week ago,"{""food"": 4, ""service_rating"": 5, ""atmosphere"": 5}"
"Casa Fresco, HSR: All-Day Dining & Café",080 4992 7445,"73, 27th Main Rd, Phase 3, 1st Sector, HSR Layout, Bengaluru, Karnataka 560102",12.9207539,77.650514,Restaurant,http://www.casafresco.in/,Ci9DQUlRQUNvZENodHljRjlvT21GcGF6aFZZMkZrVEd0SmF6RmFOREE1VkdnMFJsRRAB,"Casa Fresco, HSR: All",Sachin SPK,110845482837250229560,True,3,"The cafe looks good, serene and nice ambience, The burgers are okay, but the pasta was absolutely mid, struggled to finish it up,  It's a good place to go on a date maybe, because of the location, it's nice to click good pics etc But the food seemed okayish to me!",0,a week ago,"{""meal_type"": ""Lunch"", ""price_per_person"": ""₹200–400"", ""food"": 2, ""service_rating"": 5, ""atmosphere"": 5, ""noise_level"": ""Quiet, easy to talk"", ""vegetarian_recommendation"": ""Somewhat recommend"", ""vegetarian_offerings"": ""Large vegetarian selection"", ""parking_space"": ""Difficult to find parking""}"
"Casa Fresco, HSR: All-Day Dining & Café",080 4992 7445,"73, 27th Main Rd, Phase 3, 1st Sector, HSR Layout, Bengaluru, Karnataka 560102",12.9207539,77.650514,Restaurant,http://www.casafresco.in/,Ci9DQUlRQUNvZENodHljRjlvT2tONVFWSlBRMXBEUldwRlVrMWxPRGRWTjBwV1VuYxAB,"Casa Fresco, HSR: All",Soham Dhamnaskar,100462832529198836927,True,4,Food is good ambience is great!,0,Edited a week ago,"{""food"": 4, ""service_rating"": 4, ""atmosphere"": 5}"
"Casa Fresco, HSR: All-Day Dining & Café",080 4992 7445,"73, 27th Main Rd, Phase 3, 1st Sector, HSR Layout, Bengaluru, Karnataka 560102",12.9207539,77.650514,Restaurant,http://www.casafresco.in/,Ci9DQUlRQUNvZENodHljRjlvT25BME1YcHZkWGRPVVhGUmFGVXlRVTg0VVROV1JFRRAB,"Casa Fresco, HSR: All",A Hopong,116543775081807021629,False,5,,0,2 weeks ago,"{""food"": 5, ""service_rating"": 5, ""atmosphere"": 5}"
"Casa Fresco, HSR: All-Day Dining & Café",080 4992 7445,"73, 27th Main Rd, Phase 3, 1st Sector, HSR Layout, Bengaluru, Karnataka 560102",12.9207539,77.650514,Restaurant,http://www.casafresco.in/,Ci9DQUlRQUNvZENodHljRjlvT2sxNFRGOXdaM1pNUzNGeFpWb3lhVmhwZWxwM00yYxAB,"Casa Fresco, HSR: All",Tennyson Rangnamei,109997209782083077777,False,5,"Such a great place with very friendly staff and of course excellent food, coffee and desserts! Highly Recommend this place for all visitors. And the stewards staff Mrs. Awomi and the captain they are to kind and responsible i love it",0,2 weeks ago,"{""meal_type"": ""Breakfast"", ""price_per_person"": ""₹600–800"", ""food"": 5, ""service_rating"": 5, ""atmosphere"": 5, ""group_size"": ""3-4 people"", ""wait_time"": ""10-30 min""}"
"Casa Fresco, HSR: All-Day Dining & Café",080 4992 7445,"73, 27th Main Rd, Phase 3, 1st Sector, HSR Layout, Bengaluru, Karnataka 560102",12.9207539,77.650514,Restaurant,http://www.casafresco.in/,Ci9DQUlRQUNvZENodHljRjlvT25JNVRUVmFNbWRXVUdsQ1ozWjBZMnRRUW1KYVRrRRAB,"Casa Fresco, HSR: All",Drishty Shah,110961173166160508048,True,3,It’s in open so can be hot during summers. The food was okay. The watermelon juice we ordered was nice.  There was already waiting so we were requested to wrap up quickly so that others can sit.,0,2 weeks ago,"{""meal_type"": ""Other"", ""price_per_person"": ""₹600–800"", ""food"": 3, ""service_rating"": 3, ""atmosphere"": 3, ""group_size"": ""3-4 people""}"
"Casa Fresco, HSR: All-Day Dining & Café",080 4992 7445,"73, 27th Main Rd, Phase 3, 1st Sector, HSR Layout, Bengaluru, Karnataka 560102",12.9207539,77.650514,Restaurant,http://www.casafresco.in/,Ci9DQUlRQUNvZENodHljRjlvT25ob1ltMWhkbkZFVmw5Mk1UQldiQzFhWlRNekxXYxAB,"Casa Fresco, HSR: All",Suhasini Ray,109307235180912925813,True,5,"The food, ambience, vibe and cost, all are perfect",0,2 weeks ago,
"Casa Fresco, HSR: All-Day Dining & Café",080 4992 7445,"73, 27th Main Rd, Phase 3, 1st Sector, HSR Layout, Bengaluru, Karnataka 560102",12.9207539,77.650514,Restaurant,http://www.casafresco.in/,Ci9DQUlRQUNvZENodHljRjlvT25sVE5tWnpjMlpYVTFoT05HbGlkRkUwWjNocFlXYxAB,"Casa Fresco, HSR: All",Tejas Raj,108725878072364216441,True,4,Food was decent. Definitely with lots of flavours. Ambience is also decent and good for working.,0,2 weeks ago,"{""meal_type"": ""Lunch"", ""price_per_person"": ""₹400–600"", ""food"": 4, ""service_rating"": 4, ""atmosphere"": 5}"
"Casa Fresco, HSR: All-Day Dining & Café",080 4992 7445,"73, 27th Main Rd, Phase 3, 1st Sector, HSR Layout, Bengaluru, Karnataka 560102",12.9207539,77.650514,Restaurant,http://www.casafresco.in/,Ci9DQUlRQUNvZENodHljRjlvT25OR09GQjBNaTFtY2w5cVRFZFdWMlY1ZDFnMk5sRRAB,"Casa Fresco, HSR: All",Riya Chaudhary,108199992058071825177,True,1,"Very overrated, filled with average food and service",0,2 weeks ago,"{""food"": 1, ""service_rating"": 1, ""atmosphere"": 2}"
"Casa Fresco, HSR: All-Day Dining & Café",080 4992 7445,"73, 27th Main Rd, Phase 3, 1st Sector, HSR Layout, Bengaluru, Karnataka 560102",12.9207539,77.650514,Restaurant,http://www.casafresco.in/,Ci9DQUlRQUNvZENodHljRjlvT2pKNFJYTmpOMEpTWVZGVE1IVlpNa0oxWjJvNVZIYxAB,"Casa Fresco, HSR: All",Shaambhavi Priya,109118917105927578048,False,5,,0,2 weeks ago,"{""meal_type"": ""Dinner"", ""price_per_person"": ""₹600–800"", ""noise_level"": ""Quiet, easy to talk"", ""seating_type"": ""Outdoor patio / terrace"", ""vegetarian_recommendation"": ""Highly recommend""}"
"Casa Fresco, HSR: All-Day Dining & Café",080 4992 7445,"73, 27th Main Rd, Phase 3, 1st Sector, HSR Layout, Bengaluru, Karnataka 560102",12.9207539,77.650514,Restaurant,http://www.casafresco.in/,Ci9DQUlRQUNvZENodHljRjlvT25CUFRITjZWa0pZY0RGd2VXNDBVVzR0U0ZSUlFuYxAB,"Casa Fresco, HSR: All",vaishnavi kumbar,106830462497668259225,False,5,,0,2 weeks ago,"{""meal_type"": ""Other"", ""price_per_person"": ""₹1,200–1,400"", ""noise_level"": ""Moderate noise"", ""seating_type"": ""Outdoor patio / terrace""}"
"Casa Fresco, HSR: All-Day Dining & Café",080 4992 7445,"73, 27th Main Rd, Phase 3, 1st Sector, HSR Layout, Bengaluru, Karnataka 560102",12.9207539,77.650514,Restaurant,http://www.casafresco.in/,Ci9DQUlRQUNvZENodHljRjlvT2xsUGVEaFRRbTVRUkd0eFJFVjVXRzlxWDJaR1FsRRAB,"Casa Fresco, HSR: All",Sanjeet Kumar,112888358445299033329,True,3,"This is average place for for coffee and snacks, i been there in afternoon / evening, the weather was hot so felt AC was needed but this is open sitting arrangements so no AC, good for evening time. The food and cold beverages were nice. Ordered cold coffee pasta and few more drinks 🍸 were good. Average cost 200-400. Per person.",0,2 weeks ago,"{""meal_type"": ""Brunch"", ""food"": 4, ""service_rating"": 4, ""atmosphere"": 3}"
"Casa Fresco, HSR: All-Day Dining & Café",080 4992 7445,"73, 27th Main Rd, Phase 3, 1st Sector, HSR Layout, Bengaluru, Karnataka 560102",12.9207539,77.650514,Restaurant,http://www.casafresco.in/,Ci9DQUlRQUNvZENodHljRjlvT25JelkwcElXbWR4WldsS1JrNDJkMGxCV1hSb01FRRAB,"Casa Fresco, HSR: All",Vikas Goel,108992258723442832506,True,5,Nice ambience and food,0,3 weeks ago,"{""meal_type"": ""Dinner"", ""price_per_person"": ""₹400–600"", ""food"": 5, ""service_rating"": 3, ""atmosphere"": 5}"
"Casa Fresco, HSR: All-Day Dining & Café",080 4992 7445,"73, 27th Main Rd, Phase 3, 1st Sector, HSR Layout, Bengaluru, Karnataka 560102",12.9207539,77.650514,Restaurant,http://www.casafresco.in/,Ci9DQUlRQUNvZENodHljRjlvT2xadlkzVlFZamgyY0RrME9GbHphbkJGU1ZGS1RuYxAB,"Casa Fresco, HSR: All",Aasish Kumar Topno,116549802451998061588,True,5,"Great place with a vibrant ambience , good spread of food and beverages.",0,3 weeks ago,"{""meal_type"": ""Dinner"", ""price_per_person"": ""₹400–600"", ""food"": 5, ""service_rating"": 5, ""atmosphere"": 5}"
"Casa Fresco, HSR: All-Day Dining & Café",080 4992 7445,"73, 27th Main Rd, Phase 3, 1st Sector, HSR Layout, Bengaluru, Karnataka 560102",12.9207539,77.650514,Restaurant,http://www.casafresco.in/,Ci9DQUlRQUNvZENodHljRjlvT2taVmVESm1OV3RLYms5RU9HeHNURkZhU1ZkZmVuYxAB,"Casa Fresco, HSR: All",JR GAMING,101667886610137005508,False,5,"Pleasent experience at Casa fresco, The staff are friendly, co-operating And well managed by the ladies, they are attentive..I came on Sunday it was quite rush but the service team did a great job The food was very delicious I would like to recommend this place for family N friends A great place for foodie, great services",0,3 weeks ago,"{""meal_type"": ""Lunch"", ""price_per_person"": ""₹800–1,000"", ""food"": 5, ""service_rating"": 5, ""atmosphere"": 5, ""group_size"": ""3-4 people""}"
"Casa Fresco, HSR: All-Day Dining & Café",080 4992 7445,"73, 27th Main Rd, Phase 3, 1st Sector, HSR Layout, Bengaluru, Karnataka 560102",12.9207539,77.650514,Restaurant,http://www.casafresco.in/,Ci9DQUlRQUNvZENodHljRjlvT2xSdVFUVnVNVXBVU20xbmJsWnZZMGhUYzJObk1YYxAB,"Casa Fresco, HSR: All",Jahanvi Singh,115243905303394068431,False,1,They had literal pieces of plastic in the food that we ordered via Zomato. Very concerning!,0,3 weeks ago,"{""food"": 1}"
"Casa Fresco, HSR: All-Day Dining & Café",080 4992 7445,"73, 27th Main Rd, Phase 3, 1st Sector, HSR Layout, Bengaluru, Karnataka 560102",12.9207539,77.650514,Restaurant,http://www.casafresco.in/,Ci9DQUlRQUNvZENodHljRjlvT2xvd2IxTkJUMXBtT1c5TFZXODNOMHhDVTBvM1ZsRRAB,"Casa Fresco, HSR: All",Adiba Amil,108338782634947115837,True,5,"Love this place, the food, quantity, service and the nice breezy atmosphere here.",0,3 weeks ago,"{""food"": 5, ""service_rating"": 5, ""atmosphere"": 5}"
"Casa Fresco, HSR: All-Day Dining & Café",080 4992 7445,"73, 27th Main Rd, Phase 3, 1st Sector, HSR Layout, Bengaluru, Karnataka 560102",12.9207539,77.650514,Restaurant,http://www.casafresco.in/,Ci9DQUlRQUNvZENodHljRjlvT2xsQ1FXTk9hbVZ3WWtkclNtVlRURUZJVm5wM2JsRRAB,"Casa Fresco, HSR: All",Sri Vidhya,116558230795108097882,True,4,"The pizza here is definitely the highlight! We tried the super flavorful, well-seasoned peri peri pizza and it was absolutely delicious, thin crust, freshly baked, and totally worth it. Highly recommend their pizzas.  Coming to the pancakes, they were a bit average for my taste. It’s just three pancakes with Hershey’s chocolate syrup, and for ₹190, it didn’t feel worth the price.  Overall, the ambience is decent, but the space is very small and not really picture-friendly. Great place for pizza, but that’s about it.",0,3 weeks ago,"{""meal_type"": ""Dinner"", ""price_per_person"": ""₹400–600"", ""food"": 4, ""service_rating"": 5, ""atmosphere"": 4}"
"Casa Fresco, HSR: All-Day Dining & Café",080 4992 7445,"73, 27th Main Rd, Phase 3, 1st Sector, HSR Layout, Bengaluru, Karnataka 560102",12.9207539,77.650514,Restaurant,http://www.casafresco.in/,Ci9DQUlRQUNvZENodHljRjlvT214RFl6WmlUMXAyYzIwME5VdDFNbWhwVmxONWRrRRAB,"Casa Fresco, HSR: All",Himani Kamboj,100786860036409352834,True,1,This not solo-friendly place. If you go solo they will make you wait for like forever. They keep saying we give priority to groups and couples.,0,3 weeks ago,"{""service_rating"": 1}"
"Casa Fresco, HSR: All-Day Dining & Café",080 4992 7445,"73, 27th Main Rd, Phase 3, 1st Sector, HSR Layout, Bengaluru, Karnataka 560102",12.9207539,77.650514,Restaurant,http://www.casafresco.in/,Ci9DQUlRQUNvZENodHljRjlvT2pWdVkwWlFjbUZWUjBwNmRtYzRZbVpPU3pKV09VRRAB,"Casa Fresco, HSR: All",Aditya Chandra,109414532469678830841,True,5,,0,3 weeks ago,"{""meal_type"": ""Brunch"", ""food"": 5, ""service_rating"": 5, ""atmosphere"": 5, ""noise_level"": ""Moderate noise"", ""wait_time"": ""Up to 10 min""}"
"Casa Fresco, HSR: All-Day Dining & Café",080 4992 7445,"73, 27th Main Rd, Phase 3, 1st Sector, HSR Layout, Bengaluru, Karnataka 560102",12.9207539,77.650514,Restaurant,http://www.casafresco.in/,Ci9DQUlRQUNvZENodHljRjlvT21KVVh5MW5MV1JvTldwUFJqbHhWRGxXU1RKRGQzYxAB,"Casa Fresco, HSR: All",Sudarshan Venur,101740250317511215518,True,1,,0,3 weeks ago,"{""food"": 1, ""service_rating"": 1, ""atmosphere"": 1}"
"Casa Fresco, HSR: All-Day Dining & Café",080 4992 7445,"73, 27th Main Rd, Phase 3, 1st Sector, HSR Layout, Bengaluru, Karnataka 560102",12.9207539,77.650514,Restaurant,http://www.casafresco.in/,Ci9DQUlRQUNvZENodHljRjlvT21wQ1RqTmxkR2xFZVhwMVNteHFTRXhmUm1oc1ozYxAB,"Casa Fresco, HSR: All",Indrani Neog Phukan,105042009124047564125,False,5,Happened to drop by for breakfast. Amazing place with good service and great breakfast. The food tastes was really great. The ambience was warm and delightful. Will definitely be back soon.,0,3 weeks ago,"{""meal_type"": ""Breakfast"", ""food"": 5, ""service_rating"": 5, ""atmosphere"": 5, ""noise_level"": ""Quiet, easy to talk"", ""wait_time"": ""Up to 10 min""}"
"Casa Fresco, HSR: All-Day Dining & Café",080 4992 7445,"73, 27th Main Rd, Phase 3, 1st Sector, HSR Layout, Bengaluru, Karnataka 560102",12.9207539,77.650514,Restaurant,http://www.casafresco.in/,Ci9DQUlRQUNvZENodHljRjlvT25WVFRIbFJRak4wVTAxalVWVTFOR1ZYVEZKU1MzYxAB,"Casa Fresco, HSR: All",Ayappa K N,101266506018955627546,True,5,One of the best possible places in HSR for english and continental breakfast their Maverick omlette is a must try.. Their smoothies  coffee and other beverages.  The only catch is that the place has very limited 4 wheeler parking available better you come on two wheeler if you want to avoid headache of parking on a relaxed sunday morning,0,3 weeks ago,"{""meal_type"": ""Breakfast"", ""price_per_person"": ""₹400–600"", ""food"": 5, ""service_rating"": 5, ""atmosphere"": 4, ""noise_level"": ""Quiet, easy to talk"", ""wait_time"": ""No wait""}"
"Casa Fresco, HSR: All-Day Dining & Café",080 4992 7445,"73, 27th Main Rd, Phase 3, 1st Sector, HSR Layout, Bengaluru, Karnataka 560102",12.9207539,77.650514,Restaurant,http://www.casafresco.in/,Ci9DQUlRQUNvZENodHljRjlvT25SNlExOW5WVFpFU21Sc2FsZHVUbEJ0TmpSZlZsRRAB,"Casa Fresco, HSR: All",aaditya sharma,109527416490838893799,True,1,Shit service. Staff will just stand near the kitchen. Won't give you a table Won't take order.  Just stand there and gossip.,0,3 weeks ago,"{""food"": 4, ""service_rating"": 1, ""atmosphere"": 3}"
"Casa Fresco, HSR: All-Day Dining & Café",080 4992 7445,"73, 27th Main Rd, Phase 3, 1st Sector, HSR Layout, Bengaluru, Karnataka 560102",12.9207539,77.650514,Restaurant,http://www.casafresco.in/,Ci9DQUlRQUNvZENodHljRjlvT2xsNFlXNW9VMEpJU1ZKWlRtUkNVbE01VW5WWFFrRRAB,"Casa Fresco, HSR: All",Shri Narain Sharma,115428541804121074340,True,4,,0,3 weeks ago,"{""food"": 4, ""service_rating"": 4, ""atmosphere"": 4}"
"Casa Fresco, HSR: All-Day Dining & Café",080 4992 7445,"73, 27th Main Rd, Phase 3, 1st Sector, HSR Layout, Bengaluru, Karnataka 560102",12.9207539,77.650514,Restaurant,http://www.casafresco.in/,Ci9DQUlRQUNvZENodHljRjlvT25sVVNYcEZNM0V3YTJsM2NFZEtXWGxJUzBZNU9VRRAB,"Casa Fresco, HSR: All",Natasha Nayak,110566857394961813878,False,5,Great brekkie spot. Loved the blueberry matcha and the breakfast platter,0,3 weeks ago,"{""meal_type"": ""Brunch""}"
"Casa Fresco, HSR: All-Day Dining & Café",080 4992 7445,"73, 27th Main Rd, Phase 3, 1st Sector, HSR Layout, Bengaluru, Karnataka 560102",12.9207539,77.650514,Restaurant,http://www.casafresco.in/,Ci9DQUlRQUNvZENodHljRjlvT21oTE1tZFVXREp6YlMxaFdqZGhTREJmT0dOd2JuYxAB,"Casa Fresco, HSR: All",Karan Samartha,110918580076408028949,True,5,Great place for brunch breakfast. Amazing food at reasonable prices.,0,3 weeks ago,"{""meal_type"": ""Brunch"", ""price_per_person"": ""₹400–600"", ""food"": 5, ""service_rating"": 5, ""atmosphere"": 5, ""recommended_dishes"": ""Alfredo Pasta, Hazelnut Cold Coffee, American Pancakes, Hash Browns, Waffle, Chicken Olio Pasta, Cheese Garlic Bread"", ""noise_level"": ""Quiet, easy to talk""}"
"Casa Fresco, HSR: All-Day Dining & Café",080 4992 7445,"73, 27th Main Rd, Phase 3, 1st Sector, HSR Layout, Bengaluru, Karnataka 560102",12.9207539,77.650514,Restaurant,http://www.casafresco.in/,Ci9DQUlRQUNvZENodHljRjlvT25OMWIwSmxYMWhDWDNoS1ZrRjBjbTVvTUZsVWJYYxAB,"Casa Fresco, HSR: All",Rohit Singh,111663117425525210198,False,5,,0,3 weeks ago,"{""meal_type"": ""Dinner"", ""price_per_person"": ""₹600–800"", ""food"": 5, ""service_rating"": 5, ""atmosphere"": 3, ""noise_level"": ""Moderate noise""}"
"Casa Fresco, HSR: All-Day Dining & Café",080 4992 7445,"73, 27th Main Rd, Phase 3, 1st Sector, HSR Layout, Bengaluru, Karnataka 560102",12.9207539,77.650514,Restaurant,http://www.casafresco.in/,Ci9DQUlRQUNvZENodHljRjlvT2xKalkwWjNZM0oxVjBRdE5WRTNSMVp2WXpGaFoxRRAB,"Casa Fresco, HSR: All",Arnav Shukla,104211695616636753950,True,4,,0,3 weeks ago,
"Casa Fresco, HSR: All-Day Dining & Café",080 4992 7445,"73, 27th Main Rd, Phase 3, 1st Sector, HSR Layout, Bengaluru, Karnataka 560102",12.9207539,77.650514,Restaurant,http://www.casafresco.in/,Ci9DQUlRQUNvZENodHljRjlvT2tGM1lVUXRXR0kwY3psSmVGbElhelphYWpsck9HYxAB,"Casa Fresco, HSR: All",David David,100635416128661143435,False,5,This restaurant is o my God is amazing,0,4 weeks ago,"{""meal_type"": ""Lunch"", ""food"": 5, ""service_rating"": 5, ""atmosphere"": 5}"
"Casa Fresco, HSR: All-Day Dining & Café",080 4992 7445,"73, 27th Main Rd, Phase 3, 1st Sector, HSR Layout, Bengaluru, Karnataka 560102",12.9207539,77.650514,Restaurant,http://www.casafresco.in/,Ci9DQUlRQUNvZENodHljRjlvT2sxRU9WUTVRVlZSTFZsT1FVOXZRbmhRVjJ0a1FsRRAB,"Casa Fresco, HSR: All",Karan Mahali55,117115014012877136922,False,5,"Recently visited with my friends,and I had a great experience here. Staff are polite and kind helpful in everyway. Above all special thanks to kaito for the service.",0,4 weeks ago,
"Casa Fresco, HSR: All-Day Dining & Café",080 4992 7445,"73, 27th Main Rd, Phase 3, 1st Sector, HSR Layout, Bengaluru, Karnataka 560102",12.9207539,77.650514,Restaurant,http://www.casafresco.in/,Ci9DQUlRQUNvZENodHljRjlvT2xwbGVUTmZTVWxNZDNFelZFTkhjR2g1WkRad2VFRRAB,"Casa Fresco, HSR: All",Tania Oraon,108489393331854703947,False,5,"Recently visited casa fresco hsr and it was amazing, food and drinks was just too good. The staff are so kind , friendly, and polite and thank you kaito for taking care of our table. I'll definitely visit again.",0,4 weeks ago,
"Casa Fresco, HSR: All-Day Dining & Café",080 4992 7445,"73, 27th Main Rd, Phase 3, 1st Sector, HSR Layout, Bengaluru, Karnataka 560102",12.9207539,77.650514,Restaurant,http://www.casafresco.in/,Ci9DQUlRQUNvZENodHljRjlvT2pReVRqaHdhVmRTUTBWU00wOVZSWEZ1WW5Oc2RXYxAB,"Casa Fresco, HSR: All",Bishal Kujur,110643823326723539729,False,5,"It was a great experience, food  was amazing and special thanks to Mr kaito who tk care of our table.",0,4 weeks ago,"{""food"": 5, ""service_rating"": 5, ""atmosphere"": 5}"
"Casa Fresco, HSR: All-Day Dining & Café",080 4992 7445,"73, 27th Main Rd, Phase 3, 1st Sector, HSR Layout, Bengaluru, Karnataka 560102",12.9207539,77.650514,Restaurant,http://www.casafresco.in/,Ci9DQUlRQUNvZENodHljRjlvT2xCRldXTkxhMnhHWlVWUGQwSmFWRVZyYjNnelJVRRAB,"Casa Fresco, HSR: All",Shrishti Das,100229956839659685051,False,4,,0,a month ago,"{""meal_type"": ""Lunch"", ""price_per_person"": ""₹1,400–1,600"", ""food"": 5, ""service_rating"": 4, ""atmosphere"": 4, ""group_size"": ""2 people, 3-4 people, 5-8 people""}"
"Casa Fresco, HSR: All-Day Dining & Café",080 4992 7445,"73, 27th Main Rd, Phase 3, 1st Sector, HSR Layout, Bengaluru, Karnataka 560102",12.9207539,77.650514,Restaurant,http://www.casafresco.in/,Ci9DQUlRQUNvZENodHljRjlvT2xscExWYzJhblIzVHpkTk1qSklSMlZaV1ZsWmFGRRAB,"Casa Fresco, HSR: All",Athisii Eshena,116593418203728248937,False,5,"The food quality, service ambience, pricing and overall experience is super 👌 thank you for your service specially to kaito .",0,a month ago,"{""meal_type"": ""Dinner"", ""price_per_person"": ""₹1,000–1,200"", ""food"": 5, ""service_rating"": 5, ""atmosphere"": 5, ""group_size"": ""2 people""}"
"Casa Fresco, HSR: All-Day Dining & Café",080 4992 7445,"73, 27th Main Rd, Phase 3, 1st Sector, HSR Layout, Bengaluru, Karnataka 560102",12.9207539,77.650514,Restaurant,http://www.casafresco.in/,Ci9DQUlRQUNvZENodHljRjlvT210aFpXNU1jMk53TkcxSGVHdENkRjlxVkRsVFJsRRAB,"Casa Fresco, HSR: All",Radalungbe Nriame,116877539035158706016,False,5,Excellent food 👌,0,a month ago,"{""food"": 5, ""service_rating"": 5, ""atmosphere"": 5}"
"Casa Fresco, HSR: All-Day Dining & Café",080 4992 7445,"73, 27th Main Rd, Phase 3, 1st Sector, HSR Layout, Bengaluru, Karnataka 560102",12.9207539,77.650514,Restaurant,http://www.casafresco.in/,Ci9DQUlRQUNvZENodHljRjlvT2sxT1RrUTROakZEVkVaTWRETnhXWEZhVlZwWVZIYxAB,"Casa Fresco, HSR: All",ABHISHEK ANAND,100139872336709721069,True,4,,0,a month ago,"{""meal_type"": ""Dinner"", ""price_per_person"": ""₹400–600"", ""food"": 4, ""service_rating"": 4, ""atmosphere"": 4, ""group_size"": ""2 people, 3-4 people"", ""parking_space"": ""Difficult to find parking"", ""parking_options"": ""Parking is unavailable""}"
"Casa Fresco, HSR: All-Day Dining & Café",080 4992 7445,"73, 27th Main Rd, Phase 3, 1st Sector, HSR Layout, Bengaluru, Karnataka 560102",12.9207539,77.650514,Restaurant,http://www.casafresco.in/,Ci9DQUlRQUNvZENodHljRjlvT21keFprODFTVTFZTFV4bWRXVTRlVWh5ZFZSWVZXYxAB,"Casa Fresco, HSR: All",Sampriti Gurumurthy,100836443380755816079,False,4,The food is really good here. It has become my usual spot for breakfast but I must highlight - the service is becoming slower every time I visit again.,0,a month ago,"{""food"": 4, ""service_rating"": 2, ""atmosphere"": 4}"
"Casa Fresco, HSR: All-Day Dining & Café",080 4992 7445,"73, 27th Main Rd, Phase 3, 1st Sector, HSR Layout, Bengaluru, Karnataka 560102",12.9207539,77.650514,Restaurant,http://www.casafresco.in/,Ci9DQUlRQUNvZENodHljRjlvT2tacWNGTkRSa1kxZUVOSWRIRnNaekJQTjNJdFlYYxAB,"Casa Fresco, HSR: All",Sam2 forNet,103774847901788460001,False,2,,0,a month ago,"{""food"": 4, ""service_rating"": 1, ""atmosphere"": 3}"
"Casa Fresco, HSR: All-Day Dining & Café",080 4992 7445,"73, 27th Main Rd, Phase 3, 1st Sector, HSR Layout, Bengaluru, Karnataka 560102",12.9207539,77.650514,Restaurant,http://www.casafresco.in/,Ci9DQUlRQUNvZENodHljRjlvT2pKd1J6WjVWbkZSWlZkYVZVaDVXRjl4UmxSbU5FRRAB,"Casa Fresco, HSR: All",J Prashant Narayanan,117279340662336403208,True,4,"Had a really pleasant experience at Casa Fresco. What stood out immediately was the team—almost entirely women, which gave the place a warm, welcoming, and well-managed vibe. The staff were sweet, attentive, and made sure everything felt smooth without being intrusive.  Coming to the food—we mostly tried the Chinese dishes, and everything was genuinely good, with balanced flavors and solid execution across the table. The pricing is also quite budget-friendly for the quality, which makes it even better. The decor and ambience are clean and calming, and despite being in HSR, the location feels tucked away from the usual hustle. Overall, a great spot for good food, great service, and a relaxed vibe.",0,a month ago,"{""dining_mode"": ""Dine in"", ""meal_type"": ""Dinner"", ""price_per_person"": ""₹1,200–1,400"", ""food"": 4, ""service_rating"": 5, ""atmosphere"": 4, ""noise_level"": ""Quiet, easy to talk""}"
"Casa Fresco, HSR: All-Day Dining & Café",080 4992 7445,"73, 27th Main Rd, Phase 3, 1st Sector, HSR Layout, Bengaluru, Karnataka 560102",12.9207539,77.650514,Restaurant,http://www.casafresco.in/,Ci9DQUlRQUNvZENodHljRjlvT25OYVFrNW9PWE5RYjNWT0xWTjZaV0pPVHpaNE5uYxAB,"Casa Fresco, HSR: All",Rahul Khanna,117417731693575152760,True,4,"We went for brunch this past Sunday. Tried the Full Monty English breakfast (scrambled eggs and regular tea), Belgian waffles, and cold coffee.  What we liked: 1. Sausages cooked to perfection 2. Scrambled eggs were creamy and just perfect 3. Cold coffee was aromatic with some good grounded beans 4. Waffles were okay  What we did not like: 1. It was very weird to choose b/w regular tea and filter coffee with the English breakfast. No English breakfast tea or cappuccino. Pure cost cutting measure IMO. 2. Baked beans were too sweet for my taste buds",0,a month ago,"{""dining_mode"": ""Dine in"", ""meal_type"": ""Brunch"", ""price_per_person"": ""₹200–400"", ""food"": 4, ""service_rating"": 4, ""atmosphere"": 5, ""parking_space"": ""Somewhat difficult to find parking""}"
"Casa Fresco, HSR: All-Day Dining & Café",080 4992 7445,"73, 27th Main Rd, Phase 3, 1st Sector, HSR Layout, Bengaluru, Karnataka 560102",12.9207539,77.650514,Restaurant,http://www.casafresco.in/,Ci9DQUlRQUNvZENodHljRjlvT21SVmFuWXdVVlZqY2tWU01UWllhVTkyWDFWWlEzYxAB,"Casa Fresco, HSR: All",Meera Nair,110549822233378318782,True,5,,0,a month ago,"{""food"": 5, ""service_rating"": 3, ""atmosphere"": 5}"
"Casa Fresco, HSR: All-Day Dining & Café",080 4992 7445,"73, 27th Main Rd, Phase 3, 1st Sector, HSR Layout, Bengaluru, Karnataka 560102",12.9207539,77.650514,Restaurant,http://www.casafresco.in/,Ci9DQUlRQUNvZENodHljRjlvT21kalZVd3hhbGw0T1ZoaVkxSkVWVnBzZVZablJsRRAB,"Casa Fresco, HSR: All",Reah Hakeem,114127916601407582000,True,4,"Great food, homey ambience",0,a month ago,
"Casa Fresco, HSR: All-Day Dining & Café",080 4992 7445,"73, 27th Main Rd, Phase 3, 1st Sector, HSR Layout, Bengaluru, Karnataka 560102",12.9207539,77.650514,Restaurant,http://www.casafresco.in/,Ci9DQUlRQUNvZENodHljRjlvT2s5M2NsUkJUUzFNVTJ0T04zUk9XWFJyV2tSU1oxRRAB,"Casa Fresco, HSR: All",Ajay Chakraborty,110845438693628408519,False,5,"Casa Fresco is my go-to spot for fresh, feel-good food and a wide variety of options. The menu is extensive, so whether you’re in the mood for something light or a full meal, there’s always plenty to choose from. What I really like is how the food consistently feels fresh, clean, and not overly heavy.",0,a month ago,"{""food"": 5, ""service_rating"": 5, ""atmosphere"": 5}"
"Casa Fresco, HSR: All-Day Dining & Café",080 4992 7445,"73, 27th Main Rd, Phase 3, 1st Sector, HSR Layout, Bengaluru, Karnataka 560102",12.9207539,77.650514,Restaurant,http://www.casafresco.in/,Ci9DQUlRQUNvZENodHljRjlvT25OcVowODJSMjVNVDFSYVdHRnNSM0k0T0ZGaVNFRRAB,"Casa Fresco, HSR: All",Sonika Venugopal,109928677434765385052,False,5,,0,a month ago,"{""meal_type"": ""Brunch"", ""price_per_person"": ""₹200–400"", ""food"": 5, ""service_rating"": 5, ""atmosphere"": 5, ""noise_level"": ""Moderate noise"", ""group_size"": ""3-4 people, 5-8 people""}"
"Casa Fresco, HSR: All-Day Dining & Café",080 4992 7445,"73, 27th Main Rd, Phase 3, 1st Sector, HSR Layout, Bengaluru, Karnataka 560102",12.9207539,77.650514,Restaurant,http://www.casafresco.in/,Ci9DQUlRQUNvZENodHljRjlvT25SQ2JsWTBNVVI0YmpWTVIwMVBWakpRWHkxdmVtYxAB,"Casa Fresco, HSR: All",Toshika Awomi,108615933282490379838,False,5,"""Perfect brunch spot in HSR! Great English Breakfast n the best Belgian hot chocolate in the area.""",0,a month ago,"{""food"": 5, ""service_rating"": 5, ""atmosphere"": 5}"
"Casa Fresco, HSR: All-Day Dining & Café",080 4992 7445,"73, 27th Main Rd, Phase 3, 1st Sector, HSR Layout, Bengaluru, Karnataka 560102",12.9207539,77.650514,Restaurant,http://www.casafresco.in/,Ci9DQUlRQUNvZENodHljRjlvT21WSWIzZGliazFsV0ZKVFJFWjNWMEpaVjJ4ek5sRRAB,"Casa Fresco, HSR: All",Tovi Achumi,100386924721575572207,False,5,Amazing place to visit with my friends loved it ❤️,0,a month ago,"{""food"": 5, ""service_rating"": 5, ""atmosphere"": 5}"
"Casa Fresco, HSR: All-Day Dining & Café",080 4992 7445,"73, 27th Main Rd, Phase 3, 1st Sector, HSR Layout, Bengaluru, Karnataka 560102",12.9207539,77.650514,Restaurant,http://www.casafresco.in/,Ci9DQUlRQUNvZENodHljRjlvT21NMFpUZGtkVlJyWlc1c1NYQkpOVzVtWTBSSVJYYxAB,"Casa Fresco, HSR: All",Toshika Toshi,103033855301852618984,False,5,,0,a month ago,"{""meal_type"": ""Breakfast"", ""food"": 5, ""service_rating"": 5, ""atmosphere"": 5}"
"Casa Fresco, HSR: All-Day Dining & Café",080 4992 7445,"73, 27th Main Rd, Phase 3, 1st Sector, HSR Layout, Bengaluru, Karnataka 560102",12.9207539,77.650514,Restaurant,http://www.casafresco.in/,Ci9DQUlRQUNvZENodHljRjlvT2pocFlUQllNWE5zYkROc05GTXRWV2hWYUdWSlRGRRAB,"Casa Fresco, HSR: All",Tejas Rastogi,106578741861230992874,True,5,,0,a month ago,
"Casa Fresco, HSR: All-Day Dining & Café",080 4992 7445,"73, 27th Main Rd, Phase 3, 1st Sector, HSR Layout, Bengaluru, Karnataka 560102",12.9207539,77.650514,Restaurant,http://www.casafresco.in/,Ci9DQUlRQUNvZENodHljRjlvT25VdE5IQktWVXBqTUhWTE5YUnJlV2xYWlRCUFpIYxAB,"Casa Fresco, HSR: All",tsuno Swuro,106082476612044986971,False,5,Staff were polite and helpful specially Dorcas did a great service from the food to the kind the service made the experience even better. Highly recommended,0,a month ago,"{""meal_type"": ""Other"", ""food"": 5, ""service_rating"": 5, ""atmosphere"": 5}"
"Casa Fresco, HSR: All-Day Dining & Café",080 4992 7445,"73, 27th Main Rd, Phase 3, 1st Sector, HSR Layout, Bengaluru, Karnataka 560102",12.9207539,77.650514,Restaurant,http://www.casafresco.in/,Ci9DQUlRQUNvZENodHljRjlvT2xNelFrSlJNMUpHWmtWNVpUQjVjVk5vVVhkSWNYYxAB,"Casa Fresco, HSR: All",Pooja Siddanaikar,114153651831293910383,False,5,"Just had an amazing experience at this cafe!😊 The food was delicious, with standout dishes. But what truly made our visit special was the exceptional service from Dorcas, our server. Super attentive, friendly, and knowledgeable about the menu – she made sure we had everything we needed. Can't wait to come back and try more of their offerings! Highly recommend this place.",0,a month ago,"{""food"": 5, ""service_rating"": 5, ""atmosphere"": 5}"
"Casa Fresco, HSR: All-Day Dining & Café",080 4992 7445,"73, 27th Main Rd, Phase 3, 1st Sector, HSR Layout, Bengaluru, Karnataka 560102",12.9207539,77.650514,Restaurant,http://www.casafresco.in/,Ci9DQUlRQUNvZENodHljRjlvT2tKQmRYWldjR2hLWmtocFl6bGtNR1ZoTFRCb09GRRAB,"Casa Fresco, HSR: All",Raju Chetry,105931457962812124887,False,5,Good experience good service by Dorcas,0,a month ago,"{""meal_type"": ""Lunch"", ""price_per_person"": ""₹400–600"", ""noise_level"": ""Quiet, easy to talk"", ""group_size"": ""2 people""}"
"Casa Fresco, HSR: All-Day Dining & Café",080 4992 7445,"73, 27th Main Rd, Phase 3, 1st Sector, HSR Layout, Bengaluru, Karnataka 560102",12.9207539,77.650514,Restaurant,http://www.casafresco.in/,Ci9DQUlRQUNvZENodHljRjlvT2tWNlVsbERZMGRvU1ZabldHbDNlRkpXWkRkb1YxRRAB,"Casa Fresco, HSR: All",TA Timisina,102746764994879352164,False,5,The food and drink was awesome and the best service is provided by Dorcas keor with nice behaviour she is just wonderful 😊,0,a month ago,"{""price_per_person"": ""₹2,000+"", ""food"": 5, ""service_rating"": 5, ""atmosphere"": 5}"
"Casa Fresco, HSR: All-Day Dining & Café",080 4992 7445,"73, 27th Main Rd, Phase 3, 1st Sector, HSR Layout, Bengaluru, Karnataka 560102",12.9207539,77.650514,Restaurant,http://www.casafresco.in/,Ci9DQUlRQUNvZENodHljRjlvT2tZNE9FZEphRWQ0ZEVscExYbEpURzlvV2tGeU5sRRAB,"Casa Fresco, HSR: All",Nikiawomi,100844889189292461374,False,5,"Just tried this new place and WOW! Goo was 🔥, ambience was chill, and service was on point, must-try the pastas😋.",0,a month ago,"{""food"": 5, ""service_rating"": 5, ""atmosphere"": 5}"
"Casa Fresco, HSR: All-Day Dining & Café",080 4992 7445,"73, 27th Main Rd, Phase 3, 1st Sector, HSR Layout, Bengaluru, Karnataka 560102",12.9207539,77.650514,Restaurant,http://www.casafresco.in/,Ci9DQUlRQUNvZENodHljRjlvT2s1YVdVZEVZMEppU2tsbWNWWkJXR2RsU1dremJGRRAB,"Casa Fresco, HSR: All",Swetank Rajguru,101873507982129366638,True,5,,0,a month ago,"{""meal_type"": ""Lunch"", ""price_per_person"": ""₹800–1,000"", ""food"": 5, ""service_rating"": 5, ""atmosphere"": 5, ""group_size"": ""5-8 people""}"
"Casa Fresco, HSR: All-Day Dining & Café",080 4992 7445,"73, 27th Main Rd, Phase 3, 1st Sector, HSR Layout, Bengaluru, Karnataka 560102",12.9207539,77.650514,Restaurant,http://www.casafresco.in/,Ci9DQUlRQUNvZENodHljRjlvT21wNFEwczNhbVo1Y1UxcVJGOUxPRzFKTVRsR1RXYxAB,"Casa Fresco, HSR: All",Raghavendra Raghu,110449705028465472268,False,5,,0,a month ago,
"Casa Fresco, HSR: All-Day Dining & Café",080 4992 7445,"73, 27th Main Rd, Phase 3, 1st Sector, HSR Layout, Bengaluru, Karnataka 560102",12.9207539,77.650514,Restaurant,http://www.casafresco.in/,Ci9DQUlRQUNvZENodHljRjlvT2pGMVZXbElaVzVEWkRGWGJrSXdhVGxqZUdWRExYYxAB,"Casa Fresco, HSR: All",Sonal Makhija,112231129665742974221,True,4,,0,a month ago,"{""meal_type"": ""Brunch"", ""price_per_person"": ""₹1,400–1,600"", ""food"": 3, ""service_rating"": 4, ""atmosphere"": 4, ""group_size"": ""3-4 people"", ""wait_time"": ""10-30 min"", ""vegetarian_recommendation"": ""Highly recommend"", ""vegetarian_offerings"": ""Large vegetarian selection"", ""parking_space"": ""Difficult to find parking""}"
"Casa Fresco, HSR: All-Day Dining & Café",080 4992 7445,"73, 27th Main Rd, Phase 3, 1st Sector, HSR Layout, Bengaluru, Karnataka 560102",12.9207539,77.650514,Restaurant,http://www.casafresco.in/,Ci9DQUlRQUNvZENodHljRjlvT25sR1drMVhPQzFJWVZOcmFsaDZlRXgwWmxaeU1FRRAB,"Casa Fresco, HSR: All",Sindhu,111920146287727145574,True,5,The place and ambience is moderate but waiting time is more at evening hour's,0,a month ago,"{""meal_type"": ""Dinner"", ""price_per_person"": ""₹800–1,000"", ""food"": 5, ""service_rating"": 5, ""atmosphere"": 5, ""group_size"": ""2 people""}"
"Casa Fresco, HSR: All-Day Dining & Café",080 4992 7445,"73, 27th Main Rd, Phase 3, 1st Sector, HSR Layout, Bengaluru, Karnataka 560102",12.9207539,77.650514,Restaurant,http://www.casafresco.in/,Ci9DQUlRQUNvZENodHljRjlvT25OVUxUQmxOVFU0ZUhWVGFubEVXbE5XTFhsT2RuYxAB,"Casa Fresco, HSR: All",Karthik Viswanath,110315863496831988016,True,4,,0,a month ago,
"Casa Fresco, HSR: All-Day Dining & Café",080 4992 7445,"73, 27th Main Rd, Phase 3, 1st Sector, HSR Layout, Bengaluru, Karnataka 560102",12.9207539,77.650514,Restaurant,http://www.casafresco.in/,Ci9DQUlRQUNvZENodHljRjlvT2t0Rk1WSmxhbkpyYnpKdlRrODROakk0WDBOVGFsRRAB,"Casa Fresco, HSR: All",Gurjot Kaur,118426996473908764962,False,5,,0,a month ago,
"Casa Fresco, HSR: All-Day Dining & Café",080 4992 7445,"73, 27th Main Rd, Phase 3, 1st Sector, HSR Layout, Bengaluru, Karnataka 560102",12.9207539,77.650514,Restaurant,http://www.casafresco.in/,Ci9DQUlRQUNvZENodHljRjlvT2xWdWFVaEhNMDk0VlhkUFpXcFFOSEZIYkhobWMzYxAB,"Casa Fresco, HSR: All",Kalibo Khumsola,102035113502502951360,False,5,"Been to Casa Fresco quite a few times now and the consistency is impressive. The pastas and burgers never disappoint and their iced teas are a must try. The place has a cozy, easy going vibe that makes it perfect for a casual date night.",0,a month ago,"{""food"": 5, ""service_rating"": 5, ""atmosphere"": 5}"
"Casa Fresco, HSR: All-Day Dining & Café",080 4992 7445,"73, 27th Main Rd, Phase 3, 1st Sector, HSR Layout, Bengaluru, Karnataka 560102",12.9207539,77.650514,Restaurant,http://www.casafresco.in/,Ci9DQUlRQUNvZENodHljRjlvT21ScFZVUkRORnBXVlROUlVGUkVkR1JyU0ZOcGVVRRAB,"Casa Fresco, HSR: All",Alus,117380343837599111352,False,5,"Came here for a proper meal and was genuinely impressed. The thin crust pizza are excellent,and the English breakfast is well portioned and comforting. The hanoi ice coffee is a must try.mojiti n iced tea r refreshing the service is impressively quick",0,a month ago,"{""meal_type"": ""Breakfast"", ""food"": 5, ""service_rating"": 5, ""atmosphere"": 5}"
"Casa Fresco, HSR: All-Day Dining & Café",080 4992 7445,"73, 27th Main Rd, Phase 3, 1st Sector, HSR Layout, Bengaluru, Karnataka 560102",12.9207539,77.650514,Restaurant,http://www.casafresco.in/,Ci9DQUlRQUNvZENodHljRjlvT2tSSFRtSlVZVFJ5TTA5VmNrbDNabFZtVkZsRVdsRRAB,"Casa Fresco, HSR: All",S.Dorcas Keor,112784411072288172826,False,5,"Casa Fresco has been one of my most consistent go to spots. Every visit the food tastes just as good as the last. The pastas are creamy and comforting, the burgers are juicy, and their iced teas are super refreshing. Calm vibe and great for a relaxed date or an easy catch up.",0,a month ago,"{""food"": 5, ""service_rating"": 5, ""atmosphere"": 5}"
"Casa Fresco, HSR: All-Day Dining & Café",080 4992 7445,"73, 27th Main Rd, Phase 3, 1st Sector, HSR Layout, Bengaluru, Karnataka 560102",12.9207539,77.650514,Restaurant,http://www.casafresco.in/,Ci9DQUlRQUNvZENodHljRjlvT21OQ1ZUUkRabkJTV25remJWUldiVEozUmtkNFFXYxAB,"Casa Fresco, HSR: All",Kanwal Preet Singh,112216643074349992598,True,4,,0,a month ago,"{""meal_type"": ""Dinner"", ""price_per_person"": ""₹400–600"", ""food"": 4, ""service_rating"": 5, ""atmosphere"": 5}"
"Casa Fresco, HSR: All-Day Dining & Café",080 4992 7445,"73, 27th Main Rd, Phase 3, 1st Sector, HSR Layout, Bengaluru, Karnataka 560102",12.9207539,77.650514,Restaurant,http://www.casafresco.in/,Ci9DQUlRQUNvZENodHljRjlvT201UVlsaG9jRUp6TTFjM1pVcGpVMFZUVWpGUGNsRRAB,"Casa Fresco, HSR: All",Ishaan Wadhwa,111268227936117972420,False,3,"Visited Casa Fresca, HSR recently and had a pretty mixed experience.  The food itself was decent and the atmosphere is quite nice — definitely a good spot to sit and chill. But the service really let it down.  I asked if they could customize my omelette to use only egg whites as part of the English breakfast. They flat out refused, even when I offered to pay extra, and instead said I’d have to order a separate omelette on the side. That just felt unnecessarily rigid.  Then I ordered a cold coffee without sugar, and they served it with ice cream. When I pointed it out, they argued that this is how they normally serve it, instead of just acknowledging the mistake or offering to fix it.  Overall, decent food and good vibe, but the service needs serious improvement.  3 stars.",0,a month ago,"{""meal_type"": ""Brunch"", ""price_per_person"": ""₹600–800"", ""food"": 3, ""service_rating"": 2, ""atmosphere"": 4, ""noise_level"": ""Quiet, easy to talk"", ""wait_time"": ""No wait""}"
"Casa Fresco, HSR: All-Day Dining & Café",080 4992 7445,"73, 27th Main Rd, Phase 3, 1st Sector, HSR Layout, Bengaluru, Karnataka 560102",12.9207539,77.650514,Restaurant,http://www.casafresco.in/,Ci9DQUlRQUNvZENodHljRjlvT204MU1XTk9OVVowYVRCYWFVcHplR1J6YkdoNmIzYxAB,"Casa Fresco, HSR: All",Sayantan Paul,104507569786323412908,True,2,"The place has decent food no doubt, but the service is awful!! It is so slow and unorganized that main course arrive before starters, orders are forgotten, and the service staff couldnt care any less! They dont have a clue whats going on and it almost seems they are working against their will. There is no manager that you can escalate to. Plenty of nice places around so give this place a pass and thank me later",0,a month ago,"{""meal_type"": ""Brunch"", ""food"": 4, ""service_rating"": 1, ""atmosphere"": 3, ""noise_level"": ""Loud, but you can still talk"", ""wait_time"": ""Up to 10 min"", ""parking_space"": ""Difficult to find parking""}"
"Casa Fresco, HSR: All-Day Dining & Café",080 4992 7445,"73, 27th Main Rd, Phase 3, 1st Sector, HSR Layout, Bengaluru, Karnataka 560102",12.9207539,77.650514,Restaurant,http://www.casafresco.in/,Ci9DQUlRQUNvZENodHljRjlvT25WelEzZzJTRVF6U1ZCVFRsQlZiMjEyTTNKMFdGRRAB,"Casa Fresco, HSR: All",Priyanka Chourasia,102395495988705605840,True,5,,0,a month ago,"{""meal_type"": ""Brunch"", ""price_per_person"": ""₹600–800"", ""food"": 5, ""service_rating"": 4, ""atmosphere"": 5, ""noise_level"": ""Quiet, easy to talk"", ""wait_time"": ""No wait""}"
"Casa Fresco, HSR: All-Day Dining & Café",080 4992 7445,"73, 27th Main Rd, Phase 3, 1st Sector, HSR Layout, Bengaluru, Karnataka 560102",12.9207539,77.650514,Restaurant,http://www.casafresco.in/,Ci9DQUlRQUNvZENodHljRjlvT2pabVNsY3pVbU5sUkZKT2FtbHJkRTV2YXkxalJuYxAB,"Casa Fresco, HSR: All",Ajith Kumar,103742323521949965913,False,5,,0,a month ago,"{""food"": 5, ""service_rating"": 4, ""atmosphere"": 5}"
"Casa Fresco, HSR: All-Day Dining & Café",080 4992 7445,"73, 27th Main Rd, Phase 3, 1st Sector, HSR Layout, Bengaluru, Karnataka 560102",12.9207539,77.650514,Restaurant,http://www.casafresco.in/,Ci9DQUlRQUNvZENodHljRjlvT2tveWNGbHdhMmRPUlV0NWFuTnlWMTlrVFUxRmNIYxAB,"Casa Fresco, HSR: All",Banibrata,111803143773991566002,True,5,"One of our favourite, pet friendly, hip and casual dining places in HSR layout. Our family lives their veg sizzlers, pizzas and pasta.",0,a month ago,"{""meal_type"": ""Dinner"", ""price_per_person"": ""₹400–600"", ""food"": 5, ""service_rating"": 5, ""atmosphere"": 5}"
"Casa Fresco, HSR: All-Day Dining & Café",080 4992 7445,"73, 27th Main Rd, Phase 3, 1st Sector, HSR Layout, Bengaluru, Karnataka 560102",12.9207539,77.650514,Restaurant,http://www.casafresco.in/,Ci9DQUlRQUNvZENodHljRjlvT2tKbVRUQjBhRmhNUmpZM2MwVlljbGRGUWtGZlFVRRAB,"Casa Fresco, HSR: All",Kushal Rathnakar Heggade,108401015140610739978,True,5,,0,a month ago,"{""meal_type"": ""Dinner"", ""food"": 5, ""service_rating"": 5, ""atmosphere"": 5, ""noise_level"": ""Quiet, easy to talk"", ""wait_time"": ""No wait"", ""parking_space"": ""Somewhat difficult to find parking"", ""parking_options"": ""Free street parking""}"
"Casa Fresco, HSR: All-Day Dining & Café",080 4992 7445,"73, 27th Main Rd, Phase 3, 1st Sector, HSR Layout, Bengaluru, Karnataka 560102",12.9207539,77.650514,Restaurant,http://www.casafresco.in/,Ci9DQUlRQUNvZENodHljRjlvT25wdmVESkNlR0UyTlVWM01GRlZVVUZNU1daelduYxAB,"Casa Fresco, HSR: All",Sucheta Sen,112694925958758617097,False,5,Best momos and best best best chai😭🧡,0,a month ago,
"Casa Fresco, HSR: All-Day Dining & Café",080 4992 7445,"73, 27th Main Rd, Phase 3, 1st Sector, HSR Layout, Bengaluru, Karnataka 560102",12.9207539,77.650514,Restaurant,http://www.casafresco.in/,Ci9DQUlRQUNvZENodHljRjlvT200MFpsTkdObEJVYjNwWmEzWkhNRFl5ZVhGWmMyYxAB,"Casa Fresco, HSR: All",Saptarshi Das,111575939527203929656,True,4,,0,a month ago,"{""food"": 4, ""service_rating"": 3, ""atmosphere"": 5}"
"Casa Fresco, HSR: All-Day Dining & Café",080 4992 7445,"73, 27th Main Rd, Phase 3, 1st Sector, HSR Layout, Bengaluru, Karnataka 560102",12.9207539,77.650514,Restaurant,http://www.casafresco.in/,Ci9DQUlRQUNvZENodHljRjlvT2sxb01EQlVVVTFsVjBReGRUQm1kWFUwTVVWSmQwRRAB,"Casa Fresco, HSR: All",Atri Dutta,110585361876593415908,True,5,A cozy aesthetic place to go with your friends. Food was okay okay but the drinks were really good. We took hazelnut latte and peach iced tea,0,a month ago,"{""meal_type"": ""Lunch"", ""price_per_person"": ""₹400–600"", ""food"": 3, ""service_rating"": 4, ""atmosphere"": 5, ""noise_level"": ""Quiet, easy to talk"", ""group_size"": ""1 person, 2 people, 3-4 people, 5-8 people""}"
"Casa Fresco, HSR: All-Day Dining & Café",080 4992 7445,"73, 27th Main Rd, Phase 3, 1st Sector, HSR Layout, Bengaluru, Karnataka 560102",12.9207539,77.650514,Restaurant,http://www.casafresco.in/,Ci9DQUlRQUNvZENodHljRjlvT2pkb2RGSnpkaTFSYTJGbGVtMU1aMVJDU0dZMmJYYxAB,"Casa Fresco, HSR: All",Nikhil Udgata,105400857257948707874,True,5,,0,a month ago,
"Casa Fresco, HSR: All-Day Dining & Café",080 4992 7445,"73, 27th Main Rd, Phase 3, 1st Sector, HSR Layout, Bengaluru, Karnataka 560102",12.9207539,77.650514,Restaurant,http://www.casafresco.in/,Ci9DQUlRQUNvZENodHljRjlvT25kU2N6ZGxYMFZPTnpOSVVUQTJMVEIzWW1NNVRHYxAB,"Casa Fresco, HSR: All",Arpita borpatra Gohain,116332836287632797249,True,3,"It is good to have pet friendly cafes, much needed and encouraged. However, pet owners should take care that their pets don’t scare others",0,Edited a month ago,
"Casa Fresco, HSR: All-Day Dining & Café",080 4992 7445,"73, 27th Main Rd, Phase 3, 1st Sector, HSR Layout, Bengaluru, Karnataka 560102",12.9207539,77.650514,Restaurant,http://www.casafresco.in/,Ci9DQUlRQUNvZENodHljRjlvT2pSVmFrb3laVzFMYXkxaFJ6Y3RaV0Z1WDI5dWVYYxAB,"Casa Fresco, HSR: All",Sumukh R,105832601134724735512,False,1,,0,a month ago,
"Casa Fresco, HSR: All-Day Dining & Café",080 4992 7445,"73, 27th Main Rd, Phase 3, 1st Sector, HSR Layout, Bengaluru, Karnataka 560102",12.9207539,77.650514,Restaurant,http://www.casafresco.in/,Ci9DQUlRQUNvZENodHljRjlvT2xwVmNHSTFVbFpUZVVSaWFtNUtkR2Q1V2pGWlpHYxAB,"Casa Fresco, HSR: All",Partha Bag,108564515107243149308,True,5,,0,a month ago,"{""meal_type"": ""Brunch"", ""price_per_person"": ""₹400–600"", ""food"": 5, ""service_rating"": 4, ""atmosphere"": 5, ""noise_level"": ""Quiet, easy to talk"", ""wait_time"": ""No wait"", ""vegetarian_recommendation"": ""Highly recommend"", ""vegetarian_offerings"": ""Vegetarian menu or section"", ""parking_space"": ""Somewhat difficult to find parking"", ""parking_options"": ""Free parking lot""}"
"Casa Fresco, HSR: All-Day Dining & Café",080 4992 7445,"73, 27th Main Rd, Phase 3, 1st Sector, HSR Layout, Bengaluru, Karnataka 560102",12.9207539,77.650514,Restaurant,http://www.casafresco.in/,Ci9DQUlRQUNvZENodHljRjlvT25GWE5FNTJaV3BrY1hkNmJqZFdVSFZ3Vlc1d2VFRRAB,"Casa Fresco, HSR: All",Abhijay Ghosh,110054741176208439301,True,5,,0,a month ago,"{""meal_type"": ""Breakfast"", ""price_per_person"": ""₹200–400"", ""food"": 5, ""service_rating"": 3, ""atmosphere"": 5, ""noise_level"": ""Quiet, easy to talk"", ""seating_type"": ""Indoor dining area"", ""vegetarian_recommendation"": ""Somewhat recommend"", ""vegetarian_offerings"": ""Vegetarian menu or section, Clearly labeled vegetarian dishes"", ""parking_space"": ""Somewhat difficult to find parking"", ""parking_options"": ""Free parking lot""}"
"Casa Fresco, HSR: All-Day Dining & Café",080 4992 7445,"73, 27th Main Rd, Phase 3, 1st Sector, HSR Layout, Bengaluru, Karnataka 560102",12.9207539,77.650514,Restaurant,http://www.casafresco.in/,Ci9DQUlRQUNvZENodHljRjlvT21kSFlsZDFXR2xvYkVJMmJrcHBSVmhUUldSbVJHYxAB,"Casa Fresco, HSR: All",ankur agarwal,100261790479686472196,False,5,"Casa Fresco Café in HSR has quickly become one of our favourite hangout spots. The food here is genuinely excellent and feels fresh and wholesome.  I particularly loved the open omelette loaded with healthy veggies — simple, flavourful and very satisfying. My wife absolutely loved the momos, which were surprisingly good for a café and easily one of the highlights of the meal.  The open, airy ambience strikes a great balance between rustic charm and comfort, making it a perfect place to relax over a slow breakfast or coffee. What stood out equally was the exceptional service — warm, attentive and genuinely welcoming.  Overall, Casa Fresco delivers great food, lovely ambience and top-notch hospitality. Definitely a place we’ll keep coming back to.",0,a month ago,"{""meal_type"": ""Brunch"", ""price_per_person"": ""₹1,000–1,200"", ""food"": 5, ""service_rating"": 5, ""atmosphere"": 5}"
"Casa Fresco, HSR: All-Day Dining & Café",080 4992 7445,"73, 27th Main Rd, Phase 3, 1st Sector, HSR Layout, Bengaluru, Karnataka 560102",12.9207539,77.650514,Restaurant,http://www.casafresco.in/,Ci9DQUlRQUNvZENodHljRjlvT21aVk5reFhkWGcwYWxSc1QySlFUMFUxWTNoSFgxRRAB,"Casa Fresco, HSR: All",Gourav Goel,110242035855818825825,True,5,,0,a month ago,"{""meal_type"": ""Dinner"", ""price_per_person"": ""₹400–600"", ""food"": 5, ""service_rating"": 5, ""atmosphere"": 5}"
"Casa Fresco, HSR: All-Day Dining & Café",080 4992 7445,"73, 27th Main Rd, Phase 3, 1st Sector, HSR Layout, Bengaluru, Karnataka 560102",12.9207539,77.650514,Restaurant,http://www.casafresco.in/,Ci9DQUlRQUNvZENodHljRjlvT2tsalEwaEhjME5XVVhSMFVuTjBOVzFCTkRGeE1YYxAB,"Casa Fresco, HSR: All",Daniel Meades,108673378190789668188,True,4,"It's a good place, spacious, good vibes. Food and service is also good.  One Feedback: Please don't add sugar in hot beverages like tea and coffee. Serve the sugar and other sweetners on the side. Let your customer decide how sweet they like their respective hot beverages.",0,a month ago,"{""meal_type"": ""Breakfast"", ""price_per_person"": ""₹200–400"", ""food"": 4, ""service_rating"": 4, ""atmosphere"": 4, ""wait_time"": ""No wait"", ""parking_space"": ""Somewhat difficult to find parking"", ""parking_notes"": ""Street parking only"", ""kid_friendliness"": ""Kid friendly"", ""wheelchair_accessibility"": ""Yes""}"
"Casa Fresco, HSR: All-Day Dining & Café",080 4992 7445,"73, 27th Main Rd, Phase 3, 1st Sector, HSR Layout, Bengaluru, Karnataka 560102",12.9207539,77.650514,Restaurant,http://www.casafresco.in/,Ci9DQUlRQUNvZENodHljRjlvT2xsT0xWRlFkRXBQVDJ4bVdUSnlSWFpOUVdKSmMzYxAB,"Casa Fresco, HSR: All",Noob Gaming,102595814219607119909,False,5,"We ordered pizzas, sandwichches and a couple of lattes at casa fresco.The pizza was nice n the toppings were balance .The grilled chicken sandwich was tasty.service was smooth n the place had a relaxed vibe fror casual dining",0,2 months ago,"{""food"": 5, ""service_rating"": 5, ""atmosphere"": 5}"
"Casa Fresco, HSR: All-Day Dining & Café",080 4992 7445,"73, 27th Main Rd, Phase 3, 1st Sector, HSR Layout, Bengaluru, Karnataka 560102",12.9207539,77.650514,Restaurant,http://www.casafresco.in/,Ci9DQUlRQUNvZENodHljRjlvT2pjM2J6SlhMVVIxVEROMU5VSkVkbHB1Y0hKNmFrRRAB,"Casa Fresco, HSR: All",Peibiso Mangkung,109191621676424200972,False,5,"Ended up ordering an iced tea and a sizzler here and both were good. The iced tea was nice and cooling, especially in this heat. The sizzler arrived pretty quickly and was served hot. What stood out was the quick service even though the place had people around. Overall a comfortable spot to eat.",0,2 months ago,"{""food"": 5, ""service_rating"": 5, ""atmosphere"": 5}"
"Casa Fresco, HSR: All-Day Dining & Café",080 4992 7445,"73, 27th Main Rd, Phase 3, 1st Sector, HSR Layout, Bengaluru, Karnataka 560102",12.9207539,77.650514,Restaurant,http://www.casafresco.in/,Ci9DQUlRQUNvZENodHljRjlvT2pGZk9EUjFXRlkxWVRGeGJITmFaRTAxWW1KeGVXYxAB,"Casa Fresco, HSR: All",Roshan Limboo,101369283436041624502,False,5,"We happened to come across this place on Google and ended up ordering a bit of everything pancakes, pizzas and even their breakfast platters early in the evening after some shopping! The staff were quick with the orders, which made it an even amazing experience.",0,2 months ago,"{""food"": 5, ""service_rating"": 5, ""atmosphere"": 5}"
"Casa Fresco, HSR: All-Day Dining & Café",080 4992 7445,"73, 27th Main Rd, Phase 3, 1st Sector, HSR Layout, Bengaluru, Karnataka 560102",12.9207539,77.650514,Restaurant,http://www.casafresco.in/,Ci9DQUlRQUNvZENodHljRjlvT2xaMlUxVjZaazl2YzJneU1IbDJhbGhFTWxOdFFtYxAB,"Casa Fresco, HSR: All",Monneilhing Monpu,100494777274204174654,False,5,"Dropped in after work because I was starving. Went for the crostini,  a cold coffee and a plate of momos. Honestly impressed how quickly they brought everything out. Perfect when you want something fast that actually fills you up.",0,2 months ago,"{""food"": 5, ""service_rating"": 5, ""atmosphere"": 5}"
"Casa Fresco, HSR: All-Day Dining & Café",080 4992 7445,"73, 27th Main Rd, Phase 3, 1st Sector, HSR Layout, Bengaluru, Karnataka 560102",12.9207539,77.650514,Restaurant,http://www.casafresco.in/,Ci9DQUlRQUNvZENodHljRjlvT210UVNHNWtMVUZCUTNabVdYSlZaVE5WYTBkSVMzYxAB,"Casa Fresco, HSR: All",Senpu haokip,104198715474929409779,False,5,"Grabbed lunch with colleagues and we shared sandwiches, burgers, pizzas and sizzlers. They handled our table really efficiently even though it was busy. Everything came out fast which was clutch since we only had a short break.",0,2 months ago,"{""meal_type"": ""Lunch"", ""food"": 5, ""service_rating"": 5, ""atmosphere"": 5}"
"Casa Fresco, HSR: All-Day Dining & Café",080 4992 7445,"73, 27th Main Rd, Phase 3, 1st Sector, HSR Layout, Bengaluru, Karnataka 560102",12.9207539,77.650514,Restaurant,http://www.casafresco.in/,Ci9DQUlRQUNvZENodHljRjlvT2trMlptZHBXbm95WTBkMGQyOVhRV1p0VFc5dU1XYxAB,"Casa Fresco, HSR: All",Srividya Angalakuditi,113125226259646260825,True,5,,0,2 months ago,"{""food"": 5, ""service_rating"": 5, ""atmosphere"": 5}"
"Casa Fresco, HSR: All-Day Dining & Café",080 4992 7445,"73, 27th Main Rd, Phase 3, 1st Sector, HSR Layout, Bengaluru, Karnataka 560102",12.9207539,77.650514,Restaurant,http://www.casafresco.in/,Ci9DQUlRQUNvZENodHljRjlvT2xweVJFWjJNbU10VVhSemR6aEdZazFtVEUxR1VGRRAB,"Casa Fresco, HSR: All",Anish Setya,103567540948674097017,True,5,,0,2 months ago,"{""meal_type"": ""Brunch"", ""price_per_person"": ""₹200–400"", ""noise_level"": ""Quiet, easy to talk"", ""group_size"": ""2 people, 3-4 people"", ""parking_space"": ""Somewhat difficult to find parking""}"
"Casa Fresco, HSR: All-Day Dining & Café",080 4992 7445,"73, 27th Main Rd, Phase 3, 1st Sector, HSR Layout, Bengaluru, Karnataka 560102",12.9207539,77.650514,Restaurant,http://www.casafresco.in/,Ci9DQUlRQUNvZENodHljRjlvT21OYVltWmthWEIwWVhCRFNEYzVVVlppUXpGVmJuYxAB,"Casa Fresco, HSR: All",Akang,106383225273258523736,False,5,Tried the sizzler and peri peri burger. The food was fresh and served on time. The white sauce pasta was creamy without being too heavy. Ended the meal with a frappe which was just right. A reliable spot for everyday dining.,0,2 months ago,"{""food"": 5, ""service_rating"": 5, ""atmosphere"": 5}"
"Casa Fresco, HSR: All-Day Dining & Café",080 4992 7445,"73, 27th Main Rd, Phase 3, 1st Sector, HSR Layout, Bengaluru, Karnataka 560102",12.9207539,77.650514,Restaurant,http://www.casafresco.in/,Ci9DQUlRQUNvZENodHljRjlvT25acU1qSnhObXh1Wm05YVpXcE9TMWd4YzBWbFNWRRAB,"Casa Fresco, HSR: All",Priyamvada Gupta,116131637773742948483,False,5,,0,2 months ago,"{""food"": 5, ""service_rating"": 5, ""atmosphere"": 5}"
"Casa Fresco, HSR: All-Day Dining & Café",080 4992 7445,"73, 27th Main Rd, Phase 3, 1st Sector, HSR Layout, Bengaluru, Karnataka 560102",12.9207539,77.650514,Restaurant,http://www.casafresco.in/,Ci9DQUlRQUNvZENodHljRjlvT2xKVGNGaDFORlZLUkRSRmVFbFJWak5TWkd4NWIyYxAB,"Casa Fresco, HSR: All",Manasa Aravind,112391925815491900515,True,4,,0,2 months ago,
"Casa Fresco, HSR: All-Day Dining & Café",080 4992 7445,"73, 27th Main Rd, Phase 3, 1st Sector, HSR Layout, Bengaluru, Karnataka 560102",12.9207539,77.650514,Restaurant,http://www.casafresco.in/,Ci9DQUlRQUNvZENodHljRjlvT21FdExYazJVM0pHZFZRemRFMUxORlZyVnpNd1pIYxAB,"Casa Fresco, HSR: All",Shahnoor Alam,118355493396483366298,False,1,Respected... Dear Owner manager....n etc ...I hope ke aap ka business achcha chal raha hoga .... I request sir ..aap ke log  sirf dining order pr focus krte hai ..please online order pr bhi Dhiyan. Den Mai  waha 30 mins wait Kiya ek order lene keliye please apne ..staff ko manage kre..... riders se ache se behave kre..aur Online order ko jaldi den ...aur most important bat ye hai ke har riders tumhra resturant ke order ko accept na kre khud hi down pr ja skte hai please apne staff ko samjhao ke har insan ki respect kre  na ke de respect 🙏🙏🙏🙏🙏,0,2 months ago,"{""food"": 5, ""service_rating"": 2, ""atmosphere"": 5}"
"Casa Fresco, HSR: All-Day Dining & Café",080 4992 7445,"73, 27th Main Rd, Phase 3, 1st Sector, HSR Layout, Bengaluru, Karnataka 560102",12.9207539,77.650514,Restaurant,http://www.casafresco.in/,Ci9DQUlRQUNvZENodHljRjlvT2t4aFMydG9NRXhGYXpaTldtZE1UVVJGTlZsSFMxRRAB,"Casa Fresco, HSR: All",Prachi Pathak,106766352363131980655,True,1,,0,2 months ago,"{""food"": 2, ""service_rating"": 3, ""atmosphere"": 4}"
"Casa Fresco, HSR: All-Day Dining & Café",080 4992 7445,"73, 27th Main Rd, Phase 3, 1st Sector, HSR Layout, Bengaluru, Karnataka 560102",12.9207539,77.650514,Restaurant,http://www.casafresco.in/,Ci9DQUlRQUNvZENodHljRjlvT2pGb2JrNWpkVFphTVcxWFJURjZZVlo1TWsxcE1WRRAB,"Casa Fresco, HSR: All",Pranav Talwar,115111785050264552452,True,2,"It was a genuinely a good place, unfortunately could not maintain standards. Food has lost its taste. Chicken steak served was dry. Sandwich was bland. Crispy corn which used to be good here was tasting weird and oily. Overall i had to fill my stomach with ice cream which also wasn’t that good  Not a place one would come back after having this experience",0,2 months ago,"{""meal_type"": ""Lunch"", ""price_per_person"": ""₹1,000–1,200"", ""food"": 2, ""service_rating"": 2, ""atmosphere"": 2, ""noise_level"": ""Loud, but you can still talk"", ""wait_time"": ""10-30 min""}"
"Casa Fresco, HSR: All-Day Dining & Café",080 4992 7445,"73, 27th Main Rd, Phase 3, 1st Sector, HSR Layout, Bengaluru, Karnataka 560102",12.9207539,77.650514,Restaurant,http://www.casafresco.in/,Ci9DQUlRQUNvZENodHljRjlvT2taRFMyWjRTM1ppYVdkV01HVlNXRUZMZGpkNWVrRRAB,"Casa Fresco, HSR: All",Prakash Modi,116258101977777761371,True,5,This place never disappoints.,0,2 months ago,"{""meal_type"": ""Brunch"", ""price_per_person"": ""₹400–600"", ""food"": 5, ""service_rating"": 5, ""atmosphere"": 5, ""noise_level"": ""Quiet, easy to talk"", ""wait_time"": ""No wait""}"
"Casa Fresco, HSR: All-Day Dining & Café",080 4992 7445,"73, 27th Main Rd, Phase 3, 1st Sector, HSR Layout, Bengaluru, Karnataka 560102",12.9207539,77.650514,Restaurant,http://www.casafresco.in/,Ci9DQUlRQUNvZENodHljRjlvT21oYVp5MVZObUp3VEhKNmN6ZFNlVGR2VUZBMlRsRRAB,"Casa Fresco, HSR: All",X-TraVlog,105255858396964248014,True,5,"My experience at Casa Fresco was exceptional! 🌟 The food was absolutely delicious, and the service was attentive and friendly. The atmosphere was also perfect, making it a truly wonderful visit. Highly recommend! ✨😊",0,2 months ago,"{""meal_type"": ""Lunch"", ""price_per_person"": ""₹200–400"", ""food"": 5, ""service_rating"": 5, ""atmosphere"": 5, ""noise_level"": ""Very quiet"", ""wait_time"": ""No wait""}"
"Casa Fresco, HSR: All-Day Dining & Café",080 4992 7445,"73, 27th Main Rd, Phase 3, 1st Sector, HSR Layout, Bengaluru, Karnataka 560102",12.9207539,77.650514,Restaurant,http://www.casafresco.in/,Ci9DQUlRQUNvZENodHljRjlvT25oWFJpMUVhblEwTkZkRVpHUmZkbDloZHpkSWVYYxAB,"Casa Fresco, HSR: All",Srishti Joshi,113141654473869111212,False,3,The food was good but that Irish Cream Capaccino I ordered 4 days ago is still not here. Also I was charged for it. And when asks for spicy food u make it spicy not more red to make it look spicy.,0,2 months ago,"{""meal_type"": ""Brunch"", ""food"": 3, ""service_rating"": 1, ""atmosphere"": 3}"
"Casa Fresco, HSR: All-Day Dining & Café",080 4992 7445,"73, 27th Main Rd, Phase 3, 1st Sector, HSR Layout, Bengaluru, Karnataka 560102",12.9207539,77.650514,Restaurant,http://www.casafresco.in/,Ci9DQUlRQUNvZENodHljRjlvT2t4NE5tVllkVXBIUWxJeVFuRm1TbDg0ZDBaUGRsRRAB,"Casa Fresco, HSR: All",E Purnachandra patro,100241916347308746934,True,4,I loved their sandwich so i went again to try need food. But pasta was not upto the mark.,0,2 months ago,"{""meal_type"": ""Dinner"", ""price_per_person"": ""₹200–400"", ""food"": 4, ""service_rating"": 4, ""atmosphere"": 4, ""noise_level"": ""Quiet, easy to talk"", ""group_size"": ""3-4 people"", ""vegetarian_recommendation"": ""Highly recommend"", ""vegetarian_offerings"": ""Large vegetarian selection"", ""wheelchair_accessibility"": ""Accessible""}"
"Casa Fresco, HSR: All-Day Dining & Café",080 4992 7445,"73, 27th Main Rd, Phase 3, 1st Sector, HSR Layout, Bengaluru, Karnataka 560102",12.9207539,77.650514,Restaurant,http://www.casafresco.in/,Ci9DQUlRQUNvZENodHljRjlvT21sME1FdEpUSEJ0WkZKUE5IQmtUMHhyVlhsaFpHYxAB,"Casa Fresco, HSR: All",Sanjaya Sarangi,116794061585698306670,True,5,Love the atmosphere. Good vibe. When you feel low just go and grab the iced tea.,0,2 months ago,"{""meal_type"": ""Dinner"", ""price_per_person"": ""₹200–400"", ""food"": 5, ""service_rating"": 5, ""atmosphere"": 5, ""noise_level"": ""Quiet, easy to talk"", ""wait_time"": ""No wait"", ""vegetarian_recommendation"": ""Somewhat recommend"", ""parking_space"": ""Difficult to find parking"", ""parking_options"": ""Parking is unavailable""}"
"Casa Fresco, HSR: All-Day Dining & Café",080 4992 7445,"73, 27th Main Rd, Phase 3, 1st Sector, HSR Layout, Bengaluru, Karnataka 560102",12.9207539,77.650514,Restaurant,http://www.casafresco.in/,Ci9DQUlRQUNvZENodHljRjlvT2s1RE5WOVZVbTU0U1dSeFRYQjFWR0ZOTlVFeExWRRAB,"Casa Fresco, HSR: All",Shubham Trivedi,106346234500561037827,False,5,,0,2 months ago,"{""price_per_person"": ""₹400–600"", ""food"": 5, ""service_rating"": 4, ""atmosphere"": 4}"
"Casa Fresco, HSR: All-Day Dining & Café",080 4992 7445,"73, 27th Main Rd, Phase 3, 1st Sector, HSR Layout, Bengaluru, Karnataka 560102",12.9207539,77.650514,Restaurant,http://www.casafresco.in/,Ci9DQUlRQUNvZENodHljRjlvT204eVNteFdhRTVWZG5SdmQyRm9aVVU1YTBGUU9FRRAB,"Casa Fresco, HSR: All",Diraj nama,101079292399574545543,False,1,,0,2 months ago,"{""meal_type"": ""Breakfast""}"
"Casa Fresco, HSR: All-Day Dining & Café",080 4992 7445,"73, 27th Main Rd, Phase 3, 1st Sector, HSR Layout, Bengaluru, Karnataka 560102",12.9207539,77.650514,Restaurant,http://www.casafresco.in/,Ci9DQUlRQUNvZENodHljRjlvT2pJeU5WTkZNM041U1Y5V1YwbFBSRWhoY1ZOMGJFRRAB,"Casa Fresco, HSR: All",Heera Keswani Lakhiani,114728731862155314806,True,4,,0,2 months ago,"{""food"": 4, ""service_rating"": 4, ""atmosphere"": 4}"
"Casa Fresco, HSR: All-Day Dining & Café",080 4992 7445,"73, 27th Main Rd, Phase 3, 1st Sector, HSR Layout, Bengaluru, Karnataka 560102",12.9207539,77.650514,Restaurant,http://www.casafresco.in/,Ci9DQUlRQUNvZENodHljRjlvT21JeGFtcG9lRFpGZUhVNFNtODRWSFZvV1RJdFprRRAB,"Casa Fresco, HSR: All",Gospel Hmar,108928231510406746761,False,5,"Casa fresco has become my favourite hangout.Amazing burgers, tasty pasta and sizzling hot platters server all day.the staff is attentive and the ambiance is calm and pleasant",0,2 months ago,"{""food"": 5, ""service_rating"": 5, ""atmosphere"": 5}"
"Casa Fresco, HSR: All-Day Dining & Café",080 4992 7445,"73, 27th Main Rd, Phase 3, 1st Sector, HSR Layout, Bengaluru, Karnataka 560102",12.9207539,77.650514,Restaurant,http://www.casafresco.in/,Ci9DQUlRQUNvZENodHljRjlvT2xsVmQxOXFRbVJUTmxsTlZURkZOSEZ0Y2xack5tYxAB,"Casa Fresco, HSR: All",Naresh Rawat,107334974742174184386,False,5,"Casa fresco nails it with great burgers ,delicious pasta n fantastic sizzlers.perfect for any time of the day. Friendly staff and a pleasant ambiance make it even better",0,2 months ago,"{""food"": 5, ""service_rating"": 5, ""atmosphere"": 5}"
"Casa Fresco, HSR: All-Day Dining & Café",080 4992 7445,"73, 27th Main Rd, Phase 3, 1st Sector, HSR Layout, Bengaluru, Karnataka 560102",12.9207539,77.650514,Restaurant,http://www.casafresco.in/,Ci9DQUlRQUNvZENodHljRjlvT25saGFteFJObDlZUVZrM2QzbzJTa0Z5UkVWd09XYxAB,"Casa Fresco, HSR: All",Abhishek Mitra,113731102312359328102,True,4,,0,2 months ago,"{""food"": 5, ""service_rating"": 4, ""atmosphere"": 4}"
"Casa Fresco, HSR: All-Day Dining & Café",080 4992 7445,"73, 27th Main Rd, Phase 3, 1st Sector, HSR Layout, Bengaluru, Karnataka 560102",12.9207539,77.650514,Restaurant,http://www.casafresco.in/,Ci9DQUlRQUNvZENodHljRjlvT2pGRlJEZDRhV2xZVEhsQ2VYaENXR1pEVURoTVdIYxAB,"Casa Fresco, HSR: All",neha bhasin,118106877073758029586,False,1,"I recently visited this restaurant despite noticing several negative reviews online, hoping my experience would be different. Unfortunately, the concerns mentioned in those reviews turned out to be accurate.  The location itself is surrounded by what appears to be a dump yard, and there was an unpleasant odor lingering throughout the area, which immediately created a poor first impression. The overall environment did not feel welcoming or well-maintained.  The service was also disappointing. The servers appeared disengaged and unenthusiastic, which affected the overall dining experience. Good hospitality can make a big difference, but that was lacking here.  As for the food, it was below expectations. I ordered the breakfast platter, and the hash browns tasted like they had been fried long before being served. The burger patty also seemed old and reheated rather than freshly prepared. The sautéed vegetables were overcooked and lacked flavor. Overall, nothing felt fresh or thoughtfully prepared.  This was a very disappointing experience. I would not recommend visiting until there are significant improvements in food quality, service, and the surrounding environment.",0,2 months ago,"{""meal_type"": ""Brunch"", ""price_per_person"": ""₹1,400–1,600"", ""food"": 1, ""service_rating"": 1, ""atmosphere"": 1, ""noise_level"": ""Moderate noise"", ""parking_space"": ""Difficult to find parking""}"
"Casa Fresco, HSR: All-Day Dining & Café",080 4992 7445,"73, 27th Main Rd, Phase 3, 1st Sector, HSR Layout, Bengaluru, Karnataka 560102",12.9207539,77.650514,Restaurant,http://www.casafresco.in/,Ci9DQUlRQUNvZENodHljRjlvT2poeE5FSkZWbHA0ZFhSVVdHcFVXVTlsVmpOalFtYxAB,"Casa Fresco, HSR: All",Vikash Choudhary,107920848108023956322,True,5,,0,2 months ago,
"Casa Fresco, HSR: All-Day Dining & Café",080 4992 7445,"73, 27th Main Rd, Phase 3, 1st Sector, HSR Layout, Bengaluru, Karnataka 560102",12.9207539,77.650514,Restaurant,http://www.casafresco.in/,Ci9DQUlRQUNvZENodHljRjlvT2xkdVdtRlBkMmw2UzJSWExXa3pNak5SWjNFd1ZtYxAB,"Casa Fresco, HSR: All",Abhirup Dutta,115107632495105285439,False,4,,0,2 months ago,"{""meal_type"": ""Dinner"", ""food"": 4, ""service_rating"": 4, ""atmosphere"": 4}"
"Casa Fresco, HSR: All-Day Dining & Café",080 4992 7445,"73, 27th Main Rd, Phase 3, 1st Sector, HSR Layout, Bengaluru, Karnataka 560102",12.9207539,77.650514,Restaurant,http://www.casafresco.in/,Ci9DQUlRQUNvZENodHljRjlvT2tsUVltTlFSelV4WjJreFZETXdPV3MxWXprdE9IYxAB,"Casa Fresco, HSR: All",Abishek Upadhyay,104670888103213956308,False,1,,0,2 months ago,
"Casa Fresco, HSR: All-Day Dining & Café",080 4992 7445,"73, 27th Main Rd, Phase 3, 1st Sector, HSR Layout, Bengaluru, Karnataka 560102",12.9207539,77.650514,Restaurant,http://www.casafresco.in/,Ci9DQUlRQUNvZENodHljRjlvT25CRGJUZENXa3hFVkRsU01tWkNSa2swWDFOb1JHYxAB,"Casa Fresco, HSR: All",Kaizo Hang,103040257132461941390,False,5,Casa  Fresco has one of the best pastaas I have had in Bangalore. The food menu is very large and there is something for everyone. The staff is very attentive and makes sure you are comfortable.,0,2 months ago,"{""food"": 5, ""service_rating"": 5, ""atmosphere"": 5}"
"Casa Fresco, HSR: All-Day Dining & Café",080 4992 7445,"73, 27th Main Rd, Phase 3, 1st Sector, HSR Layout, Bengaluru, Karnataka 560102",12.9207539,77.650514,Restaurant,http://www.casafresco.in/,Ci9DQUlRQUNvZENodHljRjlvT2kxUVlrVldNRlpHY25GVFNWOHpTVE5xUmpSRWNrRRAB,"Casa Fresco, HSR: All",Laveena George,114760482467989363809,False,5,Nice service Good atmosphere Not so noice can quietly sit have have food Food is also good Pet friendly Child friendly Even they have children chairs Suitable for friends family everyone,0,2 months ago,"{""meal_type"": ""Lunch"", ""price_per_person"": ""₹400–600"", ""food"": 5, ""service_rating"": 5, ""atmosphere"": 5, ""noise_level"": ""Quiet, easy to talk"", ""group_size"": ""Suitable for all group sizes""}"
"Casa Fresco, HSR: All-Day Dining & Café",080 4992 7445,"73, 27th Main Rd, Phase 3, 1st Sector, HSR Layout, Bengaluru, Karnataka 560102",12.9207539,77.650514,Restaurant,http://www.casafresco.in/,Ci9DQUlRQUNvZENodHljRjlvT201TmVEQmFVMlJFVldkamVIWXdOamx3T0hReWFtYxAB,"Casa Fresco, HSR: All",praveen singh,109053525479883029326,False,5,Reall good atmosphere to have peacefully lanch We can go alone or with family Very friendly staff very helpfull and nice,0,2 months ago,"{""meal_type"": ""Breakfast"", ""price_per_person"": ""₹400–600"", ""food"": 5, ""service_rating"": 4, ""atmosphere"": 5, ""noise_level"": ""Very quiet"", ""group_size"": ""5-8 people, Suitable for all group sizes""}"
"Casa Fresco, HSR: All-Day Dining & Café",080 4992 7445,"73, 27th Main Rd, Phase 3, 1st Sector, HSR Layout, Bengaluru, Karnataka 560102",12.9207539,77.650514,Restaurant,http://www.casafresco.in/,Ci9DQUlRQUNvZENodHljRjlvT2tzelkwbFNiVXMzVjA0d01URkRlbkp2VlhacFFWRRAB,"Casa Fresco, HSR: All",Amit Rajbhar,111532754793199208164,False,5,Really good food Great atmosphere Friendly staff,0,2 months ago,"{""meal_type"": ""Brunch"", ""price_per_person"": ""₹400–600"", ""food"": 5, ""service_rating"": 5, ""atmosphere"": 5, ""noise_level"": ""Quiet, easy to talk"", ""group_size"": ""5-8 people, Suitable for all group sizes"", ""vegetarian_offerings"": ""Clearly labeled vegetarian dishes"", ""parking_options"": ""Free street parking"", ""kid_friendliness"": ""Really kids friendly staff\nThey Have special kids set""}"
"Casa Fresco, HSR: All-Day Dining & Café",080 4992 7445,"73, 27th Main Rd, Phase 3, 1st Sector, HSR Layout, Bengaluru, Karnataka 560102",12.9207539,77.650514,Restaurant,http://www.casafresco.in/,Ci9DQUlRQUNvZENodHljRjlvT2s5Rk1XMHRiblZEVW1GVFJFSkRjMDlNZG5OQ2VHYxAB,"Casa Fresco, HSR: All",Ashwini Guli,118294592294395867680,True,5,Great food,0,2 months ago,"{""meal_type"": ""Brunch"", ""price_per_person"": ""₹400–600"", ""noise_level"": ""Quiet, easy to talk"", ""group_size"": ""2 people""}"
"Casa Fresco, HSR: All-Day Dining & Café",080 4992 7445,"73, 27th Main Rd, Phase 3, 1st Sector, HSR Layout, Bengaluru, Karnataka 560102",12.9207539,77.650514,Restaurant,http://www.casafresco.in/,Ci9DQUlRQUNvZENodHljRjlvT25JMmJFaGZiVzV4VlhoMGFYQnJkVGRXYlVSMWQzYxAB,"Casa Fresco, HSR: All",Mitali Priyadarshni,117535300585407308608,True,3,"For me, the experience at Casa Fresco was just okay. The ambience is calm and pleasant, with ample seating space, making it a comfortable place to sit and relax. However, it didn’t give me that special feeling you get from cafés that truly stand out.  Coming to the food, the overall taste was average and not very memorable. I tried the Aglio e Olio pasta, which was decent but nothing exceptional. Unfortunately, it was served cold, which made it feel less fresh. The chilli cheese toast was better than the rest, mainly because it was served hot and tasted good. The Himalayan chowmein was the weakest dish for me — the taste was just okay and quite underwhelming. For drinks, I had a lemon iced tea, which was refreshing and probably the best part of the meal.  Overall, I’d say it’s fine for a one-time visit, but it didn’t leave a strong impression on me.",0,2 months ago,"{""meal_type"": ""Brunch"", ""price_per_person"": ""₹1,000–1,200"", ""food"": 3, ""service_rating"": 3, ""atmosphere"": 3, ""noise_level"": ""Quiet, easy to talk"", ""group_size"": ""1 person, 2 people, 3-4 people, 5-8 people, 9+ people, Suitable for all group sizes"", ""vegetarian_recommendation"": ""Somewhat recommend"", ""vegetarian_offerings"": ""Large vegetarian selection, Vegetarian menu or section, Clearly labeled vegetarian dishes"", ""vegetarian_options"": ""Yes"", ""parking_space"": ""Difficult to find parking"", ""parking_options"": ""Parking is unavailable"", ""parking_notes"": ""Parking could be a problem."", ""kid_friendliness"": ""Ok"", ""wheelchair_accessibility"": ""NA""}"
"Casa Fresco, HSR: All-Day Dining & Café",080 4992 7445,"73, 27th Main Rd, Phase 3, 1st Sector, HSR Layout, Bengaluru, Karnataka 560102",12.9207539,77.650514,Restaurant,http://www.casafresco.in/,Ci9DQUlRQUNvZENodHljRjlvT2xWMmJERkJSek4xUXkxbFJIVkdSVGhDYUVsM1dXYxAB,"Casa Fresco, HSR: All",Aman Kumar Mehrotra,105035744447047420450,True,5,"This spot in HSR is my absolute favorite for a light breakfast. The gentle breeze and the slow, relaxed vibe, combined with the music, create a perfect atmosphere. It’s the kind of place where time seems to slow down. You can just sit back and enjoy the peaceful surroundings. It's a truly delightful experience every time. Must try the English breakfast 😋. #Spot #HSR #Breakfast #Breeze #Vibe #Music #Atmosphere #Time #Surroundings #Experience",0,2 months ago,"{""meal_type"": ""Brunch"", ""price_per_person"": ""₹400–600"", ""food"": 5, ""service_rating"": 5, ""atmosphere"": 5, ""noise_level"": ""Quiet, easy to talk"", ""wait_time"": ""Up to 10 min""}"
"Casa Fresco, HSR: All-Day Dining & Café",080 4992 7445,"73, 27th Main Rd, Phase 3, 1st Sector, HSR Layout, Bengaluru, Karnataka 560102",12.9207539,77.650514,Restaurant,http://www.casafresco.in/,Ci9DQUlRQUNvZENodHljRjlvT2xvM1NXOTBZVk0wYVdKTE1FNDRNblUzZGxWT09WRRAB,"Casa Fresco, HSR: All",Velayutham Karani,113531527474740376176,True,5,,0,2 months ago,"{""meal_type"": ""Dinner"", ""food"": 5, ""service_rating"": 5, ""atmosphere"": 4, ""noise_level"": ""Moderate noise"", ""wait_time"": ""No wait""}"
"Casa Fresco, HSR: All-Day Dining & Café",080 4992 7445,"73, 27th Main Rd, Phase 3, 1st Sector, HSR Layout, Bengaluru, Karnataka 560102",12.9207539,77.650514,Restaurant,http://www.casafresco.in/,Ci9DQUlRQUNvZENodHljRjlvT205WVpVZDFjbWd0VDFGTWFHOVZVbE4zUVRaS0xWRRAB,"Casa Fresco, HSR: All",Manny,112019232519374747975,True,4,,0,2 months ago,"{""price_per_person"": ""₹400–600"", ""food"": 4, ""service_rating"": 4, ""atmosphere"": 4}"
"Casa Fresco, HSR: All-Day Dining & Café",080 4992 7445,"73, 27th Main Rd, Phase 3, 1st Sector, HSR Layout, Bengaluru, Karnataka 560102",12.9207539,77.650514,Restaurant,http://www.casafresco.in/,Ci9DQUlRQUNvZENodHljRjlvT2xNMFRGODFSV1ZZTUhGUFNVWTNkV0V5YUVzMFlXYxAB,"Casa Fresco, HSR: All",Mahmood Ali,112799729730854420133,False,5,,0,2 months ago,
"Casa Fresco, HSR: All-Day Dining & Café",080 4992 7445,"73, 27th Main Rd, Phase 3, 1st Sector, HSR Layout, Bengaluru, Karnataka 560102",12.9207539,77.650514,Restaurant,http://www.casafresco.in/,Ci9DQUlRQUNvZENodHljRjlvT2pGQk1tUTBlRTR6VjFsRFVra3pTVmwzZVY5a1pVRRAB,"Casa Fresco, HSR: All",Tono'zz DragneelCR7,113909944555336503858,False,5,"Good place to visit wit friends. N good environment, nice food n service was good by Achumi she was very friendly n polite with superquick service....",0,2 months ago,"{""food"": 4, ""service_rating"": 5, ""atmosphere"": 5}"
"Casa Fresco, HSR: All-Day Dining & Café",080 4992 7445,"73, 27th Main Rd, Phase 3, 1st Sector, HSR Layout, Bengaluru, Karnataka 560102",12.9207539,77.650514,Restaurant,http://www.casafresco.in/,Ci9DQUlRQUNvZENodHljRjlvT2pkWVgwTXhXRXRJVEVaMFprWkxTM2RVV21kM1lVRRAB,"Casa Fresco, HSR: All",Amu Kika,111434009539413516111,False,5,"Superfast, friendly staff , great food quality, clean environment.... ACHUMI great service, superfriendly....",0,2 months ago,"{""food"": 5, ""service_rating"": 5, ""atmosphere"": 5}"
"Casa Fresco, HSR: All-Day Dining & Café",080 4992 7445,"73, 27th Main Rd, Phase 3, 1st Sector, HSR Layout, Bengaluru, Karnataka 560102",12.9207539,77.650514,Restaurant,http://www.casafresco.in/,Ci9DQUlRQUNvZENodHljRjlvT2tKWFRtMVBVWEZ0VEVsM1FYSTNkRGxYYTA1MloxRRAB,"Casa Fresco, HSR: All",Sooraj Sinha,104824758033318604670,True,5,,0,2 months ago,"{""meal_type"": ""Breakfast"", ""price_per_person"": ""₹200–400"", ""food"": 5, ""service_rating"": 5, ""atmosphere"": 5, ""noise_level"": ""Quiet, easy to talk"", ""vegetarian_recommendation"": ""Highly recommend"", ""vegetarian_offerings"": ""Large vegetarian selection"", ""parking_space"": ""Somewhat difficult to find parking"", ""parking_options"": ""Free street parking""}"
"Casa Fresco, HSR: All-Day Dining & Café",080 4992 7445,"73, 27th Main Rd, Phase 3, 1st Sector, HSR Layout, Bengaluru, Karnataka 560102",12.9207539,77.650514,Restaurant,http://www.casafresco.in/,Ci9DQUlRQUNvZENodHljRjlvT2xsWlEyRnhZbmwwZW05ZldVVkVaMEpJV1ZObFdGRRAB,"Casa Fresco, HSR: All",Rohit Jain,113709049121447114252,True,3,,0,2 months ago,"{""meal_type"": ""Other"", ""price_per_person"": ""₹1–200"", ""food"": 3, ""service_rating"": 2, ""atmosphere"": 4, ""noise_level"": ""Quiet, easy to talk""}"
"Casa Fresco, HSR: All-Day Dining & Café",080 4992 7445,"73, 27th Main Rd, Phase 3, 1st Sector, HSR Layout, Bengaluru, Karnataka 560102",12.9207539,77.650514,Restaurant,http://www.casafresco.in/,Ci9DQUlRQUNvZENodHljRjlvT21GbmNVMVhUWFprVms0eE56UjZkVzFYUjNWTmVHYxAB,"Casa Fresco, HSR: All",Srinidhi Enterprises,110790496689538962819,False,5,,0,2 months ago,
"Casa Fresco, HSR: All-Day Dining & Café",080 4992 7445,"73, 27th Main Rd, Phase 3, 1st Sector, HSR Layout, Bengaluru, Karnataka 560102",12.9207539,77.650514,Restaurant,http://www.casafresco.in/,Ci9DQUlRQUNvZENodHljRjlvT2t4aVRrTXROMGR6VldKaWJWRmplRE52YXpoZlJVRRAB,"Casa Fresco, HSR: All",Cece D,113666201888720585933,True,5,"Lovely place,  food is superb. One of the good aglio oglio I've had was from here.  Though it gets pretty crowded,  it has a cozy ambience.",0,2 months ago,"{""meal_type"": ""Brunch"", ""price_per_person"": ""₹1,000–1,200"", ""food"": 5, ""service_rating"": 4, ""atmosphere"": 4, ""wait_time"": ""10-30 min"", ""vegetarian_recommendation"": ""Highly recommend"", ""parking_space"": ""Somewhat difficult to find parking"", ""parking_options"": ""Free street parking""}"
"Casa Fresco, HSR: All-Day Dining & Café",080 4992 7445,"73, 27th Main Rd, Phase 3, 1st Sector, HSR Layout, Bengaluru, Karnataka 560102",12.9207539,77.650514,Restaurant,http://www.casafresco.in/,Ci9DQUlRQUNvZENodHljRjlvT2pkc2JXdzJYM1pKUmxOSk1qRTBjbEozVTI4elVXYxAB,"Casa Fresco, HSR: All",Rajat Tiwary,113884678978894528552,True,5,"This place is fantastic! ✨ The vibe is so welcoming, and the food is just delicious. I especially loved the Maggi and ginger tea – they were perfect. 🍜☕ Can't wait to visit again!",0,2 months ago,"{""meal_type"": ""Other"", ""price_per_person"": ""₹200–400"", ""food"": 5, ""service_rating"": 5, ""atmosphere"": 5, ""recommended_dishes"": ""Ginger Tea Flask 250 ml"", ""wait_time"": ""No wait""}"
"Casa Fresco, HSR: All-Day Dining & Café",080 4992 7445,"73, 27th Main Rd, Phase 3, 1st Sector, HSR Layout, Bengaluru, Karnataka 560102",12.9207539,77.650514,Restaurant,http://www.casafresco.in/,Ci9DQUlRQUNvZENodHljRjlvT2xaWWNXczJaR05XYURjMmQwaFJVSE5JY1VaV1RXYxAB,"Casa Fresco, HSR: All",Rupesh Oraon,111749926711469571320,False,5,,0,2 months ago,"{""food"": 5, ""service_rating"": 5, ""atmosphere"": 5}"
"Casa Fresco, HSR: All-Day Dining & Café",080 4992 7445,"73, 27th Main Rd, Phase 3, 1st Sector, HSR Layout, Bengaluru, Karnataka 560102",12.9207539,77.650514,Restaurant,http://www.casafresco.in/,Ci9DQUlRQUNvZENodHljRjlvT2xWYVdqUlpSVFZUVVZGb1pXcExTMVY1UVdSSWJuYxAB,"Casa Fresco, HSR: All",Balaram Ramaswamy,115522047988869707825,True,5,,0,2 months ago,"{""food"": 5, ""service_rating"": 5, ""atmosphere"": 5}"
"Casa Fresco, HSR: All-Day Dining & Café",080 4992 7445,"73, 27th Main Rd, Phase 3, 1st Sector, HSR Layout, Bengaluru, Karnataka 560102",12.9207539,77.650514,Restaurant,http://www.casafresco.in/,Ci9DQUlRQUNvZENodHljRjlvT25WNlpuUTJaVFZwZVVoaFVqbEJSR2N3V2s1UlZHYxAB,"Casa Fresco, HSR: All",Prem,116540234584778154673,False,1,,0,2 months ago,
"Casa Fresco, HSR: All-Day Dining & Café",080 4992 7445,"73, 27th Main Rd, Phase 3, 1st Sector, HSR Layout, Bengaluru, Karnataka 560102",12.9207539,77.650514,Restaurant,http://www.casafresco.in/,Ci9DQUlRQUNvZENodHljRjlvT201SGFYVjRaMnR1ZUhjNFh5MHhSSEJRWVdOWlRXYxAB,"Casa Fresco, HSR: All",Ashish Bhatt,105167683847575738014,True,5,Service can be improved bit more faster. Taste of the food and quantity is awesome,0,2 months ago,"{""meal_type"": ""Brunch"", ""price_per_person"": ""₹600–800"", ""food"": 5, ""service_rating"": 4, ""atmosphere"": 4, ""noise_level"": ""Loud, but you can still talk""}"
"Casa Fresco, HSR: All-Day Dining & Café",080 4992 7445,"73, 27th Main Rd, Phase 3, 1st Sector, HSR Layout, Bengaluru, Karnataka 560102",12.9207539,77.650514,Restaurant,http://www.casafresco.in/,Ci9DQUlRQUNvZENodHljRjlvT2tSeGF6VTVhazFXYUdzMFVGUlBTVWMyWWs5eU1tYxAB,"Casa Fresco, HSR: All",Gunjan Chourasia,105491938378337313653,True,5,,0,2 months ago,
"Casa Fresco, HSR: All-Day Dining & Café",080 4992 7445,"73, 27th Main Rd, Phase 3, 1st Sector, HSR Layout, Bengaluru, Karnataka 560102",12.9207539,77.650514,Restaurant,http://www.casafresco.in/,Ci9DQUlRQUNvZENodHljRjlvT21scE9YZG9SbGxRUlZKMVVXdEVMV1pEZWkxcFNsRRAB,"Casa Fresco, HSR: All",Sankhadeep Sengupta,118102174532531781406,True,2,"The place looks nice, I’ll give it that. Unfortunately, that’s where the positives end.  The food was salty to the point of being inedible. When we pointed it out, the staff refused to acknowledge the issue. We changed our dish twice, stayed polite, and tried not to make a fuss. Instead of resolving the problem, the person taking our order appeared visibly irritated and annoyed…as if we were the inconvenience for expecting edible food.  Frankly, this is what happens when owners stop overseeing their kitchen and day-to-day operations and leave everything entirely to disengaged staff. A good ambience cannot compensate for poor food and an attitude that makes customers feel unwelcome.  Would not recommend.",0,2 months ago,"{""meal_type"": ""Lunch"", ""price_per_person"": ""₹1,600–1,800"", ""food"": 1, ""service_rating"": 1, ""atmosphere"": 4, ""group_size"": ""2 people"", ""seating_type"": ""Outdoor patio / terrace""}"
"Casa Fresco, HSR: All-Day Dining & Café",080 4992 7445,"73, 27th Main Rd, Phase 3, 1st Sector, HSR Layout, Bengaluru, Karnataka 560102",12.9207539,77.650514,Restaurant,http://www.casafresco.in/,Ci9DQUlRQUNvZENodHljRjlvT2taSllqVmxkbXRvVVhwU1puQnpPVEZSTWxGd2FXYxAB,"Casa Fresco, HSR: All",mariyam ansari,118229989835612737159,True,4,The vibe and ambiance was good . We ordered Alfredo pasta and peach iced tea . We loved the iced tea but was very disappointed with the pasta . Too much salt,0,2 months ago,"{""meal_type"": ""Other"", ""price_per_person"": ""₹200–400"", ""food"": 3, ""service_rating"": 4, ""atmosphere"": 4, ""noise_level"": ""Moderate noise"", ""wait_time"": ""Up to 10 min""}"
"Casa Fresco, HSR: All-Day Dining & Café",080 4992 7445,"73, 27th Main Rd, Phase 3, 1st Sector, HSR Layout, Bengaluru, Karnataka 560102",12.9207539,77.650514,Restaurant,http://www.casafresco.in/,Ci9DQUlRQUNvZENodHljRjlvT25CSWFEbDRZalZPVTBNelJXMU9PVkZRTUV4TFpWRRAB,"Casa Fresco, HSR: All",Gowtham,105226704373094737097,False,5,,0,2 months ago,"{""food"": 4, ""service_rating"": 4, ""atmosphere"": 4}"
"Casa Fresco, HSR: All-Day Dining & Café",080 4992 7445,"73, 27th Main Rd, Phase 3, 1st Sector, HSR Layout, Bengaluru, Karnataka 560102",12.9207539,77.650514,Restaurant,http://www.casafresco.in/,Ci9DQUlRQUNvZENodHljRjlvT205TE1rNVhUMDVSUVU4NVZYZ3lRemRoY2xOMlFrRRAB,"Casa Fresco, HSR: All",Kalangi Home,102589613668610834003,False,1,"Food is fine, as expected. Not great or exceptional though for the price. Pricing is close to exceptional restaurants like Lavonne but no where close to taste or quality of food.  Service is a completely different thing. It’s utter horrible. They have no clue how to serve food in terms of what to serve with what, serving together as close as possible to the group, communicate or just the overall service.  Never coming back here. We wanted to try a new place instead of Lavonne and it was a big mistake. They don’t have a supervisor or manager to even give feedback, or they might be hiding to avoid feedback.  I’d highly recommend the owners to review and take action and train servers as required.",0,2 months ago,"{""meal_type"": ""Breakfast"", ""price_per_person"": ""₹1,400–1,600"", ""food"": 3, ""service_rating"": 1, ""atmosphere"": 2, ""noise_level"": ""Loud, but you can still talk"", ""wait_time"": ""No wait""}"
"Casa Fresco, HSR: All-Day Dining & Café",080 4992 7445,"73, 27th Main Rd, Phase 3, 1st Sector, HSR Layout, Bengaluru, Karnataka 560102",12.9207539,77.650514,Restaurant,http://www.casafresco.in/,Ci9DQUlRQUNvZENodHljRjlvT2xKc04waHdVekY0UWxBNFFWbHFhRVpxYVMxUllXYxAB,"Casa Fresco, HSR: All",Shubham Jain,112783364560624455958,True,4,,0,2 months ago,"{""meal_type"": ""Brunch"", ""price_per_person"": ""₹200–400"", ""food"": 4, ""service_rating"": 5, ""atmosphere"": 4}"
"Casa Fresco, HSR: All-Day Dining & Café",080 4992 7445,"73, 27th Main Rd, Phase 3, 1st Sector, HSR Layout, Bengaluru, Karnataka 560102",12.9207539,77.650514,Restaurant,http://www.casafresco.in/,Ci9DQUlRQUNvZENodHljRjlvT21abVdFNVVNVWMzYVUxdlpHaDRSVGRoUmxacmRYYxAB,"Casa Fresco, HSR: All",harinatham pearala,100057045941958473667,True,4,"​This place is a total vibe! Came here for brunch and it’s the perfect spot to chill with friends or loved ones.  The Monty Breakfast, Chicken Omelette, and French Toast were all fantastic honestly, the quality is amazing for the price. ​The ambience is super friendly and relaxed. My only tiny nitpicks were that I’d prefer the bacon a bit crispier and maybe a few less beans (just a personal preference!), but everything else was spot on.  Highly recommend if you're looking for a solid brunch spot!",0,2 months ago,"{""food"": 4, ""service_rating"": 4, ""atmosphere"": 4}"
"Casa Fresco, HSR: All-Day Dining & Café",080 4992 7445,"73, 27th Main Rd, Phase 3, 1st Sector, HSR Layout, Bengaluru, Karnataka 560102",12.9207539,77.650514,Restaurant,http://www.casafresco.in/,Ci9DQUlRQUNvZENodHljRjlvT25FMWVDMUlkMVZ0U0RKb2FWcDFjMFJYVW5kQk1WRRAB,"Casa Fresco, HSR: All",Anushri Murd,109997113050366222332,False,5,,0,3 months ago,"{""meal_type"": ""Lunch"", ""food"": 5, ""service_rating"": 5, ""atmosphere"": 5}"
"Casa Fresco, HSR: All-Day Dining & Café",080 4992 7445,"73, 27th Main Rd, Phase 3, 1st Sector, HSR Layout, Bengaluru, Karnataka 560102",12.9207539,77.650514,Restaurant,http://www.casafresco.in/,Ci9DQUlRQUNvZENodHljRjlvT2paTlUyZE5XVk5hVkhaVWIxZHFaVVpQY0RKU05WRRAB,"Casa Fresco, HSR: All",Kenchaiah Ranganath,118296564193947964573,False,5,,0,3 months ago,
"Casa Fresco, HSR: All-Day Dining & Café",080 4992 7445,"73, 27th Main Rd, Phase 3, 1st Sector, HSR Layout, Bengaluru, Karnataka 560102",12.9207539,77.650514,Restaurant,http://www.casafresco.in/,Ci9DQUlRQUNvZENodHljRjlvT25SVVlXcEthMHRvYWpJNVNHaGlSRmhOTUhSNE9HYxAB,"Casa Fresco, HSR: All",Salman Ansari,118186180661190370392,False,5,,0,3 months ago,"{""food"": 5}"
"Casa Fresco, HSR: All-Day Dining & Café",080 4992 7445,"73, 27th Main Rd, Phase 3, 1st Sector, HSR Layout, Bengaluru, Karnataka 560102",12.9207539,77.650514,Restaurant,http://www.casafresco.in/,Ci9DQUlRQUNvZENodHljRjlvT21zdFdXUmFiVWhPVDBWTFkweDFOR3htVkcxWWJIYxAB,"Casa Fresco, HSR: All",neshab Uddin,100089227443461665719,False,5,,0,3 months ago,"{""food"": 5, ""service_rating"": 5, ""atmosphere"": 5}"
"Casa Fresco, HSR: All-Day Dining & Café",080 4992 7445,"73, 27th Main Rd, Phase 3, 1st Sector, HSR Layout, Bengaluru, Karnataka 560102",12.9207539,77.650514,Restaurant,http://www.casafresco.in/,Ci9DQUlRQUNvZENodHljRjlvT21JMVZraFBha2g2VjBoTVp6QnJRMmd3WDFCaFluYxAB,"Casa Fresco, HSR: All",Babu Kumar,115697550848975332047,False,5,,0,3 months ago,"{""dining_mode"": ""Dine in""}"
"Casa Fresco, HSR: All-Day Dining & Café",080 4992 7445,"73, 27th Main Rd, Phase 3, 1st Sector, HSR Layout, Bengaluru, Karnataka 560102",12.9207539,77.650514,Restaurant,http://www.casafresco.in/,Ci9DQUlRQUNvZENodHljRjlvT25aRVdHOVFiSGxZU3pCMlVIVlpVVGcyYUMxemIxRRAB,"Casa Fresco, HSR: All",Deepargh Chatterjee,111628271043546169853,True,5,,0,3 months ago,"{""food"": 5, ""service_rating"": 5, ""atmosphere"": 5}"
"Casa Fresco, HSR: All-Day Dining & Café",080 4992 7445,"73, 27th Main Rd, Phase 3, 1st Sector, HSR Layout, Bengaluru, Karnataka 560102",12.9207539,77.650514,Restaurant,http://www.casafresco.in/,Ci9DQUlRQUNvZENodHljRjlvT210dVpYcGFkMVZRT1hoVFNtTllhME5hZVhOV2VIYxAB,"Casa Fresco, HSR: All",Samudrala Soujanya,106568706861599686543,True,5,,0,3 months ago,"{""meal_type"": ""Dinner"", ""price_per_person"": ""₹400–600"", ""food"": 5, ""service_rating"": 5, ""atmosphere"": 5, ""noise_level"": ""Quiet, easy to talk""}"
"Casa Fresco, HSR: All-Day Dining & Café",080 4992 7445,"73, 27th Main Rd, Phase 3, 1st Sector, HSR Layout, Bengaluru, Karnataka 560102",12.9207539,77.650514,Restaurant,http://www.casafresco.in/,Ci9DQUlRQUNvZENodHljRjlvT2w5b1gzTktRVFo1VjNJMWNtUmtYMk4zTURoNlVFRRAB,"Casa Fresco, HSR: All",Shivam Singh,108817619534343443622,True,1,"We went for dinner, absolutely worst experience in food quality. Crispy corn and kurkure momos came completely dipped in oil that too of low quality it seemed.",0,3 months ago,"{""meal_type"": ""Dinner"", ""food"": 1, ""service_rating"": 3, ""atmosphere"": 2}"
"Casa Fresco, HSR: All-Day Dining & Café",080 4992 7445,"73, 27th Main Rd, Phase 3, 1st Sector, HSR Layout, Bengaluru, Karnataka 560102",12.9207539,77.650514,Restaurant,http://www.casafresco.in/,Ci9DQUlRQUNvZENodHljRjlvT2tGV01WRnJVRzFrVG5KRFJtZENaRTVWZDJ4bVZtYxAB,"Casa Fresco, HSR: All",chinmaya 029,100434194283782855615,False,4,,0,3 months ago,"{""meal_type"": ""Brunch"", ""price_per_person"": ""₹200–400""}"
"Casa Fresco, HSR: All-Day Dining & Café",080 4992 7445,"73, 27th Main Rd, Phase 3, 1st Sector, HSR Layout, Bengaluru, Karnataka 560102",12.9207539,77.650514,Restaurant,http://www.casafresco.in/,Ci9DQUlRQUNvZENodHljRjlvT2xObGFsbExla3BuYWtKSGMzWmhXbkpMV0dWdk5HYxAB,"Casa Fresco, HSR: All",Khyati Gondaliya,118380462739717966723,False,5,,0,3 months ago,"{""food"": 5, ""service_rating"": 5, ""atmosphere"": 5}"
"Casa Fresco, HSR: All-Day Dining & Café",080 4992 7445,"73, 27th Main Rd, Phase 3, 1st Sector, HSR Layout, Bengaluru, Karnataka 560102",12.9207539,77.650514,Restaurant,http://www.casafresco.in/,Ci9DQUlRQUNvZENodHljRjlvT2tOM1NVVk5ZM0pIVjJsSlltdENkakp0V1RaMFVXYxAB,"Casa Fresco, HSR: All",Shubham singh,113135059884624218507,True,3,"Slow service, average food.",0,3 months ago,"{""food"": 3, ""service_rating"": 3, ""atmosphere"": 4}"
"Casa Fresco, HSR: All-Day Dining & Café",080 4992 7445,"73, 27th Main Rd, Phase 3, 1st Sector, HSR Layout, Bengaluru, Karnataka 560102",12.9207539,77.650514,Restaurant,http://www.casafresco.in/,Ci9DQUlRQUNvZENodHljRjlvT21kTVJYWnJOa2xHTjFWelRVZEJTMEppWkRKNmQzYxAB,"Casa Fresco, HSR: All",Sonia Das,108307718668717913810,True,2,"Visited the place yesterday for my Pet birthday. The place claimed as pet friendly, however they don’t have much options for Pet meal. The thing frustrated me is they are NOT even ready to customize pet food by adjusting portions. I don’t from where they got this idea that all pets do eat a lot of rice and very little portion of chicken! This is pathetic! I paid Rs. 220/- for my pet chicken and rice meal where the chicken is just for namesake and the rice quantity was huge! And expectedly my pet ended up with eating only chicken, NOT the rice.  Apart from that, they are absolutely poor in terms of serving. They don’t know or care - I don’t know where they were serving food whenever and however they want! Like, main course before starters.  We, family went and waiting for the cab, and meanwhile the cafe people starts switching off all the lights without prior intimation.  The food was not up to mark.  Overall the experience was not good at all. In fact I will definitely not repeat the place again based on my experience.",0,3 months ago,"{""meal_type"": ""Dinner"", ""price_per_person"": ""₹600–800"", ""food"": 3, ""service_rating"": 1, ""atmosphere"": 4, ""noise_level"": ""Quiet, easy to talk"", ""wait_time"": ""No wait""}"
"Casa Fresco, HSR: All-Day Dining & Café",080 4992 7445,"73, 27th Main Rd, Phase 3, 1st Sector, HSR Layout, Bengaluru, Karnataka 560102",12.9207539,77.650514,Restaurant,http://www.casafresco.in/,Ci9DQUlRQUNvZENodHljRjlvT2pOM1ZuUTJaM2hYTFRCdFZtSk1XSEJZUlZsV05WRRAB,"Casa Fresco, HSR: All",Hemlata Satankar,116288698413635013357,False,5,,0,3 months ago,"{""meal_type"": ""Dinner"", ""price_per_person"": ""₹400–600""}"
"Casa Fresco, HSR: All-Day Dining & Café",080 4992 7445,"73, 27th Main Rd, Phase 3, 1st Sector, HSR Layout, Bengaluru, Karnataka 560102",12.9207539,77.650514,Restaurant,http://www.casafresco.in/,Ci9DQUlRQUNvZENodHljRjlvT2pVd1dGUmFUMEpNY0cxT1oxSkdYM0JSTFY5cGFIYxAB,"Casa Fresco, HSR: All",Swagat Ranjan,100447205417824071542,True,5,,0,3 months ago,"{""meal_type"": ""Breakfast"", ""price_per_person"": ""₹200–400"", ""food"": 5, ""service_rating"": 5, ""atmosphere"": 5}"
"Casa Fresco, HSR: All-Day Dining & Café",080 4992 7445,"73, 27th Main Rd, Phase 3, 1st Sector, HSR Layout, Bengaluru, Karnataka 560102",12.9207539,77.650514,Restaurant,http://www.casafresco.in/,Ci9DQUlRQUNvZENodHljRjlvT2s5cmREQmtaRWh5TlZJNFowRldNMjlOUzJSV04xRRAB,"Casa Fresco, HSR: All",Rupali Surana,113537811839290900055,True,4,,0,3 months ago,
"Casa Fresco, HSR: All-Day Dining & Café",080 4992 7445,"73, 27th Main Rd, Phase 3, 1st Sector, HSR Layout, Bengaluru, Karnataka 560102",12.9207539,77.650514,Restaurant,http://www.casafresco.in/,Ci9DQUlRQUNvZENodHljRjlvT2pFelowNVpSMDR6VDBwMFlURm9MWFZQZUZWNlVrRRAB,"Casa Fresco, HSR: All",Amit Shirgaonkar,106838428293743667437,True,2,"We have visited this place recently for brunch. We missed going through the reviews and that was a big mistake. The service is very slow. For staff, the least important thing in the café is customer. One has to call staff multiple times for every small thing. For e.g – for giving order, I had to call staff 2-3 times. The ordered food took almost 40-45 mins to arrive and that too again after multiple reminders to staff. Same with Filter coffee (had to remind staff 3-4 times with all specific instructions) which was complimentary with Breakfast menu. Somehow we felt that staff was least bothered about serving customers. Food taste is ok and ambience is good. One can give miss to this place.",0,3 months ago,"{""food"": 3, ""service_rating"": 1, ""atmosphere"": 3}"
"Casa Fresco, HSR: All-Day Dining & Café",080 4992 7445,"73, 27th Main Rd, Phase 3, 1st Sector, HSR Layout, Bengaluru, Karnataka 560102",12.9207539,77.650514,Restaurant,http://www.casafresco.in/,Ci9DQUlRQUNvZENodHljRjlvT2w5dlFrMXlkbFp3TjFRd1lsWXliemRIYm5aRFNGRRAB,"Casa Fresco, HSR: All",Nayanthara Sreeraj,107228433697458275951,True,4,,0,3 months ago,"{""meal_type"": ""Brunch"", ""price_per_person"": ""₹200–400"", ""food"": 4, ""service_rating"": 2, ""atmosphere"": 4, ""noise_level"": ""Loud, but you can still talk""}"
"Casa Fresco, HSR: All-Day Dining & Café",080 4992 7445,"73, 27th Main Rd, Phase 3, 1st Sector, HSR Layout, Bengaluru, Karnataka 560102",12.9207539,77.650514,Restaurant,http://www.casafresco.in/,Ci9DQUlRQUNvZENodHljRjlvT2pOd1ZHcEtiVWhtVlhsUVJIRlBObEZqWlVOMFNsRRAB,"Casa Fresco, HSR: All",Sudatta Banerjee,102572467489541243918,True,5,"The food was absolutely delicious, everything we ordered was full of flavor and truly enjoyable. The atmosphere is relaxed and welcoming, making it a perfect place to sit, chat, and spend quality time with friends or family.",0,3 months ago,"{""meal_type"": ""Breakfast"", ""price_per_person"": ""₹400–600"", ""food"": 5, ""service_rating"": 4, ""atmosphere"": 5, ""noise_level"": ""Quiet, easy to talk""}"
"Casa Fresco, HSR: All-Day Dining & Café",080 4992 7445,"73, 27th Main Rd, Phase 3, 1st Sector, HSR Layout, Bengaluru, Karnataka 560102",12.9207539,77.650514,Restaurant,http://www.casafresco.in/,Ci9DQUlRQUNvZENodHljRjlvT2xOcVdFbE9NMTlmV0VoTFJrdE5XVXgxTmpKWlYwRRAB,"Casa Fresco, HSR: All",Anshul Prajapati,101595287725337256921,True,5,"Been here more than 10 times.... It's my go to spot in HSR. Here is what I usually order and all of them are really good.  Tomato Soup (best I have had, they don't deliver it online) English Breakfast (good) Passion fruit boba (good)  I have seen a lot of people trying their sizzler plate, might be a good idea to try that as well.",0,3 months ago,"{""meal_type"": ""Brunch"", ""price_per_person"": ""₹600–800"", ""food"": 5, ""service_rating"": 5, ""atmosphere"": 5, ""noise_level"": ""Quiet, easy to talk"", ""vegetarian_recommendation"": ""Highly recommend"", ""vegetarian_offerings"": ""Vegetarian menu or section"", ""parking_space"": ""Somewhat difficult to find parking""}"
"Casa Fresco, HSR: All-Day Dining & Café",080 4992 7445,"73, 27th Main Rd, Phase 3, 1st Sector, HSR Layout, Bengaluru, Karnataka 560102",12.9207539,77.650514,Restaurant,http://www.casafresco.in/,Ci9DQUlRQUNvZENodHljRjlvT25OWFluSlZjRlpQVVVkaFFXSjNaV1p5VjJWbldYYxAB,"Casa Fresco, HSR: All",Saanvika Kapoor,115945379257056012674,True,5,,0,3 months ago,"{""meal_type"": ""Brunch"", ""food"": 5, ""service_rating"": 5, ""atmosphere"": 5}"
"Casa Fresco, HSR: All-Day Dining & Café",080 4992 7445,"73, 27th Main Rd, Phase 3, 1st Sector, HSR Layout, Bengaluru, Karnataka 560102",12.9207539,77.650514,Restaurant,http://www.casafresco.in/,Ci9DQUlRQUNvZENodHljRjlvT2pRM1JVbzRSVzV5TUc5TlJrMUNhV1EyWmtkclpXYxAB,"Casa Fresco, HSR: All",Pranjal Yadav,112359979265408206492,True,3,,0,3 months ago,"{""food"": 3, ""service_rating"": 3, ""atmosphere"": 4}"
"Casa Fresco, HSR: All-Day Dining & Café",080 4992 7445,"73, 27th Main Rd, Phase 3, 1st Sector, HSR Layout, Bengaluru, Karnataka 560102",12.9207539,77.650514,Restaurant,http://www.casafresco.in/,Ci9DQUlRQUNvZENodHljRjlvT25Wb2IzRnBWRlJFTmtSVVJHcHVlSGM1Y0dVMFpIYxAB,"Casa Fresco, HSR: All",Macleen Silva,103446552354765063460,True,4,Nice place for a weekend brunch or dinner,0,3 months ago,"{""meal_type"": ""Dinner"", ""price_per_person"": ""₹600–800"", ""food"": 4, ""service_rating"": 4, ""atmosphere"": 3, ""noise_level"": ""Moderate noise"", ""wait_time"": ""Up to 10 min""}"
"Casa Fresco, HSR: All-Day Dining & Café",080 4992 7445,"73, 27th Main Rd, Phase 3, 1st Sector, HSR Layout, Bengaluru, Karnataka 560102",12.9207539,77.650514,Restaurant,http://www.casafresco.in/,Ci9DQUlRQUNvZENodHljRjlvT2pGNWFUTlhSbE5IV0RCaWJUQkdNa1JYTTJaQlpWRRAB,"Casa Fresco, HSR: All",Hara N,107797684869980165595,True,3,Its okay to pass. Not a very authentic category though. Place is hygienic and decent.,0,3 months ago,"{""food"": 3, ""service_rating"": 3, ""atmosphere"": 3}"
"Casa Fresco, HSR: All-Day Dining & Café",080 4992 7445,"73, 27th Main Rd, Phase 3, 1st Sector, HSR Layout, Bengaluru, Karnataka 560102",12.9207539,77.650514,Restaurant,http://www.casafresco.in/,Ci9DQUlRQUNvZENodHljRjlvT25GWE5rNU1TRFpsVlUxaWFWcHllSGxSVWpBNVRuYxAB,"Casa Fresco, HSR: All",shreyas shirlal,104951290165283737796,True,5,,0,3 months ago,
"Casa Fresco, HSR: All-Day Dining & Café",080 4992 7445,"73, 27th Main Rd, Phase 3, 1st Sector, HSR Layout, Bengaluru, Karnataka 560102",12.9207539,77.650514,Restaurant,http://www.casafresco.in/,Ci9DQUlRQUNvZENodHljRjlvT210RExWWXpjWFJaWW05Vlpta3RUR2xsYVZwMmFFRRAB,"Casa Fresco, HSR: All",Kunal Jaiswal,102401438833159731823,True,5,The place is good and reasonable,0,3 months ago,"{""meal_type"": ""Brunch"", ""price_per_person"": ""₹200–400"", ""food"": 5, ""service_rating"": 4, ""atmosphere"": 4, ""noise_level"": ""Very quiet"", ""wait_time"": ""No wait""}"
"Casa Fresco, HSR: All-Day Dining & Café",080 4992 7445,"73, 27th Main Rd, Phase 3, 1st Sector, HSR Layout, Bengaluru, Karnataka 560102",12.9207539,77.650514,Restaurant,http://www.casafresco.in/,Ci9DQUlRQUNvZENodHljRjlvT2pndE4xWmlWMGwxVnpkUk5XaGpObnBqTkZsSmNrRRAB,"Casa Fresco, HSR: All",vishwanath s,117272678061588988854,True,5,"Good food, great atmosphere. Crowded on weekends.",0,3 months ago,"{""meal_type"": ""Dinner"", ""price_per_person"": ""₹400–600"", ""food"": 4, ""service_rating"": 5, ""atmosphere"": 5, ""noise_level"": ""Moderate noise"", ""wait_time"": ""10-30 min"", ""vegetarian_recommendation"": ""Somewhat recommend"", ""vegetarian_offerings"": ""Vegetarian menu or section"", ""parking_space"": ""Somewhat difficult to find parking"", ""parking_options"": ""Free street parking""}"
"Casa Fresco, HSR: All-Day Dining & Café",080 4992 7445,"73, 27th Main Rd, Phase 3, 1st Sector, HSR Layout, Bengaluru, Karnataka 560102",12.9207539,77.650514,Restaurant,http://www.casafresco.in/,Ci9DQUlRQUNvZENodHljRjlvT2taWlpuZzBiako1WmpoVVFXNDROVGMwTFdKM1VXYxAB,"Casa Fresco, HSR: All",Souvik Das,101342125738815829952,True,5,,0,3 months ago,"{""meal_type"": ""Lunch"", ""price_per_person"": ""₹400–600"", ""food"": 5, ""service_rating"": 5, ""atmosphere"": 5, ""noise_level"": ""Quiet, easy to talk"", ""wait_time"": ""No wait""}"
"Casa Fresco, HSR: All-Day Dining & Café",080 4992 7445,"73, 27th Main Rd, Phase 3, 1st Sector, HSR Layout, Bengaluru, Karnataka 560102",12.9207539,77.650514,Restaurant,http://www.casafresco.in/,Ci9DQUlRQUNvZENodHljRjlvT21oclExWmZlR3R6VWxJNVMyWlhhWGw2V1doUWRVRRAB,"Casa Fresco, HSR: All",Titilakshi Raj,117606117237420315035,False,5,"its really nice,",0,3 months ago,"{""meal_type"": ""Lunch"", ""price_per_person"": ""₹600–800"", ""food"": 5, ""service_rating"": 4, ""atmosphere"": 4, ""noise_level"": ""Quiet, easy to talk"", ""wait_time"": ""Up to 10 min""}"
"Casa Fresco, HSR: All-Day Dining & Café",080 4992 7445,"73, 27th Main Rd, Phase 3, 1st Sector, HSR Layout, Bengaluru, Karnataka 560102",12.9207539,77.650514,Restaurant,http://www.casafresco.in/,Ci9DQUlRQUNvZENodHljRjlvT2twNVpuWjBaMFJEUkVKMFUzZHdSbnBXZDB4dVpGRRAB,"Casa Fresco, HSR: All",Neeraj Verma,112222247173732468526,True,4,,0,3 months ago,"{""meal_type"": ""Breakfast"", ""price_per_person"": ""₹200–400"", ""food"": 4, ""service_rating"": 4, ""atmosphere"": 4, ""noise_level"": ""Moderate noise"", ""wait_time"": ""No wait""}"
"Casa Fresco, HSR: All-Day Dining & Café",080 4992 7445,"73, 27th Main Rd, Phase 3, 1st Sector, HSR Layout, Bengaluru, Karnataka 560102",12.9207539,77.650514,Restaurant,http://www.casafresco.in/,Ci9DQUlRQUNvZENodHljRjlvT2kweFpGTkRkVGR2TUdsTlJXTXhRekJ5T0RaTFVYYxAB,"Casa Fresco, HSR: All",sanyam daga,101782134763373463924,True,5,,0,3 months ago,"{""food"": 5, ""service_rating"": 4, ""atmosphere"": 5}"
"Casa Fresco, HSR: All-Day Dining & Café",080 4992 7445,"73, 27th Main Rd, Phase 3, 1st Sector, HSR Layout, Bengaluru, Karnataka 560102",12.9207539,77.650514,Restaurant,http://www.casafresco.in/,Ci9DQUlRQUNvZENodHljRjlvT2toWFMxa3phV2d6VDNocGJXRlpZakEwVDBwMU5rRRAB,"Casa Fresco, HSR: All",Pratham Agrawal,104460065677291608594,False,5,"A wonderful casual dining experience! The ambience is airy and green, making it ideal for long conversations. Food quality was top-notch, and the staff was polite and efficient",0,3 months ago,"{""food"": 5, ""service_rating"": 5, ""atmosphere"": 5}"
"Casa Fresco, HSR: All-Day Dining & Café",080 4992 7445,"73, 27th Main Rd, Phase 3, 1st Sector, HSR Layout, Bengaluru, Karnataka 560102",12.9207539,77.650514,Restaurant,http://www.casafresco.in/,Ci9DQUlRQUNvZENodHljRjlvT214TVMzTkVlV2hmZGtodGVIbFRRMFk0ZDJoa1pGRRAB,"Casa Fresco, HSR: All",Abhishek Bhattacharjee,108947598790684051225,True,1,"Food portion is less as per price, quality is not good, feels basic. We took fried rice, chowmien, chilli chicken all made same sorry sauce, mushy. Even momo, potato wedges, paneer poppers is very small, not treated properly, taste is not flavourful and blend.",0,3 months ago,"{""meal_type"": ""Lunch"", ""price_per_person"": ""₹800–1,000"", ""food"": 1, ""service_rating"": 1, ""atmosphere"": 2, ""noise_level"": ""Moderate noise"", ""group_size"": ""3-4 people"", ""vegetarian_recommendation"": ""Not sure""}"
"Casa Fresco, HSR: All-Day Dining & Café",080 4992 7445,"73, 27th Main Rd, Phase 3, 1st Sector, HSR Layout, Bengaluru, Karnataka 560102",12.9207539,77.650514,Restaurant,http://www.casafresco.in/,Ci9DQUlRQUNvZENodHljRjlvT21SR2VHRjRORWR0VDNBNU5FRnBNVFpZYm5sSmNtYxAB,"Casa Fresco, HSR: All",Sai Sriraam,118039979803515559575,True,4,,0,3 months ago,"{""meal_type"": ""Dinner"", ""price_per_person"": ""₹400–600"", ""food"": 4, ""service_rating"": 4, ""atmosphere"": 4, ""noise_level"": ""Quiet, easy to talk"", ""group_size"": ""2 people, 3-4 people, 5-8 people"", ""vegetarian_recommendation"": ""Somewhat recommend"", ""vegetarian_offerings"": ""Large vegetarian selection, Vegetarian menu or section""}"
"Casa Fresco, HSR: All-Day Dining & Café",080 4992 7445,"73, 27th Main Rd, Phase 3, 1st Sector, HSR Layout, Bengaluru, Karnataka 560102",12.9207539,77.650514,Restaurant,http://www.casafresco.in/,Ci9DQUlRQUNvZENodHljRjlvT2xoSFJWSTNaVVJ4Ym5oYVp6Tk1TbWcxUVdsNlNrRRAB,"Casa Fresco, HSR: All",PK,115615699427408431632,False,5,,0,3 months ago,
"Casa Fresco, HSR: All-Day Dining & Café",080 4992 7445,"73, 27th Main Rd, Phase 3, 1st Sector, HSR Layout, Bengaluru, Karnataka 560102",12.9207539,77.650514,Restaurant,http://www.casafresco.in/,Ci9DQUlRQUNvZENodHljRjlvT2pkUFJIVlBTM1IzTWpBNGQwRmhWVUY0YTI5U1NXYxAB,"Casa Fresco, HSR: All",Daniel John,102707013762082663042,False,5,,0,3 months ago,"{""food"": 5, ""service_rating"": 5, ""atmosphere"": 5}"
"Casa Fresco, HSR: All-Day Dining & Café",080 4992 7445,"73, 27th Main Rd, Phase 3, 1st Sector, HSR Layout, Bengaluru, Karnataka 560102",12.9207539,77.650514,Restaurant,http://www.casafresco.in/,Ci9DQUlRQUNvZENodHljRjlvT21SMk1ERlNXVXhtZDBkc1YwRXhjVWhYYVZkaFNrRRAB,"Casa Fresco, HSR: All",Abhijith Nair,100519050978548435406,True,2,"This was my second visit to Casa Fresco. The first time I went was almost three years ago, and it was a genuinely good experience - great food, pleasant ambience, and decent service. Unfortunately, I wasn’t into writing reviews back then, so I missed sharing it. But it was memorable enough that when we were nearby today and unsure where to go, Casa Fresco felt like a safe bet based on that experience. Sadly, that turned out to be a terrible decision. We ordered four items: Alfredo Pasta - Okayish at best, nothing special Chilli Cheese Toast - Bad B Lit Chocoholic Shake - Terrible. Tasted like a cheap sachet of powdered chocolate mixed with ice Hazelnut Hot Chocolate - Equally terrible, again felt like a cheap satchet of powdered chocolate mixed with hot water. The drinks were especially disappointing - they didn’t taste fresh, rich, or handcrafted in any way. Just artificial and poorly made. The service was ok but the crowd management was chaotic. It’s honestly disappointing to see how much this place has declined compared to what it was a few years ago. Based on today’s experience, Casa Fresco no longer lives up to its earlier reputation, and I don’t see myself returning anytime soon.",0,3 months ago,"{""meal_type"": ""Dinner"", ""price_per_person"": ""₹800–1,000"", ""food"": 2, ""service_rating"": 3, ""atmosphere"": 4, ""noise_level"": ""Moderate noise"", ""wait_time"": ""No wait"", ""vegetarian_recommendation"": ""Somewhat recommend"", ""vegetarian_offerings"": ""Clearly labeled vegetarian dishes"", ""parking_space"": ""Difficult to find parking"", ""parking_options"": ""Free street parking""}"
"Casa Fresco, HSR: All-Day Dining & Café",080 4992 7445,"73, 27th Main Rd, Phase 3, 1st Sector, HSR Layout, Bengaluru, Karnataka 560102",12.9207539,77.650514,Restaurant,http://www.casafresco.in/,Ci9DQUlRQUNvZENodHljRjlvT21WeVJHTkhaVFpJTVdORFoyTnNZVTR4YVVKWFJsRRAB,"Casa Fresco, HSR: All",Prakriti Harlalka,112091065106933605958,True,5,,0,3 months ago,"{""meal_type"": ""Brunch"", ""price_per_person"": ""₹1,000–1,200""}"
"Casa Fresco, HSR: All-Day Dining & Café",080 4992 7445,"73, 27th Main Rd, Phase 3, 1st Sector, HSR Layout, Bengaluru, Karnataka 560102",12.9207539,77.650514,Restaurant,http://www.casafresco.in/,Ci9DQUlRQUNvZENodHljRjlvT2s0MVRXNVNkV0ZUU1ZsT2FVdDJjeTF3V0VoQlJrRRAB,"Casa Fresco, HSR: All",Srushti Haware,115813740033806426125,True,5,Amazing affordable food. The temperature gets hot sometimes since they only have fans,0,3 months ago,"{""food"": 5, ""service_rating"": 5, ""atmosphere"": 4}"
"Casa Fresco, HSR: All-Day Dining & Café",080 4992 7445,"73, 27th Main Rd, Phase 3, 1st Sector, HSR Layout, Bengaluru, Karnataka 560102",12.9207539,77.650514,Restaurant,http://www.casafresco.in/,Ci9DQUlRQUNvZENodHljRjlvT21GUFQxTm1ka1ZZVG1wVFlXNXdkRTE2UVVkV04zYxAB,"Casa Fresco, HSR: All",Nishanth Ullal,108306565525429137681,True,5,"Friendly staff, adore pets, quite spacious and your pets would love it there. Food is made fresh and that causes you to visit more often. Won't even worry if they take time as they cook it to perfection. Great ambiance.",0,3 months ago,"{""meal_type"": ""Lunch"", ""price_per_person"": ""₹1,000–1,200"", ""food"": 5, ""service_rating"": 5, ""atmosphere"": 5, ""noise_level"": ""Quiet, easy to talk"", ""wait_time"": ""No wait"", ""vegetarian_recommendation"": ""Somewhat recommend"", ""vegetarian_offerings"": ""Vegetarian menu or section"", ""parking_space"": ""Somewhat difficult to find parking"", ""parking_options"": ""Free street parking"", ""kid_friendliness"": ""Yes"", ""wheelchair_accessibility"": ""Yes""}"
"Casa Fresco, HSR: All-Day Dining & Café",080 4992 7445,"73, 27th Main Rd, Phase 3, 1st Sector, HSR Layout, Bengaluru, Karnataka 560102",12.9207539,77.650514,Restaurant,http://www.casafresco.in/,Ci9DQUlRQUNvZENodHljRjlvT25OWmRVZE1RbnBXU2s1aVN5MTVkMUJMVXpoaGNrRRAB,"Casa Fresco, HSR: All",Durga Lakshmi,107929924026292017227,True,1,"Food is pathetic guys. Don't go here. It's not reasonable too. It shows 200-400 but it cost more. And you can get good food in same price in any resto bars. Anything starts from 200rs. Nothing is less. It's good to eat in another place. Bad taste. Not cooked well. I hated my first experience. I saw reviews and went, it was really not worth it.. I won't Recommend..!!!",0,3 months ago,"{""meal_type"": ""Brunch"", ""price_per_person"": ""₹600–800"", ""atmosphere"": 4, ""noise_level"": ""Moderate noise"", ""vegetarian_recommendation"": ""Would not recommend"", ""parking_space"": ""Not sure"", ""wheelchair_accessibility"": ""No""}"
"Casa Fresco, HSR: All-Day Dining & Café",080 4992 7445,"73, 27th Main Rd, Phase 3, 1st Sector, HSR Layout, Bengaluru, Karnataka 560102",12.9207539,77.650514,Restaurant,http://www.casafresco.in/,Ci9DQUlRQUNvZENodHljRjlvT2pWeFNXSjZWVms0UjE5cWMyNU9kRUpLTWt4dlZHYxAB,"Casa Fresco, HSR: All",Abhash Mandal,118096196443123304822,True,5,,0,3 months ago,"{""meal_type"": ""Brunch"", ""food"": 5, ""service_rating"": 4, ""atmosphere"": 5}"
"Casa Fresco, HSR: All-Day Dining & Café",080 4992 7445,"73, 27th Main Rd, Phase 3, 1st Sector, HSR Layout, Bengaluru, Karnataka 560102",12.9207539,77.650514,Restaurant,http://www.casafresco.in/,Ci9DQUlRQUNvZENodHljRjlvT2xnNWEyaDNabnBaVFRZdFVsTkdTWE14WWs5WFJVRRAB,"Casa Fresco, HSR: All",Prateek Khandelwal,106420110225848821814,True,2,,0,3 months ago,"{""food"": 3, ""service_rating"": 1, ""atmosphere"": 1}"
"Casa Fresco, HSR: All-Day Dining & Café",080 4992 7445,"73, 27th Main Rd, Phase 3, 1st Sector, HSR Layout, Bengaluru, Karnataka 560102",12.9207539,77.650514,Restaurant,http://www.casafresco.in/,Ci9DQUlRQUNvZENodHljRjlvT2pKeFFsbHpNRUpGTkZKSlUxZGhUelJFWDI5VVprRRAB,"Casa Fresco, HSR: All",sonal modi,100075731255835333245,True,1,"Very disappointing experience. Despite ordering two portions of waffles, only one arrived after 20–25 minutes. The second portion took an additional 20 minutes even after reminding the staff. Service was extremely slow and inefficient, which was surprising given that there were only a few tables occupied.",0,3 months ago,"{""food"": 1, ""service_rating"": 1, ""atmosphere"": 3}"
"Casa Fresco, HSR: All-Day Dining & Café",080 4992 7445,"73, 27th Main Rd, Phase 3, 1st Sector, HSR Layout, Bengaluru, Karnataka 560102",12.9207539,77.650514,Restaurant,http://www.casafresco.in/,Ci9DQUlRQUNvZENodHljRjlvT21kTVNXVTBMVGRwU2taZmVGRXpYM2xGWTBkWlpYYxAB,"Casa Fresco, HSR: All",Sarika Agarwal,103109349578754906424,True,1,"We came with 3 kids ordered 2 waffles and the guy serving us decided to get us one portion with 2 pieces. That was the only thing we were ordering. He thought 5 people will eat only one portion of waffle. Took the incomplete order more then 25 mins to come. Then we waited for another 20 mins for the next order, when we asked him to cancel it. He got it immediately.  The kids were getting cranky and we had to leave. They were not ready to agree and cancel the order. Paid 500 for a 320 bill. The biggest issue was, the guy serving us was not listening and kept saying it takes time. Won't recommend anyone to go to this place and spoil your day and their mood.",0,3 months ago,"{""meal_type"": ""Other"", ""food"": 1, ""service_rating"": 1, ""noise_level"": ""Very quiet""}"
"Casa Fresco, HSR: All-Day Dining & Café",080 4992 7445,"73, 27th Main Rd, Phase 3, 1st Sector, HSR Layout, Bengaluru, Karnataka 560102",12.9207539,77.650514,Restaurant,http://www.casafresco.in/,Ci9DQUlRQUNvZENodHljRjlvT2tSS2QzTkpVRlJFVlhodVpUWjFYMGhKY1hCYU1HYxAB,"Casa Fresco, HSR: All",chandan agarwal,101195474679003186498,False,1,Ordered waffles and it took for ever and the guy didn't even take the full order. Service is very bad.,0,3 months ago,"{""service_rating"": 1}"
"Casa Fresco, HSR: All-Day Dining & Café",080 4992 7445,"73, 27th Main Rd, Phase 3, 1st Sector, HSR Layout, Bengaluru, Karnataka 560102",12.9207539,77.650514,Restaurant,http://www.casafresco.in/,Ci9DQUlRQUNvZENodHljRjlvT2xoMU1IQnRlRXhEYTJwWWFGWktXWGRWVVZsbGRsRRAB,"Casa Fresco, HSR: All",Tf NEXER,115667518615608086530,False,4,,0,3 months ago,"{""food"": 3, ""service_rating"": 4, ""atmosphere"": 5}"
"Casa Fresco, HSR: All-Day Dining & Café",080 4992 7445,"73, 27th Main Rd, Phase 3, 1st Sector, HSR Layout, Bengaluru, Karnataka 560102",12.9207539,77.650514,Restaurant,http://www.casafresco.in/,Ci9DQUlRQUNvZENodHljRjlvT25aV2VHOU9URUpSVFZBNFRHOUdha1JsWWxoV1EyYxAB,"Casa Fresco, HSR: All",ajay rasta,100263686683979157900,True,5,,0,3 months ago,"{""food"": 5, ""service_rating"": 5, ""atmosphere"": 5}"
"Casa Fresco, HSR: All-Day Dining & Café",080 4992 7445,"73, 27th Main Rd, Phase 3, 1st Sector, HSR Layout, Bengaluru, Karnataka 560102",12.9207539,77.650514,Restaurant,http://www.casafresco.in/,Ci9DQUlRQUNvZENodHljRjlvT2s1RVpVUkZRMGxZZDBkNU0ydEtNV1JuUzAwNFowRRAB,"Casa Fresco, HSR: All",Sunil ಬೆಂಗಳೂರು,113574444544957388744,True,4,Parking will be a task. Ambience is simple. Food quality n taste is good. Menu is big. Weekend service is 30mins and Above.,0,3 months ago,"{""food"": 4, ""service_rating"": 4, ""atmosphere"": 4}"
"Casa Fresco, HSR: All-Day Dining & Café",080 4992 7445,"73, 27th Main Rd, Phase 3, 1st Sector, HSR Layout, Bengaluru, Karnataka 560102",12.9207539,77.650514,Restaurant,http://www.casafresco.in/,Ci9DQUlRQUNvZENodHljRjlvT2pFMGJuaEJOVEpUU0hsbllVY3hTVlozTURZM1JXYxAB,"Casa Fresco, HSR: All",Nazia Ahmad,115960785626662212803,True,5,,0,3 months ago,
"Casa Fresco, HSR: All-Day Dining & Café",080 4992 7445,"73, 27th Main Rd, Phase 3, 1st Sector, HSR Layout, Bengaluru, Karnataka 560102",12.9207539,77.650514,Restaurant,http://www.casafresco.in/,Ci9DQUlRQUNvZENodHljRjlvT2xsamRHbERNbFJZVURWTWVrSkVTR3BDWDI1S1lsRRAB,"Casa Fresco, HSR: All",Sidharth Rana,106991079508138771964,False,1,Firstly it took them nearly 20 mins to take our order and that too when I asked for the waiter for like 5 times. We ordered the Monty breakfast and the Texas chicken steak. Every single thing was just overcooked frozen food. The chicken was so dry we couldn’t even cut it with a steak knife. I wouldn’t recommend this place to anyone.,0,3 months ago,"{""meal_type"": ""Brunch"", ""price_per_person"": ""₹200–400"", ""food"": 1, ""service_rating"": 1, ""atmosphere"": 3, ""noise_level"": ""Loud, but you can still talk"", ""wait_time"": ""No wait"", ""parking_space"": ""Difficult to find parking""}"
"Casa Fresco, HSR: All-Day Dining & Café",080 4992 7445,"73, 27th Main Rd, Phase 3, 1st Sector, HSR Layout, Bengaluru, Karnataka 560102",12.9207539,77.650514,Restaurant,http://www.casafresco.in/,Ci9DQUlRQUNvZENodHljRjlvT2t4dVYwTjNNelZvU25kaVoweGpMUzA1VVVwQlUyYxAB,"Casa Fresco, HSR: All",Teja Jampani,105953621933387569286,False,1,"I don't know if a lot of people are cool with this, but we witnessed the waiting staff touching dog food, petting them and then serving food without washing their hands! This was one of our go to brunch spots but ughh, never can again.",0,3 months ago,"{""meal_type"": ""Brunch"", ""price_per_person"": ""₹1,400–1,600"", ""food"": 3, ""service_rating"": 1, ""atmosphere"": 3, ""noise_level"": ""Loud, but you can still talk"", ""wait_time"": ""Up to 10 min""}"
"Casa Fresco, HSR: All-Day Dining & Café",080 4992 7445,"73, 27th Main Rd, Phase 3, 1st Sector, HSR Layout, Bengaluru, Karnataka 560102",12.9207539,77.650514,Restaurant,http://www.casafresco.in/,Ci9DQUlRQUNvZENodHljRjlvT25sQ1NqQkpSMGQxUnpGc1JVRkpNbFo1T0RaT2FYYxAB,"Casa Fresco, HSR: All",KJ arvinthan,117985471951059380010,False,1,,0,3 months ago,"{""food"": 1, ""service_rating"": 1, ""atmosphere"": 1}"
"Casa Fresco, HSR: All-Day Dining & Café",080 4992 7445,"73, 27th Main Rd, Phase 3, 1st Sector, HSR Layout, Bengaluru, Karnataka 560102",12.9207539,77.650514,Restaurant,http://www.casafresco.in/,Ci9DQUlRQUNvZENodHljRjlvT2xoQlJtdDRYekZyT0RkbVJXRlVRVGRrU2pkVU9VRRAB,"Casa Fresco, HSR: All",Shraya Biswas,107790208221807571311,True,5,Delicious breakfast place with cool ambience,0,3 months ago,
"Casa Fresco, HSR: All-Day Dining & Café",080 4992 7445,"73, 27th Main Rd, Phase 3, 1st Sector, HSR Layout, Bengaluru, Karnataka 560102",12.9207539,77.650514,Restaurant,http://www.casafresco.in/,Ci9DQUlRQUNvZENodHljRjlvT21KUVFYSk5UbGxsTFVJMmVsOXJRMlowWm5SdFUwRRAB,"Casa Fresco, HSR: All",Vandita Goyal,107519896173403821998,False,5,,0,3 months ago,"{""meal_type"": ""Lunch"", ""price_per_person"": ""₹600–800"", ""food"": 5, ""service_rating"": 5, ""atmosphere"": 5, ""noise_level"": ""Quiet, easy to talk""}"
"Casa Fresco, HSR: All-Day Dining & Café",080 4992 7445,"73, 27th Main Rd, Phase 3, 1st Sector, HSR Layout, Bengaluru, Karnataka 560102",12.9207539,77.650514,Restaurant,http://www.casafresco.in/,Ci9DQUlRQUNvZENodHljRjlvT2tWSlpURjNVRlZVVkVzdGQxQXRhMEl0VVRkSmRXYxAB,"Casa Fresco, HSR: All",Gurram Anurag,103714137964090984759,True,5,Too yummy and nice food. Must visit place for food lovers,0,3 months ago,"{""meal_type"": ""Lunch"", ""price_per_person"": ""₹1,800–2,000"", ""food"": 5, ""service_rating"": 5, ""atmosphere"": 5, ""noise_level"": ""Moderate noise"", ""group_size"": ""3-4 people"", ""vegetarian_recommendation"": ""Highly recommend""}"
"Casa Fresco, HSR: All-Day Dining & Café",080 4992 7445,"73, 27th Main Rd, Phase 3, 1st Sector, HSR Layout, Bengaluru, Karnataka 560102",12.9207539,77.650514,Restaurant,http://www.casafresco.in/,Ci9DQUlRQUNvZENodHljRjlvT2w5eGRIWkxkMGhmVVhwRWJsWmZRV2x6UjNrMFNWRRAB,"Casa Fresco, HSR: All",Ishwor Bhattarai,108671382870383862564,False,5,,0,3 months ago,"{""food"": 5, ""service_rating"": 5, ""atmosphere"": 5}"
"Casa Fresco, HSR: All-Day Dining & Café",080 4992 7445,"73, 27th Main Rd, Phase 3, 1st Sector, HSR Layout, Bengaluru, Karnataka 560102",12.9207539,77.650514,Restaurant,http://www.casafresco.in/,Ci9DQUlRQUNvZENodHljRjlvT25kWVZuQkxkbmxGWXkxUGVHSndMVGR1WkVobVZXYxAB,"Casa Fresco, HSR: All",Snehit,109634351403526947161,True,3,It's all good,0,3 months ago,"{""food"": 3, ""service_rating"": 3, ""atmosphere"": 3}"
"Casa Fresco, HSR: All-Day Dining & Café",080 4992 7445,"73, 27th Main Rd, Phase 3, 1st Sector, HSR Layout, Bengaluru, Karnataka 560102",12.9207539,77.650514,Restaurant,http://www.casafresco.in/,Ci9DQUlRQUNvZENodHljRjlvT2s1cGNHSTVNRjlSVkVSSWIzZE1PVEZtUm5SblYyYxAB,"Casa Fresco, HSR: All",Ayesha khan,111309652891953053908,False,5,Good 👍👍,0,3 months ago,"{""food"": 5, ""service_rating"": 5, ""atmosphere"": 5}"
"Casa Fresco, HSR: All-Day Dining & Café",080 4992 7445,"73, 27th Main Rd, Phase 3, 1st Sector, HSR Layout, Bengaluru, Karnataka 560102",12.9207539,77.650514,Restaurant,http://www.casafresco.in/,Ci9DQUlRQUNvZENodHljRjlvT21zdFQwZFBaV2RyTVd4Q1dVNTRVRXR0VVU1RlFYYxAB,"Casa Fresco, HSR: All",Harish D R,102587349728032301041,False,5,Good service,0,3 months ago,"{""food"": 5, ""service_rating"": 5, ""atmosphere"": 5}"
"Casa Fresco, HSR: All-Day Dining & Café",080 4992 7445,"73, 27th Main Rd, Phase 3, 1st Sector, HSR Layout, Bengaluru, Karnataka 560102",12.9207539,77.650514,Restaurant,http://www.casafresco.in/,Ci9DQUlRQUNvZENodHljRjlvT2xKNFUybEhWMmRrTUV0aVJ6ZE1XRUZOY0MwdFRYYxAB,"Casa Fresco, HSR: All",simran paharia,117567431319324357693,True,5,Absolutely love the food & ambiance ♥️ The staffs are also very friendly A must visit with friends and family !!!,0,3 months ago,"{""food"": 5, ""service_rating"": 5, ""atmosphere"": 5}"
"Casa Fresco, HSR: All-Day Dining & Café",080 4992 7445,"73, 27th Main Rd, Phase 3, 1st Sector, HSR Layout, Bengaluru, Karnataka 560102",12.9207539,77.650514,Restaurant,http://www.casafresco.in/,Ci9DQUlRQUNvZENodHljRjlvT20xWGQxcEdaV05qUjJKUVlrZHVRWE55YWkxbFprRRAB,"Casa Fresco, HSR: All",Yashwanth Thollikonda,113032161119029411975,True,1,Staff behaviour is very bad. Does not allow bike parking saying that a car might come even though it is vacant. Seems only high paying customer can have parking. Sorry but you need to sort you staff or parking.,0,4 months ago,"{""meal_type"": ""Other""}"
"Casa Fresco, HSR: All-Day Dining & Café",080 4992 7445,"73, 27th Main Rd, Phase 3, 1st Sector, HSR Layout, Bengaluru, Karnataka 560102",12.9207539,77.650514,Restaurant,http://www.casafresco.in/,Ci9DQUlRQUNvZENodHljRjlvT2xrNE9YWndaMTkxTm14VmJVUTFjVGROZW1rdFMxRRAB,"Casa Fresco, HSR: All",Preethi,104738232163316289551,True,5,Such a nice ambience and it’s pet friendly.,0,4 months ago,
"Casa Fresco, HSR: All-Day Dining & Café",080 4992 7445,"73, 27th Main Rd, Phase 3, 1st Sector, HSR Layout, Bengaluru, Karnataka 560102",12.9207539,77.650514,Restaurant,http://www.casafresco.in/,Ci9DQUlRQUNvZENodHljRjlvT25obFFsZEhZbWxaY25SNVVWRTBWVUpZTXpJM2NrRRAB,"Casa Fresco, HSR: All",Bidyut Das,111969710524347561438,False,5,,0,4 months ago,
"Casa Fresco, HSR: All-Day Dining & Café",080 4992 7445,"73, 27th Main Rd, Phase 3, 1st Sector, HSR Layout, Bengaluru, Karnataka 560102",12.9207539,77.650514,Restaurant,http://www.casafresco.in/,Ci9DQUlRQUNvZENodHljRjlvT2poc09HdEpaMmxWUVhGelZHOXZZMGRIYlhFeWFtYxAB,"Casa Fresco, HSR: All",Aradhika Patnaik,113021977864505512913,False,5,,0,4 months ago,"{""meal_type"": ""Breakfast"", ""price_per_person"": ""₹200–400"", ""noise_level"": ""Quiet, easy to talk""}"
"Casa Fresco, HSR: All-Day Dining & Café",080 4992 7445,"73, 27th Main Rd, Phase 3, 1st Sector, HSR Layout, Bengaluru, Karnataka 560102",12.9207539,77.650514,Restaurant,http://www.casafresco.in/,Ci9DQUlRQUNvZENodHljRjlvT2tac1Nrc3ljRVZHU1ZOcFEwUlZUVVZpVDNOaWNXYxAB,"Casa Fresco, HSR: All",Arpan Biswas,104705729428624724798,True,1,"They don't have two wheeler parking. If you park in front of the cafe, they will ask you to remove your scooter.  I ordered matcha. They gave me some sweet mint drink with has no taste of matcha.",0,4 months ago,"{""food"": 1}"
"Casa Fresco, HSR: All-Day Dining & Café",080 4992 7445,"73, 27th Main Rd, Phase 3, 1st Sector, HSR Layout, Bengaluru, Karnataka 560102",12.9207539,77.650514,Restaurant,http://www.casafresco.in/,Ci9DQUlRQUNvZENodHljRjlvT2pkcU4wTXRUbkZZVURseWMwVjJjRkJWUmxwVGFIYxAB,"Casa Fresco, HSR: All",Sai Narasimhan,104544726902422395651,True,5,Quick service and good food!!!!,0,4 months ago,"{""meal_type"": ""Lunch"", ""price_per_person"": ""₹800–1,000"", ""food"": 5, ""service_rating"": 5, ""atmosphere"": 5, ""noise_level"": ""Quiet, easy to talk"", ""wait_time"": ""No wait"", ""vegetarian_recommendation"": ""Somewhat recommend"", ""vegetarian_offerings"": ""Clearly labeled vegetarian dishes"", ""parking_space"": ""Somewhat difficult to find parking"", ""parking_options"": ""Free street parking""}"
"Casa Fresco, HSR: All-Day Dining & Café",080 4992 7445,"73, 27th Main Rd, Phase 3, 1st Sector, HSR Layout, Bengaluru, Karnataka 560102",12.9207539,77.650514,Restaurant,http://www.casafresco.in/,Ci9DQUlRQUNvZENodHljRjlvT2pKS1gzRkZXREJOYWxZdFRqZHpWeTFDVlhReVZFRRAB,"Casa Fresco, HSR: All",sonal sharma,104599456390788954497,False,5,,0,4 months ago,"{""meal_type"": ""Lunch"", ""price_per_person"": ""₹200–400"", ""food"": 5, ""service_rating"": 5, ""atmosphere"": 5, ""noise_level"": ""Quiet, easy to talk"", ""wait_time"": ""No wait""}"
"Casa Fresco, HSR: All-Day Dining & Café",080 4992 7445,"73, 27th Main Rd, Phase 3, 1st Sector, HSR Layout, Bengaluru, Karnataka 560102",12.9207539,77.650514,Restaurant,http://www.casafresco.in/,Ci9DQUlRQUNvZENodHljRjlvT21GeldsZEJVemR3YmpGbFMwcFBTemN0VWs0Mk1XYxAB,"Casa Fresco, HSR: All",Sonal Agrawal,108748597393085222126,True,5,,0,4 months ago,"{""food"": 5, ""service_rating"": 5, ""atmosphere"": 5}"
"Casa Fresco, HSR: All-Day Dining & Café",080 4992 7445,"73, 27th Main Rd, Phase 3, 1st Sector, HSR Layout, Bengaluru, Karnataka 560102",12.9207539,77.650514,Restaurant,http://www.casafresco.in/,Ci9DQUlRQUNvZENodHljRjlvT2pWaFdsRklPSGhNTm1obFEwcFViSFJ5ZVZoSk9YYxAB,"Casa Fresco, HSR: All",DEBRAJ MANNA,100420580776884027152,True,4,,0,4 months ago,"{""meal_type"": ""Lunch"", ""price_per_person"": ""₹400–600"", ""food"": 3, ""service_rating"": 3, ""atmosphere"": 4, ""noise_level"": ""Quiet, easy to talk"", ""wait_time"": ""No wait""}"
"Casa Fresco, HSR: All-Day Dining & Café",080 4992 7445,"73, 27th Main Rd, Phase 3, 1st Sector, HSR Layout, Bengaluru, Karnataka 560102",12.9207539,77.650514,Restaurant,http://www.casafresco.in/,Ci9DQUlRQUNvZENodHljRjlvT2xWbmNtTnFYMnhNVkZFemIzUktSRkZLTjBwbk0xRRAB,"Casa Fresco, HSR: All",Ishita Lal,117359813935541884253,False,1,Really bad service and food quality. People don't attend you nicely and make faces. I won't recommend you to visit this cafe ever.,0,4 months ago,"{""food"": 1, ""service_rating"": 1, ""atmosphere"": 1}"
"Casa Fresco, HSR: All-Day Dining & Café",080 4992 7445,"73, 27th Main Rd, Phase 3, 1st Sector, HSR Layout, Bengaluru, Karnataka 560102",12.9207539,77.650514,Restaurant,http://www.casafresco.in/,Ci9DQUlRQUNvZENodHljRjlvT21WNlMxQjJOazFPUWs1ZlZsbHRSSFZMUlcxVk1VRRAB,"Casa Fresco, HSR: All",Smit Upadhyay,112527768494655250780,True,5,,0,4 months ago,"{""food"": 5, ""service_rating"": 3, ""atmosphere"": 3}"
"Casa Fresco, HSR: All-Day Dining & Café",080 4992 7445,"73, 27th Main Rd, Phase 3, 1st Sector, HSR Layout, Bengaluru, Karnataka 560102",12.9207539,77.650514,Restaurant,http://www.casafresco.in/,Ci9DQUlRQUNvZENodHljRjlvT2tWV2JXUXRaMVJYYzBFNGJta3RSako0Y1ZSV1RIYxAB,"Casa Fresco, HSR: All",Abir Banerjee,105870895711487105383,True,5,,0,4 months ago,"{""price_per_person"": ""₹200–400"", ""food"": 5, ""service_rating"": 5, ""atmosphere"": 5}"
"Casa Fresco, HSR: All-Day Dining & Café",080 4992 7445,"73, 27th Main Rd, Phase 3, 1st Sector, HSR Layout, Bengaluru, Karnataka 560102",12.9207539,77.650514,Restaurant,http://www.casafresco.in/,Ci9DQUlRQUNvZENodHljRjlvT2t0UmVWaFdhemwwWTNoeWFUSkxVbFoxTjA5c2JrRRAB,"Casa Fresco, HSR: All",Anwin Joselyn,103683748767635140430,True,4,,0,4 months ago,"{""food"": 3, ""service_rating"": 4, ""atmosphere"": 3}"
"Casa Fresco, HSR: All-Day Dining & Café",080 4992 7445,"73, 27th Main Rd, Phase 3, 1st Sector, HSR Layout, Bengaluru, Karnataka 560102",12.9207539,77.650514,Restaurant,http://www.casafresco.in/,Ci9DQUlRQUNvZENodHljRjlvT25WRFQzRktTRTFuZVcxMFdsUllORXhCZW5kSU5uYxAB,"Casa Fresco, HSR: All",Mansi Srivastava,106669327211724133356,True,3,,0,4 months ago,
"Casa Fresco, HSR: All-Day Dining & Café",080 4992 7445,"73, 27th Main Rd, Phase 3, 1st Sector, HSR Layout, Bengaluru, Karnataka 560102",12.9207539,77.650514,Restaurant,http://www.casafresco.in/,Ci9DQUlRQUNvZENodHljRjlvT25aVGNIbEpOMnBpYm5kMVVVaFlSazlzTjNSc2VWRRAB,"Casa Fresco, HSR: All",Nalini Gupta,112366898965973462080,False,5,"The food was mouth wateringly delicious starting from Boboa tea to mains..Lhasa veg sizzle, chicken wings and Veg platter. Service was prompt and polite. Nice vibe, open area, pet friendly. Gave 1 star less for atmosphere..1 washroom was really inadequate and parking is an issue.",0,4 months ago,"{""food"": 5, ""service_rating"": 5, ""atmosphere"": 4}"
"Casa Fresco, HSR: All-Day Dining & Café",080 4992 7445,"73, 27th Main Rd, Phase 3, 1st Sector, HSR Layout, Bengaluru, Karnataka 560102",12.9207539,77.650514,Restaurant,http://www.casafresco.in/,Ci9DQUlRQUNvZENodHljRjlvT2xWdVRVMVRPVVk0Y2xaRVlUQnpkeTFqY1hJeVkzYxAB,"Casa Fresco, HSR: All",Ankur Chaudhary,106796671144181030962,True,4,,0,4 months ago,
"Casa Fresco, HSR: All-Day Dining & Café",080 4992 7445,"73, 27th Main Rd, Phase 3, 1st Sector, HSR Layout, Bengaluru, Karnataka 560102",12.9207539,77.650514,Restaurant,http://www.casafresco.in/,Ci9DQUlRQUNvZENodHljRjlvT2pZeFdVbHdVVzlETVRNeGFrOVdRV1pLTkdkdFlYYxAB,"Casa Fresco, HSR: All",Rishi Sinha,103952356023737050480,True,1,"This place has gone downhill badly. Food quality is poor and the management clearly lacks control. Even after 12 PM, they said the coffee machine was still “setting up,” which is unacceptable for a café. Service charges were added without informing us in advance. With better cafés in HSR, this place isn’t worth the time or money anymore.",0,4 months ago,"{""meal_type"": ""Breakfast"", ""price_per_person"": ""₹200–400"", ""food"": 1, ""service_rating"": 1, ""atmosphere"": 1, ""wait_time"": ""No wait"", ""vegetarian_recommendation"": ""Would not recommend"", ""parking_space"": ""Difficult to find parking""}"
"Casa Fresco, HSR: All-Day Dining & Café",080 4992 7445,"73, 27th Main Rd, Phase 3, 1st Sector, HSR Layout, Bengaluru, Karnataka 560102",12.9207539,77.650514,Restaurant,http://www.casafresco.in/,Ci9DQUlRQUNvZENodHljRjlvT2s1ZlFqYzJhbTFWUlc1aWJGaFRSR1JhZWtNM2NHYxAB,"Casa Fresco, HSR: All",Vijay Kumar,105643458452762792559,True,5,,0,4 months ago,"{""dining_mode"": ""Dine in"", ""meal_type"": ""Other"", ""price_per_person"": ""₹600–800"", ""food"": 5, ""service_rating"": 5, ""atmosphere"": 5}"
"Casa Fresco, HSR: All-Day Dining & Café",080 4992 7445,"73, 27th Main Rd, Phase 3, 1st Sector, HSR Layout, Bengaluru, Karnataka 560102",12.9207539,77.650514,Restaurant,http://www.casafresco.in/,Ci9DQUlRQUNvZENodHljRjlvT2pOVk5tdHlaR3RzZEU1WlMwdGxTVGszTFhCYVdGRRAB,"Casa Fresco, HSR: All",Vipin Kandpal,100087108343554448947,True,4,"Casa Fresco in HSR Layout is a charming addition to the local cafe scene, perfect for those looking for a relaxed ""all-day dining"" vibe without the frantic pace of larger chains. The Highlights: * Ambiance: The cafe nails the aesthetic. It’s bright, airy, and features a clean, modern interior that makes it an ideal spot for a mid-week work session or a casual brunch with friends. * The Coffee: Their brews are consistent. The cappuccino was well-balanced with a smooth crema, clearly made by someone who understands their beans. * Menu Variety: For an all-day diner, the menu is impressively diverse. The Continental options stand out; the pastas are flavorful, and the breakfast platters are generous in portion size.  If you’re looking for a peaceful spot to catch up on emails or enjoy a quiet meal that doesn't break the bank, Casa Fresco is a solid choice.",0,4 months ago,"{""dining_mode"": ""Dine in"", ""meal_type"": ""Lunch"", ""price_per_person"": ""₹400–600"", ""food"": 4, ""service_rating"": 4, ""atmosphere"": 4, ""noise_level"": ""Moderate noise""}"
"Casa Fresco, HSR: All-Day Dining & Café",080 4992 7445,"73, 27th Main Rd, Phase 3, 1st Sector, HSR Layout, Bengaluru, Karnataka 560102",12.9207539,77.650514,Restaurant,http://www.casafresco.in/,Ci9DQUlRQUNvZENodHljRjlvT2taalVtMWlPRUZEVm1wVFJuSjRUVFZsUzNCc2JGRRAB,"Casa Fresco, HSR: All",Venkatesh S Timmapur,100840737443523468970,False,4,Ambience is good and must go for red pasta,0,4 months ago,"{""dining_mode"": ""Dine in"", ""meal_type"": ""Other"", ""price_per_person"": ""₹800–1,000"", ""food"": 3, ""service_rating"": 3, ""atmosphere"": 5, ""noise_level"": ""Moderate noise""}"
"Casa Fresco, HSR: All-Day Dining & Café",080 4992 7445,"73, 27th Main Rd, Phase 3, 1st Sector, HSR Layout, Bengaluru, Karnataka 560102",12.9207539,77.650514,Restaurant,http://www.casafresco.in/,Ci9DQUlRQUNvZENodHljRjlvT2tGR2VYSnJkMll6UWtSbVJFWXRSMjQxU2tSTlNFRRAB,"Casa Fresco, HSR: All",Gloria Piedade,116617935383985850419,True,4,,0,4 months ago,"{""dining_mode"": ""Dine in"", ""meal_type"": ""Other"", ""price_per_person"": ""₹600–800"", ""food"": 4, ""service_rating"": 4, ""atmosphere"": 3, ""noise_level"": ""Quiet, easy to talk"", ""vegetarian_recommendation"": ""Somewhat recommend"", ""vegetarian_offerings"": ""Large vegetarian selection""}"
"Casa Fresco, HSR: All-Day Dining & Café",080 4992 7445,"73, 27th Main Rd, Phase 3, 1st Sector, HSR Layout, Bengaluru, Karnataka 560102",12.9207539,77.650514,Restaurant,http://www.casafresco.in/,Ci9DQUlRQUNvZENodHljRjlvT2tNM1lXbE1UVTFGU214dWFqZG9iM1pmV1hGVk5tYxAB,"Casa Fresco, HSR: All",Vincent,114196198231139549250,False,4,,0,4 months ago,
"Casa Fresco, HSR: All-Day Dining & Café",080 4992 7445,"73, 27th Main Rd, Phase 3, 1st Sector, HSR Layout, Bengaluru, Karnataka 560102",12.9207539,77.650514,Restaurant,http://www.casafresco.in/,Ci9DQUlRQUNvZENodHljRjlvT214clZrdFBjM1pwWVMxMU1IVmhVV2hqY0cxMWMzYxAB,"Casa Fresco, HSR: All",Tushar S,104077238946808071775,True,5,,0,4 months ago,
"Casa Fresco, HSR: All-Day Dining & Café",080 4992 7445,"73, 27th Main Rd, Phase 3, 1st Sector, HSR Layout, Bengaluru, Karnataka 560102",12.9207539,77.650514,Restaurant,http://www.casafresco.in/,Ci9DQUlRQUNvZENodHljRjlvT21aUVRUZFhZWEoxZW5WU1luVmtSMnR4ZW5WQlRXYxAB,"Casa Fresco, HSR: All",Amit Biswal,101219808035878104673,True,3,"Great food, but service needs improvement  The food here is really good — flavours are on point and overall quality is definitely a strong positive.  However, the service was mediocre, especially considering the crowd management. We were told the waiting time was 5 minutes, wrote our name down, but were skipped and later told they “couldn’t see our name,” even though we were standing right there before the next person was called.  There were also order misses — the banana was forgotten in our waffles, and the fries that were supposed to come with the sandwich were served only after the sandwich was completely eaten, with just a quick apology.  It was quite crowded, so the delays and confusion are understandable to an extent, but better coordination would really improve the experience.  Overall: great food, average service. Would come back for the food, but hoping the service improves.",0,4 months ago,"{""food"": 5, ""service_rating"": 2, ""atmosphere"": 4}"
"Casa Fresco, HSR: All-Day Dining & Café",080 4992 7445,"73, 27th Main Rd, Phase 3, 1st Sector, HSR Layout, Bengaluru, Karnataka 560102",12.9207539,77.650514,Restaurant,http://www.casafresco.in/,Ci9DQUlRQUNvZENodHljRjlvT25VME1WRklNRkExUzBNeU5EVnJlVGxyU0dkZlZIYxAB,"Casa Fresco, HSR: All",Syeda Farheen,102577453408008562266,True,5,,0,4 months ago,
"Casa Fresco, HSR: All-Day Dining & Café",080 4992 7445,"73, 27th Main Rd, Phase 3, 1st Sector, HSR Layout, Bengaluru, Karnataka 560102",12.9207539,77.650514,Restaurant,http://www.casafresco.in/,Ci9DQUlRQUNvZENodHljRjlvT2t3NE1GaDFZeTFqYkdsSFNIUkZlRGh5TVRocGVtYxAB,"Casa Fresco, HSR: All",Akshat Daharwal,105795473512840745675,True,5,,0,4 months ago,"{""meal_type"": ""Breakfast"", ""price_per_person"": ""₹200–400"", ""food"": 5, ""service_rating"": 5, ""atmosphere"": 5, ""wait_time"": ""No wait""}"
"Casa Fresco, HSR: All-Day Dining & Café",080 4992 7445,"73, 27th Main Rd, Phase 3, 1st Sector, HSR Layout, Bengaluru, Karnataka 560102",12.9207539,77.650514,Restaurant,http://www.casafresco.in/,Ci9DQUlRQUNvZENodHljRjlvT2xsR0xYbDZWRmR5ZVVkRmIzZEdNWEJLVmtoWWQxRRAB,"Casa Fresco, HSR: All",Pratyush Sinha,116230955460427371693,True,3,"Nice outdoor place for meals, great vibe but I don't think I've had a worse pasta in my life. Runny, watery, tasteless.",0,4 months ago,
"Casa Fresco, HSR: All-Day Dining & Café",080 4992 7445,"73, 27th Main Rd, Phase 3, 1st Sector, HSR Layout, Bengaluru, Karnataka 560102",12.9207539,77.650514,Restaurant,http://www.casafresco.in/,Ci9DQUlRQUNvZENodHljRjlvT2trd1FYUjVXV2RTTWsxTGMxOVNabk5mWldwRk1rRRAB,"Casa Fresco, HSR: All",Mohd Danish,116191958376360251295,False,5,,0,4 months ago,
"Casa Fresco, HSR: All-Day Dining & Café",080 4992 7445,"73, 27th Main Rd, Phase 3, 1st Sector, HSR Layout, Bengaluru, Karnataka 560102",12.9207539,77.650514,Restaurant,http://www.casafresco.in/,Ci9DQUlRQUNvZENodHljRjlvT2xkdVdtVmphMXBvYmpWak1WUm9WRFJvVkZOWVQxRRAB,"Casa Fresco, HSR: All",Rupam Sethi,114116016925093251285,True,5,Food is really good,0,4 months ago,"{""meal_type"": ""Other"", ""price_per_person"": ""₹600–800"", ""food"": 5, ""service_rating"": 5, ""atmosphere"": 5}"
"Casa Fresco, HSR: All-Day Dining & Café",080 4992 7445,"73, 27th Main Rd, Phase 3, 1st Sector, HSR Layout, Bengaluru, Karnataka 560102",12.9207539,77.650514,Restaurant,http://www.casafresco.in/,Ci9DQUlRQUNvZENodHljRjlvT2toM1JVMVNaMlUxZDFwMk1FTlFPUzAzV1ZKbU5WRRAB,"Casa Fresco, HSR: All",Jyoti,111866871961732526783,False,5,,0,4 months ago,"{""food"": 5, ""service_rating"": 5, ""atmosphere"": 5}"
"Casa Fresco, HSR: All-Day Dining & Café",080 4992 7445,"73, 27th Main Rd, Phase 3, 1st Sector, HSR Layout, Bengaluru, Karnataka 560102",12.9207539,77.650514,Restaurant,http://www.casafresco.in/,Ci9DQUlRQUNvZENodHljRjlvT2tvMVIyUlViVE5VWnpKemRXTlNOVTQ0ZVRaS2FrRRAB,"Casa Fresco, HSR: All",Rohan Sonawane,116765470426244843186,True,5,,0,4 months ago,"{""price_per_person"": ""₹400–600"", ""food"": 5, ""service_rating"": 5, ""atmosphere"": 5, ""group_size"": ""2 people, 3-4 people"", ""wait_time"": ""No wait""}"
"Casa Fresco, HSR: All-Day Dining & Café",080 4992 7445,"73, 27th Main Rd, Phase 3, 1st Sector, HSR Layout, Bengaluru, Karnataka 560102",12.9207539,77.650514,Restaurant,http://www.casafresco.in/,Ci9DQUlRQUNvZENodHljRjlvT21WM2FWaDJhek5CWTFaaVQzRklVRFJtTTJ4eVIxRRAB,"Casa Fresco, HSR: All",Ritika Mangate,109971624167825031995,False,5,Chicken momos were amazing,0,Edited 4 months ago,"{""meal_type"": ""Brunch"", ""food"": 5, ""service_rating"": 4, ""atmosphere"": 5, ""wait_time"": ""10-30 min""}"
"Casa Fresco, HSR: All-Day Dining & Café",080 4992 7445,"73, 27th Main Rd, Phase 3, 1st Sector, HSR Layout, Bengaluru, Karnataka 560102",12.9207539,77.650514,Restaurant,http://www.casafresco.in/,Ci9DQUlRQUNvZENodHljRjlvT2xGTFdYVTRZbkZyTTJWRGRTMWlhRTV6VW10TVprRRAB,"Casa Fresco, HSR: All",Pradyumna Bang,116676890685703759000,True,5,,0,4 months ago,"{""food"": 5, ""service_rating"": 5, ""atmosphere"": 5}"
"Casa Fresco, HSR: All-Day Dining & Café",080 4992 7445,"73, 27th Main Rd, Phase 3, 1st Sector, HSR Layout, Bengaluru, Karnataka 560102",12.9207539,77.650514,Restaurant,http://www.casafresco.in/,Ci9DQUlRQUNvZENodHljRjlvT21nd2IwZE1iVnBIVUhkYVYyaHlaR0ZoWTFReFVXYxAB,"Casa Fresco, HSR: All",aniket nikam,109357045623636586198,True,5,,0,4 months ago,"{""food"": 4, ""service_rating"": 4, ""atmosphere"": 4}"
"Casa Fresco, HSR: All-Day Dining & Café",080 4992 7445,"73, 27th Main Rd, Phase 3, 1st Sector, HSR Layout, Bengaluru, Karnataka 560102",12.9207539,77.650514,Restaurant,http://www.casafresco.in/,Ci9DQUlRQUNvZENodHljRjlvT21OblNYTm1lR2N0Y2w5YU9HNWpZMnBZVW1aaFNHYxAB,"Casa Fresco, HSR: All",sumit saurabh,109402313051517038892,True,3,"While food is very good here, the service is very poor. There seems to be no supervision on orders given and food served. I come here regularly and every time have observed this issue. Management should look after service if they want to continue to get repeat customers. Someone needs to supervise kitchen staff in food preparation in terms of sequence of order given.",0,4 months ago,"{""meal_type"": ""Dinner"", ""price_per_person"": ""₹2,000+"", ""food"": 5, ""service_rating"": 1, ""atmosphere"": 4, ""group_size"": ""5-8 people"", ""wait_time"": ""No wait""}"
"Casa Fresco, HSR: All-Day Dining & Café",080 4992 7445,"73, 27th Main Rd, Phase 3, 1st Sector, HSR Layout, Bengaluru, Karnataka 560102",12.9207539,77.650514,Restaurant,http://www.casafresco.in/,Ci9DQUlRQUNvZENodHljRjlvT2xwNGVtUnhlVTg1Y2tWclNUZFNhR1oxYldObGFrRRAB,"Casa Fresco, HSR: All",aswathama 007,116569979251937377776,True,1,Mid food not worth the bucks for sure.,0,4 months ago,"{""price_per_person"": ""₹1,400–1,600"", ""food"": 1, ""service_rating"": 5, ""atmosphere"": 2}"
"Casa Fresco, HSR: All-Day Dining & Café",080 4992 7445,"73, 27th Main Rd, Phase 3, 1st Sector, HSR Layout, Bengaluru, Karnataka 560102",12.9207539,77.650514,Restaurant,http://www.casafresco.in/,Ci9DQUlRQUNvZENodHljRjlvT25OMmRHMUROMDgzVWtkTWRrcFBkVTh6VW5WZlpFRRAB,"Casa Fresco, HSR: All",Madhu Priya,108788216854910219643,True,5,"Must try... Pancakes, momos and tea.  Awesome vibe, ambience and food.",0,4 months ago,"{""food"": 5, ""service_rating"": 5, ""atmosphere"": 5}"
"Casa Fresco, HSR: All-Day Dining & Café",080 4992 7445,"73, 27th Main Rd, Phase 3, 1st Sector, HSR Layout, Bengaluru, Karnataka 560102",12.9207539,77.650514,Restaurant,http://www.casafresco.in/,Ci9DQUlRQUNvZENodHljRjlvT21kalZVaEdibVZMUkZkR1FYcEhia2w0VDIxWU5rRRAB,"Casa Fresco, HSR: All",Kishan Rathi,115829480885778911733,True,4,,0,4 months ago,"{""meal_type"": ""Brunch"", ""price_per_person"": ""₹400–600"", ""food"": 4, ""service_rating"": 3, ""atmosphere"": 3, ""group_size"": ""3-4 people"", ""wait_time"": ""10-30 min"", ""vegetarian_recommendation"": ""Somewhat recommend"", ""vegetarian_offerings"": ""Vegetarian menu or section""}"
"Casa Fresco, HSR: All-Day Dining & Café",080 4992 7445,"73, 27th Main Rd, Phase 3, 1st Sector, HSR Layout, Bengaluru, Karnataka 560102",12.9207539,77.650514,Restaurant,http://www.casafresco.in/,Ci9DQUlRQUNvZENodHljRjlvT2xCQlVtaEpiMHN0ZEhGYVdsbE9MVFpvUW1OV01YYxAB,"Casa Fresco, HSR: All",Aswin Siva,105485803089797732818,True,5,,0,4 months ago,
"Casa Fresco, HSR: All-Day Dining & Café",080 4992 7445,"73, 27th Main Rd, Phase 3, 1st Sector, HSR Layout, Bengaluru, Karnataka 560102",12.9207539,77.650514,Restaurant,http://www.casafresco.in/,Ci9DQUlRQUNvZENodHljRjlvT2pSSVlXVjNVVVo1YUU1clV6WTJSRlJRWWt4ME0xRRAB,"Casa Fresco, HSR: All",Indrashis Paul,108422125287402537555,True,5,,0,4 months ago,
"Casa Fresco, HSR: All-Day Dining & Café",080 4992 7445,"73, 27th Main Rd, Phase 3, 1st Sector, HSR Layout, Bengaluru, Karnataka 560102",12.9207539,77.650514,Restaurant,http://www.casafresco.in/,Ci9DQUlRQUNvZENodHljRjlvT2toS1ZWaFphelF4UjBKVGJqQjNhemh2ZVVOUlYyYxAB,"Casa Fresco, HSR: All",Kaito Lemai,111263794890469370415,False,5,"Casa Fresco in HSR is located near 27thMain and has been one of my favourite restaurants for weekend breakfast. The English breakfast and other options are really good here and also come with a complimentary beverage. The food is very tasty and the servers are very polite. It is rare these days, especially at popular places.",0,4 months ago,"{""food"": 5, ""service_rating"": 5, ""atmosphere"": 5}"
"Casa Fresco, HSR: All-Day Dining & Café",080 4992 7445,"73, 27th Main Rd, Phase 3, 1st Sector, HSR Layout, Bengaluru, Karnataka 560102",12.9207539,77.650514,Restaurant,http://www.casafresco.in/,Ci9DQUlRQUNvZENodHljRjlvT21WSFVYTnNVbWc0UVROWVZHVlpSakIzVEdsZlZYYxAB,"Casa Fresco, HSR: All",anshu singla,112397373642481310420,True,5,"Visited Casa Fresca today with a group of around 8 people. We ordered quite a lot, and the total bill came to approximately ₹5,000, which felt quite cost-effective for the quantity and quality.  The hazelnut cold coffee and garlic bread really stood out—both were delicious and worth trying. Overall, the food tasted good and the vibe of the place is pleasant, making it a nice spot to hang out with friends.  One downside is the seating space. We had to combine tables, and the service was a bit slow, possibly due to limited staff. That said, the staff were polite and courteous, which made the wait manageable.  There is decent parking available. We were lucky today as there was no waiting time, but usually there tends to be a queue.  Overall, it’s a decent place with good food, a nice ambiance, and reasonable pricing. With better spacing and a bit more staff to improve service speed, the experience could be even better. I would recommend it and would definitely visit again.",0,4 months ago,"{""meal_type"": ""Lunch"", ""price_per_person"": ""₹600–800"", ""food"": 5, ""service_rating"": 3, ""atmosphere"": 4, ""noise_level"": ""Quiet, easy to talk"", ""wait_time"": ""No wait"", ""vegetarian_recommendation"": ""Highly recommend"", ""vegetarian_offerings"": ""Clearly labeled vegetarian dishes"", ""vegetarian_options"": ""Service is little slow"", ""dietary_restrictions"": ""Na"", ""parking_space"": ""Plenty of parking"", ""parking_options"": ""Free street parking"", ""parking_notes"": ""No"", ""kid_friendliness"": ""Yes"", ""wheelchair_accessibility"": ""Yes""}"
"Casa Fresco, HSR: All-Day Dining & Café",080 4992 7445,"73, 27th Main Rd, Phase 3, 1st Sector, HSR Layout, Bengaluru, Karnataka 560102",12.9207539,77.650514,Restaurant,http://www.casafresco.in/,Ci9DQUlRQUNvZENodHljRjlvT2xsdVNHRlhjbWhUZEhZNU5VZG9ZMmcxYzAxNlQyYxAB,"Casa Fresco, HSR: All",Roju Vadakkath,112652606511055319804,True,4,,0,4 months ago,"{""meal_type"": ""Brunch"", ""price_per_person"": ""₹600–800"", ""food"": 4, ""service_rating"": 3, ""atmosphere"": 4, ""noise_level"": ""Quiet, easy to talk"", ""wait_time"": ""No wait"", ""vegetarian_recommendation"": ""Highly recommend"", ""parking_space"": ""Somewhat difficult to find parking""}"
"Casa Fresco, HSR: All-Day Dining & Café",080 4992 7445,"73, 27th Main Rd, Phase 3, 1st Sector, HSR Layout, Bengaluru, Karnataka 560102",12.9207539,77.650514,Restaurant,http://www.casafresco.in/,Ci9DQUlRQUNvZENodHljRjlvT21GNlIzUklPRmxQY0dSbGQwdDBOemRTV0RkU2FIYxAB,"Casa Fresco, HSR: All",shashank reddy,106996508073866648098,False,3,,0,4 months ago,"{""meal_type"": ""Dinner"", ""price_per_person"": ""₹600–800"", ""food"": 3, ""service_rating"": 3, ""atmosphere"": 4, ""noise_level"": ""Quiet, easy to talk"", ""wait_time"": ""No wait"", ""parking_space"": ""Somewhat difficult to find parking""}"
"Casa Fresco, HSR: All-Day Dining & Café",080 4992 7445,"73, 27th Main Rd, Phase 3, 1st Sector, HSR Layout, Bengaluru, Karnataka 560102",12.9207539,77.650514,Restaurant,http://www.casafresco.in/,Ci9DQUlRQUNvZENodHljRjlvT21OdU5FbHpZbkpMY1dONWQxQlFZV0o1WTJ4TlJHYxAB,"Casa Fresco, HSR: All",Rhythm Bhatia,113939702696121128049,True,3,,0,4 months ago,
"Casa Fresco, HSR: All-Day Dining & Café",080 4992 7445,"73, 27th Main Rd, Phase 3, 1st Sector, HSR Layout, Bengaluru, Karnataka 560102",12.9207539,77.650514,Restaurant,http://www.casafresco.in/,Ci9DQUlRQUNvZENodHljRjlvT2tGcmFGTkxRemt5VGxOTU9IWkJjamhpT1Vsa1lVRRAB,"Casa Fresco, HSR: All",Harshit Gupta,114598158225314115651,True,5,Good cozy place with good food,0,4 months ago,"{""meal_type"": ""Dinner"", ""price_per_person"": ""₹600–800"", ""food"": 5, ""service_rating"": 4, ""atmosphere"": 4, ""wait_time"": ""No wait"", ""seating_type"": ""Outdoor patio / terrace""}"
"Casa Fresco, HSR: All-Day Dining & Café",080 4992 7445,"73, 27th Main Rd, Phase 3, 1st Sector, HSR Layout, Bengaluru, Karnataka 560102",12.9207539,77.650514,Restaurant,http://www.casafresco.in/,Ci9DQUlRQUNvZENodHljRjlvT21aTGNXZFBZMDlHZFRScFQwRmpXRWh1T1doWGNIYxAB,"Casa Fresco, HSR: All",Babeesh O M,112199199706219889429,True,5,Great food. Value for money. Seating is limited. Crowded on weekends,0,Edited 4 months ago,"{""food"": 5, ""service_rating"": 4, ""atmosphere"": 5}"
"Casa Fresco, HSR: All-Day Dining & Café",080 4992 7445,"73, 27th Main Rd, Phase 3, 1st Sector, HSR Layout, Bengaluru, Karnataka 560102",12.9207539,77.650514,Restaurant,http://www.casafresco.in/,Ci9DQUlRQUNvZENodHljRjlvT2xRemNYSmlkekpRVW05dk1IcDVlVTgwY1RsTlltYxAB,"Casa Fresco, HSR: All",Kamaldeep Deb Barman,108356593133697238203,True,4,,0,4 months ago,
"Casa Fresco, HSR: All-Day Dining & Café",080 4992 7445,"73, 27th Main Rd, Phase 3, 1st Sector, HSR Layout, Bengaluru, Karnataka 560102",12.9207539,77.650514,Restaurant,http://www.casafresco.in/,Ci9DQUlRQUNvZENodHljRjlvT21SS1YyTmpUek5pTFZWaFNYQkNSRmcwU1djMllsRRAB,"Casa Fresco, HSR: All",Ashwathi Ganesh,113684104631081014182,True,5,Great English breakfast options. Always enjoyed their food and atmosphere.,0,4 months ago,"{""meal_type"": ""Breakfast"", ""price_per_person"": ""₹600–800"", ""food"": 5, ""service_rating"": 5, ""atmosphere"": 5, ""noise_level"": ""Quiet, easy to talk"", ""wait_time"": ""No wait""}"
"Casa Fresco, HSR: All-Day Dining & Café",080 4992 7445,"73, 27th Main Rd, Phase 3, 1st Sector, HSR Layout, Bengaluru, Karnataka 560102",12.9207539,77.650514,Restaurant,http://www.casafresco.in/,Ci9DQUlRQUNvZENodHljRjlvT2tkSWNsUnRSbkpJVkc5M1lrTTRPWEEwVWpab1ZVRRAB,"Casa Fresco, HSR: All",nilanjan sen,114606702860727907754,True,5,,0,4 months ago,
"Casa Fresco, HSR: All-Day Dining & Café",080 4992 7445,"73, 27th Main Rd, Phase 3, 1st Sector, HSR Layout, Bengaluru, Karnataka 560102",12.9207539,77.650514,Restaurant,http://www.casafresco.in/,Ci9DQUlRQUNvZENodHljRjlvT2pRMlh6UTBVbVpUTFROME5FcFRRMUl5YWtaWmRGRRAB,"Casa Fresco, HSR: All",Jeevan Achar,113091110786790893679,True,2,Food was good but found a very long hair in my pizza. It made the dinning experience very bad. Service is really veryyy slowww. Only ambience and atmosphere with the soothing music was good. Pls look through this.,0,4 months ago,"{""meal_type"": ""Dinner"", ""price_per_person"": ""₹800–1,000"", ""food"": 2, ""service_rating"": 2, ""atmosphere"": 4, ""noise_level"": ""Moderate noise"", ""wait_time"": ""30-60 min"", ""vegetarian_recommendation"": ""Somewhat recommend"", ""parking_space"": ""Difficult to find parking"", ""parking_options"": ""Free parking lot""}"
"Casa Fresco, HSR: All-Day Dining & Café",080 4992 7445,"73, 27th Main Rd, Phase 3, 1st Sector, HSR Layout, Bengaluru, Karnataka 560102",12.9207539,77.650514,Restaurant,http://www.casafresco.in/,Ci9DQUlRQUNvZENodHljRjlvT2xSVmVsWkdkVmxPTkdScVVtVlFTV2hFTkZGVVkxRRAB,"Casa Fresco, HSR: All",Sayani Das,102778359409273715382,True,5,very cute place with yummy food and at affordable prices.,0,4 months ago,"{""meal_type"": ""Brunch"", ""price_per_person"": ""₹400–600"", ""food"": 5, ""service_rating"": 5, ""atmosphere"": 5}"
"Casa Fresco, HSR: All-Day Dining & Café",080 4992 7445,"73, 27th Main Rd, Phase 3, 1st Sector, HSR Layout, Bengaluru, Karnataka 560102",12.9207539,77.650514,Restaurant,http://www.casafresco.in/,Ci9DQUlRQUNvZENodHljRjlvT2xBM01GQXlXa0paV1doTVQxcGlRVlo2TUdaM1ozYxAB,"Casa Fresco, HSR: All",ravi shanker,105600553781691901602,True,5,A hidden gem Nice ambience Food is amazing 😋 Do visit,0,Edited 4 months ago,"{""meal_type"": ""Dinner"", ""price_per_person"": ""₹200–400"", ""food"": 5, ""service_rating"": 4, ""atmosphere"": 4, ""group_size"": ""3-4 people"", ""wait_time"": ""No wait""}"
"Casa Fresco, HSR: All-Day Dining & Café",080 4992 7445,"73, 27th Main Rd, Phase 3, 1st Sector, HSR Layout, Bengaluru, Karnataka 560102",12.9207539,77.650514,Restaurant,http://www.casafresco.in/,Ci9DQUlRQUNvZENodHljRjlvT2pJd2FISkVlV2Q1TTBWaWJIRnJNWFZSZGtRd1RFRRAB,"Casa Fresco, HSR: All",V B,102987999644896126856,False,2,"The blueberry compote was too sweet and the ""toast"" charred enough to leave black dust on my fingers.",0,4 months ago,"{""meal_type"": ""Lunch"", ""food"": 2, ""service_rating"": 5, ""atmosphere"": 5}"
"Casa Fresco, HSR: All-Day Dining & Café",080 4992 7445,"73, 27th Main Rd, Phase 3, 1st Sector, HSR Layout, Bengaluru, Karnataka 560102",12.9207539,77.650514,Restaurant,http://www.casafresco.in/,Ci9DQUlRQUNvZENodHljRjlvT2xWc1YwUmpXRGRLTkdrd2VYTldOMkl3VDBkME0yYxAB,"Casa Fresco, HSR: All",Twinkle Batham,113670553079423462042,False,4,,0,4 months ago,
"Casa Fresco, HSR: All-Day Dining & Café",080 4992 7445,"73, 27th Main Rd, Phase 3, 1st Sector, HSR Layout, Bengaluru, Karnataka 560102",12.9207539,77.650514,Restaurant,http://www.casafresco.in/,Ci9DQUlRQUNvZENodHljRjlvT205WWRHUkNjRUZZTkY5Q2RHVmljRzlHZWt0NU5rRRAB,"Casa Fresco, HSR: All",Shivam Pradhan,110614028823960621898,False,5,"This is one of those places you can visit at any time of the day. I really enjoy their breakfast platters, they are generous and full of vegetables. The pastas are consistently good as well. It is easily one of my all time favourite places in Bangalore. The servers are warm, attentive, and very accommodating, which always makes the experience better.",0,4 months ago,"{""food"": 5, ""service_rating"": 5, ""atmosphere"": 5}"
"Casa Fresco, HSR: All-Day Dining & Café",080 4992 7445,"73, 27th Main Rd, Phase 3, 1st Sector, HSR Layout, Bengaluru, Karnataka 560102",12.9207539,77.650514,Restaurant,http://www.casafresco.in/,Ci9DQUlRQUNvZENodHljRjlvT210Mk4xRkZkWE5yY25JNVNtdzJibEpDVmpkck9FRRAB,"Casa Fresco, HSR: All",Debopriyo Bhattacharya,105319241739487601776,True,1,,0,4 months ago,"{""meal_type"": ""Dinner"", ""price_per_person"": ""₹600–800"", ""food"": 1, ""service_rating"": 1, ""atmosphere"": 2, ""noise_level"": ""Moderate noise"", ""wait_time"": ""No wait""}"
"Casa Fresco, HSR: All-Day Dining & Café",080 4992 7445,"73, 27th Main Rd, Phase 3, 1st Sector, HSR Layout, Bengaluru, Karnataka 560102",12.9207539,77.650514,Restaurant,http://www.casafresco.in/,Ci9DQUlRQUNvZENodHljRjlvT2toTWNUbFVUVWhvWDFVdE9HZERWRmxSY2tKWlJrRRAB,"Casa Fresco, HSR: All",Rohit Diyali,109985442756061804762,False,5,"Stopped by Casa Fresco on a weekday and ended up staying much longer than planned. The place has an easy, relaxed vibe. Food was fresh and tasty. I specially like the Alfredo Pasta and the Hanoi Iced Coffee. Definitely on my list now.",0,4 months ago,"{""price_per_person"": ""₹400–600"", ""food"": 5, ""service_rating"": 5, ""atmosphere"": 5, ""noise_level"": ""Quiet, easy to talk"", ""vegetarian_recommendation"": ""Highly recommend""}"
"Casa Fresco, HSR: All-Day Dining & Café",080 4992 7445,"73, 27th Main Rd, Phase 3, 1st Sector, HSR Layout, Bengaluru, Karnataka 560102",12.9207539,77.650514,Restaurant,http://www.casafresco.in/,Ci9DQUlRQUNvZENodHljRjlvT2xKalptNVVjSFUwWlZGc2FtWmFhMWhGU2t3d1QzYxAB,"Casa Fresco, HSR: All",Navin kumar,113875812119884465139,True,4,,0,4 months ago,"{""food"": 4, ""service_rating"": 4, ""atmosphere"": 4}"
"Casa Fresco, HSR: All-Day Dining & Café",080 4992 7445,"73, 27th Main Rd, Phase 3, 1st Sector, HSR Layout, Bengaluru, Karnataka 560102",12.9207539,77.650514,Restaurant,http://www.casafresco.in/,Ci9DQUlRQUNvZENodHljRjlvT25aSWFtbzJRM05HWHpKMlNVRlhRbU0yZUZoTlYzYxAB,"Casa Fresco, HSR: All",Sharda Bogati,117844805068784856664,False,5,,0,4 months ago,"{""food"": 5, ""service_rating"": 5, ""atmosphere"": 5}"
"Casa Fresco, HSR: All-Day Dining & Café",080 4992 7445,"73, 27th Main Rd, Phase 3, 1st Sector, HSR Layout, Bengaluru, Karnataka 560102",12.9207539,77.650514,Restaurant,http://www.casafresco.in/,Ci9DQUlRQUNvZENodHljRjlvT2xSd04xaDZVR2xETkRoRFprMURXRmg2TTFaamJWRRAB,"Casa Fresco, HSR: All",Alekhya Relangi,108198816368759603781,True,5,,0,4 months ago,
"Casa Fresco, HSR: All-Day Dining & Café",080 4992 7445,"73, 27th Main Rd, Phase 3, 1st Sector, HSR Layout, Bengaluru, Karnataka 560102",12.9207539,77.650514,Restaurant,http://www.casafresco.in/,Ci9DQUlRQUNvZENodHljRjlvT2xsNmJWOXNTbWQxUldOUk4zYzRaak5pUVhOQ1NGRRAB,"Casa Fresco, HSR: All",Subham,104897104821997649066,True,1,,0,4 months ago,"{""meal_type"": ""Dinner"", ""food"": 1, ""service_rating"": 1, ""atmosphere"": 1}"
"Casa Fresco, HSR: All-Day Dining & Café",080 4992 7445,"73, 27th Main Rd, Phase 3, 1st Sector, HSR Layout, Bengaluru, Karnataka 560102",12.9207539,77.650514,Restaurant,http://www.casafresco.in/,Ci9DQUlRQUNvZENodHljRjlvT2pVNFl6UnVURzVrVG1Wd04wNDVkSEEyYkdGZlExRRAB,"Casa Fresco, HSR: All",samidha hegde,106594007280419712205,True,3,"It's always quite busy.If you're seated at the corners the staff just ignores you and completey forget about your requests. Orders take really long, definitely not for quick stop.The food was good. The ambience is average. I like the tea options here, they have variety of teas for reasonable prices.",0,4 months ago,"{""meal_type"": ""Dinner"", ""price_per_person"": ""₹400–600"", ""food"": 4, ""service_rating"": 2, ""atmosphere"": 3, ""group_size"": ""2 people, 3-4 people"", ""wait_time"": ""No wait""}"
"Casa Fresco, HSR: All-Day Dining & Café",080 4992 7445,"73, 27th Main Rd, Phase 3, 1st Sector, HSR Layout, Bengaluru, Karnataka 560102",12.9207539,77.650514,Restaurant,http://www.casafresco.in/,Ci9DQUlRQUNvZENodHljRjlvT2t0ZlpEbFFiMTk1ZEhkVFUwaGpiWFJTTWxkdE5WRRAB,"Casa Fresco, HSR: All",Raj Sharma,105125647944996699813,False,4,One of the few good places in HSR,0,4 months ago,"{""food"": 5, ""service_rating"": 4, ""atmosphere"": 5}"
"Casa Fresco, HSR: All-Day Dining & Café",080 4992 7445,"73, 27th Main Rd, Phase 3, 1st Sector, HSR Layout, Bengaluru, Karnataka 560102",12.9207539,77.650514,Restaurant,http://www.casafresco.in/,Ci9DQUlRQUNvZENodHljRjlvT2tFd1p6bDBjRFZPU0hkVWMwRXhjbEJIY2twdlVVRRAB,"Casa Fresco, HSR: All",SAHIL ARORA,105102152420793115241,True,4,,0,4 months ago,
"Casa Fresco, HSR: All-Day Dining & Café",080 4992 7445,"73, 27th Main Rd, Phase 3, 1st Sector, HSR Layout, Bengaluru, Karnataka 560102",12.9207539,77.650514,Restaurant,http://www.casafresco.in/,Ci9DQUlRQUNvZENodHljRjlvT25GT2REZEJMWFpOV2xWcmMwY3pibU40WjBaRk1uYxAB,"Casa Fresco, HSR: All",Hari Prathap,109244719300452499312,False,5,,0,4 months ago,"{""meal_type"": ""Dinner"", ""price_per_person"": ""₹200–400"", ""food"": 5, ""service_rating"": 5, ""atmosphere"": 5, ""noise_level"": ""Quiet, easy to talk"", ""wait_time"": ""No wait"", ""parking_space"": ""Somewhat difficult to find parking"", ""parking_options"": ""Free street parking""}"
"Casa Fresco, HSR: All-Day Dining & Café",080 4992 7445,"73, 27th Main Rd, Phase 3, 1st Sector, HSR Layout, Bengaluru, Karnataka 560102",12.9207539,77.650514,Restaurant,http://www.casafresco.in/,Ci9DQUlRQUNvZENodHljRjlvT21WdVkwbEtWRWRCY1VORVdETTNURGhDTVRVM00zYxAB,"Casa Fresco, HSR: All",Parvati gayatri (Mridini),100746554979665017551,False,5,,0,4 months ago,"{""food"": 5, ""service_rating"": 5, ""atmosphere"": 5}"
"Casa Fresco, HSR: All-Day Dining & Café",080 4992 7445,"73, 27th Main Rd, Phase 3, 1st Sector, HSR Layout, Bengaluru, Karnataka 560102",12.9207539,77.650514,Restaurant,http://www.casafresco.in/,Ci9DQUlRQUNvZENodHljRjlvT25OclNrNVlOMTlWTFhsbGEwMVpRMWd5YmpaaVVFRRAB,"Casa Fresco, HSR: All",KM,114904825843596469842,True,5,"I loved this hidden gem in hsr, we had a lovely breakfast cum lunch here and each and every dish turned out fantastic. The Himalayan street food corner in the menu is a must try! The momos were amazing .. the portion sizes are good and we had to get few items boxed ☺️",0,4 months ago,"{""meal_type"": ""Brunch"", ""price_per_person"": ""₹1,800–2,000"", ""food"": 5, ""service_rating"": 5, ""atmosphere"": 5, ""noise_level"": ""Very quiet"", ""wait_time"": ""No wait"", ""vegetarian_recommendation"": ""Highly recommend"", ""vegetarian_offerings"": ""Clearly labeled vegetarian dishes"", ""parking_space"": ""Plenty of parking"", ""parking_options"": ""Free parking lot""}"
"Casa Fresco, HSR: All-Day Dining & Café",080 4992 7445,"73, 27th Main Rd, Phase 3, 1st Sector, HSR Layout, Bengaluru, Karnataka 560102",12.9207539,77.650514,Restaurant,http://www.casafresco.in/,Ci9DQUlRQUNvZENodHljRjlvT25ONGIwSjRZWFJqVG5acmFFRlphV0o0VDBWWVVHYxAB,"Casa Fresco, HSR: All",Aju baji,108086794826989803741,False,5,,0,4 months ago,
"Casa Fresco, HSR: All-Day Dining & Café",080 4992 7445,"73, 27th Main Rd, Phase 3, 1st Sector, HSR Layout, Bengaluru, Karnataka 560102",12.9207539,77.650514,Restaurant,http://www.casafresco.in/,Ci9DQUlRQUNvZENodHljRjlvT25velpHczBSRk42VlVwTE1tSlZMV3RrWVVsUVZIYxAB,"Casa Fresco, HSR: All",Vanitha Vaintha,101073248417449597892,False,5,,0,4 months ago,"{""food"": 5, ""service_rating"": 5, ""atmosphere"": 5}"
"Casa Fresco, HSR: All-Day Dining & Café",080 4992 7445,"73, 27th Main Rd, Phase 3, 1st Sector, HSR Layout, Bengaluru, Karnataka 560102",12.9207539,77.650514,Restaurant,http://www.casafresco.in/,Ci9DQUlRQUNvZENodHljRjlvT25CS09GRnlOVVUyUW5oS1QwZG1UMkZLTVZOVU1VRRAB,"Casa Fresco, HSR: All",Murali I,100910681199909438767,True,3,,0,4 months ago,"{""meal_type"": ""Lunch"", ""food"": 4, ""service_rating"": 3, ""atmosphere"": 2}"
"Casa Fresco, HSR: All-Day Dining & Café",080 4992 7445,"73, 27th Main Rd, Phase 3, 1st Sector, HSR Layout, Bengaluru, Karnataka 560102",12.9207539,77.650514,Restaurant,http://www.casafresco.in/,Ci9DQUlRQUNvZENodHljRjlvT2tOWE9IaG9SVGN3UVdNME4wSTJUMGRTTkVWblZHYxAB,"Casa Fresco, HSR: All",Md. Sujauddin,100622703585901493906,False,1,"Such a disgusting place with zero customer service, delay in services.. actually pathetic customer service. Not recommended at all. They should shut down with immediate effect.",0,4 months ago,
"Casa Fresco, HSR: All-Day Dining & Café",080 4992 7445,"73, 27th Main Rd, Phase 3, 1st Sector, HSR Layout, Bengaluru, Karnataka 560102",12.9207539,77.650514,Restaurant,http://www.casafresco.in/,Ci9DQUlRQUNvZENodHljRjlvT2tOaFFqRkpNRU5PUlRaU2RFdE5VbE4wVVRSUWJsRRAB,"Casa Fresco, HSR: All",Neer Patel,115448715041293892195,True,5,,0,4 months ago,"{""food"": 5, ""service_rating"": 5, ""atmosphere"": 5}"
"Casa Fresco, HSR: All-Day Dining & Café",080 4992 7445,"73, 27th Main Rd, Phase 3, 1st Sector, HSR Layout, Bengaluru, Karnataka 560102",12.9207539,77.650514,Restaurant,http://www.casafresco.in/,Ci9DQUlRQUNvZENodHljRjlvT2pKMVJEWjRlRGhCTUVkUWVIVkhURmt6WjJocVUwRRAB,"Casa Fresco, HSR: All",Vijay Vardhan,108669171696975059223,True,3,"Cafe Fresco Review  Visited Cafe Fresco for lunch, and the place definitely has a nice vibe with a pleasant ambience. We tried a few items—while the pizza was good and enjoyable, the Boba was quite disappointing and didn’t meet expectations. The service was slow, which affected the overall experience.  Overall, it turned out to be an average visit. The place has potential, but there’s definitely room for improvement, especially in service speed and beverage quality.",0,4 months ago,"{""meal_type"": ""Lunch"", ""price_per_person"": ""₹400–600"", ""food"": 3, ""service_rating"": 2, ""atmosphere"": 4, ""group_size"": ""3-4 people"", ""wait_time"": ""No wait""}"
"Casa Fresco, HSR: All-Day Dining & Café",080 4992 7445,"73, 27th Main Rd, Phase 3, 1st Sector, HSR Layout, Bengaluru, Karnataka 560102",12.9207539,77.650514,Restaurant,http://www.casafresco.in/,Ci9DQUlRQUNvZENodHljRjlvT2pKQlgxQnpNRlprU0Rod05HYzJVbTFUVTI4M1ZtYxAB,"Casa Fresco, HSR: All",Ankur Yadav,104357520318712005712,True,2,"The food here was good. That said, the dining experience was significantly let down by the service, which needs urgent attention.  The main issue was the staff's general lack of interest and engagement. We had to ask multiple times just to get a menu, and the waiters seemed quite disinterested in taking our order or assisting.  Unfortunately, there wasn't a single smile or welcoming expression from the staff, which makes a huge difference in the atmosphere.  A specific point of frustration was the staff attempting to clear our plates before we had even finished our food. It's standard practice (and common courtesy) to ask patrons if they are done before taking plates away. This made us feel rushed and spoiled the end of the meal.  I hope the management can address the service issues, as the quality of the food deserves a much better front-of-house experience.",0,4 months ago,"{""meal_type"": ""Brunch"", ""price_per_person"": ""₹400–600"", ""food"": 3, ""service_rating"": 1, ""atmosphere"": 2, ""noise_level"": ""Loud, but you can still talk""}"
"Casa Fresco, HSR: All-Day Dining & Café",080 4992 7445,"73, 27th Main Rd, Phase 3, 1st Sector, HSR Layout, Bengaluru, Karnataka 560102",12.9207539,77.650514,Restaurant,http://www.casafresco.in/,Ci9DQUlRQUNvZENodHljRjlvT2s1MlNYSTNRbFpXWVZKamFETk5ZV3M0ZUZwMFFVRRAB,"Casa Fresco, HSR: All",Saumya Vatsa,101977678882486769309,True,4,"Love their English breakfast platters, Backyard Burger, and Hanoi Iced Coffee. Service can be slow sometimes.",0,5 months ago,"{""food"": 4, ""service_rating"": 3, ""atmosphere"": 5}"
"Casa Fresco, HSR: All-Day Dining & Café",080 4992 7445,"73, 27th Main Rd, Phase 3, 1st Sector, HSR Layout, Bengaluru, Karnataka 560102",12.9207539,77.650514,Restaurant,http://www.casafresco.in/,ChZDSUhNMG9nS0VJQ0FnSURSbXMtVVBnEAE,"Casa Fresco, HSR: All",nikhil sikri,106768279811876574752,True,3,"Revision from 1 to 3: They forgot our order only. When we enquired 45 mins later. The lady is like - when did you place the order!! However, due to limited breakfast options in HSR for breakfast, we went again. This time, they only forgot coffee in in the end (and made us wait 15 mins). But, food is above average.",0,Edited 5 months ago,"{""food"": 3, ""service_rating"": 2, ""atmosphere"": 3}"
"Casa Fresco, HSR: All-Day Dining & Café",080 4992 7445,"73, 27th Main Rd, Phase 3, 1st Sector, HSR Layout, Bengaluru, Karnataka 560102",12.9207539,77.650514,Restaurant,http://www.casafresco.in/,Ci9DQUlRQUNvZENodHljRjlvT21GQmFXNWFRakpPY201UGFWTlhZVVpzUVhkeFQyYxAB,"Casa Fresco, HSR: All",nisha ks,112282596261432637242,True,5,"Little crowded, food is really good.",0,5 months ago,
"Casa Fresco, HSR: All-Day Dining & Café",080 4992 7445,"73, 27th Main Rd, Phase 3, 1st Sector, HSR Layout, Bengaluru, Karnataka 560102",12.9207539,77.650514,Restaurant,http://www.casafresco.in/,Ci9DQUlRQUNvZENodHljRjlvT25CMmQySlZhRlp1YVVKNVZUSnNOalJpU1c1dWRuYxAB,"Casa Fresco, HSR: All",Bruejohn Rj msha,100019117051378540625,False,5,,0,5 months ago,"{""price_per_person"": ""₹200–400"", ""food"": 5}"
"Casa Fresco, HSR: All-Day Dining & Café",080 4992 7445,"73, 27th Main Rd, Phase 3, 1st Sector, HSR Layout, Bengaluru, Karnataka 560102",12.9207539,77.650514,Restaurant,http://www.casafresco.in/,Ci9DQUlRQUNvZENodHljRjlvT25WT00wNW1hVFZEZGtkVmQyZDZabXRSV0ZkQlVFRRAB,"Casa Fresco, HSR: All",Dhanraj Dorjee,111815557252524891334,False,5,,0,5 months ago,"{""price_per_person"": ""₹600–800"", ""food"": 5}"
"Casa Fresco, HSR: All-Day Dining & Café",080 4992 7445,"73, 27th Main Rd, Phase 3, 1st Sector, HSR Layout, Bengaluru, Karnataka 560102",12.9207539,77.650514,Restaurant,http://www.casafresco.in/,Ci9DQUlRQUNvZENodHljRjlvT21GdmVIWlBVa05QWm05QmNtbzNObFpyY2tzMk1VRRAB,"Casa Fresco, HSR: All",Amar Mili,107577880844671456546,False,5,,0,5 months ago,
"Casa Fresco, HSR: All-Day Dining & Café",080 4992 7445,"73, 27th Main Rd, Phase 3, 1st Sector, HSR Layout, Bengaluru, Karnataka 560102",12.9207539,77.650514,Restaurant,http://www.casafresco.in/,Ci9DQUlRQUNvZENodHljRjlvT210SlkwSnNRVXgzZFVSUWFGTlJTbVZhV1VKRGFYYxAB,"Casa Fresco, HSR: All",Vanlal Zaua,104141867316131265175,False,5,,0,5 months ago,"{""price_per_person"": ""₹600–800"", ""food"": 5}"
"Casa Fresco, HSR: All-Day Dining & Café",080 4992 7445,"73, 27th Main Rd, Phase 3, 1st Sector, HSR Layout, Bengaluru, Karnataka 560102",12.9207539,77.650514,Restaurant,http://www.casafresco.in/,Ci9DQUlRQUNvZENodHljRjlvT25ZMVUxTnJWSG8wV25WTGFtcHlSemx6WWpWeVFuYxAB,"Casa Fresco, HSR: All",Kiran Chettri,108802807190697358967,False,5,"Casa Fresco is a lovely spot for great food and a relaxed vibe. The menu is well curated, service is prompt, and the ambience makes it perfect for casual dining. Do not miss the Himalayan Chow Mein and Alfredo Pasta here.",0,5 months ago,"{""food"": 5, ""service_rating"": 5, ""atmosphere"": 5}"
"Casa Fresco, HSR: All-Day Dining & Café",080 4992 7445,"73, 27th Main Rd, Phase 3, 1st Sector, HSR Layout, Bengaluru, Karnataka 560102",12.9207539,77.650514,Restaurant,http://www.casafresco.in/,Ci9DQUlRQUNvZENodHljRjlvT20xTE5sZHFUbFZ0V25oUFJuQXRjVFZ4U3pWa05FRRAB,"Casa Fresco, HSR: All",Prabha,104642843739826918444,False,5,Kashyav,0,5 months ago,
"Casa Fresco, HSR: All-Day Dining & Café",080 4992 7445,"73, 27th Main Rd, Phase 3, 1st Sector, HSR Layout, Bengaluru, Karnataka 560102",12.9207539,77.650514,Restaurant,http://www.casafresco.in/,Ci9DQUlRQUNvZENodHljRjlvT2tKUlRrRlBkVmczUjNKT1pXNDFNVEppV0hjNVRFRRAB,"Casa Fresco, HSR: All",Divya Gaur,105552753913707359774,False,5,,0,5 months ago,"{""food"": 5, ""service_rating"": 5, ""atmosphere"": 5}"
"Casa Fresco, HSR: All-Day Dining & Café",080 4992 7445,"73, 27th Main Rd, Phase 3, 1st Sector, HSR Layout, Bengaluru, Karnataka 560102",12.9207539,77.650514,Restaurant,http://www.casafresco.in/,Ci9DQUlRQUNvZENodHljRjlvT2xwblgxZHlZMnRKT1VwdFJtWjNZakpDYm10TlltYxAB,"Casa Fresco, HSR: All",Saurabh Jadhav,100022740047715221282,True,5,"The perfect start to the day!  I had a fantastic experience at Cafe Fresco. We ordered the American Breakfast and the Bacon Cheddar Omelette paired with an Americano, and everything was delicious and satisfying. What I really loved was the ambiance—the open-air covered seating is beautiful and makes for such a relaxing vibe. I was also impressed by the sheer variety on the menu just for breakfast. It’s rare to find a place where you can get a classic breakfast and order Momos at 11 AM! Highly recommend this spot if you want great food and a lot of options.",0,5 months ago,"{""meal_type"": ""Breakfast"", ""price_per_person"": ""₹400–600"", ""food"": 5, ""service_rating"": 5, ""atmosphere"": 5, ""wait_time"": ""No wait"", ""seating_type"": ""Outdoor patio / terrace"", ""vegetarian_recommendation"": ""Somewhat recommend"", ""vegetarian_offerings"": ""Vegetarian menu or section"", ""parking_space"": ""Somewhat difficult to find parking"", ""parking_options"": ""Free street parking""}"
"Casa Fresco, HSR: All-Day Dining & Café",080 4992 7445,"73, 27th Main Rd, Phase 3, 1st Sector, HSR Layout, Bengaluru, Karnataka 560102",12.9207539,77.650514,Restaurant,http://www.casafresco.in/,Ci9DQUlRQUNvZENodHljRjlvT2pFMFExVndlSGRmY1dzNWJYUjZhVjlDYUVwcmFHYxAB,"Casa Fresco, HSR: All",Rajiv Kumar,111027671839600207503,False,5,,0,5 months ago,"{""food"": 5, ""service_rating"": 5, ""atmosphere"": 5}"
"Casa Fresco, HSR: All-Day Dining & Café",080 4992 7445,"73, 27th Main Rd, Phase 3, 1st Sector, HSR Layout, Bengaluru, Karnataka 560102",12.9207539,77.650514,Restaurant,http://www.casafresco.in/,Ci9DQUlRQUNvZENodHljRjlvT2pOc1RVRkZaMFl5Tkc1alNHdHdXbVJrTTJka1VWRRAB,"Casa Fresco, HSR: All",Venkatesh Venkatesh,105133232832177787100,False,5,,0,5 months ago,"{""food"": 5, ""service_rating"": 5, ""atmosphere"": 5}"
"Casa Fresco, HSR: All-Day Dining & Café",080 4992 7445,"73, 27th Main Rd, Phase 3, 1st Sector, HSR Layout, Bengaluru, Karnataka 560102",12.9207539,77.650514,Restaurant,http://www.casafresco.in/,Ci9DQUlRQUNvZENodHljRjlvT2xOYWJERm9OVTFQUzJaM2JtZGtNbHBmUWpGSlEzYxAB,"Casa Fresco, HSR: All",Madhusudhan G,111965833702551848395,True,5,Great place to hangout on business meet and with friends,0,5 months ago,"{""dining_mode"": ""Dine in"", ""meal_type"": ""Brunch"", ""price_per_person"": ""₹200–400"", ""food"": 5, ""service_rating"": 5, ""atmosphere"": 5, ""group_size"": ""1 person, 2 people, 3-4 people""}"
"Casa Fresco, HSR: All-Day Dining & Café",080 4992 7445,"73, 27th Main Rd, Phase 3, 1st Sector, HSR Layout, Bengaluru, Karnataka 560102",12.9207539,77.650514,Restaurant,http://www.casafresco.in/,Ci9DQUlRQUNvZENodHljRjlvT21oV1NHNU9Oa3RyVVdsUlowVlNjamxQYlY5MU0xRRAB,"Casa Fresco, HSR: All",#justadityabist,107494774244761250989,True,5,,0,5 months ago,"{""dining_mode"": ""Delivery"", ""food"": 5}"
"Casa Fresco, HSR: All-Day Dining & Café",080 4992 7445,"73, 27th Main Rd, Phase 3, 1st Sector, HSR Layout, Bengaluru, Karnataka 560102",12.9207539,77.650514,Restaurant,http://www.casafresco.in/,Ci9DQUlRQUNvZENodHljRjlvT2xKRVJqRm9WRXhhVVhsTmFsQnZVRWxpWDNwSWJXYxAB,"Casa Fresco, HSR: All",manish nayak TS,110934886221157850248,True,4,,0,5 months ago,"{""dining_mode"": ""Dine in"", ""meal_type"": ""Other"", ""price_per_person"": ""₹200–400"", ""food"": 4, ""service_rating"": 3, ""atmosphere"": 4, ""group_size"": ""3-4 people"", ""vegetarian_recommendation"": ""Somewhat recommend"", ""parking_space"": ""Somewhat difficult to find parking"", ""parking_options"": ""Free street parking""}"
"Casa Fresco, HSR: All-Day Dining & Café",080 4992 7445,"73, 27th Main Rd, Phase 3, 1st Sector, HSR Layout, Bengaluru, Karnataka 560102",12.9207539,77.650514,Restaurant,http://www.casafresco.in/,Ci9DQUlRQUNvZENodHljRjlvT2tGUmREZFRUMTlVTjNKUFNsUnhWVzVmZDBSVFdrRRAB,"Casa Fresco, HSR: All",Mythreyi R,116545677414877514062,True,4,,0,5 months ago,"{""meal_type"": ""Lunch"", ""price_per_person"": ""₹200–400"", ""group_size"": ""3-4 people"", ""vegetarian_recommendation"": ""Somewhat recommend"", ""vegetarian_offerings"": ""Large vegetarian selection, Vegetarian menu or section"", ""parking_space"": ""Somewhat difficult to find parking"", ""parking_options"": ""Free street parking""}"
"Casa Fresco, HSR: All-Day Dining & Café",080 4992 7445,"73, 27th Main Rd, Phase 3, 1st Sector, HSR Layout, Bengaluru, Karnataka 560102",12.9207539,77.650514,Restaurant,http://www.casafresco.in/,Ci9DQUlRQUNvZENodHljRjlvT25SdmRYZGxNMFUwZDNGT2VHc3RkMkpFZGpoUGFsRRAB,"Casa Fresco, HSR: All",Sahana Prashanth,103801093945422803773,False,5,,0,5 months ago,"{""food"": 5, ""service_rating"": 5, ""atmosphere"": 5}"
"Casa Fresco, HSR: All-Day Dining & Café",080 4992 7445,"73, 27th Main Rd, Phase 3, 1st Sector, HSR Layout, Bengaluru, Karnataka 560102",12.9207539,77.650514,Restaurant,http://www.casafresco.in/,Ci9DQUlRQUNvZENodHljRjlvT2toNVpWZFhUMVZLVGt4UlMzTlhVVXBRVmxRMVFXYxAB,"Casa Fresco, HSR: All",Shaik Jameel,108209589186325338717,True,3,,0,5 months ago,"{""parking_space"": ""Not sure""}"
"Casa Fresco, HSR: All-Day Dining & Café",080 4992 7445,"73, 27th Main Rd, Phase 3, 1st Sector, HSR Layout, Bengaluru, Karnataka 560102",12.9207539,77.650514,Restaurant,http://www.casafresco.in/,Ci9DQUlRQUNvZENodHljRjlvT204NFMzUk9aVGhNYVhFelYxTk1OekJ1YnkwMlRsRRAB,"Casa Fresco, HSR: All",Sandali Singh Jadon,101368634750843985024,False,3,The food was ok. The location is a bit  off the vibe was decent overall can visit once!,0,5 months ago,"{""meal_type"": ""Dinner"", ""price_per_person"": ""₹800–1,000"", ""food"": 3, ""service_rating"": 3, ""atmosphere"": 3, ""group_size"": ""2 people"", ""wait_time"": ""No wait""}"
"Casa Fresco, HSR: All-Day Dining & Café",080 4992 7445,"73, 27th Main Rd, Phase 3, 1st Sector, HSR Layout, Bengaluru, Karnataka 560102",12.9207539,77.650514,Restaurant,http://www.casafresco.in/,Ci9DQUlRQUNvZENodHljRjlvT25ab01GZzRlRGxtVFZWVFFrUkNiVWcyVUdwQk5uYxAB,"Casa Fresco, HSR: All",SIVA VANA MUTHU GUHAN M,110152773968953364380,True,4,Had a pizza and a sizzling brownie.... Tasted good service good just slightly overpriced,0,5 months ago,"{""food"": 4, ""service_rating"": 4, ""atmosphere"": 3}"
"Casa Fresco, HSR: All-Day Dining & Café",080 4992 7445,"73, 27th Main Rd, Phase 3, 1st Sector, HSR Layout, Bengaluru, Karnataka 560102",12.9207539,77.650514,Restaurant,http://www.casafresco.in/,Ci9DQUlRQUNvZENodHljRjlvT2tObU5UVndURFZJT1VaTmIzSlFZM2RTYkU4MGVXYxAB,"Casa Fresco, HSR: All",Bidisha Byabartta,101881107692230049075,True,4,"You can seat & talk here , cozy space with good food 🥘, lovely ambience, tasty food, we tasted cappuccino, hot chocolate, chicken burgers , chicken chili momos  and porko 🥗 salad bowl . For 2 people it took -1268 rs with tax, must visit once here🙂😇🤟🏻",0,5 months ago,"{""meal_type"": ""Dinner"", ""price_per_person"": ""₹1,200–1,400"", ""food"": 4, ""service_rating"": 4, ""atmosphere"": 4, ""noise_level"": ""Quiet, easy to talk"", ""wait_time"": ""No wait""}"
"Casa Fresco, HSR: All-Day Dining & Café",080 4992 7445,"73, 27th Main Rd, Phase 3, 1st Sector, HSR Layout, Bengaluru, Karnataka 560102",12.9207539,77.650514,Restaurant,http://www.casafresco.in/,Ci9DQUlRQUNvZENodHljRjlvT2xGZk1VZ3pkVmRrUkdWWVpVY3RWREJ1YTBGb1IxRRAB,"Casa Fresco, HSR: All",Arpit Bandejiya,105343451179472881039,False,1,The service isn't good and are unorganised. Gave us burnt food and other stuff were okay okay.. Don't go with the overall rating rather visit somewhere else to save money and time,0,5 months ago,"{""meal_type"": ""Brunch"", ""food"": 1, ""service_rating"": 1, ""atmosphere"": 2}"
"Casa Fresco, HSR: All-Day Dining & Café",080 4992 7445,"73, 27th Main Rd, Phase 3, 1st Sector, HSR Layout, Bengaluru, Karnataka 560102",12.9207539,77.650514,Restaurant,http://www.casafresco.in/,Ci9DQUlRQUNvZENodHljRjlvT2xacWVTMU9jVVkyVm04MGJXOWFRMXB1VkVwVFQxRRAB,"Casa Fresco, HSR: All",Guru Prasad,100043618133204609026,True,5,Good ambience and nice place to hang out with friends,0,5 months ago,"{""food"": 5, ""service_rating"": 5, ""atmosphere"": 5}"
"Casa Fresco, HSR: All-Day Dining & Café",080 4992 7445,"73, 27th Main Rd, Phase 3, 1st Sector, HSR Layout, Bengaluru, Karnataka 560102",12.9207539,77.650514,Restaurant,http://www.casafresco.in/,Ci9DQUlRQUNvZENodHljRjlvT2tFMlNHMXBXVnBSZUd0eE5XeDZURkZtZDJjeWNsRRAB,"Casa Fresco, HSR: All",Hari A V,117498012056816069907,True,5,"Lot of variety from Chinese to Pasta to Sandwiches .. need multiple visits to explore all options. We ordered a mix of Chinese starters and pizza .. all tasty and a bit spicy which I personally liked, but did not go well with my 10 year old.. I would definitely go back here to try more",0,5 months ago,"{""meal_type"": ""Lunch"", ""price_per_person"": ""₹400–600"", ""food"": 5, ""service_rating"": 3, ""atmosphere"": 4, ""noise_level"": ""Quiet, easy to talk"", ""wait_time"": ""Up to 10 min"", ""vegetarian_recommendation"": ""Somewhat recommend"", ""vegetarian_offerings"": ""Clearly labeled vegetarian dishes"", ""parking_space"": ""Somewhat difficult to find parking"", ""parking_options"": ""Free street parking""}"
"Casa Fresco, HSR: All-Day Dining & Café",080 4992 7445,"73, 27th Main Rd, Phase 3, 1st Sector, HSR Layout, Bengaluru, Karnataka 560102",12.9207539,77.650514,Restaurant,http://www.casafresco.in/,Ci9DQUlRQUNvZENodHljRjlvT2tWU1N6SXpORUZLVGxSRGQwTldNM1JSZWtaM2FGRRAB,"Casa Fresco, HSR: All",Roshni Chettry,109744271475234838699,False,5,Karuna was of great service and a very jolly and polite host to us. It was a good experience.,0,5 months ago,"{""meal_type"": ""Other"", ""price_per_person"": ""₹200–400"", ""noise_level"": ""Quiet, easy to talk"", ""wait_time"": ""No wait""}"
"Casa Fresco, HSR: All-Day Dining & Café",080 4992 7445,"73, 27th Main Rd, Phase 3, 1st Sector, HSR Layout, Bengaluru, Karnataka 560102",12.9207539,77.650514,Restaurant,http://www.casafresco.in/,Ci9DQUlRQUNvZENodHljRjlvT25Bek1uVjZTMWw2WkhFemVFSllURlZOU1RJMVYwRRAB,"Casa Fresco, HSR: All",Aarshad Ramesh,100789444020259077070,True,4,,0,5 months ago,"{""meal_type"": ""Brunch"", ""price_per_person"": ""₹400–600"", ""food"": 4, ""service_rating"": 4, ""atmosphere"": 5, ""noise_level"": ""Quiet, easy to talk"", ""wait_time"": ""10-30 min"", ""parking_space"": ""Difficult to find parking""}"
"Casa Fresco, HSR: All-Day Dining & Café",080 4992 7445,"73, 27th Main Rd, Phase 3, 1st Sector, HSR Layout, Bengaluru, Karnataka 560102",12.9207539,77.650514,Restaurant,http://www.casafresco.in/,Ci9DQUlRQUNvZENodHljRjlvT25kT1gwZHlORUZCUW5Gbk16a3RUM0ZEV0VzMlpYYxAB,"Casa Fresco, HSR: All",Krishanu Shah,104151790084182564986,False,5,,0,5 months ago,"{""meal_type"": ""Dinner"", ""price_per_person"": ""₹400–600"", ""food"": 5, ""service_rating"": 4, ""atmosphere"": 5, ""noise_level"": ""Moderate noise"", ""wait_time"": ""10-30 min"", ""vegetarian_recommendation"": ""Highly recommend"", ""vegetarian_offerings"": ""Large vegetarian selection, Vegetarian menu or section"", ""parking_options"": ""Free street parking, Valet""}"
"Casa Fresco, HSR: All-Day Dining & Café",080 4992 7445,"73, 27th Main Rd, Phase 3, 1st Sector, HSR Layout, Bengaluru, Karnataka 560102",12.9207539,77.650514,Restaurant,http://www.casafresco.in/,Ci9DQUlRQUNvZENodHljRjlvT25sNWEwbGZVVEYxTjFwU1h6VlRVR3B3TUdJM04zYxAB,"Casa Fresco, HSR: All",Gautam Jain,104880102858805148305,True,4,,0,5 months ago,"{""meal_type"": ""Dinner"", ""price_per_person"": ""₹200–400"", ""food"": 4, ""service_rating"": 5, ""atmosphere"": 5, ""noise_level"": ""Quiet, easy to talk"", ""wait_time"": ""No wait""}"
"Casa Fresco, HSR: All-Day Dining & Café",080 4992 7445,"73, 27th Main Rd, Phase 3, 1st Sector, HSR Layout, Bengaluru, Karnataka 560102",12.9207539,77.650514,Restaurant,http://www.casafresco.in/,Ci9DQUlRQUNvZENodHljRjlvT2tnMGFuZGtaemhMVTNWdlNrb3pjVjlVVEhOV1lXYxAB,"Casa Fresco, HSR: All",Alok Rai,113244752735434589952,False,4,Nice place,0,5 months ago,"{""meal_type"": ""Lunch"", ""food"": 4, ""service_rating"": 4, ""atmosphere"": 4, ""noise_level"": ""Quiet, easy to talk"", ""wait_time"": ""No wait""}"
"Casa Fresco, HSR: All-Day Dining & Café",080 4992 7445,"73, 27th Main Rd, Phase 3, 1st Sector, HSR Layout, Bengaluru, Karnataka 560102",12.9207539,77.650514,Restaurant,http://www.casafresco.in/,Ci9DQUlRQUNvZENodHljRjlvT2tweWVWQnJNWGxYVEhKYVZtTlJTemhFY1VwemIwRRAB,"Casa Fresco, HSR: All",Nitin Vinayak Agrawal,102525673193767732831,True,5,,0,5 months ago,
"Casa Fresco, HSR: All-Day Dining & Café",080 4992 7445,"73, 27th Main Rd, Phase 3, 1st Sector, HSR Layout, Bengaluru, Karnataka 560102",12.9207539,77.650514,Restaurant,http://www.casafresco.in/,Ci9DQUlRQUNvZENodHljRjlvT25OdE9VWnJXbDl6WmpoQlEyOUNSR1pOWVZJNWRWRRAB,"Casa Fresco, HSR: All",bsmanjunath Vijayanagara,113136707017420084699,False,5,,0,5 months ago,"{""meal_type"": ""Breakfast"", ""price_per_person"": ""₹200–400"", ""food"": 5, ""service_rating"": 5, ""atmosphere"": 5, ""noise_level"": ""Very quiet"", ""wait_time"": ""No wait""}"
"Casa Fresco, HSR: All-Day Dining & Café",080 4992 7445,"73, 27th Main Rd, Phase 3, 1st Sector, HSR Layout, Bengaluru, Karnataka 560102",12.9207539,77.650514,Restaurant,http://www.casafresco.in/,Ci9DQUlRQUNvZENodHljRjlvT2tsWlQxRjRUVVY1UzJFeFNGTlhiV0Z4YjJGc01sRRAB,"Casa Fresco, HSR: All",Yogi Appu,100901269072482372625,False,5,,0,5 months ago,"{""food"": 5, ""service_rating"": 5, ""atmosphere"": 5}"
"Casa Fresco, HSR: All-Day Dining & Café",080 4992 7445,"73, 27th Main Rd, Phase 3, 1st Sector, HSR Layout, Bengaluru, Karnataka 560102",12.9207539,77.650514,Restaurant,http://www.casafresco.in/,Ci9DQUlRQUNvZENodHljRjlvT25sZmFXbGZVV296YjBOV1JGaHhTR3ROTlZKdllVRRAB,"Casa Fresco, HSR: All",Bharath Kota (Ksb),114719584813124488929,True,4,Its good food. Can go anytime and enjoy.  Food: * Jalapeno cheese balls - good. * Chicken sausage - average * Fruit Boba burst - Blueberry drink was good. *Hot chocolate -  was a bit too sweet  Ambience: * Decent to sit and enjoy in small groups upto 4. * The tables and all were a bit small so difficult to manage * Night lighting isn't that great. Some of them come right at eyes so a bit uncomfortable. Heard experience during daytime is much better,0,5 months ago,"{""meal_type"": ""Dinner"", ""price_per_person"": ""₹600–800"", ""food"": 4, ""service_rating"": 4, ""atmosphere"": 4, ""noise_level"": ""Moderate noise"", ""wait_time"": ""Up to 10 min""}"
"Casa Fresco, HSR: All-Day Dining & Café",080 4992 7445,"73, 27th Main Rd, Phase 3, 1st Sector, HSR Layout, Bengaluru, Karnataka 560102",12.9207539,77.650514,Restaurant,http://www.casafresco.in/,Ci9DQUlRQUNvZENodHljRjlvT2podFNERmtRbmRhWm5jMVNGWjFlRzFDVDJsT09VRRAB,"Casa Fresco, HSR: All",Anandakrishnan Starly,113659525761052141570,False,3,We ordered chicken nuggets which was very dry and the service was not that good I felt...we had to flap our hands for the waiter to see us.. it felt bad.,0,5 months ago,"{""meal_type"": ""Dinner"", ""food"": 3, ""service_rating"": 3, ""atmosphere"": 4}"
"Casa Fresco, HSR: All-Day Dining & Café",080 4992 7445,"73, 27th Main Rd, Phase 3, 1st Sector, HSR Layout, Bengaluru, Karnataka 560102",12.9207539,77.650514,Restaurant,http://www.casafresco.in/,Ci9DQUlRQUNvZENodHljRjlvT2t4amNWTnRaazF4VEV0cU1WcEhiWGR0Y1c1RVpGRRAB,"Casa Fresco, HSR: All",Annapurna,105179222196748110700,True,3,"Pretty place in HSR Bengaluru, serving a variety of foods, has good service but food is just average. I tried their Farmhouse breakfast which tasted okay - veggies were good but mashed potato was quite bad, and beans were too sweet.",0,5 months ago,"{""meal_type"": ""Breakfast"", ""price_per_person"": ""₹200–400"", ""food"": 3, ""service_rating"": 4, ""atmosphere"": 4, ""group_size"": ""3-4 people"", ""wait_time"": ""No wait""}"
"Casa Fresco, HSR: All-Day Dining & Café",080 4992 7445,"73, 27th Main Rd, Phase 3, 1st Sector, HSR Layout, Bengaluru, Karnataka 560102",12.9207539,77.650514,Restaurant,http://www.casafresco.in/,Ci9DQUlRQUNvZENodHljRjlvT21VM1VGRk5WR1ZrZWtSb2RHWjNjRGd6WlZwZmRIYxAB,"Casa Fresco, HSR: All",Mithuna Anand,102250709886389012866,True,4,,0,5 months ago,"{""meal_type"": ""Brunch"", ""price_per_person"": ""₹400–600"", ""food"": 4, ""service_rating"": 4, ""atmosphere"": 5, ""group_size"": ""Suitable for all group sizes"", ""wait_time"": ""No wait""}"
"Casa Fresco, HSR: All-Day Dining & Café",080 4992 7445,"73, 27th Main Rd, Phase 3, 1st Sector, HSR Layout, Bengaluru, Karnataka 560102",12.9207539,77.650514,Restaurant,http://www.casafresco.in/,Ci9DQUlRQUNvZENodHljRjlvT2xGa1RHOTBWbVJLZEhKSFRVVklXRlZKV1Voek1sRRAB,"Casa Fresco, HSR: All",Khushboo Dutta,109337426356079641372,True,5,,0,5 months ago,"{""meal_type"": ""Lunch"", ""price_per_person"": ""₹400–600"", ""food"": 5, ""service_rating"": 5, ""atmosphere"": 5}"
"Casa Fresco, HSR: All-Day Dining & Café",080 4992 7445,"73, 27th Main Rd, Phase 3, 1st Sector, HSR Layout, Bengaluru, Karnataka 560102",12.9207539,77.650514,Restaurant,http://www.casafresco.in/,Ci9DQUlRQUNvZENodHljRjlvT2tGcGFIRjVXbDlYVVhNd01VcDVkWG81WlRZMWFuYxAB,"Casa Fresco, HSR: All",kewal s nair,106774697699797493170,True,5,"I like the unique concept and the structure of this cafe. Apart from the fact that it has a slight delay in serving food, everything else was great. It’s an amazing place to work and have some snacks alongside (not recommended on weekends tho). My personal favourite was the sizzler. The food was delicious…..I will definitely come again.",0,5 months ago,"{""meal_type"": ""Dinner"", ""price_per_person"": ""₹1,800–2,000"", ""food"": 5, ""service_rating"": 3, ""atmosphere"": 5}"
"Casa Fresco, HSR: All-Day Dining & Café",080 4992 7445,"73, 27th Main Rd, Phase 3, 1st Sector, HSR Layout, Bengaluru, Karnataka 560102",12.9207539,77.650514,Restaurant,http://www.casafresco.in/,Ci9DQUlRQUNvZENodHljRjlvT2xGMllsQldYMGhNV25obFRGcEliRVpPTkhSNmJsRRAB,"Casa Fresco, HSR: All",Sanket Deb,110668404883161585035,True,5,"Amazing place to have a chill session, great food, better staff and service",0,5 months ago,"{""meal_type"": ""Other"", ""price_per_person"": ""₹400–600"", ""food"": 5, ""service_rating"": 5, ""atmosphere"": 5, ""wait_time"": ""No wait""}"
"Casa Fresco, HSR: All-Day Dining & Café",080 4992 7445,"73, 27th Main Rd, Phase 3, 1st Sector, HSR Layout, Bengaluru, Karnataka 560102",12.9207539,77.650514,Restaurant,http://www.casafresco.in/,Ci9DQUlRQUNvZENodHljRjlvT25KUVJtbGZlREkzUzFJeGR6UjVaRGxmVTBsSU9GRRAB,"Casa Fresco, HSR: All",Ankitha Sarika Reddy,117782306784496059663,False,5,"Casa Fresco is a wonderful place to enjoy a relaxed meal. The food is tasty and beautifully presented. The staff is attentive and friendly, ensuring a pleasant experience. Highly recommend for family dinners or casual outings.",0,5 months ago,"{""meal_type"": ""Lunch"", ""price_per_person"": ""₹1–200"", ""food"": 5, ""service_rating"": 5, ""atmosphere"": 5}"
"Casa Fresco, HSR: All-Day Dining & Café",080 4992 7445,"73, 27th Main Rd, Phase 3, 1st Sector, HSR Layout, Bengaluru, Karnataka 560102",12.9207539,77.650514,Restaurant,http://www.casafresco.in/,ChZDSUhNMG9nS0VJQ0FnTUNBN3Fxc1R3EAE,"Casa Fresco, HSR: All",abhinav Sharma,115343074518016583919,True,4,"Ideal for a weekday visit as too crowded on weekends. Food is great, atmosphere and ambience too is fine in the little space they have . Since the setting is slightly congested, better to go in non peak hours. Try the bobba tea and coffee for sure and pizzas are great",0,Edited 5 months ago,"{""food"": 4, ""service_rating"": 4, ""atmosphere"": 4}"
"Casa Fresco, HSR: All-Day Dining & Café",080 4992 7445,"73, 27th Main Rd, Phase 3, 1st Sector, HSR Layout, Bengaluru, Karnataka 560102",12.9207539,77.650514,Restaurant,http://www.casafresco.in/,Ci9DQUlRQUNvZENodHljRjlvT25Zd2RFVjZWakpvU2w5bVpsODBaRlZwZVhRM2NsRRAB,"Casa Fresco, HSR: All",Neeti Pokharna,101790153106770709336,True,1,Doesnt allow baby stroller,0,5 months ago,
"Casa Fresco, HSR: All-Day Dining & Café",080 4992 7445,"73, 27th Main Rd, Phase 3, 1st Sector, HSR Layout, Bengaluru, Karnataka 560102",12.9207539,77.650514,Restaurant,http://www.casafresco.in/,Ci9DQUlRQUNvZENodHljRjlvT2tKVVowOTNUblIxTkVwWFZHaFhXa1JVVm5nM04yYxAB,"Casa Fresco, HSR: All",Shubhangi Hamirbasia,118055960785879656561,False,1,The food was okay but the service ruined the entire experience. Took 40 mins for the food to arrive,0,5 months ago,"{""meal_type"": ""Dinner"", ""price_per_person"": ""₹200–400"", ""food"": 3, ""service_rating"": 1, ""atmosphere"": 2, ""noise_level"": ""Moderate noise"", ""wait_time"": ""No wait""}"
"Casa Fresco, HSR: All-Day Dining & Café",080 4992 7445,"73, 27th Main Rd, Phase 3, 1st Sector, HSR Layout, Bengaluru, Karnataka 560102",12.9207539,77.650514,Restaurant,http://www.casafresco.in/,Ci9DQUlRQUNvZENodHljRjlvT21ZeU5YRmZlV1l5VUY5SGFISldlbEk0YjNCaVExRRAB,"Casa Fresco, HSR: All",Sumitra Gurung,100156546074047096331,False,5,,0,5 months ago,"{""meal_type"": ""Dinner"", ""price_per_person"": ""₹400–600"", ""food"": 5, ""service_rating"": 5, ""atmosphere"": 5, ""noise_level"": ""Very quiet"", ""wait_time"": ""Up to 10 min""}"
"Casa Fresco, HSR: All-Day Dining & Café",080 4992 7445,"73, 27th Main Rd, Phase 3, 1st Sector, HSR Layout, Bengaluru, Karnataka 560102",12.9207539,77.650514,Restaurant,http://www.casafresco.in/,Ci9DQUlRQUNvZENodHljRjlvT2kxT05IbzBMWHBMV0hoTmNIWm9iMGt0VlhWNk4yYxAB,"Casa Fresco, HSR: All",Kunal Rathore,111095857283836842534,False,5,,0,5 months ago,
"Casa Fresco, HSR: All-Day Dining & Café",080 4992 7445,"73, 27th Main Rd, Phase 3, 1st Sector, HSR Layout, Bengaluru, Karnataka 560102",12.9207539,77.650514,Restaurant,http://www.casafresco.in/,Ci9DQUlRQUNvZENodHljRjlvT2tGSlV6ZGxjazl2UTBGdWFtMHpTVGRWT0RkWlptYxAB,"Casa Fresco, HSR: All",Madhusudan Malpally,102933854517880195813,False,3,,0,5 months ago,"{""service_rating"": 1, ""atmosphere"": 1, ""wait_time"": ""Up to 10 min"", ""vegetarian_recommendation"": ""Highly recommend"", ""parking_options"": ""Paid parking lot, Free street parking, Paid street parking, Paid parking garage, Parking is unavailable"", ""kid_friendliness"": ""U""}"
"Casa Fresco, HSR: All-Day Dining & Café",080 4992 7445,"73, 27th Main Rd, Phase 3, 1st Sector, HSR Layout, Bengaluru, Karnataka 560102",12.9207539,77.650514,Restaurant,http://www.casafresco.in/,Ci9DQUlRQUNvZENodHljRjlvT2xkMVJFVlhaRGhxTTJoNGFXMTBVMkZXV1hWNVNXYxAB,"Casa Fresco, HSR: All",Kiran Amit major,100587035832586756773,True,3,,0,5 months ago,"{""food"": 3, ""service_rating"": 3, ""atmosphere"": 3}"
"Casa Fresco, HSR: All-Day Dining & Café",080 4992 7445,"73, 27th Main Rd, Phase 3, 1st Sector, HSR Layout, Bengaluru, Karnataka 560102",12.9207539,77.650514,Restaurant,http://www.casafresco.in/,Ci9DQUlRQUNvZENodHljRjlvT25aWVkxUlVSa3hOTFVjNVNGVXhVVU5qWTA5RmJGRRAB,"Casa Fresco, HSR: All",SAUMYA PANDA,103101297606170608055,False,5,,0,5 months ago,"{""food"": 5, ""service_rating"": 5, ""atmosphere"": 5}"
"Casa Fresco, HSR: All-Day Dining & Café",080 4992 7445,"73, 27th Main Rd, Phase 3, 1st Sector, HSR Layout, Bengaluru, Karnataka 560102",12.9207539,77.650514,Restaurant,http://www.casafresco.in/,Ci9DQUlRQUNvZENodHljRjlvT21aRmRVeG9kek50WDNkVmVrcGFaamxZUm5oaFdFRRAB,"Casa Fresco, HSR: All",Rafikul Islam,116913555156369354570,False,5,,0,5 months ago,"{""food"": 5, ""service_rating"": 5, ""atmosphere"": 5}"
"Casa Fresco, HSR: All-Day Dining & Café",080 4992 7445,"73, 27th Main Rd, Phase 3, 1st Sector, HSR Layout, Bengaluru, Karnataka 560102",12.9207539,77.650514,Restaurant,http://www.casafresco.in/,Ci9DQUlRQUNvZENodHljRjlvT2pKdVpsbHJXVzVRWmtwT2FtMUNXa1p2YmpBeFJrRRAB,"Casa Fresco, HSR: All",Karthick k,111442800957553614258,True,5,,0,5 months ago,
"Casa Fresco, HSR: All-Day Dining & Café",080 4992 7445,"73, 27th Main Rd, Phase 3, 1st Sector, HSR Layout, Bengaluru, Karnataka 560102",12.9207539,77.650514,Restaurant,http://www.casafresco.in/,Ci9DQUlRQUNvZENodHljRjlvT2tob2RUTlZjamQzY3pOUlR6TjBaREp4TVVORmNrRRAB,"Casa Fresco, HSR: All",Manila Bishnoi,105944364045944297956,True,3,,0,5 months ago,"{""meal_type"": ""Brunch"", ""price_per_person"": ""₹1,200–1,400"", ""food"": 3, ""service_rating"": 4, ""atmosphere"": 4, ""noise_level"": ""Moderate noise"", ""wait_time"": ""10-30 min""}"
"Casa Fresco, HSR: All-Day Dining & Café",080 4992 7445,"73, 27th Main Rd, Phase 3, 1st Sector, HSR Layout, Bengaluru, Karnataka 560102",12.9207539,77.650514,Restaurant,http://www.casafresco.in/,Ci9DQUlRQUNvZENodHljRjlvT2xwM1IySmhjRXhmYzJsR2FIaGtPVWhHWXpCdlZGRRAB,"Casa Fresco, HSR: All",Sachin Gopakumar,110915512477555736884,True,5,,0,5 months ago,"{""meal_type"": ""Dinner"", ""price_per_person"": ""₹1–200"", ""food"": 5, ""service_rating"": 5, ""atmosphere"": 5, ""noise_level"": ""Quiet, easy to talk"", ""wait_time"": ""No wait""}"
"Casa Fresco, HSR: All-Day Dining & Café",080 4992 7445,"73, 27th Main Rd, Phase 3, 1st Sector, HSR Layout, Bengaluru, Karnataka 560102",12.9207539,77.650514,Restaurant,http://www.casafresco.in/,Ci9DQUlRQUNvZENodHljRjlvT2s0MFkxVnFhMmRUVWtGek4yYzNVV1JqVlhGTlJFRRAB,"Casa Fresco, HSR: All",Lijo Varghese,114699877510127393566,True,5,"Casa Fresco in HSR Layout is an inviting all-day café renowned for its bright, bungalow-style ambiance and a menu packed with Italian and American favorites. Recently visited for dinner, our group tried the pasta, pizza, burger, pancakes, and the Porky English breakfast. Every dish was satisfying, with the pasta standing out for its rich flavor and excellent texture.​  The ambience is calm and simple, featuring cozy, airy indoor and pleasant outdoor seating, making it a great place for casual evenings. The lighting is soft and the décor unfussy, which adds to the relaxed vibe and comfort, ideal for long conversations or unwinding after a day’s work.​  Service was warm and attentive, contributing to a pleasant dining experience. The menu is diverse, including options like sizzlers, bubble teas, and English breakfast, catering to various tastes and meal times. Food is freshly made, and the cafe is known for using wholesome, quality ingredients which is evident in every bite.​  However, one thing to note is the lack of dedicated parking. Street parking is available, but during busy hours, finding a spot might require some patience. Still, the overall experience more than makes up for this minor inconvenience. If you're looking for a cozy café with great food, Casa Fresco is definitely worth a visit.",0,5 months ago,"{""meal_type"": ""Dinner"", ""price_per_person"": ""₹600–800"", ""food"": 5, ""service_rating"": 5, ""atmosphere"": 5, ""noise_level"": ""Moderate noise"", ""wait_time"": ""No wait"", ""parking_space"": ""Difficult to find parking""}"
"Casa Fresco, HSR: All-Day Dining & Café",080 4992 7445,"73, 27th Main Rd, Phase 3, 1st Sector, HSR Layout, Bengaluru, Karnataka 560102",12.9207539,77.650514,Restaurant,http://www.casafresco.in/,Ci9DQUlRQUNvZENodHljRjlvT21sMGQyUXRkVWRSUTNOdlJ6QnBiUzFTY210Q2NGRRAB,"Casa Fresco, HSR: All",Santu Xettri,102134280973061212454,False,5,,0,5 months ago,"{""food"": 5, ""service_rating"": 5, ""atmosphere"": 5}"
"Casa Fresco, HSR: All-Day Dining & Café",080 4992 7445,"73, 27th Main Rd, Phase 3, 1st Sector, HSR Layout, Bengaluru, Karnataka 560102",12.9207539,77.650514,Restaurant,http://www.casafresco.in/,Ci9DQUlRQUNvZENodHljRjlvT2pCSVJFNHpURWh0V21SbmNHVlFZbEJRUmt4QmFtYxAB,"Casa Fresco, HSR: All",Kapil Siru Bohara,105466298780665358534,False,5,,0,5 months ago,"{""meal_type"": ""Breakfast"", ""food"": 5, ""service_rating"": 5, ""atmosphere"": 5, ""wait_time"": ""No wait"", ""seating_type"": ""Indoor dining area""}"
"Casa Fresco, HSR: All-Day Dining & Café",080 4992 7445,"73, 27th Main Rd, Phase 3, 1st Sector, HSR Layout, Bengaluru, Karnataka 560102",12.9207539,77.650514,Restaurant,http://www.casafresco.in/,Ci9DQUlRQUNvZENodHljRjlvT214UFZsQkVNbWxYVkRCMFRtVXdYMGRTY25WcE9GRRAB,"Casa Fresco, HSR: All",Dipak Nayak,116082727806838100536,False,5,,0,5 months ago,"{""food"": 5, ""service_rating"": 5, ""atmosphere"": 5}"
"Casa Fresco, HSR: All-Day Dining & Café",080 4992 7445,"73, 27th Main Rd, Phase 3, 1st Sector, HSR Layout, Bengaluru, Karnataka 560102",12.9207539,77.650514,Restaurant,http://www.casafresco.in/,Ci9DQUlRQUNvZENodHljRjlvT21wc2VVc3hjRVF0VkRobmRtVlNOVFpxYkVveVEwRRAB,"Casa Fresco, HSR: All",Gobinda Chanda,105053956355833301048,False,5,,0,5 months ago,"{""food"": 5, ""service_rating"": 5, ""atmosphere"": 5}"
"Casa Fresco, HSR: All-Day Dining & Café",080 4992 7445,"73, 27th Main Rd, Phase 3, 1st Sector, HSR Layout, Bengaluru, Karnataka 560102",12.9207539,77.650514,Restaurant,http://www.casafresco.in/,Ci9DQUlRQUNvZENodHljRjlvT2paT1FXdExNMVV0Tm1WZk1FVm1XRFZPY1hkSmVXYxAB,"Casa Fresco, HSR: All",Praveen Nagarajan,107511714284150424282,True,1,Super slow service regardless of when you come here. A simple sandwich takes like 40 mins and food is okish,0,5 months ago,"{""food"": 3, ""service_rating"": 1, ""atmosphere"": 2}"
"Casa Fresco, HSR: All-Day Dining & Café",080 4992 7445,"73, 27th Main Rd, Phase 3, 1st Sector, HSR Layout, Bengaluru, Karnataka 560102",12.9207539,77.650514,Restaurant,http://www.casafresco.in/,Ci9DQUlRQUNvZENodHljRjlvT25vemMyNUJlbFpyVVZOSlRYRXlSMFJhVUhSMGMzYxAB,"Casa Fresco, HSR: All",Deepak Kumar Deepu,114074618500107349302,False,5,,0,5 months ago,"{""meal_type"": ""Breakfast"", ""food"": 5, ""service_rating"": 5, ""atmosphere"": 5}"
"Casa Fresco, HSR: All-Day Dining & Café",080 4992 7445,"73, 27th Main Rd, Phase 3, 1st Sector, HSR Layout, Bengaluru, Karnataka 560102",12.9207539,77.650514,Restaurant,http://www.casafresco.in/,Ci9DQUlRQUNvZENodHljRjlvT2poM1RGZ3hlbGhuUzFoQlJuUlRUSFptWjBKcFdFRRAB,"Casa Fresco, HSR: All",Sudarshan Krishna,112753198660286589630,False,5,,0,5 months ago,"{""meal_type"": ""Breakfast"", ""food"": 5, ""service_rating"": 5, ""atmosphere"": 5}"
"Casa Fresco, HSR: All-Day Dining & Café",080 4992 7445,"73, 27th Main Rd, Phase 3, 1st Sector, HSR Layout, Bengaluru, Karnataka 560102",12.9207539,77.650514,Restaurant,http://www.casafresco.in/,Ci9DQUlRQUNvZENodHljRjlvT2paR1EwZGtRbEl4TldJelFrSk5ObXhzVVhOSWRWRRAB,"Casa Fresco, HSR: All",SaGaR BoHaRa,102356693102620585406,True,5,Very good product,0,5 months ago,
"Casa Fresco, HSR: All-Day Dining & Café",080 4992 7445,"73, 27th Main Rd, Phase 3, 1st Sector, HSR Layout, Bengaluru, Karnataka 560102",12.9207539,77.650514,Restaurant,http://www.casafresco.in/,Ci9DQUlRQUNvZENodHljRjlvT21oaE5WRlVWbXBVV0dwR1YwUldOWHAzYkcwMFNXYxAB,"Casa Fresco, HSR: All",Kapil s Bohara,114191683811843455440,False,5,,0,5 months ago,"{""food"": 5, ""service_rating"": 5, ""atmosphere"": 5, ""wait_time"": ""No wait""}"
"Casa Fresco, HSR: All-Day Dining & Café",080 4992 7445,"73, 27th Main Rd, Phase 3, 1st Sector, HSR Layout, Bengaluru, Karnataka 560102",12.9207539,77.650514,Restaurant,http://www.casafresco.in/,Ci9DQUlRQUNvZENodHljRjlvT2sxZmRWZFdWalpoUkZsWk5HRXpNR281ZEdFMldIYxAB,"Casa Fresco, HSR: All",Kapil Bohara,108035108703635224732,False,5,,0,5 months ago,"{""food"": 5, ""service_rating"": 5, ""atmosphere"": 5, ""wait_time"": ""No wait""}"
"Casa Fresco, HSR: All-Day Dining & Café",080 4992 7445,"73, 27th Main Rd, Phase 3, 1st Sector, HSR Layout, Bengaluru, Karnataka 560102",12.9207539,77.650514,Restaurant,http://www.casafresco.in/,Ci9DQUlRQUNvZENodHljRjlvT204eFUxSkVYMWRwVDAxS1dYZDRXa04wZVhjelUxRRAB,"Casa Fresco, HSR: All",Dhruba jyoti Gogoi,116088414264704958436,True,5,,0,5 months ago,"{""meal_type"": ""Other"", ""price_per_person"": ""₹200–400"", ""food"": 5, ""service_rating"": 5, ""atmosphere"": 5, ""group_size"": ""3-4 people""}"
"Casa Fresco, HSR: All-Day Dining & Café",080 4992 7445,"73, 27th Main Rd, Phase 3, 1st Sector, HSR Layout, Bengaluru, Karnataka 560102",12.9207539,77.650514,Restaurant,http://www.casafresco.in/,Ci9DQUlRQUNvZENodHljRjlvT2tOelJYZFdaRlkwTVMxT2RXdEtNMU54VkhCdFNsRRAB,"Casa Fresco, HSR: All",chandan,104139781389483858311,False,4,,0,5 months ago,"{""food"": 4, ""service_rating"": 3}"
"Casa Fresco, HSR: All-Day Dining & Café",080 4992 7445,"73, 27th Main Rd, Phase 3, 1st Sector, HSR Layout, Bengaluru, Karnataka 560102",12.9207539,77.650514,Restaurant,http://www.casafresco.in/,Ci9DQUlRQUNvZENodHljRjlvT21JM1J6WTFTVWRyY2pRNFYzRjJYMmxmWmxSYVpFRRAB,"Casa Fresco, HSR: All",Sanchita,100457466242490301369,False,5,,0,5 months ago,"{""food"": 5, ""service_rating"": 5, ""atmosphere"": 5}"
"Casa Fresco, HSR: All-Day Dining & Café",080 4992 7445,"73, 27th Main Rd, Phase 3, 1st Sector, HSR Layout, Bengaluru, Karnataka 560102",12.9207539,77.650514,Restaurant,http://www.casafresco.in/,Ci9DQUlRQUNvZENodHljRjlvT25VMVUxTnZWelZZWWtFd1kzRmFXVU50TnpJMVlYYxAB,"Casa Fresco, HSR: All",Aditya Dalal,102818930930126380558,False,1,,0,5 months ago,"{""meal_type"": ""Dinner"", ""price_per_person"": ""₹400–600"", ""food"": 1, ""service_rating"": 3, ""atmosphere"": 3, ""group_size"": ""3-4 people"", ""wait_time"": ""No wait""}"
"Casa Fresco, HSR: All-Day Dining & Café",080 4992 7445,"73, 27th Main Rd, Phase 3, 1st Sector, HSR Layout, Bengaluru, Karnataka 560102",12.9207539,77.650514,Restaurant,http://www.casafresco.in/,Ci9DQUlRQUNvZENodHljRjlvT25wbFZXdGtWVGxGVDJ4WlVtOWZTbGRyZUVobWJGRRAB,"Casa Fresco, HSR: All",Ranjeet Kumar,107344654131491816208,False,5,,0,5 months ago,"{""food"": 5, ""service_rating"": 5, ""atmosphere"": 5}"
"Casa Fresco, HSR: All-Day Dining & Café",080 4992 7445,"73, 27th Main Rd, Phase 3, 1st Sector, HSR Layout, Bengaluru, Karnataka 560102",12.9207539,77.650514,Restaurant,http://www.casafresco.in/,Ci9DQUlRQUNvZENodHljRjlvT21OaGNUUjBUMWxZYkZCbWNrb3dOUzFoT1c1VlVGRRAB,"Casa Fresco, HSR: All",Haider Ali,104923539931906703286,False,5,,0,5 months ago,"{""food"": 5, ""service_rating"": 5, ""atmosphere"": 5}"
"Casa Fresco, HSR: All-Day Dining & Café",080 4992 7445,"73, 27th Main Rd, Phase 3, 1st Sector, HSR Layout, Bengaluru, Karnataka 560102",12.9207539,77.650514,Restaurant,http://www.casafresco.in/,Ci9DQUlRQUNvZENodHljRjlvT25OU1JGODRWRTlSU2tKRlNWTnVOMHQxUjFOSmJYYxAB,"Casa Fresco, HSR: All",suresh mahal,102955319946553501929,False,5,,0,5 months ago,"{""food"": 5, ""service_rating"": 5, ""atmosphere"": 5}"
"Casa Fresco, HSR: All-Day Dining & Café",080 4992 7445,"73, 27th Main Rd, Phase 3, 1st Sector, HSR Layout, Bengaluru, Karnataka 560102",12.9207539,77.650514,Restaurant,http://www.casafresco.in/,Ci9DQUlRQUNvZENodHljRjlvT2tJNFZVNUZjSFpSUkZGc2FrWnZZbUUzV0ZSYWNXYxAB,"Casa Fresco, HSR: All",Kholilur Rahman,111160757022158336569,False,5,,0,5 months ago,"{""food"": 5, ""service_rating"": 5, ""atmosphere"": 5}"
"Casa Fresco, HSR: All-Day Dining & Café",080 4992 7445,"73, 27th Main Rd, Phase 3, 1st Sector, HSR Layout, Bengaluru, Karnataka 560102",12.9207539,77.650514,Restaurant,http://www.casafresco.in/,Ci9DQUlRQUNvZENodHljRjlvT2pWTmFGbEVVRGxUU1V0RWNWb3RNMVpQZFY5bVkwRRAB,"Casa Fresco, HSR: All",Monty Sadashiv,115865264696981813089,True,5,,0,5 months ago,"{""meal_type"": ""Dinner"", ""price_per_person"": ""₹600–800"", ""food"": 5, ""service_rating"": 5, ""atmosphere"": 5, ""group_size"": ""Suitable for all group sizes"", ""wait_time"": ""No wait"", ""parking_space"": ""Plenty of parking"", ""parking_options"": ""Free street parking""}"
"Casa Fresco, HSR: All-Day Dining & Café",080 4992 7445,"73, 27th Main Rd, Phase 3, 1st Sector, HSR Layout, Bengaluru, Karnataka 560102",12.9207539,77.650514,Restaurant,http://www.casafresco.in/,Ci9DQUlRQUNvZENodHljRjlvT21WemFqUXRPRXRWTWxGSlMxUTJSVWxYUzBrelpGRRAB,"Casa Fresco, HSR: All",Ashish Nahak,100684740660598232867,False,5,,0,5 months ago,"{""food"": 5, ""service_rating"": 5, ""atmosphere"": 5}"
"Casa Fresco, HSR: All-Day Dining & Café",080 4992 7445,"73, 27th Main Rd, Phase 3, 1st Sector, HSR Layout, Bengaluru, Karnataka 560102",12.9207539,77.650514,Restaurant,http://www.casafresco.in/,Ci9DQUlRQUNvZENodHljRjlvT2pCdlVXUjNPWFkwTTFOeVZWSkpUSEExZG5kQlluYxAB,"Casa Fresco, HSR: All",Aksar Alam,117984342598163988633,False,5,,0,5 months ago,"{""food"": 5, ""service_rating"": 5, ""atmosphere"": 5}"
"Casa Fresco, HSR: All-Day Dining & Café",080 4992 7445,"73, 27th Main Rd, Phase 3, 1st Sector, HSR Layout, Bengaluru, Karnataka 560102",12.9207539,77.650514,Restaurant,http://www.casafresco.in/,Ci9DQUlRQUNvZENodHljRjlvT2xoU1JFTm5SV1pvWmpsRVJWVlZRekJ0TmtacmEzYxAB,"Casa Fresco, HSR: All",Deepak Yadav,117647375338883199610,False,5,,0,5 months ago,"{""food"": 5, ""service_rating"": 5, ""atmosphere"": 5}"
"Casa Fresco, HSR: All-Day Dining & Café",080 4992 7445,"73, 27th Main Rd, Phase 3, 1st Sector, HSR Layout, Bengaluru, Karnataka 560102",12.9207539,77.650514,Restaurant,http://www.casafresco.in/,Ci9DQUlRQUNvZENodHljRjlvT2xaVWFrMVRjbVIwUlhkTk5XcFVWV05tTVc5WFJHYxAB,"Casa Fresco, HSR: All",sukeerti verma,116640986035800741894,True,5,,0,5 months ago,"{""food"": 5, ""service_rating"": 5, ""atmosphere"": 5}"
"Casa Fresco, HSR: All-Day Dining & Café",080 4992 7445,"73, 27th Main Rd, Phase 3, 1st Sector, HSR Layout, Bengaluru, Karnataka 560102",12.9207539,77.650514,Restaurant,http://www.casafresco.in/,Ci9DQUlRQUNvZENodHljRjlvT25SSlZVMTBWRTFMVWpkU1ltRkJSMEZOVEdkUWMwRRAB,"Casa Fresco, HSR: All",Moaksh Kakkar,118415008489295251385,False,5,,0,5 months ago,"{""meal_type"": ""Dinner"", ""price_per_person"": ""₹600–800"", ""food"": 5, ""service_rating"": 5, ""atmosphere"": 5}"
"Casa Fresco, HSR: All-Day Dining & Café",080 4992 7445,"73, 27th Main Rd, Phase 3, 1st Sector, HSR Layout, Bengaluru, Karnataka 560102",12.9207539,77.650514,Restaurant,http://www.casafresco.in/,Ci9DQUlRQUNvZENodHljRjlvT2xselYybGhWRU01WDBkdWQxbHdibHBPZUdFeFVGRRAB,"Casa Fresco, HSR: All",Himanshu Chhangani,118326082989025063010,True,5,"Casa Fresco in HSR is a great find — the food is delicious, the service is genuinely warm, and the pricing is very reasonable for the quality they offer. A solid spot for a satisfying and cost-effective meal. Highly recommended!",0,5 months ago,"{""meal_type"": ""Dinner"", ""price_per_person"": ""₹400–600"", ""food"": 5, ""service_rating"": 5, ""atmosphere"": 5, ""group_size"": ""3-4 people"", ""wait_time"": ""No wait""}"
"Casa Fresco, HSR: All-Day Dining & Café",080 4992 7445,"73, 27th Main Rd, Phase 3, 1st Sector, HSR Layout, Bengaluru, Karnataka 560102",12.9207539,77.650514,Restaurant,http://www.casafresco.in/,Ci9DQUlRQUNvZENodHljRjlvT2pZd2FVUXdZVU5xYVdaSmJWVk9ia0ZYTlZGRmEyYxAB,"Casa Fresco, HSR: All",Ankita Sinha,113808513913736835841,False,4,,0,5 months ago,"{""price_per_person"": ""₹800–1,000"", ""food"": 4, ""service_rating"": 3, ""atmosphere"": 4}"
"Casa Fresco, HSR: All-Day Dining & Café",080 4992 7445,"73, 27th Main Rd, Phase 3, 1st Sector, HSR Layout, Bengaluru, Karnataka 560102",12.9207539,77.650514,Restaurant,http://www.casafresco.in/,Ci9DQUlRQUNvZENodHljRjlvT200eVZUZ3RibFZTT1RjM1ZtcG1OVkppVEdGVE5XYxAB,"Casa Fresco, HSR: All",Karthic Chandran,112602007579429955361,True,5,,0,5 months ago,"{""meal_type"": ""Dinner"", ""price_per_person"": ""₹400–600"", ""food"": 5, ""service_rating"": 4, ""atmosphere"": 5, ""group_size"": ""2 people"", ""wait_time"": ""Up to 10 min""}"
"Casa Fresco, HSR: All-Day Dining & Café",080 4992 7445,"73, 27th Main Rd, Phase 3, 1st Sector, HSR Layout, Bengaluru, Karnataka 560102",12.9207539,77.650514,Restaurant,http://www.casafresco.in/,Ci9DQUlRQUNvZENodHljRjlvT2pobVR6Um1WbFZRT1ZOMVQwVk1VM3BVTnpSMlMyYxAB,"Casa Fresco, HSR: All",Santaz Sahithi (SS),110696835464431882221,True,1,Service is super slow 🦥 Food is average Ambience is great 👍,0,5 months ago,"{""meal_type"": ""Dinner"", ""price_per_person"": ""₹400–600"", ""food"": 1, ""service_rating"": 1, ""atmosphere"": 3, ""group_size"": ""2 people"", ""wait_time"": ""No wait""}"
"Casa Fresco, HSR: All-Day Dining & Café",080 4992 7445,"73, 27th Main Rd, Phase 3, 1st Sector, HSR Layout, Bengaluru, Karnataka 560102",12.9207539,77.650514,Restaurant,http://www.casafresco.in/,Ci9DQUlRQUNvZENodHljRjlvT2s0MlQzRjVSWGhJVVV0cE5IbHljWHBvWjFKWmNVRRAB,"Casa Fresco, HSR: All",Sohini Samanta,112544186168918697819,True,4,,0,5 months ago,"{""meal_type"": ""Breakfast"", ""food"": 4, ""service_rating"": 4, ""atmosphere"": 4}"
"Casa Fresco, HSR: All-Day Dining & Café",080 4992 7445,"73, 27th Main Rd, Phase 3, 1st Sector, HSR Layout, Bengaluru, Karnataka 560102",12.9207539,77.650514,Restaurant,http://www.casafresco.in/,Ci9DQUlRQUNvZENodHljRjlvT2s0NGVVRjBYMUZaU0dGMmFGbGFaVkF5VUU4NFlYYxAB,"Casa Fresco, HSR: All",Saahil Janardhan,111930208871349988535,False,5,,0,5 months ago,"{""food"": 5, ""service_rating"": 5, ""atmosphere"": 5}"
"Casa Fresco, HSR: All-Day Dining & Café",080 4992 7445,"73, 27th Main Rd, Phase 3, 1st Sector, HSR Layout, Bengaluru, Karnataka 560102",12.9207539,77.650514,Restaurant,http://www.casafresco.in/,Ci9DQUlRQUNvZENodHljRjlvT2tOc1RXZExaVGRqVTJ4c2VVeHhaMlJRVTBnMWVYYxAB,"Casa Fresco, HSR: All",sowmya VK,103065586602439476800,True,5,Lovely food... especially the pizzas,0,5 months ago,"{""meal_type"": ""Lunch"", ""price_per_person"": ""₹800–1,000"", ""food"": 5, ""service_rating"": 4, ""atmosphere"": 4, ""special_events"": ""No special event"", ""wait_time"": ""No wait"", ""parking_space"": ""Somewhat difficult to find parking"", ""parking_options"": ""Free street parking"", ""kid_friendliness"": ""Kids + pet friendly""}"
"Casa Fresco, HSR: All-Day Dining & Café",080 4992 7445,"73, 27th Main Rd, Phase 3, 1st Sector, HSR Layout, Bengaluru, Karnataka 560102",12.9207539,77.650514,Restaurant,http://www.casafresco.in/,Ci9DQUlRQUNvZENodHljRjlvT25sVE1YWTFYMmhtT1VSYVVtVmZRbUZCYm5WUVVrRRAB,"Casa Fresco, HSR: All",Nisha Sonwani,108245772511762234145,False,5,,0,5 months ago,"{""price_per_person"": ""₹200–400"", ""food"": 5, ""service_rating"": 5, ""atmosphere"": 5, ""wait_time"": ""No wait""}"
"Casa Fresco, HSR: All-Day Dining & Café",080 4992 7445,"73, 27th Main Rd, Phase 3, 1st Sector, HSR Layout, Bengaluru, Karnataka 560102",12.9207539,77.650514,Restaurant,http://www.casafresco.in/,Ci9DQUlRQUNvZENodHljRjlvT214WFVFdEdPVVZGUTJVM1ExOWhSMDVHVTBSVWJXYxAB,"Casa Fresco, HSR: All",Vishal Sunil,105554881274972757255,False,3,,0,5 months ago,"{""food"": 3, ""service_rating"": 3, ""atmosphere"": 2}"
"Casa Fresco, HSR: All-Day Dining & Café",080 4992 7445,"73, 27th Main Rd, Phase 3, 1st Sector, HSR Layout, Bengaluru, Karnataka 560102",12.9207539,77.650514,Restaurant,http://www.casafresco.in/,Ci9DQUlRQUNvZENodHljRjlvT2pKU2RqZDFWRVV0VmxWYVUxVmlZbFZoVXpOU1dGRRAB,"Casa Fresco, HSR: All",Hrishikesh Baruah,109015809003414839228,True,4,"Great ambience is what you realize once you enter, as the approach alley is pretty crowded from the main road & doesn’t gives an impression there’s a wonderful cafe waiting for you. Perfect for that early weekend lazy breakfast or brunch spot.  We ordered the Full monty and while the food was amazing I felt the potion size (only 1 piece of bacon for eg) was small. The taste of the platter was otherwise hearty. And then to top it all a delicious sip of ginger tea and turkish coffee to whisk all the last weekday’s tension away.",0,5 months ago,"{""meal_type"": ""Breakfast"", ""price_per_person"": ""₹400–600"", ""food"": 4, ""service_rating"": 5, ""atmosphere"": 5, ""wait_time"": ""No wait"", ""parking_space"": ""Somewhat difficult to find parking"", ""parking_options"": ""Free street parking""}"
"Casa Fresco, HSR: All-Day Dining & Café",080 4992 7445,"73, 27th Main Rd, Phase 3, 1st Sector, HSR Layout, Bengaluru, Karnataka 560102",12.9207539,77.650514,Restaurant,http://www.casafresco.in/,Ci9DQUlRQUNvZENodHljRjlvT2xRMWRVeHNkV3cxWjE4eWEyUkRaRVZ6VDNkbVJVRRAB,"Casa Fresco, HSR: All",Anita,109066065506074223498,True,3,I visited here during lunch time with friends on weekend. Place was good for spending some time. We order cold coffee and it was good.,0,5 months ago,"{""meal_type"": ""Lunch"", ""price_per_person"": ""₹400–600"", ""food"": 3, ""service_rating"": 3, ""atmosphere"": 4, ""wait_time"": ""Up to 10 min"", ""seating_type"": ""Outdoor patio / terrace""}"
"Casa Fresco, HSR: All-Day Dining & Café",080 4992 7445,"73, 27th Main Rd, Phase 3, 1st Sector, HSR Layout, Bengaluru, Karnataka 560102",12.9207539,77.650514,Restaurant,http://www.casafresco.in/,Ci9DQUlRQUNvZENodHljRjlvT2xwdFVtVTJVRTk2YjNwU1ZVdFFMWE4zUTNwRFJHYxAB,"Casa Fresco, HSR: All",Nikhil Sai,116017186477384644261,False,4,,0,5 months ago,"{""meal_type"": ""Other"", ""price_per_person"": ""₹600–800"", ""food"": 3, ""service_rating"": 4, ""atmosphere"": 5, ""wait_time"": ""No wait""}"
"Casa Fresco, HSR: All-Day Dining & Café",080 4992 7445,"73, 27th Main Rd, Phase 3, 1st Sector, HSR Layout, Bengaluru, Karnataka 560102",12.9207539,77.650514,Restaurant,http://www.casafresco.in/,Ci9DQUlRQUNvZENodHljRjlvT2xGNlZIRTRSMFJXT0ZOWU5HcExaSEZMUVRKa2QwRRAB,"Casa Fresco, HSR: All",Einstein Wilson,107237605017020424157,True,5,,0,5 months ago,
"Casa Fresco, HSR: All-Day Dining & Café",080 4992 7445,"73, 27th Main Rd, Phase 3, 1st Sector, HSR Layout, Bengaluru, Karnataka 560102",12.9207539,77.650514,Restaurant,http://www.casafresco.in/,Ci9DQUlRQUNvZENodHljRjlvT2w5VGVrTjRibFJsYVdnM1ZWSlhWR015VlRoS1kwRRAB,"Casa Fresco, HSR: All",Smita Balsaraf,111107585560073592680,False,5,This restaurant cafe delivers a satisfying dining experience. I loved the pasta and grilled options which had balanced flavors and fresh ingredients. Portions are generous and ideal for sharing. The place stays busy but the service remains smooth. The comfortable seating and pleasant background music make it suitable for casual hangouts.,0,5 months ago,
"Casa Fresco, HSR: All-Day Dining & Café",080 4992 7445,"73, 27th Main Rd, Phase 3, 1st Sector, HSR Layout, Bengaluru, Karnataka 560102",12.9207539,77.650514,Restaurant,http://www.casafresco.in/,Ci9DQUlRQUNvZENodHljRjlvT2tObVUzTjZNRlpEYzJ0TGRtUnRkMHBLVG5sRFZGRRAB,"Casa Fresco, HSR: All",Subhashis Sahoo (Sub),107002426143750180810,False,4,,0,5 months ago,
"Casa Fresco, HSR: All-Day Dining & Café",080 4992 7445,"73, 27th Main Rd, Phase 3, 1st Sector, HSR Layout, Bengaluru, Karnataka 560102",12.9207539,77.650514,Restaurant,http://www.casafresco.in/,Ci9DQUlRQUNvZENodHljRjlvT2pCUlYyTmlhWHBpUlZaalRYbEVTMWRmU0VsTVkyYxAB,"Casa Fresco, HSR: All",Shreyansh Mehra,102005026695920138211,False,2,"We had a really bad experience at Casa Fresco. First, our orders were taken and they forgot to place it in the system, despite us asking the service staff multiple times where our food was. An hour and a half in, the manager comes and says we have no order for your table.  They did rectify it and apologise, however once the food came, the sizzler was burnt and the iced americano was room temperature. The other item we ordered was decent, hence the two stars. Overall, not a good experience.",0,Edited 5 months ago,"{""dining_mode"": ""Dine in"", ""price_per_person"": ""₹600–800"", ""food"": 2, ""service_rating"": 2, ""atmosphere"": 4}"
"Casa Fresco, HSR: All-Day Dining & Café",080 4992 7445,"73, 27th Main Rd, Phase 3, 1st Sector, HSR Layout, Bengaluru, Karnataka 560102",12.9207539,77.650514,Restaurant,http://www.casafresco.in/,Ci9DQUlRQUNvZENodHljRjlvT210emF6STJXRGhXWTNwdlExQk5XRGRLV2xoMk9GRRAB,"Casa Fresco, HSR: All",Sanjana B,107634916964168985818,False,5,Casa Fresco in HSR  is a nice place to sit with friends. The food tastes good and the staff is friendly. I tried the pasta and bubble tea and both were enjoyable. The seating area feels relaxed and not too crowded. Service time is fair. Overall it is a good spot for casual visits and short meetings.,0,5 months ago,
"Casa Fresco, HSR: All-Day Dining & Café",080 4992 7445,"73, 27th Main Rd, Phase 3, 1st Sector, HSR Layout, Bengaluru, Karnataka 560102",12.9207539,77.650514,Restaurant,http://www.casafresco.in/,Ci9DQUlRQUNvZENodHljRjlvT2tkcmNsb3pUazk1TWxCd01EaEhhRTVmUkROak5sRRAB,"Casa Fresco, HSR: All",Aiswarya Babu Shelvi,114552032139095894722,False,5,,0,5 months ago,
"Casa Fresco, HSR: All-Day Dining & Café",080 4992 7445,"73, 27th Main Rd, Phase 3, 1st Sector, HSR Layout, Bengaluru, Karnataka 560102",12.9207539,77.650514,Restaurant,http://www.casafresco.in/,Ci9DQUlRQUNvZENodHljRjlvT2tSWlpYVTRWRGQ2ZUVkUVlrbzJla3d0ZW1jNVFXYxAB,"Casa Fresco, HSR: All",smitha Joshi,103637742991193178912,False,5,Casa Fresco stands out for its tasty food and thoughtful service. The cafe classics like sandwiches and steaks are nicely prepared and full of flavor. The drinks menu is wide with good coffee and refreshing bubble tea. Overall the experience feels consistent each time I visit,0,5 months ago,"{""meal_type"": ""Dinner"", ""food"": 5, ""service_rating"": 5, ""atmosphere"": 5}"
"Casa Fresco, HSR: All-Day Dining & Café",080 4992 7445,"73, 27th Main Rd, Phase 3, 1st Sector, HSR Layout, Bengaluru, Karnataka 560102",12.9207539,77.650514,Restaurant,http://www.casafresco.in/,Ci9DQUlRQUNvZENodHljRjlvT2xOS1NuVjBkMk5PVFVoaFRtY3hla2gyUkdadldtYxAB,"Casa Fresco, HSR: All",Shruti Bhide,107902942709566976009,False,5,Casa Fresco offers great choices for breakfast and snacks. The pancakes and sandwiches were fresh and tasty. The restaurant is airy with nice natural light. The staff is polite. Ideal for catching up with friends.,0,5 months ago,"{""food"": 5, ""service_rating"": 5, ""atmosphere"": 5}"
"Casa Fresco, HSR: All-Day Dining & Café",080 4992 7445,"73, 27th Main Rd, Phase 3, 1st Sector, HSR Layout, Bengaluru, Karnataka 560102",12.9207539,77.650514,Restaurant,http://www.casafresco.in/,Ci9DQUlRQUNvZENodHljRjlvT2todkxXbGtaMnBKUld3eGVqUkxXVXd4WVZCNU4xRRAB,"Casa Fresco, HSR: All",Deepali Sareen,112417331864881220215,True,5,"One of my favorite places for breakfast in HSR. Services are quite slow, but the food is delicious and the vibe is relaxing!",0,5 months ago,"{""meal_type"": ""Breakfast"", ""price_per_person"": ""₹600–800"", ""food"": 5, ""service_rating"": 2, ""atmosphere"": 5, ""noise_level"": ""Quiet, easy to talk"", ""wait_time"": ""Up to 10 min""}"
"Casa Fresco, HSR: All-Day Dining & Café",080 4992 7445,"73, 27th Main Rd, Phase 3, 1st Sector, HSR Layout, Bengaluru, Karnataka 560102",12.9207539,77.650514,Restaurant,http://www.casafresco.in/,Ci9DQUlRQUNvZENodHljRjlvT25oUVV6UXhVV2Q2VERSSGVXUnJUMWxPYTFoTGMwRRAB,"Casa Fresco, HSR: All",Silent Knight,113850450861377791695,False,5,"Achumi served our table. She was very attentive and serves us well and quick, made our dining experience awesome.",0,5 months ago,"{""food"": 5, ""service_rating"": 5, ""atmosphere"": 5, ""noise_level"": ""Very quiet""}"
"Casa Fresco, HSR: All-Day Dining & Café",080 4992 7445,"73, 27th Main Rd, Phase 3, 1st Sector, HSR Layout, Bengaluru, Karnataka 560102",12.9207539,77.650514,Restaurant,http://www.casafresco.in/,Ci9DQUlRQUNvZENodHljRjlvT2toYU5WRTRZV2RrYkV0RVNuVmFjVWR1ZUdRNFFtYxAB,"Casa Fresco, HSR: All",Pankaj Pawar,101879064671584747097,False,3,,0,5 months ago,"{""meal_type"": ""Dinner"", ""food"": 2, ""service_rating"": 4, ""atmosphere"": 3}"
"Casa Fresco, HSR: All-Day Dining & Café",080 4992 7445,"73, 27th Main Rd, Phase 3, 1st Sector, HSR Layout, Bengaluru, Karnataka 560102",12.9207539,77.650514,Restaurant,http://www.casafresco.in/,Ci9DQUlRQUNvZENodHljRjlvT2tkUllXcFNObkpwTVVWV2RXbHhRME13ZFZaQ2VrRRAB,"Casa Fresco, HSR: All",Murali M,100465415922753003835,False,5,Good food,0,5 months ago,"{""food"": 5}"
"Casa Fresco, HSR: All-Day Dining & Café",080 4992 7445,"73, 27th Main Rd, Phase 3, 1st Sector, HSR Layout, Bengaluru, Karnataka 560102",12.9207539,77.650514,Restaurant,http://www.casafresco.in/,Ci9DQUlRQUNvZENodHljRjlvT21sdFNEaHlObTlITTFWMFNsUmxZVXA2WVdGVmNrRRAB,"Casa Fresco, HSR: All",garima agarwal,109923260249462251695,False,1,,0,5 months ago,"{""meal_type"": ""Dinner"", ""price_per_person"": ""₹400–600"", ""food"": 1, ""service_rating"": 2, ""atmosphere"": 3, ""wait_time"": ""No wait""}"
"Casa Fresco, HSR: All-Day Dining & Café",080 4992 7445,"73, 27th Main Rd, Phase 3, 1st Sector, HSR Layout, Bengaluru, Karnataka 560102",12.9207539,77.650514,Restaurant,http://www.casafresco.in/,Ci9DQUlRQUNvZENodHljRjlvT2taSFFsaGpWV3BtVmtkbVJXRnNUM2MwT0V4SU1GRRAB,"Casa Fresco, HSR: All",Aamir Kisku,102428593710076433489,False,5,Delicious food n atmosphere n service was very good by Achumi,0,5 months ago,"{""meal_type"": ""Lunch"", ""food"": 5, ""service_rating"": 5, ""atmosphere"": 5}"
"Casa Fresco, HSR: All-Day Dining & Café",080 4992 7445,"73, 27th Main Rd, Phase 3, 1st Sector, HSR Layout, Bengaluru, Karnataka 560102",12.9207539,77.650514,Restaurant,http://www.casafresco.in/,Ci9DQUlRQUNvZENodHljRjlvT2kxWVVVNTZhek54YjFSMk4yVTRNbnBHTm5Zd2NHYxAB,"Casa Fresco, HSR: All",Deepanshu Hardaha,102881973573379992230,True,5,,0,5 months ago,"{""food"": 5, ""service_rating"": 5, ""atmosphere"": 5}"
"Casa Fresco, HSR: All-Day Dining & Café",080 4992 7445,"73, 27th Main Rd, Phase 3, 1st Sector, HSR Layout, Bengaluru, Karnataka 560102",12.9207539,77.650514,Restaurant,http://www.casafresco.in/,Ci9DQUlRQUNvZENodHljRjlvT2s1c09UWkNPWEpSU2s1d04yUjVNRkY2TFdocU5HYxAB,"Casa Fresco, HSR: All",Bikash Baraik,107375030292560978553,False,5,Food was very good n delicious i like the service of Achimi she was very helpful,0,5 months ago,"{""food"": 5, ""service_rating"": 5, ""atmosphere"": 5}"
"Casa Fresco, HSR: All-Day Dining & Café",080 4992 7445,"73, 27th Main Rd, Phase 3, 1st Sector, HSR Layout, Bengaluru, Karnataka 560102",12.9207539,77.650514,Restaurant,http://www.casafresco.in/,Ci9DQUlRQUNvZENodHljRjlvT201Q2VXUjFhVXc0YkdJemNrYzVNRGczUmxJdFFYYxAB,"Casa Fresco, HSR: All",Abdul Kader,104075622794251005746,False,5,,0,5 months ago,"{""food"": 5, ""service_rating"": 5, ""atmosphere"": 5}"
"Casa Fresco, HSR: All-Day Dining & Café",080 4992 7445,"73, 27th Main Rd, Phase 3, 1st Sector, HSR Layout, Bengaluru, Karnataka 560102",12.9207539,77.650514,Restaurant,http://www.casafresco.in/,Ci9DQUlRQUNvZENodHljRjlvT21OQ1NVSlVaM1EyYm1OZk5EZENUMTk1YVZKVWFuYxAB,"Casa Fresco, HSR: All",Priyanka Bansal,104160507714208331610,False,5,"A charming cafe with a great menu and even better service! Every dish bursts with authentic flavor. The staff is polite and attentive, making the dining experience even more enjoyable. Totally worth visiting again.",0,5 months ago,"{""food"": 5, ""service_rating"": 5, ""atmosphere"": 5}"
"Casa Fresco, HSR: All-Day Dining & Café",080 4992 7445,"73, 27th Main Rd, Phase 3, 1st Sector, HSR Layout, Bengaluru, Karnataka 560102",12.9207539,77.650514,Restaurant,http://www.casafresco.in/,Ci9DQUlRQUNvZENodHljRjlvT2tvd1JFTlJORTF4Ym5wcllrTm5iR2h0Y21SWFkyYxAB,"Casa Fresco, HSR: All",Devaraj Dev,112673565039044457840,False,5,,0,5 months ago,
"Casa Fresco, HSR: All-Day Dining & Café",080 4992 7445,"73, 27th Main Rd, Phase 3, 1st Sector, HSR Layout, Bengaluru, Karnataka 560102",12.9207539,77.650514,Restaurant,http://www.casafresco.in/,Ci9DQUlRQUNvZENodHljRjlvT2xsMVMyTTNPVFZTUmxWSWRtc3pYMWQxZHpGdVZGRRAB,"Casa Fresco, HSR: All",Rakshith.R Jain,107175896367984878043,False,5,,0,5 months ago,"{""food"": 5, ""service_rating"": 5, ""atmosphere"": 5}"
"Casa Fresco, HSR: All-Day Dining & Café",080 4992 7445,"73, 27th Main Rd, Phase 3, 1st Sector, HSR Layout, Bengaluru, Karnataka 560102",12.9207539,77.650514,Restaurant,http://www.casafresco.in/,Ci9DQUlRQUNvZENodHljRjlvT2tkNmNUUnVhSGRIV0RaTllWVldXbXhVYkc5bmJYYxAB,"Casa Fresco, HSR: All",kishore raju,106504862772966948575,False,5,,0,5 months ago,"{""food"": 5, ""service_rating"": 5, ""atmosphere"": 5}"
"Casa Fresco, HSR: All-Day Dining & Café",080 4992 7445,"73, 27th Main Rd, Phase 3, 1st Sector, HSR Layout, Bengaluru, Karnataka 560102",12.9207539,77.650514,Restaurant,http://www.casafresco.in/,Ci9DQUlRQUNvZENodHljRjlvT21rNWIzQmZORGN0TW1aUU5EUXRjMTg1WWpScU5WRRAB,"Casa Fresco, HSR: All",ajay agarwal,101982912779429085539,False,5,Casa Fresco has a lovely vibe and great food. Tried the pasta and grilled veggies – both were amazing! The staff made us feel really welcome.,0,5 months ago,"{""food"": 5, ""service_rating"": 5, ""atmosphere"": 5}"
"Casa Fresco, HSR: All-Day Dining & Café",080 4992 7445,"73, 27th Main Rd, Phase 3, 1st Sector, HSR Layout, Bengaluru, Karnataka 560102",12.9207539,77.650514,Restaurant,http://www.casafresco.in/,Ci9DQUlRQUNvZENodHljRjlvT2pFNVpuQTNZbGg1Vmw5cmFFTmtjM3BXTkZJeWJIYxAB,"Casa Fresco, HSR: All",Evi Zhimo,107176011002203042693,False,5,Food was good and service by Achumi was good,0,Edited 5 months ago,"{""meal_type"": ""Lunch"", ""food"": 5, ""service_rating"": 5, ""atmosphere"": 5, ""noise_level"": ""Quiet, easy to talk"", ""wait_time"": ""No wait""}"
"Casa Fresco, HSR: All-Day Dining & Café",080 4992 7445,"73, 27th Main Rd, Phase 3, 1st Sector, HSR Layout, Bengaluru, Karnataka 560102",12.9207539,77.650514,Restaurant,http://www.casafresco.in/,Ci9DQUlRQUNvZENodHljRjlvT2tJMWMxZDNTMk5rU1RKcGFsWmZiRWR3ZVUxUWFXYxAB,"Casa Fresco, HSR: All",Satavisha Mitra,107547395250106893349,True,3,,0,5 months ago,"{""food"": 2, ""service_rating"": 4, ""atmosphere"": 4}"
"Casa Fresco, HSR: All-Day Dining & Café",080 4992 7445,"73, 27th Main Rd, Phase 3, 1st Sector, HSR Layout, Bengaluru, Karnataka 560102",12.9207539,77.650514,Restaurant,http://www.casafresco.in/,ChdDSUhNMG9nS0VJQ0FnSUNXNHIzZGt3RRAB,"Casa Fresco, HSR: All",Rohit Singh,104139021169847056999,False,5,"A nice restaurant in HSR with a wide menu. The pasta and English breakfast stood out for both taste and portion. The seating area is cozy, perfect for casual meals.",0,Edited 5 months ago,"{""food"": 5, ""service_rating"": 5, ""atmosphere"": 5}"
"Casa Fresco, HSR: All-Day Dining & Café",080 4992 7445,"73, 27th Main Rd, Phase 3, 1st Sector, HSR Layout, Bengaluru, Karnataka 560102",12.9207539,77.650514,Restaurant,http://www.casafresco.in/,Ci9DQUlRQUNvZENodHljRjlvT25WbFdqRXdSV0pMUW1ScFJYZHpRa0ZNZDFSWVQwRRAB,"Casa Fresco, HSR: All",Sourav,109836933597299116074,True,5,,0,5 months ago,"{""meal_type"": ""Dinner"", ""price_per_person"": ""₹1,400–1,600"", ""food"": 5, ""service_rating"": 5, ""atmosphere"": 5, ""noise_level"": ""Moderate noise"", ""wait_time"": ""Up to 10 min"", ""vegetarian_recommendation"": ""Highly recommend"", ""vegetarian_offerings"": ""Clearly labeled vegetarian dishes"", ""parking_space"": ""Somewhat difficult to find parking"", ""parking_options"": ""Free street parking"", ""kid_friendliness"": ""Kid and pet friendly"", ""wheelchair_accessibility"": ""Wheelchair accessible""}"
"Casa Fresco, HSR: All-Day Dining & Café",080 4992 7445,"73, 27th Main Rd, Phase 3, 1st Sector, HSR Layout, Bengaluru, Karnataka 560102",12.9207539,77.650514,Restaurant,http://www.casafresco.in/,Ci9DQUlRQUNvZENodHljRjlvT2tkRGRubDBNRzVNYmt0TmFHZFdUM05GTjNWWlRrRRAB,"Casa Fresco, HSR: All",Shanmugapriya Kannan,105926876041440934133,False,4,,0,5 months ago,
"Casa Fresco, HSR: All-Day Dining & Café",080 4992 7445,"73, 27th Main Rd, Phase 3, 1st Sector, HSR Layout, Bengaluru, Karnataka 560102",12.9207539,77.650514,Restaurant,http://www.casafresco.in/,Ci9DQUlRQUNvZENodHljRjlvT2pZNU5uUlJURlF5UkZCRFZqWXpVVGhSZURsb2JFRRAB,"Casa Fresco, HSR: All",Shruti Agarwal,103196743174912066862,True,5,We have been going regularly here for english breakfast. They are really good,0,5 months ago,"{""food"": 5, ""service_rating"": 5, ""atmosphere"": 5}"
"Casa Fresco, HSR: All-Day Dining & Café",080 4992 7445,"73, 27th Main Rd, Phase 3, 1st Sector, HSR Layout, Bengaluru, Karnataka 560102",12.9207539,77.650514,Restaurant,http://www.casafresco.in/,Ci9DQUlRQUNvZENodHljRjlvT2t0SGJqWlVlREIzVUdrME1FVktPWHBvT0d4RFVsRRAB,"Casa Fresco, HSR: All",Shilpa Prakash,117615776931603032154,True,1,Cafe Fresco? More like cafe Neglecto !  You know when you travel 30 minutes to eat at a place where nobody is interested why you have emerged and are standing in the middle of their restaurant? Yup that bad.  The staff members seemed rather interested to talk to reach other like they are playing Chinese whisper( literally). The food was hard to order and even harder to eat. Won't be coming back.,0,5 months ago,"{""meal_type"": ""Lunch"", ""price_per_person"": ""₹600–800"", ""food"": 1, ""service_rating"": 1, ""atmosphere"": 2, ""noise_level"": ""Loud, but you can still talk"", ""wait_time"": ""Up to 10 min""}"
"Casa Fresco, HSR: All-Day Dining & Café",080 4992 7445,"73, 27th Main Rd, Phase 3, 1st Sector, HSR Layout, Bengaluru, Karnataka 560102",12.9207539,77.650514,Restaurant,http://www.casafresco.in/,Ci9DQUlRQUNvZENodHljRjlvT2pWSVFrbENlakYyV1RsWVZIazRZekI1ZDBWSWMxRRAB,"Casa Fresco, HSR: All",mohit kumar,117955330722066694120,True,4,Food is amazing the only problem is the place unhygienic. All the utensils were not cleaned enough,0,6 months ago,"{""meal_type"": ""Brunch"", ""price_per_person"": ""₹400–600"", ""food"": 5, ""service_rating"": 4, ""atmosphere"": 4, ""vegetarian_recommendation"": ""Highly recommend"", ""vegetarian_offerings"": ""Large vegetarian selection"", ""parking_space"": ""Somewhat difficult to find parking"", ""parking_options"": ""Free street parking""}"
"Casa Fresco, HSR: All-Day Dining & Café",080 4992 7445,"73, 27th Main Rd, Phase 3, 1st Sector, HSR Layout, Bengaluru, Karnataka 560102",12.9207539,77.650514,Restaurant,http://www.casafresco.in/,Ci9DQUlRQUNvZENodHljRjlvT2xwSVZGTlFSRzh4TlVKVU0wTTRaRFZRUzJweVZFRRAB,"Casa Fresco, HSR: All",Oan Lodghar,116523566182509837387,False,5,,0,6 months ago,
"Casa Fresco, HSR: All-Day Dining & Café",080 4992 7445,"73, 27th Main Rd, Phase 3, 1st Sector, HSR Layout, Bengaluru, Karnataka 560102",12.9207539,77.650514,Restaurant,http://www.casafresco.in/,Ci9DQUlRQUNvZENodHljRjlvT21wdE9WbEtMWGgxZVcxVlJscEZjSEJvU0VKQlVXYxAB,"Casa Fresco, HSR: All",Sekhar Prakash,117646244138553638112,True,4,,0,6 months ago,"{""dining_mode"": ""Dine in"", ""meal_type"": ""Lunch"", ""price_per_person"": ""₹400–600"", ""food"": 4, ""service_rating"": 3, ""atmosphere"": 4, ""seating_type"": ""Outdoor patio / terrace""}"
"Casa Fresco, HSR: All-Day Dining & Café",080 4992 7445,"73, 27th Main Rd, Phase 3, 1st Sector, HSR Layout, Bengaluru, Karnataka 560102",12.9207539,77.650514,Restaurant,http://www.casafresco.in/,Ci9DQUlRQUNvZENodHljRjlvT200MmFXbFNZbEJXZG5KU2NrWkpja3RVV2taVGVrRRAB,"Casa Fresco, HSR: All",Joe The Biker,110642502254563992878,True,5,,0,6 months ago,"{""meal_type"": ""Lunch"", ""food"": 5, ""service_rating"": 4, ""atmosphere"": 4}"
"Casa Fresco, HSR: All-Day Dining & Café",080 4992 7445,"73, 27th Main Rd, Phase 3, 1st Sector, HSR Layout, Bengaluru, Karnataka 560102",12.9207539,77.650514,Restaurant,http://www.casafresco.in/,Ci9DQUlRQUNvZENodHljRjlvT25kZmFtZDNSMnRoTkRkRWNqUnhVMGQ1ZWtwUVlVRRAB,"Casa Fresco, HSR: All",Odia Banglorean,107367161624930497640,True,5,"I went to Casa Fresco for breakfast. The Big Ben’s breakfast was tasty, satisfying, and enough for one person. It cost ₹360. We also tried the Paneer Santiago sandwich, which was just the right amount of spicy and flavorful. That was ₹220. The Passion Fruit Boba Tea was refreshing and nicely done, priced at ₹240. The Bon Bon Frappe with added Hazelnut was delightful and rich, costing ₹250. Overall, the cost feels reasonable for the area, and it's a great spot to try an English breakfast. The vibe is cozy and welcoming, perfect for a relaxed morning meal.",0,6 months ago,"{""food"": 5, ""service_rating"": 4, ""atmosphere"": 5}"
"Casa Fresco, HSR: All-Day Dining & Café",080 4992 7445,"73, 27th Main Rd, Phase 3, 1st Sector, HSR Layout, Bengaluru, Karnataka 560102",12.9207539,77.650514,Restaurant,http://www.casafresco.in/,Ci9DQUlRQUNvZENodHljRjlvT2tobGRqTmZibG90VXpKMmFURkdTREZ5U2xSUU1rRRAB,"Casa Fresco, HSR: All",Nivedita Pandey,106638379868549432807,True,2,"I really like the atmosphere, vibe of the place and also the fact that they are open for pets. But food quality is not that great. It could have been better",0,6 months ago,"{""meal_type"": ""Brunch"", ""food"": 1, ""service_rating"": 1, ""atmosphere"": 3}"
"Casa Fresco, HSR: All-Day Dining & Café",080 4992 7445,"73, 27th Main Rd, Phase 3, 1st Sector, HSR Layout, Bengaluru, Karnataka 560102",12.9207539,77.650514,Restaurant,http://www.casafresco.in/,Ci9DQUlRQUNvZENodHljRjlvT2xKUGJVOHdOakJHWTBjdFdHeGZjakJ3WjJ0WlZuYxAB,"Casa Fresco, HSR: All",Shreya Louisna A,100779925193724063552,False,2,,0,6 months ago,"{""meal_type"": ""Other"", ""food"": 2, ""service_rating"": 4, ""atmosphere"": 5}"
"Casa Fresco, HSR: All-Day Dining & Café",080 4992 7445,"73, 27th Main Rd, Phase 3, 1st Sector, HSR Layout, Bengaluru, Karnataka 560102",12.9207539,77.650514,Restaurant,http://www.casafresco.in/,Ci9DQUlRQUNvZENodHljRjlvT2sxc01tbDFjVUZqYWxSSk5UZFlOMWt6U0ZsTE1rRRAB,"Casa Fresco, HSR: All",Sangeetha Shanmugam,110615517997975174225,True,5,"Great ambience. Ordered Zesty chicken, loved the taste with its caramelised onions! Next day I ordered it through Swiggy but it was not exactly the same taste though. But what you get fresh from here is good!",0,6 months ago,"{""food"": 5, ""service_rating"": 5, ""atmosphere"": 5}"
"Casa Fresco, HSR: All-Day Dining & Café",080 4992 7445,"73, 27th Main Rd, Phase 3, 1st Sector, HSR Layout, Bengaluru, Karnataka 560102",12.9207539,77.650514,Restaurant,http://www.casafresco.in/,Ci9DQUlRQUNvZENodHljRjlvT25KelEyVmhXV3gwYjFoa2QxQk9UVVZUWVhVemVXYxAB,"Casa Fresco, HSR: All",Ritwiz Kheria,111418625606561991992,True,1,Had to give this feedback as they pissed me off the the 6th time. They not only make you wait hours for the order but not even utter a courtesy apology when wooden pieces were found in my sizzler… pathetic service and i am done with their nonsense!!!,0,6 months ago,"{""service_rating"": 1}"
"Casa Fresco, HSR: All-Day Dining & Café",080 4992 7445,"73, 27th Main Rd, Phase 3, 1st Sector, HSR Layout, Bengaluru, Karnataka 560102",12.9207539,77.650514,Restaurant,http://www.casafresco.in/,Ci9DQUlRQUNvZENodHljRjlvT21od1JtZEVNek5ITTBkQ1JVeFNVMTg0V0dGaE1YYxAB,"Casa Fresco, HSR: All",Jai Bisani,108483921247895794049,False,5,,0,6 months ago,
"Casa Fresco, HSR: All-Day Dining & Café",080 4992 7445,"73, 27th Main Rd, Phase 3, 1st Sector, HSR Layout, Bengaluru, Karnataka 560102",12.9207539,77.650514,Restaurant,http://www.casafresco.in/,Ci9DQUlRQUNvZENodHljRjlvT214NU4zTjBZamhWVVZCeFNVMVFla1JrTVZSV1MyYxAB,"Casa Fresco, HSR: All",Vaishna Nair,104300506060266089823,True,5,,0,6 months ago,"{""food"": 5, ""service_rating"": 5, ""atmosphere"": 5}"
"Casa Fresco, HSR: All-Day Dining & Café",080 4992 7445,"73, 27th Main Rd, Phase 3, 1st Sector, HSR Layout, Bengaluru, Karnataka 560102",12.9207539,77.650514,Restaurant,http://www.casafresco.in/,Ci9DQUlRQUNvZENodHljRjlvT21GWFZYSnJPRVpOZW5WWFFXaEZkSFY0Y2s1elJXYxAB,"Casa Fresco, HSR: All",j saiteja varma,107850986878524081194,False,5,,0,6 months ago,
"Casa Fresco, HSR: All-Day Dining & Café",080 4992 7445,"73, 27th Main Rd, Phase 3, 1st Sector, HSR Layout, Bengaluru, Karnataka 560102",12.9207539,77.650514,Restaurant,http://www.casafresco.in/,ChZDSUhNMG9nS0VJQ0FnSUNacW9QdE1BEAE,"Casa Fresco, HSR: All",Kim Pamngai,115887295191365877833,True,5,"Florentine pizza, waffles and sizzlers are a must try here. The service staff is very attentive. Ambience is nice with covered garden seating",0,Edited 6 months ago,"{""dining_mode"": ""Dine in"", ""meal_type"": ""Dinner"", ""price_per_person"": ""₹600–800"", ""food"": 5, ""service_rating"": 5, ""atmosphere"": 5, ""recommended_dishes"": ""Florentine Pizza 12 Inches, Picante Paneer Pizza, Hazelnut Cold Coffee, Sizzling Brownie, Waffle, Cream of Chicken Soup"", ""wait_time"": ""No wait"", ""seating_type"": ""Indoor dining area"", ""parking_space"": ""Plenty of parking"", ""parking_options"": ""Free street parking""}"
"Casa Fresco, HSR: All-Day Dining & Café",080 4992 7445,"73, 27th Main Rd, Phase 3, 1st Sector, HSR Layout, Bengaluru, Karnataka 560102",12.9207539,77.650514,Restaurant,http://www.casafresco.in/,Ci9DQUlRQUNvZENodHljRjlvT2pKa01XZHNOMUozZUROVlJHVkNWRXhxVkVFM1ptYxAB,"Casa Fresco, HSR: All",Yash Juthani,116788176639052053752,True,5,"Really nice place, people and good  The bevies were on point and brunch hit the spot .. take a date or a mate .. it's good for both",0,6 months ago,"{""food"": 5, ""service_rating"": 5, ""atmosphere"": 5}"
"Casa Fresco, HSR: All-Day Dining & Café",080 4992 7445,"73, 27th Main Rd, Phase 3, 1st Sector, HSR Layout, Bengaluru, Karnataka 560102",12.9207539,77.650514,Restaurant,http://www.casafresco.in/,Ci9DQUlRQUNvZENodHljRjlvT214QlYwVndlRUZLWTNjNE9GVlhZVGh4YkdaVU5VRRAB,"Casa Fresco, HSR: All",Tanvi Aditya,110742062666428937271,True,3,"Had a decent experience at Casa Fresco. The place has a nice ambience — good spot for couples or a casual date 👫  However, the food was a bit disappointing. We ordered burgers, but they didn’t feel fresh. The patty wasn’t great, veggies were minimal, and there was hardly any sauce. It really spoiled the mood. 😔  On the positive side, the Frappe Mocha Boba was really good and worth trying.",0,6 months ago,"{""meal_type"": ""Dinner"", ""food"": 3, ""service_rating"": 3, ""atmosphere"": 4}"
"Casa Fresco, HSR: All-Day Dining & Café",080 4992 7445,"73, 27th Main Rd, Phase 3, 1st Sector, HSR Layout, Bengaluru, Karnataka 560102",12.9207539,77.650514,Restaurant,http://www.casafresco.in/,Ci9DQUlRQUNvZENodHljRjlvT2pjemFqVjVRWFpHYW0xcFVGSnJMVGxRUTBRNFMzYxAB,"Casa Fresco, HSR: All",JOSHLIN JOY,112072148099408646419,False,2,,0,6 months ago,"{""food"": 2, ""service_rating"": 2, ""atmosphere"": 3, ""noise_level"": ""Very quiet"", ""wait_time"": ""No wait""}"
"Casa Fresco, HSR: All-Day Dining & Café",080 4992 7445,"73, 27th Main Rd, Phase 3, 1st Sector, HSR Layout, Bengaluru, Karnataka 560102",12.9207539,77.650514,Restaurant,http://www.casafresco.in/,Ci9DQUlRQUNvZENodHljRjlvT2xGUmIxWktSek4xTlc5bE5HOWlhR0pvVVRkUFRIYxAB,"Casa Fresco, HSR: All",Chaya V,101585031780943945686,False,5,,0,6 months ago,"{""meal_type"": ""Breakfast"", ""price_per_person"": ""₹400–600"", ""food"": 5, ""service_rating"": 4, ""atmosphere"": 5, ""noise_level"": ""Moderate noise"", ""wait_time"": ""Up to 10 min""}"
"Casa Fresco, HSR: All-Day Dining & Café",080 4992 7445,"73, 27th Main Rd, Phase 3, 1st Sector, HSR Layout, Bengaluru, Karnataka 560102",12.9207539,77.650514,Restaurant,http://www.casafresco.in/,Ci9DQUlRQUNvZENodHljRjlvT2paWk9WcHpZbWREYTNBek0wSlpRMUJMWmw5WU0wRRAB,"Casa Fresco, HSR: All",Anuja Misra,104329177610092313342,True,5,Food was very good and tasty.....,0,6 months ago,"{""meal_type"": ""Lunch"", ""food"": 5, ""service_rating"": 5, ""atmosphere"": 5, ""noise_level"": ""Moderate noise"", ""wait_time"": ""No wait""}"
"Casa Fresco, HSR: All-Day Dining & Café",080 4992 7445,"73, 27th Main Rd, Phase 3, 1st Sector, HSR Layout, Bengaluru, Karnataka 560102",12.9207539,77.650514,Restaurant,http://www.casafresco.in/,Ci9DQUlRQUNvZENodHljRjlvT214Sk5uSldiVWxDTUhNd2NVZDJha3AzYjBReFZHYxAB,"Casa Fresco, HSR: All",LeGa WRLD,106187574480083709110,False,5,"Casa Fresco is a vibrant restaurant in serving a mix of global comfort food from pizzas and creamy pastas to juicy burgers and refreshing bubble teas. The service is prompt, the ambience cozy and welcoming, and the quality of food consistently impressive. A perfect place to relax with friends or family over delicious meals.",0,6 months ago,"{""food"": 5, ""service_rating"": 5, ""atmosphere"": 5}"
"Casa Fresco, HSR: All-Day Dining & Café",080 4992 7445,"73, 27th Main Rd, Phase 3, 1st Sector, HSR Layout, Bengaluru, Karnataka 560102",12.9207539,77.650514,Restaurant,http://www.casafresco.in/,Ci9DQUlRQUNvZENodHljRjlvT25CS2VrcDBMVmsyVWtGUWVHeFJNMEZqYmtWblYxRRAB,"Casa Fresco, HSR: All",silvana shein,113508979881114908076,False,5,,0,6 months ago,
"Casa Fresco, HSR: All-Day Dining & Café",080 4992 7445,"73, 27th Main Rd, Phase 3, 1st Sector, HSR Layout, Bengaluru, Karnataka 560102",12.9207539,77.650514,Restaurant,http://www.casafresco.in/,Ci9DQUlRQUNvZENodHljRjlvT2xaU01FdGphVzE0VDJ0Vk1VbzRiM2hMZFMweVVuYxAB,"Casa Fresco, HSR: All",Akshay Markande,116481097966251359285,True,4,,0,6 months ago,"{""food"": 3, ""service_rating"": 4, ""atmosphere"": 4}"
"Casa Fresco, HSR: All-Day Dining & Café",080 4992 7445,"73, 27th Main Rd, Phase 3, 1st Sector, HSR Layout, Bengaluru, Karnataka 560102",12.9207539,77.650514,Restaurant,http://www.casafresco.in/,Ci9DQUlRQUNvZENodHljRjlvT25JNFNFaFRha1ZrTTJrMVp6a3hVVmxVUnkxalUxRRAB,"Casa Fresco, HSR: All",Diksha,110549483435702536913,False,1,Didn’t like the experience. Me and my friend visited this place and The food was bad. I have ordered hazelnut cold coffee which turns out of spicy surprisingly. I asked to change it and again it was spicy. The crispy corn and cheese balls were so bad. We both got diarrhoea and blisters in our mouth from the food.,0,6 months ago,"{""price_per_person"": ""₹400–600"", ""food"": 1, ""service_rating"": 1, ""atmosphere"": 2, ""wait_time"": ""No wait""}"
"Casa Fresco, HSR: All-Day Dining & Café",080 4992 7445,"73, 27th Main Rd, Phase 3, 1st Sector, HSR Layout, Bengaluru, Karnataka 560102",12.9207539,77.650514,Restaurant,http://www.casafresco.in/,ChZDSUhNMG9nS0VJQ0FnSUR2MktLSFF3EAE,"Casa Fresco, HSR: All",Dhruvi Agrawal,100520103184284007815,True,5,"An amazing place for an evening outing. Love their paneer shaslik sizzler, we have frequented this place many times for it. Worth the price. Cold coffees are good. Didn’t like the taro boba much. The mushroom starters is a must try for mushroom fans.",0,Edited 6 months ago,"{""meal_type"": ""Dinner"", ""price_per_person"": ""₹400–600"", ""food"": 5, ""service_rating"": 5, ""atmosphere"": 4, ""group_size"": ""3-4 people"", ""wait_time"": ""No wait""}"
"Casa Fresco, HSR: All-Day Dining & Café",080 4992 7445,"73, 27th Main Rd, Phase 3, 1st Sector, HSR Layout, Bengaluru, Karnataka 560102",12.9207539,77.650514,Restaurant,http://www.casafresco.in/,Ci9DQUlRQUNvZENodHljRjlvT2tkeVRVOU5lbEYyT1Vwc2VtbDRNazVsUkY4d1VIYxAB,"Casa Fresco, HSR: All",Anugrah N.V,118046789915149111683,False,5,,0,6 months ago,
"Casa Fresco, HSR: All-Day Dining & Café",080 4992 7445,"73, 27th Main Rd, Phase 3, 1st Sector, HSR Layout, Bengaluru, Karnataka 560102",12.9207539,77.650514,Restaurant,http://www.casafresco.in/,Ci9DQUlRQUNvZENodHljRjlvT2tSMFpWUlZjRTVDVVd4TlZYQk1WSGhXWkV4MldsRRAB,"Casa Fresco, HSR: All",Medha,104467477263660808179,True,5,,0,6 months ago,"{""meal_type"": ""Dinner"", ""price_per_person"": ""₹400–600"", ""food"": 5, ""service_rating"": 4, ""atmosphere"": 4, ""group_size"": ""2 people, 3-4 people"", ""wait_time"": ""No wait""}"
"Casa Fresco, HSR: All-Day Dining & Café",080 4992 7445,"73, 27th Main Rd, Phase 3, 1st Sector, HSR Layout, Bengaluru, Karnataka 560102",12.9207539,77.650514,Restaurant,http://www.casafresco.in/,Ci9DQUlRQUNvZENodHljRjlvT2xaVFZFYzFjRzlhT0RGM2RETm1UalZ6YVMweE9XYxAB,"Casa Fresco, HSR: All",Vishal Gupta,103717120822925121935,True,4,,0,6 months ago,"{""meal_type"": ""Lunch"", ""price_per_person"": ""₹1,000–1,200"", ""food"": 4, ""service_rating"": 4, ""atmosphere"": 4, ""group_size"": ""3-4 people"", ""wait_time"": ""Up to 10 min""}"
"Casa Fresco, HSR: All-Day Dining & Café",080 4992 7445,"73, 27th Main Rd, Phase 3, 1st Sector, HSR Layout, Bengaluru, Karnataka 560102",12.9207539,77.650514,Restaurant,http://www.casafresco.in/,Ci9DQUlRQUNvZENodHljRjlvT2tkeGRqVTVWMk5mV1hoMFJIRlVNa2xXV0ZOT1FWRRAB,"Casa Fresco, HSR: All",Yashaswa Jain,115059267579716644989,True,4,"Food was good. The utensils were unhygienic, would not prefer going again due to hygiene",0,6 months ago,"{""meal_type"": ""Brunch"", ""price_per_person"": ""₹1,000–1,200"", ""food"": 4, ""service_rating"": 4, ""atmosphere"": 2, ""wait_time"": ""No wait""}"
"Casa Fresco, HSR: All-Day Dining & Café",080 4992 7445,"73, 27th Main Rd, Phase 3, 1st Sector, HSR Layout, Bengaluru, Karnataka 560102",12.9207539,77.650514,Restaurant,http://www.casafresco.in/,Ci9DQUlRQUNvZENodHljRjlvT2xZeldsSm9kSGRoWmpGSmRYaGhTMnBKYkhoVE5sRRAB,"Casa Fresco, HSR: All",Rakesh manjali Kujur,100983011844753460813,False,5,,0,6 months ago,"{""meal_type"": ""Dinner"", ""price_per_person"": ""₹400–600"", ""food"": 5, ""service_rating"": 5, ""atmosphere"": 5, ""wait_time"": ""No wait""}"
"Casa Fresco, HSR: All-Day Dining & Café",080 4992 7445,"73, 27th Main Rd, Phase 3, 1st Sector, HSR Layout, Bengaluru, Karnataka 560102",12.9207539,77.650514,Restaurant,http://www.casafresco.in/,Ci9DQUlRQUNvZENodHljRjlvT2pWTVdrUm9ORXRSTVhoZmVYVnBkbVoxWjJoUlZtYxAB,"Casa Fresco, HSR: All",Manisha Limbu,105558666245557234545,False,5,"Casa fresco is an amazing place to spend weekend evenings. The snacks are fresh and tasty, the tea are refreshing and the service is quick. Prices are quite reasonable, making ito ne of the nicest hangout spots in the area for a relax and enjoyable time.",0,6 months ago,"{""price_per_person"": ""₹400–600"", ""food"": 5, ""service_rating"": 5, ""atmosphere"": 5, ""wait_time"": ""No wait""}"
"Casa Fresco, HSR: All-Day Dining & Café",080 4992 7445,"73, 27th Main Rd, Phase 3, 1st Sector, HSR Layout, Bengaluru, Karnataka 560102",12.9207539,77.650514,Restaurant,http://www.casafresco.in/,Ci9DQUlRQUNvZENodHljRjlvT2xrNExWSlVPQzFGWTFKclF6ZGtMV1EwWVZoSk9YYxAB,"Casa Fresco, HSR: All",Silash Oraon,112843256128215044985,False,5,"Casa fresco HSR has a charming vibe with its old bungalow converted with a resto cafe. The place offers a wide variety of the dishes, and everything we tried was excellent. The steaks and stroganoff were perfectly done, and the pizza was delicious  too.  A great spot for both casual meal  relax dining with friends",0,6 months ago,"{""meal_type"": ""Dinner"", ""price_per_person"": ""₹400–600"", ""food"": 5, ""service_rating"": 5, ""atmosphere"": 5, ""wait_time"": ""No wait""}"
"Casa Fresco, HSR: All-Day Dining & Café",080 4992 7445,"73, 27th Main Rd, Phase 3, 1st Sector, HSR Layout, Bengaluru, Karnataka 560102",12.9207539,77.650514,Restaurant,http://www.casafresco.in/,Ci9DQUlRQUNvZENodHljRjlvT25aV09EWkVhVjlFY3pWTlpFWXpSMlJNZUVOc01IYxAB,"Casa Fresco, HSR: All",Madhu (Madhurya),117195309009425773192,True,5,,0,6 months ago,"{""food"": 5, ""service_rating"": 5, ""atmosphere"": 5}"
"Casa Fresco, HSR: All-Day Dining & Café",080 4992 7445,"73, 27th Main Rd, Phase 3, 1st Sector, HSR Layout, Bengaluru, Karnataka 560102",12.9207539,77.650514,Restaurant,http://www.casafresco.in/,Ci9DQUlRQUNvZENodHljRjlvT2tRNGQyeEVjMmszUjB0S2JsQTFaemh4WVZCclRWRRAB,"Casa Fresco, HSR: All",Nikkitha Johnson,108541052198593463402,True,4,,0,6 months ago,"{""meal_type"": ""Brunch"", ""price_per_person"": ""₹400–600"", ""food"": 4, ""service_rating"": 4, ""atmosphere"": 5, ""wait_time"": ""Up to 10 min"", ""seating_type"": ""Indoor dining area""}"
"Casa Fresco, HSR: All-Day Dining & Café",080 4992 7445,"73, 27th Main Rd, Phase 3, 1st Sector, HSR Layout, Bengaluru, Karnataka 560102",12.9207539,77.650514,Restaurant,http://www.casafresco.in/,Ci9DQUlRQUNvZENodHljRjlvT2tsbldsZ3dWSHBoTVdWNlJWQkNhMUY0ZFhWMlNXYxAB,"Casa Fresco, HSR: All",Jahir hussain,113972513242008917131,True,5,"One of the best restaurants in HSR!  Tried their thai chicken, pasta and desserts. It's delicious.",0,6 months ago,"{""meal_type"": ""Dinner"", ""price_per_person"": ""₹400–600"", ""food"": 5, ""service_rating"": 5, ""atmosphere"": 5, ""group_size"": ""5-8 people"", ""wait_time"": ""No wait"", ""vegetarian_recommendation"": ""Somewhat recommend"", ""parking_space"": ""Difficult to find parking""}"
"Casa Fresco, HSR: All-Day Dining & Café",080 4992 7445,"73, 27th Main Rd, Phase 3, 1st Sector, HSR Layout, Bengaluru, Karnataka 560102",12.9207539,77.650514,Restaurant,http://www.casafresco.in/,Ci9DQUlRQUNvZENodHljRjlvT2s1c0xUZDVNRXRFT1ZSalUyUm5Xa2huZVd0Mk1XYxAB,"Casa Fresco, HSR: All",Anuprita Kulkarni,113947298382381627872,True,5,"Loved the food here. We ordered bruschetta bologna, Alfredo pasta and pizza. Very tasty and authentic. Staff and service is good. Would like to mention Karuna who helped and served us the food. Surely gives you the vibe of cafe.",0,6 months ago,"{""food"": 5, ""service_rating"": 5, ""atmosphere"": 5}"
"Casa Fresco, HSR: All-Day Dining & Café",080 4992 7445,"73, 27th Main Rd, Phase 3, 1st Sector, HSR Layout, Bengaluru, Karnataka 560102",12.9207539,77.650514,Restaurant,http://www.casafresco.in/,Ci9DQUlRQUNvZENodHljRjlvT2xGNE1WcFJPVk5EYUZNeFFqZE1ZM0I0Y1RRNFMzYxAB,"Casa Fresco, HSR: All",Akha Achumi,105013639248476802067,False,5,"""Wow, what a fantastic experience! Achumi  was knowledgeable, friendly, and created a custom environment that exceeded my expectations and the service was top-notch. Highly recommend!""",0,6 months ago,"{""meal_type"": ""Lunch"", ""price_per_person"": ""₹1,200–1,400"", ""food"": 5, ""service_rating"": 5, ""atmosphere"": 5}"
"Casa Fresco, HSR: All-Day Dining & Café",080 4992 7445,"73, 27th Main Rd, Phase 3, 1st Sector, HSR Layout, Bengaluru, Karnataka 560102",12.9207539,77.650514,Restaurant,http://www.casafresco.in/,Ci9DQUlRQUNvZENodHljRjlvT21GVWEyVTFTR1ZCWDNadVVqWjBiVXBJVDJ4U2NsRRAB,"Casa Fresco, HSR: All",Shankar Masih,112888446607513518052,False,5,"Achumi service was great, the food and ambience too was very good Tqsm Achumi for ur good service",0,6 months ago,"{""food"": 5, ""service_rating"": 5, ""atmosphere"": 5}"
"Casa Fresco, HSR: All-Day Dining & Café",080 4992 7445,"73, 27th Main Rd, Phase 3, 1st Sector, HSR Layout, Bengaluru, Karnataka 560102",12.9207539,77.650514,Restaurant,http://www.casafresco.in/,Ci9DQUlRQUNvZENodHljRjlvT25oNGNWRmZXamhSTW10UFVEUjVla1pMU0dkRlFrRRAB,"Casa Fresco, HSR: All",Kripa leo,117127147858625771113,False,5,Good food n good service especially service by Achumi was great,0,6 months ago,"{""food"": 5, ""service_rating"": 5, ""atmosphere"": 5}"
"Casa Fresco, HSR: All-Day Dining & Café",080 4992 7445,"73, 27th Main Rd, Phase 3, 1st Sector, HSR Layout, Bengaluru, Karnataka 560102",12.9207539,77.650514,Restaurant,http://www.casafresco.in/,Ci9DQUlRQUNvZENodHljRjlvT25Oek0wMHhhMWxJYWxOV01EQlZWalJLVEY5Q1EyYxAB,"Casa Fresco, HSR: All",Atoshi Saha,100716326545645291680,False,5,Was served by Karuna and it was a nice experience here !!,0,6 months ago,"{""meal_type"": ""Lunch""}"
"Casa Fresco, HSR: All-Day Dining & Café",080 4992 7445,"73, 27th Main Rd, Phase 3, 1st Sector, HSR Layout, Bengaluru, Karnataka 560102",12.9207539,77.650514,Restaurant,http://www.casafresco.in/,Ci9DQUlRQUNvZENodHljRjlvT21Ka1ZFbGpRamRSVW1WNFZrUjFiM0pGVVRORk9XYxAB,"Casa Fresco, HSR: All",Smita Alex,114527160784278306220,True,4,,0,6 months ago,"{""meal_type"": ""Dinner"", ""price_per_person"": ""₹800–1,000"", ""food"": 4, ""service_rating"": 4, ""atmosphere"": 4, ""group_size"": ""3-4 people"", ""wait_time"": ""No wait""}"
"Casa Fresco, HSR: All-Day Dining & Café",080 4992 7445,"73, 27th Main Rd, Phase 3, 1st Sector, HSR Layout, Bengaluru, Karnataka 560102",12.9207539,77.650514,Restaurant,http://www.casafresco.in/,Ci9DQUlRQUNvZENodHljRjlvT25ObmFFWk5aVnBXTVROVFZXSnhkVXBOZUhCV1JsRRAB,"Casa Fresco, HSR: All",Sriram AP,105009106369251582176,True,5,Quite place for lunch. Good food and no frills but simple quite place.,0,6 months ago,"{""meal_type"": ""Lunch"", ""price_per_person"": ""₹400–600"", ""food"": 5, ""service_rating"": 5, ""atmosphere"": 5, ""group_size"": ""3-4 people, Suitable for all group sizes"", ""wait_time"": ""No wait""}"
"Casa Fresco, HSR: All-Day Dining & Café",080 4992 7445,"73, 27th Main Rd, Phase 3, 1st Sector, HSR Layout, Bengaluru, Karnataka 560102",12.9207539,77.650514,Restaurant,http://www.casafresco.in/,Ci9DQUlRQUNvZENodHljRjlvT21KTk5qRXplalJDTFhGT2NVTkhNSFpIZUVadFkyYxAB,"Casa Fresco, HSR: All",Sharanya Bhattacharya,109954930264008864963,True,5,,0,6 months ago,"{""meal_type"": ""Dinner"", ""food"": 5, ""service_rating"": 5, ""atmosphere"": 5}"
"Casa Fresco, HSR: All-Day Dining & Café",080 4992 7445,"73, 27th Main Rd, Phase 3, 1st Sector, HSR Layout, Bengaluru, Karnataka 560102",12.9207539,77.650514,Restaurant,http://www.casafresco.in/,Ci9DQUlRQUNvZENodHljRjlvT25aaVZUUTRUMWxtYld4eWMzRTJkMUI2UVdkcFYzYxAB,"Casa Fresco, HSR: All",Savita,117700095866314279087,False,5,"Nice food great environment, W Karuna ❤️‍🩹",0,6 months ago,"{""meal_type"": ""Dinner"", ""price_per_person"": ""₹400–600"", ""food"": 4, ""service_rating"": 5, ""atmosphere"": 5, ""group_size"": ""Not sure"", ""wait_time"": ""Up to 10 min""}"
"Casa Fresco, HSR: All-Day Dining & Café",080 4992 7445,"73, 27th Main Rd, Phase 3, 1st Sector, HSR Layout, Bengaluru, Karnataka 560102",12.9207539,77.650514,Restaurant,http://www.casafresco.in/,Ci9DQUlRQUNvZENodHljRjlvT21kUFgxRkdaRzlSUlVWdlJXNVpZamd5TmtaZmJGRRAB,"Casa Fresco, HSR: All",Sudeep Pawar,102602981369948312724,False,5,,0,6 months ago,
"Casa Fresco, HSR: All-Day Dining & Café",080 4992 7445,"73, 27th Main Rd, Phase 3, 1st Sector, HSR Layout, Bengaluru, Karnataka 560102",12.9207539,77.650514,Restaurant,http://www.casafresco.in/,Ci9DQUlRQUNvZENodHljRjlvT204NWNFdFRhWEUxWVRGTmVqRlBTRWxhUjNOa2RYYxAB,"Casa Fresco, HSR: All",thanuja somaiah,102061692081838879100,True,4,,0,6 months ago,"{""food"": 3, ""service_rating"": 5, ""atmosphere"": 3}"
"Casa Fresco, HSR: All-Day Dining & Café",080 4992 7445,"73, 27th Main Rd, Phase 3, 1st Sector, HSR Layout, Bengaluru, Karnataka 560102",12.9207539,77.650514,Restaurant,http://www.casafresco.in/,Ci9DQUlRQUNvZENodHljRjlvT210eWJucE9lRE53ZGtWV1lsUTFUVll4VTA4NVoxRRAB,"Casa Fresco, HSR: All",Dinesh Jilagam,112549766657042320277,False,5,,0,6 months ago,"{""meal_type"": ""Lunch"", ""price_per_person"": ""₹400–600"", ""food"": 5, ""service_rating"": 5, ""atmosphere"": 5, ""noise_level"": ""Quiet, easy to talk"", ""wait_time"": ""No wait"", ""vegetarian_recommendation"": ""Highly recommend"", ""vegetarian_offerings"": ""Large vegetarian selection"", ""parking_space"": ""Plenty of parking"", ""parking_options"": ""Free street parking""}"
"Casa Fresco, HSR: All-Day Dining & Café",080 4992 7445,"73, 27th Main Rd, Phase 3, 1st Sector, HSR Layout, Bengaluru, Karnataka 560102",12.9207539,77.650514,Restaurant,http://www.casafresco.in/,Ci9DQUlRQUNvZENodHljRjlvT2tKbVExQXljRlZ2YkV4MVRWUXpia05xU3pCb2RVRRAB,"Casa Fresco, HSR: All",Aakanksha Singh,100437037814870288337,False,5,,0,6 months ago,"{""price_per_person"": ""₹200–400"", ""food"": 4, ""service_rating"": 4, ""atmosphere"": 5, ""noise_level"": ""Moderate noise"", ""wait_time"": ""No wait""}"
"Casa Fresco, HSR: All-Day Dining & Café",080 4992 7445,"73, 27th Main Rd, Phase 3, 1st Sector, HSR Layout, Bengaluru, Karnataka 560102",12.9207539,77.650514,Restaurant,http://www.casafresco.in/,Ci9DQUlRQUNvZENodHljRjlvT210a1FqaG1iazUwTUdWNmIwZHVaMHA2WWtaa1oxRRAB,"Casa Fresco, HSR: All",Ashok Reddy,101015136856798898873,True,4,,0,6 months ago,
"Casa Fresco, HSR: All-Day Dining & Café",080 4992 7445,"73, 27th Main Rd, Phase 3, 1st Sector, HSR Layout, Bengaluru, Karnataka 560102",12.9207539,77.650514,Restaurant,http://www.casafresco.in/,Ci9DQUlRQUNvZENodHljRjlvT21oTFIyb3dhbkZNYW1RNGVXZzJkVmxmUnpZMFRWRRAB,"Casa Fresco, HSR: All",Siddhant Dwivedi,101973621108458385752,True,5,Had amazing English breakfast but the only issue is that they don’t serve juice or coffee with the breakfast you need to buy it separately,0,6 months ago,"{""price_per_person"": ""₹1,000–1,200"", ""food"": 4, ""service_rating"": 2, ""atmosphere"": 4, ""group_size"": ""3-4 people"", ""wait_time"": ""Up to 10 min"", ""parking_space"": ""Difficult to find parking""}"
"Casa Fresco, HSR: All-Day Dining & Café",080 4992 7445,"73, 27th Main Rd, Phase 3, 1st Sector, HSR Layout, Bengaluru, Karnataka 560102",12.9207539,77.650514,Restaurant,http://www.casafresco.in/,Ci9DQUlRQUNvZENodHljRjlvT25ZME1URm9XakIzVGtsd04yNUxOM281VjJGeFltYxAB,"Casa Fresco, HSR: All",Srividya Arvind,110712049465918077653,True,5,,0,6 months ago,"{""meal_type"": ""Lunch"", ""price_per_person"": ""₹1,000–1,200"", ""food"": 5, ""service_rating"": 5, ""atmosphere"": 5, ""group_size"": ""3-4 people, 9+ people"", ""wait_time"": ""No wait""}"
"Casa Fresco, HSR: All-Day Dining & Café",080 4992 7445,"73, 27th Main Rd, Phase 3, 1st Sector, HSR Layout, Bengaluru, Karnataka 560102",12.9207539,77.650514,Restaurant,http://www.casafresco.in/,Ci9DQUlRQUNvZENodHljRjlvT2xWeFRHeGFMVTEyUWpRMVUxbFNPRFY1ZG1wdlZIYxAB,"Casa Fresco, HSR: All",ramya rajan,110325598345131609093,False,5,,0,6 months ago,
"Casa Fresco, HSR: All-Day Dining & Café",080 4992 7445,"73, 27th Main Rd, Phase 3, 1st Sector, HSR Layout, Bengaluru, Karnataka 560102",12.9207539,77.650514,Restaurant,http://www.casafresco.in/,Ci9DQUlRQUNvZENodHljRjlvT25VNFRqbG1SVE53ZFRaQlZHWTJTSGRRUWpGSFowRRAB,"Casa Fresco, HSR: All",Dhruvita Patel,111419490792690630735,True,5,"It has one of the best English breakfast place. Apart from breakfast, it's burgers and sandwichs are also good. It is crowded on weekends so reach as early as possible.",0,6 months ago,"{""meal_type"": ""Breakfast"", ""price_per_person"": ""₹200–400"", ""food"": 5, ""service_rating"": 4, ""atmosphere"": 5, ""group_size"": ""Suitable for all group sizes"", ""wait_time"": ""No wait""}"
"Casa Fresco, HSR: All-Day Dining & Café",080 4992 7445,"73, 27th Main Rd, Phase 3, 1st Sector, HSR Layout, Bengaluru, Karnataka 560102",12.9207539,77.650514,Restaurant,http://www.casafresco.in/,Ci9DQUlRQUNvZENodHljRjlvT2xnd1dXRmpTRzVCTlVOVVJETjZTak5pVldGNFJWRRAB,"Casa Fresco, HSR: All",Ipshita Biswas,106071111441230599459,True,5,"Everything about this place is good. The seating area is a bit cramped up but their sevice and food is top class. We had English breakfast, which was very filling and well cooked.",0,6 months ago,"{""food"": 5, ""service_rating"": 5, ""atmosphere"": 4}"
"Casa Fresco, HSR: All-Day Dining & Café",080 4992 7445,"73, 27th Main Rd, Phase 3, 1st Sector, HSR Layout, Bengaluru, Karnataka 560102",12.9207539,77.650514,Restaurant,http://www.casafresco.in/,Ci9DQUlRQUNvZENodHljRjlvT25vNFMybHllVTlaU0dJMFFXTXplREZrT0dwYWQzYxAB,"Casa Fresco, HSR: All",Tapan Patnaik,112361418907806289145,True,5,excellent experience. decent service and nice quaint place,0,6 months ago,"{""food"": 4, ""service_rating"": 5, ""atmosphere"": 5}"
"Casa Fresco, HSR: All-Day Dining & Café",080 4992 7445,"73, 27th Main Rd, Phase 3, 1st Sector, HSR Layout, Bengaluru, Karnataka 560102",12.9207539,77.650514,Restaurant,http://www.casafresco.in/,Ci9DQUlRQUNvZENodHljRjlvT21JeVZHaEpUV3hsUVdSU2JrVjNiMmt3TkZjdE5YYxAB,"Casa Fresco, HSR: All",nivedita roychowdhury,100852749125249584883,True,3,,0,6 months ago,"{""food"": 3, ""service_rating"": 4, ""atmosphere"": 3}"
"Casa Fresco, HSR: All-Day Dining & Café",080 4992 7445,"73, 27th Main Rd, Phase 3, 1st Sector, HSR Layout, Bengaluru, Karnataka 560102",12.9207539,77.650514,Restaurant,http://www.casafresco.in/,Ci9DQUlRQUNvZENodHljRjlvT2taSVR6aHVOVFZ5VUVkalZteFRURVpTT1MxaE5XYxAB,"Casa Fresco, HSR: All",jisna jossy,107345541667812864699,True,4,Great experience at Casa Fresco! The food was delicious and well-presented with generous portions. Nice ambiance with greenery that makes it feel fresh and inviting. Perfect spot for breakfast or casual dining. Definitely recommend!,0,6 months ago,"{""meal_type"": ""Brunch"", ""price_per_person"": ""₹2,000+"", ""food"": 4, ""service_rating"": 4, ""atmosphere"": 4, ""group_size"": ""Suitable for all group sizes"", ""wait_time"": ""Up to 10 min"", ""vegetarian_recommendation"": ""Somewhat recommend"", ""vegetarian_offerings"": ""Vegetarian menu or section"", ""parking_space"": ""Somewhat difficult to find parking"", ""parking_options"": ""Free street parking""}"
"Casa Fresco, HSR: All-Day Dining & Café",080 4992 7445,"73, 27th Main Rd, Phase 3, 1st Sector, HSR Layout, Bengaluru, Karnataka 560102",12.9207539,77.650514,Restaurant,http://www.casafresco.in/,Ci9DQUlRQUNvZENodHljRjlvT2pBd2RGRk9UbUZYVTBaNGIxaEJVemxZWjFWM2FHYxAB,"Casa Fresco, HSR: All",Jeffrey Chacko,107062345873814343096,True,4,,0,6 months ago,"{""food"": 4, ""service_rating"": 4, ""atmosphere"": 4}"
"Casa Fresco, HSR: All-Day Dining & Café",080 4992 7445,"73, 27th Main Rd, Phase 3, 1st Sector, HSR Layout, Bengaluru, Karnataka 560102",12.9207539,77.650514,Restaurant,http://www.casafresco.in/,Ci9DQUlRQUNvZENodHljRjlvT2toNGRVTXRaVEJuWTNkVWIxRnRWa05sZEdkVGIwRRAB,"Casa Fresco, HSR: All",Ranjitha Darmaraj,109208502288554439687,True,5,,0,6 months ago,"{""food"": 5, ""service_rating"": 5, ""atmosphere"": 5}"
"Casa Fresco, HSR: All-Day Dining & Café",080 4992 7445,"73, 27th Main Rd, Phase 3, 1st Sector, HSR Layout, Bengaluru, Karnataka 560102",12.9207539,77.650514,Restaurant,http://www.casafresco.in/,Ci9DQUlRQUNvZENodHljRjlvT25GbGFscExkSGhuYjJsemEwUlBaR1puYkRsb2VFRRAB,"Casa Fresco, HSR: All",Shivani Joshi,101657714720135036330,True,5,"Discovered this cafe which has a standout calming ambiance. Loved the fresh menu options—especially the breakfast bowls and smoothies! The staff was welcoming and service was prompt, making it a great choice for catching up with friends or simply relaxing. Definitely a place I’d visit again for a cozy, peaceful café experience.",0,7 months ago,"{""meal_type"": ""Other"", ""price_per_person"": ""₹200–400"", ""food"": 4, ""service_rating"": 5, ""atmosphere"": 4, ""wait_time"": ""No wait"", ""seating_type"": ""Indoor dining area"", ""vegetarian_offerings"": ""Vegetarian menu or section""}"
"Casa Fresco, HSR: All-Day Dining & Café",080 4992 7445,"73, 27th Main Rd, Phase 3, 1st Sector, HSR Layout, Bengaluru, Karnataka 560102",12.9207539,77.650514,Restaurant,http://www.casafresco.in/,Ci9DQUlRQUNvZENodHljRjlvT2tORGJFNXFNalo2V21kbE0wbG9XSGxLYUZScFoyYxAB,"Casa Fresco, HSR: All",Snehashish Paul,105865205893777867572,True,5,,0,7 months ago,"{""food"": 5, ""service_rating"": 3, ""atmosphere"": 5}"
"Casa Fresco, HSR: All-Day Dining & Café",080 4992 7445,"73, 27th Main Rd, Phase 3, 1st Sector, HSR Layout, Bengaluru, Karnataka 560102",12.9207539,77.650514,Restaurant,http://www.casafresco.in/,Ci9DQUlRQUNvZENodHljRjlvT25KeVUxTkVSR0Y0Ym1oMFZFMVlPRmhtVTJjeVYxRRAB,"Casa Fresco, HSR: All",Jinu Joseph,113567825802091136572,True,3,"Casa Fresco offers excellent food and a pleasant atmosphere. However, the customer service experience can be improved. Although there appears to be adequate staff, guests are not always attended to promptly when assistance is requested. With a little more focus on customer engagement, Casa Fresco can easily deliver an outstanding dining experience.",0,7 months ago,"{""meal_type"": ""Dinner"", ""price_per_person"": ""₹2,000+"", ""food"": 5, ""service_rating"": 2, ""atmosphere"": 4}"
"Casa Fresco, HSR: All-Day Dining & Café",080 4992 7445,"73, 27th Main Rd, Phase 3, 1st Sector, HSR Layout, Bengaluru, Karnataka 560102",12.9207539,77.650514,Restaurant,http://www.casafresco.in/,Ci9DQUlRQUNvZENodHljRjlvT2tSd2F6QkNRVUZHTlVsT09HWk9UMWxCYkdvNFZWRRAB,"Casa Fresco, HSR: All",Aahladee Dalal,117783584243491160933,True,5,Food taste is good but service is too slow,0,7 months ago,"{""meal_type"": ""Brunch"", ""food"": 4, ""service_rating"": 2, ""atmosphere"": 4}"
"Casa Fresco, HSR: All-Day Dining & Café",080 4992 7445,"73, 27th Main Rd, Phase 3, 1st Sector, HSR Layout, Bengaluru, Karnataka 560102",12.9207539,77.650514,Restaurant,http://www.casafresco.in/,Ci9DQUlRQUNvZENodHljRjlvT25SR2VFSlBkR2R1VkVGalltdHBjWGc0VjNnNWRHYxAB,"Casa Fresco, HSR: All",Amit Bahir,117130185331497384334,False,1,Pathetic and Incorporative service. Not at all hospitable.,0,7 months ago,
"Casa Fresco, HSR: All-Day Dining & Café",080 4992 7445,"73, 27th Main Rd, Phase 3, 1st Sector, HSR Layout, Bengaluru, Karnataka 560102",12.9207539,77.650514,Restaurant,http://www.casafresco.in/,Ci9DQUlRQUNvZENodHljRjlvT2paeGJEQTFOblZTUldzdFJ5MTJPSGhzT1hkV09GRRAB,"Casa Fresco, HSR: All",Manisha Das,103451049921714425049,True,1,"I visited there on 4th oct, the staff is extremely rude and non cooperative.",0,7 months ago,
"Casa Fresco, HSR: All-Day Dining & Café",080 4992 7445,"73, 27th Main Rd, Phase 3, 1st Sector, HSR Layout, Bengaluru, Karnataka 560102",12.9207539,77.650514,Restaurant,http://www.casafresco.in/,Ci9DQUlRQUNvZENodHljRjlvT25OaGJsaDBMV1ZPYkdad2VuQlpZalYzWnpSQ2MyYxAB,"Casa Fresco, HSR: All",Aditi Singh,116044290519254869263,True,5,,0,7 months ago,
"Casa Fresco, HSR: All-Day Dining & Café",080 4992 7445,"73, 27th Main Rd, Phase 3, 1st Sector, HSR Layout, Bengaluru, Karnataka 560102",12.9207539,77.650514,Restaurant,http://www.casafresco.in/,Ci9DQUlRQUNvZENodHljRjlvT2tGUE1FOW1jbEJhYURGb2NpMHpiVk5QV2kxUlRXYxAB,"Casa Fresco, HSR: All",Neeraj Balabhadruni,109332391900886812012,True,5,,0,7 months ago,"{""meal_type"": ""Brunch"", ""price_per_person"": ""₹400–600"", ""food"": 5, ""service_rating"": 5, ""atmosphere"": 5, ""group_size"": ""3-4 people"", ""wait_time"": ""10-30 min"", ""vegetarian_recommendation"": ""Somewhat recommend"", ""vegetarian_offerings"": ""Large vegetarian selection""}"
"Casa Fresco, HSR: All-Day Dining & Café",080 4992 7445,"73, 27th Main Rd, Phase 3, 1st Sector, HSR Layout, Bengaluru, Karnataka 560102",12.9207539,77.650514,Restaurant,http://www.casafresco.in/,Ci9DQUlRQUNvZENodHljRjlvT25sVFdGcE1SbXcwU2paSGNUSnJjQzFLYmxWT1FYYxAB,"Casa Fresco, HSR: All",lokesh,114669685615663322014,True,3,,0,7 months ago,"{""food"": 2, ""service_rating"": 4, ""atmosphere"": 4}"
"Casa Fresco, HSR: All-Day Dining & Café",080 4992 7445,"73, 27th Main Rd, Phase 3, 1st Sector, HSR Layout, Bengaluru, Karnataka 560102",12.9207539,77.650514,Restaurant,http://www.casafresco.in/,Ci9DQUlRQUNvZENodHljRjlvT25KR016bE5kekZGWlV3dFltWXdabGxoTWtacFJYYxAB,"Casa Fresco, HSR: All",Aarohi Ranadive,116515063252615430668,False,5,,0,7 months ago,
"Casa Fresco, HSR: All-Day Dining & Café",080 4992 7445,"73, 27th Main Rd, Phase 3, 1st Sector, HSR Layout, Bengaluru, Karnataka 560102",12.9207539,77.650514,Restaurant,http://www.casafresco.in/,Ci9DQUlRQUNvZENodHljRjlvT25WTFZGVXlTMUZtU0RsYWFrVkdaMUpqY1ZkMFRIYxAB,"Casa Fresco, HSR: All",neha gupta,114025133727380498123,True,2,"We ordered cream of mushroom,crispy corn and chilly paneer.Cream of mushroom was mushroom cooked in milk/cream,tasteless,lacked any flavour.Crispy corn was half burnt and lacked flavour.Only chilly paneer was fine.Very slow service.If you cant handle multiple cuisines and customers,please stick to your bandwidth.When we asked if we can get something else instead of crispy corn,the staff denied and was forcing a replacement.So we paid the entire bill and left though I had left the entire mushroom soup and crispy corn.So the staff doesnt bother if the food is bad.No sorry,apologies at all.",0,7 months ago,"{""meal_type"": ""Dinner"", ""food"": 1, ""service_rating"": 1, ""atmosphere"": 3, ""group_size"": ""2 people""}"
"Casa Fresco, HSR: All-Day Dining & Café",080 4992 7445,"73, 27th Main Rd, Phase 3, 1st Sector, HSR Layout, Bengaluru, Karnataka 560102",12.9207539,77.650514,Restaurant,http://www.casafresco.in/,Ci9DQUlRQUNvZENodHljRjlvT2w5aE15MDBiSFpNYVZoV05FUjJVRGsyTURjNU0xRRAB,"Casa Fresco, HSR: All",Nageswara Reddy,115910613873575652231,False,1,"I visited this restaurant about a year ago and had a very bad experience. Unfortunately, when I visited again today, the same thing happened.  I placed an order for a chicken club sandwich at around 7:05 PM. After waiting 20 minutes, the order was still not ready. When I asked the staff about it, they told me it would be ready in 5 minutes. After 10 min, I followed up again, and this time they said it was still not ready and would take another 15 minutes.  At this point, I wasn’t even sure if my order had been placed properly. Despite asking multiple times, the staff made no effort to resolve the issue. The restaurant wasn’t overcrowded either—there were only about 30 people in total—so lack of capacity was not the problem.  The service staff seemed completely indifferent and showed no concern about the delay. Frustrated, I asked for the bill for just the water bottle I had taken. They quickly provided the bill for that, which I paid before leaving.  I will never visit this restaurant again due to such poor service and behavior. A suggestion: even if your food is world-class, customer satisfaction is equally important.",0,7 months ago,"{""meal_type"": ""Dinner"", ""food"": 1, ""service_rating"": 1, ""atmosphere"": 3}"
"Casa Fresco, HSR: All-Day Dining & Café",080 4992 7445,"73, 27th Main Rd, Phase 3, 1st Sector, HSR Layout, Bengaluru, Karnataka 560102",12.9207539,77.650514,Restaurant,http://www.casafresco.in/,Ci9DQUlRQUNvZENodHljRjlvT205M1VEVkdZVWgxYVZSTldrWnpXSFY1Wld4aVQxRRAB,"Casa Fresco, HSR: All",Ritika Golasangi,114644451106382854744,True,4,The food was delicious. Recommend mushroom soup and 🌽 was average.,0,7 months ago,"{""food"": 5, ""service_rating"": 4, ""atmosphere"": 3}"
"Casa Fresco, HSR: All-Day Dining & Café",080 4992 7445,"73, 27th Main Rd, Phase 3, 1st Sector, HSR Layout, Bengaluru, Karnataka 560102",12.9207539,77.650514,Restaurant,http://www.casafresco.in/,Ci9DQUlRQUNvZENodHljRjlvT2xKTVMwc3hhMWsyVm1oR1QxVjNURkphUTJoSmVrRRAB,"Casa Fresco, HSR: All",Kartick Gupta,108090967310568839428,True,5,,0,7 months ago,"{""meal_type"": ""Dinner"", ""price_per_person"": ""₹600–800"", ""food"": 5, ""service_rating"": 5, ""atmosphere"": 5}"
"Casa Fresco, HSR: All-Day Dining & Café",080 4992 7445,"73, 27th Main Rd, Phase 3, 1st Sector, HSR Layout, Bengaluru, Karnataka 560102",12.9207539,77.650514,Restaurant,http://www.casafresco.in/,Ci9DQUlRQUNvZENodHljRjlvT25aRU1tTlNTbTFNY2xvNWJXRTBXRzlxZUhJd1lrRRAB,"Casa Fresco, HSR: All",Gowtham Gunasekaran,106352257108256644556,True,4,Calm place to have team catch-up. The service is so nice. The waitresses very polite and calm while we ask for changes and request.,0,7 months ago,"{""meal_type"": ""Other"", ""food"": 4, ""service_rating"": 5, ""atmosphere"": 5, ""noise_level"": ""Quiet, easy to talk"", ""wait_time"": ""1+ hour""}"
"Casa Fresco, HSR: All-Day Dining & Café",080 4992 7445,"73, 27th Main Rd, Phase 3, 1st Sector, HSR Layout, Bengaluru, Karnataka 560102",12.9207539,77.650514,Restaurant,http://www.casafresco.in/,Ci9DQUlRQUNvZENodHljRjlvT2tGaGNrVjJiR2xhU25kalJGTm1TbFJtYkVKRmMwRRAB,"Casa Fresco, HSR: All",Apoorva Kamath,113713423960243824315,True,4,,0,7 months ago,"{""meal_type"": ""Lunch"", ""price_per_person"": ""₹200–400"", ""food"": 4, ""service_rating"": 5, ""atmosphere"": 5, ""noise_level"": ""Quiet, easy to talk"", ""wait_time"": ""No wait"", ""vegetarian_recommendation"": ""Highly recommend"", ""vegetarian_offerings"": ""Vegetarian menu or section""}"
"Casa Fresco, HSR: All-Day Dining & Café",080 4992 7445,"73, 27th Main Rd, Phase 3, 1st Sector, HSR Layout, Bengaluru, Karnataka 560102",12.9207539,77.650514,Restaurant,http://www.casafresco.in/,Ci9DQUlRQUNvZENodHljRjlvT21sclVVTlRZV1ZQTWtKRFNFUTRZbnBHU1Vka1UwRRAB,"Casa Fresco, HSR: All",Nikhilesh Chauhan,109953485813193438542,True,5,A bit delay in service but food is awesome,0,7 months ago,"{""meal_type"": ""Breakfast"", ""price_per_person"": ""₹600–800"", ""food"": 5, ""service_rating"": 3, ""atmosphere"": 4, ""noise_level"": ""Moderate noise"", ""wait_time"": ""No wait""}"
"Casa Fresco, HSR: All-Day Dining & Café",080 4992 7445,"73, 27th Main Rd, Phase 3, 1st Sector, HSR Layout, Bengaluru, Karnataka 560102",12.9207539,77.650514,Restaurant,http://www.casafresco.in/,Ci9DQUlRQUNvZENodHljRjlvT2pGMmFrSkVZblJDYmxZd1VUa3ROSEozT0Vsd1owRRAB,"Casa Fresco, HSR: All",Devi A M,111725492993521300731,True,5,,0,7 months ago,"{""meal_type"": ""Dinner""}"
"Casa Fresco, HSR: All-Day Dining & Café",080 4992 7445,"73, 27th Main Rd, Phase 3, 1st Sector, HSR Layout, Bengaluru, Karnataka 560102",12.9207539,77.650514,Restaurant,http://www.casafresco.in/,Ci9DQUlRQUNvZENodHljRjlvT2s5MVgycDJkR3BvZWtkWE15MUlTbEJrZVcxUlkzYxAB,"Casa Fresco, HSR: All",Varun verma,106928973461187331963,True,3,,0,7 months ago,"{""food"": 3, ""service_rating"": 5, ""atmosphere"": 5}"
"Casa Fresco, HSR: All-Day Dining & Café",080 4992 7445,"73, 27th Main Rd, Phase 3, 1st Sector, HSR Layout, Bengaluru, Karnataka 560102",12.9207539,77.650514,Restaurant,http://www.casafresco.in/,Ci9DQUlRQUNvZENodHljRjlvT2t4WlNuUlZjamcyVm14cmN6RkhRbE4zZEVwQlIzYxAB,"Casa Fresco, HSR: All",himanshi gupta,111551776496665549854,False,5,Amazing place with amazing food and vibes!,0,7 months ago,"{""food"": 5, ""service_rating"": 5, ""atmosphere"": 5}"
"Casa Fresco, HSR: All-Day Dining & Café",080 4992 7445,"73, 27th Main Rd, Phase 3, 1st Sector, HSR Layout, Bengaluru, Karnataka 560102",12.9207539,77.650514,Restaurant,http://www.casafresco.in/,Ci9DQUlRQUNvZENodHljRjlvT2kxSmMwWlJOazVyVUZoRFVYVndVMmwzTUhJdFpGRRAB,"Casa Fresco, HSR: All",Thizoto Kezo,107474219901073928076,False,5,Good service by Cathrine love it,0,Edited 7 months ago,"{""food"": 5, ""service_rating"": 5, ""atmosphere"": 5}"
"Casa Fresco, HSR: All-Day Dining & Café",080 4992 7445,"73, 27th Main Rd, Phase 3, 1st Sector, HSR Layout, Bengaluru, Karnataka 560102",12.9207539,77.650514,Restaurant,http://www.casafresco.in/,Ci9DQUlRQUNvZENodHljRjlvT2pVeE5GTXdRWE5CT1ZRelZFdEdXVGhaWVd0UlYwRRAB,"Casa Fresco, HSR: All",Lishikho Maheo,108603973497601433244,False,5,The service was perfect serve by catrine,0,Edited 7 months ago,"{""food"": 5, ""service_rating"": 5, ""atmosphere"": 5}"
"Casa Fresco, HSR: All-Day Dining & Café",080 4992 7445,"73, 27th Main Rd, Phase 3, 1st Sector, HSR Layout, Bengaluru, Karnataka 560102",12.9207539,77.650514,Restaurant,http://www.casafresco.in/,Ci9DQUlRQUNvZENodHljRjlvT2pVd1pVdDVZMVpqYkZGelpYWTVkVFZ6U0ZKaVdXYxAB,"Casa Fresco, HSR: All",Ruya Kizz,105335069156443459423,True,4,Good,0,7 months ago,
"Casa Fresco, HSR: All-Day Dining & Café",080 4992 7445,"73, 27th Main Rd, Phase 3, 1st Sector, HSR Layout, Bengaluru, Karnataka 560102",12.9207539,77.650514,Restaurant,http://www.casafresco.in/,Ci9DQUlRQUNvZENodHljRjlvT25GbVRHNW5NMmgzTlU4MWQxZFFSbnBMVWpZdFRHYxAB,"Casa Fresco, HSR: All",priyanka sarkar,117007332933470873419,False,5,Great place for brunch and catchup with friends! Amazing food options,0,7 months ago,
"Casa Fresco, HSR: All-Day Dining & Café",080 4992 7445,"73, 27th Main Rd, Phase 3, 1st Sector, HSR Layout, Bengaluru, Karnataka 560102",12.9207539,77.650514,Restaurant,http://www.casafresco.in/,Ci9DQUlRQUNvZENodHljRjlvT2t0elZWWkRRMEZCTUVKRlprTTRWbTVXWVVaeU5IYxAB,"Casa Fresco, HSR: All",Punam Thapa,115630169887933963283,False,5,Food is very testy . Staff also full friendly. Manager behaviour like a family. He suggested food. Thank you alim,0,7 months ago,"{""dining_mode"": ""Dine in"", ""meal_type"": ""Lunch"", ""food"": 5, ""service_rating"": 5, ""atmosphere"": 5}"
"Casa Fresco, HSR: All-Day Dining & Café",080 4992 7445,"73, 27th Main Rd, Phase 3, 1st Sector, HSR Layout, Bengaluru, Karnataka 560102",12.9207539,77.650514,Restaurant,http://www.casafresco.in/,Ci9DQUlRQUNvZENodHljRjlvT2xSbGIzTjRaR2xqY1c1Qk1tRjZTbVprTmpSTGMwRRAB,"Casa Fresco, HSR: All",mohammed zaheer,116645226294197836600,True,3,,0,7 months ago,"{""dining_mode"": ""Dine in"", ""meal_type"": ""Dinner"", ""price_per_person"": ""₹1,000–1,200"", ""food"": 2, ""service_rating"": 4, ""atmosphere"": 5, ""wait_time"": ""No wait""}"
"Casa Fresco, HSR: All-Day Dining & Café",080 4992 7445,"73, 27th Main Rd, Phase 3, 1st Sector, HSR Layout, Bengaluru, Karnataka 560102",12.9207539,77.650514,Restaurant,http://www.casafresco.in/,Ci9DQUlRQUNvZENodHljRjlvT2w5NlQyaE1XbFk1TVhkdVYybEpjbmRsVURBM2RsRRAB,"Casa Fresco, HSR: All",MaraudingMunchies,117482345046084648597,True,4,"This place was a hit, perfect combo of price and value. Good ambience, good service and good food. I am glad I found it and would happily go again. The only reason for the 3 star service is they messed up my order of waffles with pancakes. But to their credit , they gave the pancakes conplimentary and the got the waffles  too. Only thing was I had to wait a while for the waffles. But everything else was almost flawless. Best wishes to the team and folks who run the place.",0,7 months ago,"{""dining_mode"": ""Dine in"", ""meal_type"": ""Dinner"", ""price_per_person"": ""₹600–800"", ""food"": 4, ""service_rating"": 3, ""atmosphere"": 4, ""wait_time"": ""No wait""}"
"Casa Fresco, HSR: All-Day Dining & Café",080 4992 7445,"73, 27th Main Rd, Phase 3, 1st Sector, HSR Layout, Bengaluru, Karnataka 560102",12.9207539,77.650514,Restaurant,http://www.casafresco.in/,Ci9DQUlRQUNvZENodHljRjlvT21oeVpFTjBiM2hsZDBkdGVUbFZjMkZVTVdoVlQxRRAB,"Casa Fresco, HSR: All",Ankesh Gautam,104648137337201152693,True,5,,0,7 months ago,"{""dining_mode"": ""Dine in"", ""meal_type"": ""Brunch"", ""price_per_person"": ""₹600–800"", ""food"": 5, ""service_rating"": 5, ""atmosphere"": 5, ""wait_time"": ""30-60 min""}"
"Casa Fresco, HSR: All-Day Dining & Café",080 4992 7445,"73, 27th Main Rd, Phase 3, 1st Sector, HSR Layout, Bengaluru, Karnataka 560102",12.9207539,77.650514,Restaurant,http://www.casafresco.in/,Ci9DQUlRQUNvZENodHljRjlvT2xreGFETTVUek5yWHpkVFoxRlVMVUp1TURSM1VuYxAB,"Casa Fresco, HSR: All",Alvis Abreo,114882595446195842372,True,5,"Place was quite decent, good for a weekend detox eating. Food was good, not really really good but decent. Staff was quite friendly. Preparation time was decent as well.",0,7 months ago,"{""food"": 4, ""service_rating"": 5, ""atmosphere"": 4}"
"Casa Fresco, HSR: All-Day Dining & Café",080 4992 7445,"73, 27th Main Rd, Phase 3, 1st Sector, HSR Layout, Bengaluru, Karnataka 560102",12.9207539,77.650514,Restaurant,http://www.casafresco.in/,Ci9DQUlRQUNvZENodHljRjlvT2poa016aHZObk5sWmxWNFFXd3hhbTVmUzJjNVJuYxAB,"Casa Fresco, HSR: All",Angira Bhuyan,108494282373298912292,True,5,,0,7 months ago,
"Casa Fresco, HSR: All-Day Dining & Café",080 4992 7445,"73, 27th Main Rd, Phase 3, 1st Sector, HSR Layout, Bengaluru, Karnataka 560102",12.9207539,77.650514,Restaurant,http://www.casafresco.in/,Ci9DQUlRQUNvZENodHljRjlvT2pZNGNGY3lSVGxZVkdOWmVuUm1ha3BhY2xWcGRIYxAB,"Casa Fresco, HSR: All",Vasupradha,103512955392333319618,False,1,,0,7 months ago,
"Casa Fresco, HSR: All-Day Dining & Café",080 4992 7445,"73, 27th Main Rd, Phase 3, 1st Sector, HSR Layout, Bengaluru, Karnataka 560102",12.9207539,77.650514,Restaurant,http://www.casafresco.in/,Ci9DQUlRQUNvZENodHljRjlvT21SaVF6RjJNMDQ0U21OeWVucFlXVkl5Vm5wRmIzYxAB,"Casa Fresco, HSR: All",Parneet Kaur,118079706914306869137,False,1,Food was good but service is bad. Firstly we had to wait for 20 mins to get a table which is acceptable but we had to wait for 45 mins to get our food. We asked them 3-4 times how long the food will take. Still they came after 35 mins and said they missed to send our order back in kitchen. When we had already asked them so many times why didn’t they pay attention and asked at the back. Very bad service experience.,0,7 months ago,"{""food"": 4, ""service_rating"": 1, ""atmosphere"": 3}"
"Casa Fresco, HSR: All-Day Dining & Café",080 4992 7445,"73, 27th Main Rd, Phase 3, 1st Sector, HSR Layout, Bengaluru, Karnataka 560102",12.9207539,77.650514,Restaurant,http://www.casafresco.in/,Ci9DQUlRQUNvZENodHljRjlvT2xKMWRGZFpkR1JuWkhBM2QyVk1jazVvVEdoVFNYYxAB,"Casa Fresco, HSR: All",Anshuman Kumar,110776604904312105868,True,3,"Food and vibe is okay, cooking time is high and waiters could be more professional and welcoming.",0,7 months ago,
"Casa Fresco, HSR: All-Day Dining & Café",080 4992 7445,"73, 27th Main Rd, Phase 3, 1st Sector, HSR Layout, Bengaluru, Karnataka 560102",12.9207539,77.650514,Restaurant,http://www.casafresco.in/,Ci9DQUlRQUNvZENodHljRjlvT2xJeGRISnJaVVZ5ZFdGRVNrNHpNa0ZTY2psZlVXYxAB,"Casa Fresco, HSR: All",Syed,114834267421253137129,True,5,,0,7 months ago,"{""meal_type"": ""Other""}"
"Casa Fresco, HSR: All-Day Dining & Café",080 4992 7445,"73, 27th Main Rd, Phase 3, 1st Sector, HSR Layout, Bengaluru, Karnataka 560102",12.9207539,77.650514,Restaurant,http://www.casafresco.in/,Ci9DQUlRQUNvZENodHljRjlvT205T1l6UmFZa1JhZFVoaFFtVmplRXBvVTI1U1NWRRAB,"Casa Fresco, HSR: All",Hemanth.P,117122223724995044097,False,5,,0,7 months ago,"{""food"": 5, ""service_rating"": 5, ""atmosphere"": 5}"
"Casa Fresco, HSR: All-Day Dining & Café",080 4992 7445,"73, 27th Main Rd, Phase 3, 1st Sector, HSR Layout, Bengaluru, Karnataka 560102",12.9207539,77.650514,Restaurant,http://www.casafresco.in/,ChZDSUhNMG9nS0VJQ0FnSUNoNExUTFdREAE,"Casa Fresco, HSR: All",Wang Bomzon,113228405491163694040,False,5,"Great for an Italian romantic donner, the pizzas and soup and waffles were amazing",0,Edited 7 months ago,"{""meal_type"": ""Dinner"", ""price_per_person"": ""₹400–600"", ""food"": 5, ""service_rating"": 5, ""atmosphere"": 5, ""wait_time"": ""No wait"", ""vegetarian_recommendation"": ""Highly recommend"", ""vegetarian_offerings"": ""Large vegetarian selection, Clearly labeled vegetarian dishes"", ""parking_space"": ""Plenty of parking"", ""parking_options"": ""Free street parking""}"
"Casa Fresco, HSR: All-Day Dining & Café",080 4992 7445,"73, 27th Main Rd, Phase 3, 1st Sector, HSR Layout, Bengaluru, Karnataka 560102",12.9207539,77.650514,Restaurant,http://www.casafresco.in/,Ci9DQUlRQUNvZENodHljRjlvT25GSFdVWk1OMFZYZFZSSUxWZDBaamd5VG5CblpVRRAB,"Casa Fresco, HSR: All",Anju Krishna,111390808051218688284,True,5,,0,7 months ago,
"Casa Fresco, HSR: All-Day Dining & Café",080 4992 7445,"73, 27th Main Rd, Phase 3, 1st Sector, HSR Layout, Bengaluru, Karnataka 560102",12.9207539,77.650514,Restaurant,http://www.casafresco.in/,Ci9DQUlRQUNvZENodHljRjlvT2kxU2FqWXlVR3B6TFdOdldUaFRPVFk1ZERrdFpVRRAB,"Casa Fresco, HSR: All",Anjali G,110072669694480635465,True,5,It's an amazing place.. I visited this place during the brunch time and every dish I had was 10 on 10... The ambience and service adds up to the experience...,0,7 months ago,"{""meal_type"": ""Brunch"", ""food"": 5, ""service_rating"": 5, ""atmosphere"": 5, ""group_size"": ""2 people, 3-4 people, 5-8 people"", ""wait_time"": ""No wait""}"
"Casa Fresco, HSR: All-Day Dining & Café",080 4992 7445,"73, 27th Main Rd, Phase 3, 1st Sector, HSR Layout, Bengaluru, Karnataka 560102",12.9207539,77.650514,Restaurant,http://www.casafresco.in/,Ci9DQUlRQUNvZENodHljRjlvT25OTFdFNXNTbUZ3VnpkUWRFMHRURTFCYlRSalRWRRAB,"Casa Fresco, HSR: All",Dr Jaybharathi,109712789677980484230,True,5,,0,7 months ago,
"Casa Fresco, HSR: All-Day Dining & Café",080 4992 7445,"73, 27th Main Rd, Phase 3, 1st Sector, HSR Layout, Bengaluru, Karnataka 560102",12.9207539,77.650514,Restaurant,http://www.casafresco.in/,Ci9DQUlRQUNvZENodHljRjlvT21od0xYaHNVMFZxVERkYVdIcDFPVU5uV2t4T1lXYxAB,"Casa Fresco, HSR: All",Namratha,117991276439067170435,False,5,"People also ask How does Florentine pizza taste? What makes fiorentina pizza unique? A uniquely delicious white pizza, topped with garlicky olive oil, spinach, prosciutto, and a freshly cracked egg",0,7 months ago,"{""meal_type"": ""Breakfast"", ""price_per_person"": ""₹800–1,000"", ""food"": 5, ""service_rating"": 5, ""atmosphere"": 5, ""group_size"": ""3-4 people"", ""wait_time"": ""No wait""}"
"Casa Fresco, HSR: All-Day Dining & Café",080 4992 7445,"73, 27th Main Rd, Phase 3, 1st Sector, HSR Layout, Bengaluru, Karnataka 560102",12.9207539,77.650514,Restaurant,http://www.casafresco.in/,ChdDSUhNMG9nS0VPTGEwLXlVMmFmWnp3RRAB,"Casa Fresco, HSR: All",Andrea Dsilva,100348677516732908791,True,4,"Very reasonably priced with reasonable portions. Service was quick. Ample tables available. Menu is varied and includes burgers, sandwiches, coffees, pastas and english breakfast.",0,Edited 7 months ago,"{""meal_type"": ""Breakfast"", ""price_per_person"": ""₹200–400"", ""food"": 4, ""service_rating"": 5, ""atmosphere"": 4, ""group_size"": ""3-4 people"", ""wait_time"": ""No wait"", ""parking_space"": ""Somewhat difficult to find parking"", ""parking_options"": ""Free street parking""}"
"Casa Fresco, HSR: All-Day Dining & Café",080 4992 7445,"73, 27th Main Rd, Phase 3, 1st Sector, HSR Layout, Bengaluru, Karnataka 560102",12.9207539,77.650514,Restaurant,http://www.casafresco.in/,Ci9DQUlRQUNvZENodHljRjlvT2tjdFNHOW5YM0ZWVlU5NFpHRkRjRFF4ZURkQ2RsRRAB,"Casa Fresco, HSR: All",Rimpa Nandi,102670932856632971669,False,5,Good,0,7 months ago,"{""food"": 5, ""service_rating"": 5, ""atmosphere"": 5}"
"Casa Fresco, HSR: All-Day Dining & Café",080 4992 7445,"73, 27th Main Rd, Phase 3, 1st Sector, HSR Layout, Bengaluru, Karnataka 560102",12.9207539,77.650514,Restaurant,http://www.casafresco.in/,Ci9DQUlRQUNvZENodHljRjlvT2tSWFpUVk9VbWN4WjNkUWFqaFBkbFF0VDJWS2FWRRAB,"Casa Fresco, HSR: All",abhijat sarkar,115347958932258420512,True,4,,0,7 months ago,
"Casa Fresco, HSR: All-Day Dining & Café",080 4992 7445,"73, 27th Main Rd, Phase 3, 1st Sector, HSR Layout, Bengaluru, Karnataka 560102",12.9207539,77.650514,Restaurant,http://www.casafresco.in/,Ci9DQUlRQUNvZENodHljRjlvT2xORmR6WkJkbWt4TURaVWVXMVJjRWRMYkRRMWVIYxAB,"Casa Fresco, HSR: All",Justin Thoomkuzhy,110391256129838715571,True,3,"Used to be a good place with tasty food and worth the money. But, not anymore. Just below avg food and now it definitely feels overpriced.  To top it all the service staff asking to post review on Google. It’s pathetic.",0,7 months ago,"{""food"": 2, ""service_rating"": 3, ""atmosphere"": 4}"
"Casa Fresco, HSR: All-Day Dining & Café",080 4992 7445,"73, 27th Main Rd, Phase 3, 1st Sector, HSR Layout, Bengaluru, Karnataka 560102",12.9207539,77.650514,Restaurant,http://www.casafresco.in/,Ci9DQUlRQUNvZENodHljRjlvT21ST2NqSXdYMjk0WjJaWU4zSkNjMEZFY1Vsc1NFRRAB,"Casa Fresco, HSR: All",Rabindra Reang,109442045881096048142,True,5,Daniel is amazing he reached me out in potential he has a nice service experience,0,7 months ago,"{""meal_type"": ""Breakfast"", ""price_per_person"": ""₹1,000–1,200"", ""food"": 5, ""service_rating"": 5, ""atmosphere"": 5, ""group_size"": ""Not sure"", ""wait_time"": ""10-30 min""}"
"Casa Fresco, HSR: All-Day Dining & Café",080 4992 7445,"73, 27th Main Rd, Phase 3, 1st Sector, HSR Layout, Bengaluru, Karnataka 560102",12.9207539,77.650514,Restaurant,http://www.casafresco.in/,Ci9DQUlRQUNvZENodHljRjlvT2s1Zk0wdDVjVXhPUTIxYU5UVnRXSEZaYjFOT1ZsRRAB,"Casa Fresco, HSR: All",Rupa Nandi,100012973333182260383,False,5,Very testy all items.. i love eat 😍🥳🥳,0,Edited 7 months ago,"{""meal_type"": ""Brunch"", ""price_per_person"": ""₹400–600"", ""food"": 5, ""service_rating"": 5, ""atmosphere"": 5, ""group_size"": ""Suitable for all group sizes"", ""wait_time"": ""No wait"", ""vegetarian_offerings"": ""Menu is all vegetarian""}"
"Casa Fresco, HSR: All-Day Dining & Café",080 4992 7445,"73, 27th Main Rd, Phase 3, 1st Sector, HSR Layout, Bengaluru, Karnataka 560102",12.9207539,77.650514,Restaurant,http://www.casafresco.in/,Ci9DQUlRQUNvZENodHljRjlvT205NFZXVlpNMDlmVlVObGIwUmhaR0pHUlcxck9IYxAB,"Casa Fresco, HSR: All",Tapas Kaipeng,117729616560466489381,False,5,Daniel,0,7 months ago,"{""food"": 5, ""service_rating"": 5, ""atmosphere"": 5}"
"Casa Fresco, HSR: All-Day Dining & Café",080 4992 7445,"73, 27th Main Rd, Phase 3, 1st Sector, HSR Layout, Bengaluru, Karnataka 560102",12.9207539,77.650514,Restaurant,http://www.casafresco.in/,Ci9DQUlRQUNvZENodHljRjlvT2xwT1pVcEpVbUZsUlU5d1ZGZEZYMmwzWjFacGMxRRAB,"Casa Fresco, HSR: All",Negita Naorem,117751880067031159464,False,5,From Daniel side......Food quality are good and tasty😋,0,7 months ago,"{""food"": 5, ""service_rating"": 5, ""atmosphere"": 5}"
"Casa Fresco, HSR: All-Day Dining & Café",080 4992 7445,"73, 27th Main Rd, Phase 3, 1st Sector, HSR Layout, Bengaluru, Karnataka 560102",12.9207539,77.650514,Restaurant,http://www.casafresco.in/,Ci9DQUlRQUNvZENodHljRjlvT21zM1JFOUthR1puT0hWMU5raHhiMGxrUmpSNGEwRRAB,"Casa Fresco, HSR: All",Bikash Oraon,101266419759240350465,False,5,,0,Edited 7 months ago,"{""food"": 5, ""service_rating"": 4, ""atmosphere"": 5}"
"Casa Fresco, HSR: All-Day Dining & Café",080 4992 7445,"73, 27th Main Rd, Phase 3, 1st Sector, HSR Layout, Bengaluru, Karnataka 560102",12.9207539,77.650514,Restaurant,http://www.casafresco.in/,Ci9DQUlRQUNvZENodHljRjlvT2tack0zQjJWMU5CWkdZellVdzRRM0ZhUmxsM1FVRRAB,"Casa Fresco, HSR: All",Lalfakawmi pautu Lalfakawmiremruata,103606286371425343809,False,5,Daniel,0,7 months ago,
"Casa Fresco, HSR: All-Day Dining & Café",080 4992 7445,"73, 27th Main Rd, Phase 3, 1st Sector, HSR Layout, Bengaluru, Karnataka 560102",12.9207539,77.650514,Restaurant,http://www.casafresco.in/,Ci9DQUlRQUNvZENodHljRjlvT25SWFlYQm9lVGhZYW5SS1UwMHRUV2xaVVVodmRWRRAB,"Casa Fresco, HSR: All",Agnes thartei Agnes,114918538565948753820,False,5,Daniel,0,7 months ago,"{""food"": 5, ""service_rating"": 4, ""atmosphere"": 5}"
"Casa Fresco, HSR: All-Day Dining & Café",080 4992 7445,"73, 27th Main Rd, Phase 3, 1st Sector, HSR Layout, Bengaluru, Karnataka 560102",12.9207539,77.650514,Restaurant,http://www.casafresco.in/,Ci9DQUlRQUNvZENodHljRjlvT2xFNFJVeEtRVUZqYUhsM1FVVTNRMDFSUTFOWFdtYxAB,"Casa Fresco, HSR: All",Nandini Priyadarshini,105348029289414867589,True,5,,0,7 months ago,"{""food"": 5, ""service_rating"": 5, ""atmosphere"": 5}"
"Casa Fresco, HSR: All-Day Dining & Café",080 4992 7445,"73, 27th Main Rd, Phase 3, 1st Sector, HSR Layout, Bengaluru, Karnataka 560102",12.9207539,77.650514,Restaurant,http://www.casafresco.in/,Ci9DQUlRQUNvZENodHljRjlvT21SWmR6QktTbGhvVVVGU05WTjZVMFp3T1RKaWVuYxAB,"Casa Fresco, HSR: All",Himansu Nahak,114487362070931508373,False,5,"Excellent ambience and very warm hospitality from the staff, Miss Karuna rai who made us fell like home. The food was fresh, flavourful, and beautifully presented. The stff was friendly and attentive. The ambience was warm and welcoming.",0,7 months ago,"{""service_rating"": 5}"
"Casa Fresco, HSR: All-Day Dining & Café",080 4992 7445,"73, 27th Main Rd, Phase 3, 1st Sector, HSR Layout, Bengaluru, Karnataka 560102",12.9207539,77.650514,Restaurant,http://www.casafresco.in/,Ci9DQUlRQUNvZENodHljRjlvT25KZmFtNUhWRVpJVEZNeWNtRkhjekZ2WWs5aVpXYxAB,"Casa Fresco, HSR: All",M S R STUDIO,113801410626767542803,True,5,"We really had a great experience , Miss Karuna rai gave a good service. Appreciate for the service. we will come again",0,7 months ago,"{""service_rating"": 5}"
"Casa Fresco, HSR: All-Day Dining & Café",080 4992 7445,"73, 27th Main Rd, Phase 3, 1st Sector, HSR Layout, Bengaluru, Karnataka 560102",12.9207539,77.650514,Restaurant,http://www.casafresco.in/,Ci9DQUlRQUNvZENodHljRjlvT25CNmIyZEZSVVk1WXpWTFNGWjRSR2hzTms1cWVFRRAB,"Casa Fresco, HSR: All",chaitra bhat,114612256186165254276,True,5,Great place to hangout with friends and family.,0,7 months ago,"{""price_per_person"": ""₹200–400"", ""food"": 5, ""service_rating"": 4, ""atmosphere"": 5, ""wait_time"": ""10-30 min"", ""vegetarian_recommendation"": ""Highly recommend"", ""parking_space"": ""Somewhat difficult to find parking""}"
"Casa Fresco, HSR: All-Day Dining & Café",080 4992 7445,"73, 27th Main Rd, Phase 3, 1st Sector, HSR Layout, Bengaluru, Karnataka 560102",12.9207539,77.650514,Restaurant,http://www.casafresco.in/,Ci9DQUlRQUNvZENodHljRjlvT2tsRVpFaHFjMFJHYVdSSlowcFJkVEIzTVVWc2IzYxAB,"Casa Fresco, HSR: All",Parmila Mukhiya,109306063313138715660,False,5,This place was cool with beautiful decorations around love the service provided by Karuna she was great in asking our needs and given us what we actually looking for thanks to her will look forward to visit with guest soon 🥰🥰😍🤍,0,7 months ago,"{""food"": 5, ""service_rating"": 5, ""atmosphere"": 5}"
"Casa Fresco, HSR: All-Day Dining & Café",080 4992 7445,"73, 27th Main Rd, Phase 3, 1st Sector, HSR Layout, Bengaluru, Karnataka 560102",12.9207539,77.650514,Restaurant,http://www.casafresco.in/,Ci9DQUlRQUNvZENodHljRjlvT213eU5EbFhhSGR4VlZkdlNXWkVOa2s0UlRWcFYwRRAB,"Casa Fresco, HSR: All",Bikash Mahapatra,103363315593240317219,False,5,"Absolutely loved this cafe. The cozy ambiance, with its soft lighting and comfortable seating, made for a perfect relaxation. A true gem for coffee enthusiasts. They offer a fantastic variety of coffee drinks, and my cappuccino was divine. The food menu is also great, with delicious brunch options that were definitely worth the price. The fresh ingredients and balanced flavors in each dish were impressive. Plus, the service was quick and efficient, which is always appreciated. The staff ( Karuna ) was incredibly friendly and attentive, making us feel right at home. A must-visit for anyone looking for great coffee and a welcoming atmosphere.",0,7 months ago,"{""food"": 5, ""service_rating"": 5, ""atmosphere"": 5}"
"Casa Fresco, HSR: All-Day Dining & Café",080 4992 7445,"73, 27th Main Rd, Phase 3, 1st Sector, HSR Layout, Bengaluru, Karnataka 560102",12.9207539,77.650514,Restaurant,http://www.casafresco.in/,Ci9DQUlRQUNvZENodHljRjlvT2pJMk4wMU5aUzA1UlRSWE9FZExWelJpTFVWU1psRRAB,"Casa Fresco, HSR: All",Nayan Das,116875287704375699855,True,5,Cathrine give us a good service...,0,7 months ago,"{""food"": 5, ""service_rating"": 5, ""atmosphere"": 5}"
"Casa Fresco, HSR: All-Day Dining & Café",080 4992 7445,"73, 27th Main Rd, Phase 3, 1st Sector, HSR Layout, Bengaluru, Karnataka 560102",12.9207539,77.650514,Restaurant,http://www.casafresco.in/,Ci9DQUlRQUNvZENodHljRjlvT2pNellXTnFRbkZDZVhOZmNtRkZUV2xZV2paNlRuYxAB,"Casa Fresco, HSR: All",Shiba Saha,105723302635873097312,False,5,Amazing service by cathrine +food,0,7 months ago,"{""food"": 5, ""service_rating"": 5, ""atmosphere"": 5}"
"Casa Fresco, HSR: All-Day Dining & Café",080 4992 7445,"73, 27th Main Rd, Phase 3, 1st Sector, HSR Layout, Bengaluru, Karnataka 560102",12.9207539,77.650514,Restaurant,http://www.casafresco.in/,Ci9DQUlRQUNvZENodHljRjlvT2xGc1IycFJkakZVYjJWaVVrSkZOSFZ4UWxFMWIxRRAB,"Casa Fresco, HSR: All",Sushila Chataut,107508426079975871878,False,5,,0,7 months ago,"{""food"": 5, ""service_rating"": 5, ""atmosphere"": 5}"
"Casa Fresco, HSR: All-Day Dining & Café",080 4992 7445,"73, 27th Main Rd, Phase 3, 1st Sector, HSR Layout, Bengaluru, Karnataka 560102",12.9207539,77.650514,Restaurant,http://www.casafresco.in/,Ci9DQUlRQUNvZENodHljRjlvT25OU2NXUlJRVk5hVlhOUlZWUndURkl3TjFwWVNtYxAB,"Casa Fresco, HSR: All",JITU BISWAS,110810116013618243576,False,5,,0,7 months ago,"{""price_per_person"": ""₹2,000+"", ""food"": 5, ""service_rating"": 5, ""atmosphere"": 5}"
"Casa Fresco, HSR: All-Day Dining & Café",080 4992 7445,"73, 27th Main Rd, Phase 3, 1st Sector, HSR Layout, Bengaluru, Karnataka 560102",12.9207539,77.650514,Restaurant,http://www.casafresco.in/,Ci9DQUlRQUNvZENodHljRjlvT2pGbFFrdHRPR0ZrWkZOUGNGTm1YMUpqVjJsVGJuYxAB,"Casa Fresco, HSR: All",John Boozeo,102619652949661040443,False,5,Food was delicious and service catherine was too good,0,7 months ago,"{""food"": 4, ""service_rating"": 5, ""atmosphere"": 4}"
"Casa Fresco, HSR: All-Day Dining & Café",080 4992 7445,"73, 27th Main Rd, Phase 3, 1st Sector, HSR Layout, Bengaluru, Karnataka 560102",12.9207539,77.650514,Restaurant,http://www.casafresco.in/,Ci9DQUlRQUNvZENodHljRjlvT2toTE5XTk5lRmhuUlVSSVdVNWhaMEZmUW5oeU1sRRAB,"Casa Fresco, HSR: All",Sumon Pal,102969770178587769100,False,5,Catherine give us a good service...,0,7 months ago,"{""food"": 5, ""service_rating"": 5, ""atmosphere"": 5}"
"Casa Fresco, HSR: All-Day Dining & Café",080 4992 7445,"73, 27th Main Rd, Phase 3, 1st Sector, HSR Layout, Bengaluru, Karnataka 560102",12.9207539,77.650514,Restaurant,http://www.casafresco.in/,Ci9DQUlRQUNvZENodHljRjlvT25GcU5GSk1TRWgwZEVvM01YTmhiWFZLZDBGVFEwRRAB,"Casa Fresco, HSR: All",Tufan Sarkar,106715344217237608383,False,5,,0,7 months ago,"{""food"": 5, ""service_rating"": 5, ""atmosphere"": 5}"
"Casa Fresco, HSR: All-Day Dining & Café",080 4992 7445,"73, 27th Main Rd, Phase 3, 1st Sector, HSR Layout, Bengaluru, Karnataka 560102",12.9207539,77.650514,Restaurant,http://www.casafresco.in/,Ci9DQUlRQUNvZENodHljRjlvT2xCc1NHTk5hR0ZUTFVsTFFuUkZRMll4UlY5R09XYxAB,"Casa Fresco, HSR: All",Rangshung Mathew,106795235760779191064,False,5,Kasuila cathrine she holds the capability of being a good service i really like it thank you so much ❤️,0,7 months ago,"{""food"": 5, ""service_rating"": 5, ""atmosphere"": 5}"
"Casa Fresco, HSR: All-Day Dining & Café",080 4992 7445,"73, 27th Main Rd, Phase 3, 1st Sector, HSR Layout, Bengaluru, Karnataka 560102",12.9207539,77.650514,Restaurant,http://www.casafresco.in/,Ci9DQUlRQUNvZENodHljRjlvT25scVVFNUJjMGR0TFhSTFZVdExaMWR0ZG5odlZVRRAB,"Casa Fresco, HSR: All",Shon Ren,102578069312980139467,False,5,"Food was delicious,Staff service was nice, and nice place, keep growing 💗 ( cathrine nice service )",0,7 months ago,"{""food"": 5, ""service_rating"": 5, ""atmosphere"": 5}"
"Casa Fresco, HSR: All-Day Dining & Café",080 4992 7445,"73, 27th Main Rd, Phase 3, 1st Sector, HSR Layout, Bengaluru, Karnataka 560102",12.9207539,77.650514,Restaurant,http://www.casafresco.in/,Ci9DQUlRQUNvZENodHljRjlvT21OUlFucFBURUpUY0hRdFZEVkRaSGhZVWtjeWJsRRAB,"Casa Fresco, HSR: All",AROW raomai,116229158882341658239,False,5,Cathrine Her service so good she is so kind it’s good to have her👍,0,7 months ago,"{""food"": 5, ""service_rating"": 5, ""atmosphere"": 5}"
"Casa Fresco, HSR: All-Day Dining & Café",080 4992 7445,"73, 27th Main Rd, Phase 3, 1st Sector, HSR Layout, Bengaluru, Karnataka 560102",12.9207539,77.650514,Restaurant,http://www.casafresco.in/,Ci9DQUlRQUNvZENodHljRjlvT2s5bFlUUnBPVjlUVlhkNk5VNUdNM0owTmswMVprRRAB,"Casa Fresco, HSR: All",Jenny Vaiphei,114175963057662962804,False,3,Daniel,0,7 months ago,"{""service_rating"": 5}"
"Casa Fresco, HSR: All-Day Dining & Café",080 4992 7445,"73, 27th Main Rd, Phase 3, 1st Sector, HSR Layout, Bengaluru, Karnataka 560102",12.9207539,77.650514,Restaurant,http://www.casafresco.in/,Ci9DQUlRQUNvZENodHljRjlvT2tSd1JHbG5OR3R3VnpkNVpHcGplazlUVFZGV2FGRRAB,"Casa Fresco, HSR: All",Suiringa Katherine Suiringa Katherine,105254422305200108908,False,5,The food which Catherine serve me was really amazing and yeah it was really delicious the plate was place to me with full of varieties....... And yeah Catherine is really good in serving she gave us a warm welcome a big thanks to Catherine,0,7 months ago,"{""food"": 5, ""service_rating"": 5, ""atmosphere"": 5}"
"Casa Fresco, HSR: All-Day Dining & Café",080 4992 7445,"73, 27th Main Rd, Phase 3, 1st Sector, HSR Layout, Bengaluru, Karnataka 560102",12.9207539,77.650514,Restaurant,http://www.casafresco.in/,ChZDSUhNMG9nS0VJQ0FnSUNwOExQRUpBEAE,"Casa Fresco, HSR: All",Kiran Bhatta,115710758867218157936,False,5,"Loved the pastas, sizzlers, and soups here",0,Edited 7 months ago,"{""dining_mode"": ""Dine in"", ""meal_type"": ""Dinner"", ""price_per_person"": ""₹400–600"", ""food"": 5, ""service_rating"": 5, ""atmosphere"": 5, ""recommended_dishes"": ""Picante Paneer Pizza, Waffle, Mediterranean Pink Pasta, Cream of Chicken Soup"", ""wait_time"": ""No wait"", ""seating_type"": ""Indoor dining area""}"
"Casa Fresco, HSR: All-Day Dining & Café",080 4992 7445,"73, 27th Main Rd, Phase 3, 1st Sector, HSR Layout, Bengaluru, Karnataka 560102",12.9207539,77.650514,Restaurant,http://www.casafresco.in/,ChZDSUhNMG9nS0VJQ0FnTURvN1AzdGZ3EAE,"Casa Fresco, HSR: All",Catrine Catrine,114989114523977782588,False,5,"Alfredo pasta, English breakfast, thin crust pizza  If you're looking for a cozy spot with consistently great food, Casa Fresco hits the mark! Their Alfredo Pasta is creamy, rich, and perfectly seasoned—comfort food at its finest. The English Breakfast is generous and well-balanced, with fresh ingredients and spot-on flavors, making it a great way to start your day. And don’t miss the Thin Crust Pizza—crispy, light, and loaded with toppings, it's one of the best in town. Great vibes, friendly staff, and a menu that never disappoints!",0,Edited 7 months ago,"{""meal_type"": ""Dinner"", ""price_per_person"": ""₹400–600"", ""food"": 5, ""service_rating"": 5, ""atmosphere"": 5, ""wait_time"": ""No wait"", ""seating_type"": ""Indoor dining area""}"
"Casa Fresco, HSR: All-Day Dining & Café",080 4992 7445,"73, 27th Main Rd, Phase 3, 1st Sector, HSR Layout, Bengaluru, Karnataka 560102",12.9207539,77.650514,Restaurant,http://www.casafresco.in/,Ci9DQUlRQUNvZENodHljRjlvT2xSeWVGQkhObFF0VkVRMFgzcG9hbTlZY2xwVlNWRRAB,"Casa Fresco, HSR: All",Rajath Tallam,107790963294887865538,True,2,,0,7 months ago,
"Casa Fresco, HSR: All-Day Dining & Café",080 4992 7445,"73, 27th Main Rd, Phase 3, 1st Sector, HSR Layout, Bengaluru, Karnataka 560102",12.9207539,77.650514,Restaurant,http://www.casafresco.in/,Ci9DQUlRQUNvZENodHljRjlvT25KUlpYQldXVlpoU1RkRFpHMTRNVmRIV1c1R1FrRRAB,"Casa Fresco, HSR: All",Khushboo Singhal,108292987720371821849,False,2,Economical but service wise not a great experience!,0,7 months ago,"{""price_per_person"": ""₹200–400"", ""food"": 3, ""service_rating"": 1, ""atmosphere"": 3}"
"Casa Fresco, HSR: All-Day Dining & Café",080 4992 7445,"73, 27th Main Rd, Phase 3, 1st Sector, HSR Layout, Bengaluru, Karnataka 560102",12.9207539,77.650514,Restaurant,http://www.casafresco.in/,Ci9DQUlRQUNvZENodHljRjlvT25aSE1uRlJWV2MzWlMxcVJFcFpORlF6TmtNM0xXYxAB,"Casa Fresco, HSR: All",Sugandha Shankar,107702240436964063113,False,5,Good service by Karuna. Food was really good. Hazelnut cold coffee was awesome.,0,7 months ago,"{""food"": 5, ""service_rating"": 5, ""atmosphere"": 5}"
"Casa Fresco, HSR: All-Day Dining & Café",080 4992 7445,"73, 27th Main Rd, Phase 3, 1st Sector, HSR Layout, Bengaluru, Karnataka 560102",12.9207539,77.650514,Restaurant,http://www.casafresco.in/,Ci9DQUlRQUNvZENodHljRjlvT2tKR1NuZzBYMGxJVmtSWGRYZ3RjbkJ0U0ZGaVNGRRAB,"Casa Fresco, HSR: All",prateek sholapurkar,103546295082880208222,True,1,Stuffed omelette: everything inside was uncooked and bland. No salt in the egg Club sandwich: really bland with sauce stinking.  Staff unbothered. Sandwich was served in 40 mins.,0,7 months ago,"{""meal_type"": ""Breakfast"", ""price_per_person"": ""₹400–600"", ""food"": 1, ""service_rating"": 1, ""atmosphere"": 4, ""wait_time"": ""Up to 10 min"", ""seating_type"": ""Outdoor patio / terrace""}"
"Casa Fresco, HSR: All-Day Dining & Café",080 4992 7445,"73, 27th Main Rd, Phase 3, 1st Sector, HSR Layout, Bengaluru, Karnataka 560102",12.9207539,77.650514,Restaurant,http://www.casafresco.in/,Ci9DQUlRQUNvZENodHljRjlvT2pCWVJtNTBTMk4wUW1wd01FbFNhM0Z4TW1aTmJHYxAB,"Casa Fresco, HSR: All",Meet Pathak,111202640068996991121,True,3,,0,8 months ago,"{""meal_type"": ""Brunch"", ""price_per_person"": ""₹200–400"", ""food"": 2, ""service_rating"": 4, ""atmosphere"": 4, ""wait_time"": ""Up to 10 min"", ""seating_type"": ""Outdoor patio / terrace""}"
"Casa Fresco, HSR: All-Day Dining & Café",080 4992 7445,"73, 27th Main Rd, Phase 3, 1st Sector, HSR Layout, Bengaluru, Karnataka 560102",12.9207539,77.650514,Restaurant,http://www.casafresco.in/,Ci9DQUlRQUNvZENodHljRjlvT2psQ1FXTTBhVXh4ZVdKUFVHSmxiRkpUY0RjeFVXYxAB,"Casa Fresco, HSR: All",ajay samuel raj,100814592864769723805,True,4,,0,8 months ago,"{""meal_type"": ""Lunch"", ""price_per_person"": ""₹400–600"", ""food"": 4, ""service_rating"": 4, ""atmosphere"": 4, ""wait_time"": ""No wait"", ""seating_type"": ""Outdoor patio / terrace"", ""parking_space"": ""Difficult to find parking"", ""parking_options"": ""Parking is unavailable""}"
"Casa Fresco, HSR: All-Day Dining & Café",080 4992 7445,"73, 27th Main Rd, Phase 3, 1st Sector, HSR Layout, Bengaluru, Karnataka 560102",12.9207539,77.650514,Restaurant,http://www.casafresco.in/,ChdDSUhNMG9nS0VJQ0FnSUNaNE8zVHdBRRAB,"Casa Fresco, HSR: All",Kabil Ahmed,103976020418286003129,False,5,,0,Edited 8 months ago,"{""dining_mode"": ""Dine in"", ""meal_type"": ""Dinner"", ""price_per_person"": ""₹400–600"", ""food"": 5, ""service_rating"": 5, ""atmosphere"": 5, ""recommended_dishes"": ""Florentine Pizza 12 Inches, Picante Paneer Pizza, Cream of Chicken Soup""}"
"Casa Fresco, HSR: All-Day Dining & Café",080 4992 7445,"73, 27th Main Rd, Phase 3, 1st Sector, HSR Layout, Bengaluru, Karnataka 560102",12.9207539,77.650514,Restaurant,http://www.casafresco.in/,ChZDSUhNMG9nS0VJQ0FnSUNfdTRuR1lBEAE,"Casa Fresco, HSR: All",Sujit Sarkar,109360344722796531971,False,5,Recently visited this cafe. Very beautifully done up interiors. Food and service was also good.Perfect for a continental dinner - sizzlers and pizzas highly recommeded,0,Edited 8 months ago,"{""meal_type"": ""Dinner"", ""price_per_person"": ""₹400–600"", ""food"": 5, ""service_rating"": 5, ""atmosphere"": 5, ""group_size"": ""2 people, 3-4 people, 5-8 people, Suitable for all group sizes"", ""wait_time"": ""No wait""}"
"Casa Fresco, HSR: All-Day Dining & Café",080 4992 7445,"73, 27th Main Rd, Phase 3, 1st Sector, HSR Layout, Bengaluru, Karnataka 560102",12.9207539,77.650514,Restaurant,http://www.casafresco.in/,Ci9DQUlRQUNvZENodHljRjlvT2tOM0xUSjFRM1pTVFVJNE1qazBaWEJOZUhwWk5YYxAB,"Casa Fresco, HSR: All",Joy Pegu,100575504693740656719,False,5,"Awesome food, awesome ambience n thanks to Achumi for Awesome service",0,8 months ago,"{""meal_type"": ""Lunch"", ""food"": 5, ""service_rating"": 5, ""atmosphere"": 5, ""wait_time"": ""No wait""}"
"Casa Fresco, HSR: All-Day Dining & Café",080 4992 7445,"73, 27th Main Rd, Phase 3, 1st Sector, HSR Layout, Bengaluru, Karnataka 560102",12.9207539,77.650514,Restaurant,http://www.casafresco.in/,Ci9DQUlRQUNvZENodHljRjlvT2w5T1ozcDZjMk10Y1ZFMVVFcDFibk5JWTNKQk9HYxAB,"Casa Fresco, HSR: All",Arjun ALCo,114285621097063317330,True,5,"Loved the place, the food and the service. Very polite staff.",0,8 months ago,"{""meal_type"": ""Other"", ""price_per_person"": ""₹600–800"", ""food"": 5, ""service_rating"": 5, ""atmosphere"": 5, ""special_events"": ""No special event"", ""wait_time"": ""Up to 10 min""}"
"Casa Fresco, HSR: All-Day Dining & Café",080 4992 7445,"73, 27th Main Rd, Phase 3, 1st Sector, HSR Layout, Bengaluru, Karnataka 560102",12.9207539,77.650514,Restaurant,http://www.casafresco.in/,Ci9DQUlRQUNvZENodHljRjlvT2pSb1JEWmFTRlpxUVVWV1VGSk9jMGREVUVGUVdWRRAB,"Casa Fresco, HSR: All",Sitam,113018590993528610157,False,5,Amazing Fresh food and drinks Great service  by sewan,0,8 months ago,"{""food"": 5, ""service_rating"": 5, ""atmosphere"": 5}"
"Casa Fresco, HSR: All-Day Dining & Café",080 4992 7445,"73, 27th Main Rd, Phase 3, 1st Sector, HSR Layout, Bengaluru, Karnataka 560102",12.9207539,77.650514,Restaurant,http://www.casafresco.in/,Ci9DQUlRQUNvZENodHljRjlvT2t3eWVGVnVhMlZOUjBOWVdtYzVZVGxCTTBnMVNtYxAB,"Casa Fresco, HSR: All",Priyanshi Chauhan,117460314664968730679,True,5,,0,8 months ago,
"Casa Fresco, HSR: All-Day Dining & Café",080 4992 7445,"73, 27th Main Rd, Phase 3, 1st Sector, HSR Layout, Bengaluru, Karnataka 560102",12.9207539,77.650514,Restaurant,http://www.casafresco.in/,Ci9DQUlRQUNvZENodHljRjlvT25BM1pHUnZjMGxhWlRGd1YzZzNiR0pUZFdaTldIYxAB,"Casa Fresco, HSR: All",Amartya Bhaduri,100619294158195671616,True,4,,0,8 months ago,"{""food"": 5, ""service_rating"": 5, ""atmosphere"": 4}"
"Casa Fresco, HSR: All-Day Dining & Café",080 4992 7445,"73, 27th Main Rd, Phase 3, 1st Sector, HSR Layout, Bengaluru, Karnataka 560102",12.9207539,77.650514,Restaurant,http://www.casafresco.in/,Ci9DQUlRQUNvZENodHljRjlvT2toVmMxaFJkVEZrYUdwUmRqUk9lVFZqU0VkdVYzYxAB,"Casa Fresco, HSR: All",Saksham Bantawa rai,106840992176508830340,False,5,"Enjoyed a lot yesterday night, Ambience and music was good and no waiting time for tables and very friendly staff especially Mr Sewan served in our tables and he was professional and he made sure we want get any complaint to any of  food and drinks we ordered.All the food and drinks we're in time and it was night to remember.All thanks to Mr Sewan for making us friendly coustomer hoping to come back again with bigger friends group",0,8 months ago,"{""food"": 5, ""service_rating"": 5, ""atmosphere"": 5}"
"Casa Fresco, HSR: All-Day Dining & Café",080 4992 7445,"73, 27th Main Rd, Phase 3, 1st Sector, HSR Layout, Bengaluru, Karnataka 560102",12.9207539,77.650514,Restaurant,http://www.casafresco.in/,Ci9DQUlRQUNvZENodHljRjlvT21wVlZGOTJaa1ZTVmtWT1V6bEpaemR0VTFOMFoyYxAB,"Casa Fresco, HSR: All",SHIVAM Pradhan,116770750104272230618,False,5,Amazing place to visit with friends an family. Service was excellent and server Sewan helped us and he was very professional and attentive towards every guest.,0,8 months ago,"{""price_per_person"": ""₹800–1,000"", ""food"": 5, ""service_rating"": 5, ""atmosphere"": 5, ""wait_time"": ""No wait""}"
"Casa Fresco, HSR: All-Day Dining & Café",080 4992 7445,"73, 27th Main Rd, Phase 3, 1st Sector, HSR Layout, Bengaluru, Karnataka 560102",12.9207539,77.650514,Restaurant,http://www.casafresco.in/,Ci9DQUlRQUNvZENodHljRjlvT2tzdFltaEViREJKUW1WeldWVkxOMVZTV1hoeldtYxAB,"Casa Fresco, HSR: All",Vedant Gugale,112915644993949391983,True,5,"Loved this place, cute cafe, very kind staff and great food!",0,8 months ago,"{""price_per_person"": ""₹200–400"", ""food"": 5, ""service_rating"": 5, ""atmosphere"": 5, ""wait_time"": ""No wait"", ""seating_type"": ""Indoor dining area, Outdoor patio / terrace""}"
"Casa Fresco, HSR: All-Day Dining & Café",080 4992 7445,"73, 27th Main Rd, Phase 3, 1st Sector, HSR Layout, Bengaluru, Karnataka 560102",12.9207539,77.650514,Restaurant,http://www.casafresco.in/,Ci9DQUlRQUNvZENodHljRjlvT21kVGMzTjNUVE5UYzI1aWQzZDRlR2RyVFdGclRrRRAB,"Casa Fresco, HSR: All",Vandana Saxena,110895264646613189480,True,5,,0,8 months ago,
"Casa Fresco, HSR: All-Day Dining & Café",080 4992 7445,"73, 27th Main Rd, Phase 3, 1st Sector, HSR Layout, Bengaluru, Karnataka 560102",12.9207539,77.650514,Restaurant,http://www.casafresco.in/,Ci9DQUlRQUNvZENodHljRjlvT2kwNVdVVXlNRzVuTjJabWJHTkRla1JaTmpsUlRFRRAB,"Casa Fresco, HSR: All",Manish dewasi,111601484329030645494,False,5,Lovely place for an Italian dinner. Must try their thin crust pizza and sizzlers,0,8 months ago,"{""meal_type"": ""Dinner"", ""price_per_person"": ""₹400–600"", ""food"": 5, ""service_rating"": 5, ""atmosphere"": 5, ""group_size"": ""Suitable for all group sizes"", ""wait_time"": ""No wait""}"
"Casa Fresco, HSR: All-Day Dining & Café",080 4992 7445,"73, 27th Main Rd, Phase 3, 1st Sector, HSR Layout, Bengaluru, Karnataka 560102",12.9207539,77.650514,Restaurant,http://www.casafresco.in/,Ci9DQUlRQUNvZENodHljRjlvT2xaRE5rbHFhVjlXYTNCTkxUSjBlbE5xUzBKWFpIYxAB,"Casa Fresco, HSR: All",Vidhwan Gowda,104739680519486759908,False,5,,0,8 months ago,
"Casa Fresco, HSR: All-Day Dining & Café",080 4992 7445,"73, 27th Main Rd, Phase 3, 1st Sector, HSR Layout, Bengaluru, Karnataka 560102",12.9207539,77.650514,Restaurant,http://www.casafresco.in/,Ci9DQUlRQUNvZENodHljRjlvT2xKbmJ6WXpNV2R1VFVRdGFVdExSRUpaZEZGRFowRRAB,"Casa Fresco, HSR: All",karaiba kasum,113971917620460695497,False,5,I thought the ambience is the best but food is even more better. More than the ambience and the food the service of the young jolly girl Rong is the best. Above all it's exquisite❤️,0,8 months ago,
"Casa Fresco, HSR: All-Day Dining & Café",080 4992 7445,"73, 27th Main Rd, Phase 3, 1st Sector, HSR Layout, Bengaluru, Karnataka 560102",12.9207539,77.650514,Restaurant,http://www.casafresco.in/,Ci9DQUlRQUNvZENodHljRjlvT2pGQ04waHBRbU5xWWpKUVJrZGZMVkV4VW5jd2QyYxAB,"Casa Fresco, HSR: All",Muskaan Chugh,107325657499960312400,False,5,Amazing food and amazing ambience,0,8 months ago,"{""meal_type"": ""Brunch"", ""wait_time"": ""No wait""}"
"Casa Fresco, HSR: All-Day Dining & Café",080 4992 7445,"73, 27th Main Rd, Phase 3, 1st Sector, HSR Layout, Bengaluru, Karnataka 560102",12.9207539,77.650514,Restaurant,http://www.casafresco.in/,Ci9DQUlRQUNvZENodHljRjlvT20xRFRYQnNhMVZsTUZCMmNFdEVjVVpNTWtkM1JIYxAB,"Casa Fresco, HSR: All",subhodeep paul,105069002349883303327,False,5,Awesome,0,8 months ago,"{""food"": 5, ""service_rating"": 5, ""atmosphere"": 5}"
"Casa Fresco, HSR: All-Day Dining & Café",080 4992 7445,"73, 27th Main Rd, Phase 3, 1st Sector, HSR Layout, Bengaluru, Karnataka 560102",12.9207539,77.650514,Restaurant,http://www.casafresco.in/,Ci9DQUlRQUNvZENodHljRjlvT2xoemNVdEhhWGRZZERCWFFtcHJhV0pYYWt0U05WRRAB,"Casa Fresco, HSR: All",Umesh Barik,100686402777179031212,False,5,Nice place lovely food 😍,0,8 months ago,"{""food"": 5, ""service_rating"": 5, ""atmosphere"": 5}"
"Casa Fresco, HSR: All-Day Dining & Café",080 4992 7445,"73, 27th Main Rd, Phase 3, 1st Sector, HSR Layout, Bengaluru, Karnataka 560102",12.9207539,77.650514,Restaurant,http://www.casafresco.in/,Ci9DQUlRQUNvZENodHljRjlvT21WUVVuZEpNRXBLVG1wdFVVSmZNM2xMVTB4VExVRRAB,"Casa Fresco, HSR: All",Nagesh GD,103514974626462253742,False,5,Beautiful ambition a tasty dinner 😍,0,8 months ago,"{""food"": 5, ""service_rating"": 5, ""atmosphere"": 5}"
"Casa Fresco, HSR: All-Day Dining & Café",080 4992 7445,"73, 27th Main Rd, Phase 3, 1st Sector, HSR Layout, Bengaluru, Karnataka 560102",12.9207539,77.650514,Restaurant,http://www.casafresco.in/,Ci9DQUlRQUNvZENodHljRjlvT2tneVFWbGtUMnhwVFhGMU1XMW1Ra0pDVjFCbGJrRRAB,"Casa Fresco, HSR: All",Kamala Bujji,103489033007481478074,False,5,,0,8 months ago,"{""food"": 5, ""service_rating"": 5, ""atmosphere"": 5}"
"Casa Fresco, HSR: All-Day Dining & Café",080 4992 7445,"73, 27th Main Rd, Phase 3, 1st Sector, HSR Layout, Bengaluru, Karnataka 560102",12.9207539,77.650514,Restaurant,http://www.casafresco.in/,Ci9DQUlRQUNvZENodHljRjlvT21SVGMyeHdZVUpJUlZkR2JHZEthWEF6Y0RabFdVRRAB,"Casa Fresco, HSR: All",Varsha Jeeva,106497989663084655796,False,5,,0,8 months ago,"{""food"": 5, ""service_rating"": 5, ""atmosphere"": 5}"
"Casa Fresco, HSR: All-Day Dining & Café",080 4992 7445,"73, 27th Main Rd, Phase 3, 1st Sector, HSR Layout, Bengaluru, Karnataka 560102",12.9207539,77.650514,Restaurant,http://www.casafresco.in/,Ci9DQUlRQUNvZENodHljRjlvT2s1eFkxUkhMV1JQU2pCbmVUUklkVXhqWmxwcGVHYxAB,"Casa Fresco, HSR: All",Terracool Solutions,104771745231783554917,False,5,,0,8 months ago,"{""food"": 5, ""service_rating"": 5, ""atmosphere"": 5}"
"Casa Fresco, HSR: All-Day Dining & Café",080 4992 7445,"73, 27th Main Rd, Phase 3, 1st Sector, HSR Layout, Bengaluru, Karnataka 560102",12.9207539,77.650514,Restaurant,http://www.casafresco.in/,Ci9DQUlRQUNvZENodHljRjlvT2padE1FdDJTekJOWVU5SlRVdzNYM1E0TUZkSVJsRRAB,"Casa Fresco, HSR: All",bibek barkakati,109836029096529801494,True,5,,0,8 months ago,"{""food"": 5, ""service_rating"": 5, ""atmosphere"": 5}"
"Casa Fresco, HSR: All-Day Dining & Café",080 4992 7445,"73, 27th Main Rd, Phase 3, 1st Sector, HSR Layout, Bengaluru, Karnataka 560102",12.9207539,77.650514,Restaurant,http://www.casafresco.in/,Ci9DQUlRQUNvZENodHljRjlvT2xaUFEyTlhkMDVwTjFSWVZtaExSWEZLV25weWRFRRAB,"Casa Fresco, HSR: All",Abhinava Singh,116350413344343943988,False,4,"Good place for a relaxed breakfast.  Well mannered service staff and decent portion and quality of the food. I asked for my coffee to be heated as they were getting lukewarm coffee. They did that without a fuss and I was satisfied. However, I wanted to replace the toast bread with some extra veggies or potatoes as I have gluten allergy.  This was denied. Can go again. No concerns.",0,8 months ago,"{""meal_type"": ""Breakfast"", ""price_per_person"": ""₹400–600"", ""food"": 4, ""service_rating"": 4, ""atmosphere"": 5}"
"Casa Fresco, HSR: All-Day Dining & Café",080 4992 7445,"73, 27th Main Rd, Phase 3, 1st Sector, HSR Layout, Bengaluru, Karnataka 560102",12.9207539,77.650514,Restaurant,http://www.casafresco.in/,Ci9DQUlRQUNvZENodHljRjlvT2xvMVRGOWhXRXQwY1VsNVlsUklPVkU0UWpocE9XYxAB,"Casa Fresco, HSR: All",Rohit Goyal,109302574990984997764,True,1,,0,8 months ago,"{""food"": 1, ""service_rating"": 1, ""atmosphere"": 2}"
"Casa Fresco, HSR: All-Day Dining & Café",080 4992 7445,"73, 27th Main Rd, Phase 3, 1st Sector, HSR Layout, Bengaluru, Karnataka 560102",12.9207539,77.650514,Restaurant,http://www.casafresco.in/,Ci9DQUlRQUNvZENodHljRjlvT21oellXd3pVMFJDZVZwS1NYbFFXRlF6ZWtWVFpVRRAB,"Casa Fresco, HSR: All",Sahil,106945243627107605822,True,1,,0,8 months ago,
"Casa Fresco, HSR: All-Day Dining & Café",080 4992 7445,"73, 27th Main Rd, Phase 3, 1st Sector, HSR Layout, Bengaluru, Karnataka 560102",12.9207539,77.650514,Restaurant,http://www.casafresco.in/,ChZDSUhNMG9nS0VJQ0FnTUNBbTh6QWRREAE,"Casa Fresco, HSR: All",Ashika Serrao,115292852765973353559,True,3,Brunch here is top-notch. Great place for peaceful Sunday. best American breakfast with complimentary beverages of your choice. Loved it.  I recently re visited this place last week not sure if chef changed couldn't finish a big ben platter not upto taste,0,Edited 8 months ago,"{""dining_mode"": ""Dine in"", ""meal_type"": ""Brunch"", ""price_per_person"": ""₹1,400–1,600"", ""food"": 2, ""service_rating"": 5, ""atmosphere"": 5}"
"Casa Fresco, HSR: All-Day Dining & Café",080 4992 7445,"73, 27th Main Rd, Phase 3, 1st Sector, HSR Layout, Bengaluru, Karnataka 560102",12.9207539,77.650514,Restaurant,http://www.casafresco.in/,Ci9DQUlRQUNvZENodHljRjlvT20wNVkwcEZSbEJKUms1WlNqbE9hbE0zTW5oYVUyYxAB,"Casa Fresco, HSR: All",Bilquis C,104733691995119960474,True,5,Been here twice. It has great boba teas and also tasty english breakfast,0,8 months ago,"{""food"": 5, ""service_rating"": 5, ""atmosphere"": 5}"
"Casa Fresco, HSR: All-Day Dining & Café",080 4992 7445,"73, 27th Main Rd, Phase 3, 1st Sector, HSR Layout, Bengaluru, Karnataka 560102",12.9207539,77.650514,Restaurant,http://www.casafresco.in/,Ci9DQUlRQUNvZENodHljRjlvT213d1FXOTFkVVJHUzNWUk4yNVNSbkU0VW1sV2FGRRAB,"Casa Fresco, HSR: All",Bhawana sah,109616060170016891733,False,1,The food and drinks were not good. The quality and taste of the food and especially drinks need improvement.. Not worth for money.,0,8 months ago,"{""meal_type"": ""Other"", ""price_per_person"": ""₹400–600"", ""food"": 1, ""service_rating"": 1, ""atmosphere"": 4, ""group_size"": ""Suitable for all group sizes"", ""wait_time"": ""No wait""}"
"Casa Fresco, HSR: All-Day Dining & Café",080 4992 7445,"73, 27th Main Rd, Phase 3, 1st Sector, HSR Layout, Bengaluru, Karnataka 560102",12.9207539,77.650514,Restaurant,http://www.casafresco.in/,Ci9DQUlRQUNvZENodHljRjlvT2tzeFQzVldTRFJKVjFCTVpHTlhabE5IVWxOc2QyYxAB,"Casa Fresco, HSR: All",Dhiraj Kumar Azad,106943764906786335993,False,5,"Food was good, awesome ambiance. And karuna was very polite and humble.",0,8 months ago,
"Casa Fresco, HSR: All-Day Dining & Café",080 4992 7445,"73, 27th Main Rd, Phase 3, 1st Sector, HSR Layout, Bengaluru, Karnataka 560102",12.9207539,77.650514,Restaurant,http://www.casafresco.in/,Ci9DQUlRQUNvZENodHljRjlvT21ka2JIbDZTV1pTVWtGT2JtTnRkbVIwTTNrd2MxRRAB,"Casa Fresco, HSR: All",Crazy myra Raj,103591463991293323632,False,5,We enjoyed service by Karuna and yummy food really made our Sunday fun day . Was looking for English breakfast restaurant from long time and now I found perfect place to visit again and again . Thanks a ton to Karuna for suggesting menu .,0,8 months ago,"{""food"": 5, ""service_rating"": 5, ""atmosphere"": 5}"
"Casa Fresco, HSR: All-Day Dining & Café",080 4992 7445,"73, 27th Main Rd, Phase 3, 1st Sector, HSR Layout, Bengaluru, Karnataka 560102",12.9207539,77.650514,Restaurant,http://www.casafresco.in/,Ci9DQUlRQUNvZENodHljRjlvT20xT1ZuRndlbVV4WTFwVk0zSnZWa1p3ZDJadFJVRRAB,"Casa Fresco, HSR: All",DEEPTIKA,103250835958125318651,False,5,Wonderful service by Karuna and staff!,0,8 months ago,"{""food"": 5, ""service_rating"": 5, ""atmosphere"": 5}"
"Casa Fresco, HSR: All-Day Dining & Café",080 4992 7445,"73, 27th Main Rd, Phase 3, 1st Sector, HSR Layout, Bengaluru, Karnataka 560102",12.9207539,77.650514,Restaurant,http://www.casafresco.in/,Ci9DQUlRQUNvZENodHljRjlvT25OMlMxQkxNazA0VFdwQ01YVXdNRmRJZWtKSmVXYxAB,"Casa Fresco, HSR: All",Madhan Rajasekkharan,109797853681406207571,True,3,The ambience was nice . But the food items disappointed us. Tried the momos and tomato croton soup - both were good. But the burger was quite undercooked and the Thai curry rice was also just ok .,0,8 months ago,"{""meal_type"": ""Dinner"", ""price_per_person"": ""₹600–800"", ""food"": 2, ""service_rating"": 4, ""atmosphere"": 4, ""group_size"": ""Suitable for all group sizes"", ""wait_time"": ""No wait""}"
"Casa Fresco, HSR: All-Day Dining & Café",080 4992 7445,"73, 27th Main Rd, Phase 3, 1st Sector, HSR Layout, Bengaluru, Karnataka 560102",12.9207539,77.650514,Restaurant,http://www.casafresco.in/,Ci9DQUlRQUNvZENodHljRjlvT2pCMFQyVmFUV1JDVUVaNFkyOVhVRk5hVm5Gb2EwRRAB,"Casa Fresco, HSR: All",Ankit Anand,102481706278805621648,True,5,,0,8 months ago,"{""meal_type"": ""Brunch"", ""price_per_person"": ""₹400–600"", ""food"": 5, ""service_rating"": 5, ""atmosphere"": 5, ""group_size"": ""Suitable for all group sizes"", ""wait_time"": ""No wait""}"
"Casa Fresco, HSR: All-Day Dining & Café",080 4992 7445,"73, 27th Main Rd, Phase 3, 1st Sector, HSR Layout, Bengaluru, Karnataka 560102",12.9207539,77.650514,Restaurant,http://www.casafresco.in/,Ci9DQUlRQUNvZENodHljRjlvT21KcGJHTnZlak5sVG1KeVNFdEVVamxoV21oWFdtYxAB,"Casa Fresco, HSR: All",Bhanu Bhasin,118002814856304247062,True,4,"Overall place is good, but some of the dishes were hit and miss. They need to work on their Hot Chocolate (lot of lumps) and Jalapeno Cheese Balls (cold from inside and had refrigerator taste).",0,8 months ago,"{""meal_type"": ""Lunch"", ""price_per_person"": ""₹400–600"", ""food"": 3, ""service_rating"": 5, ""atmosphere"": 5, ""group_size"": ""3-4 people""}"
"Casa Fresco, HSR: All-Day Dining & Café",080 4992 7445,"73, 27th Main Rd, Phase 3, 1st Sector, HSR Layout, Bengaluru, Karnataka 560102",12.9207539,77.650514,Restaurant,http://www.casafresco.in/,Ci9DQUlRQUNvZENodHljRjlvT2s0eldGa3lOMmxaZDNwdGFtVnVZbVZtUlZaM2RtYxAB,"Casa Fresco, HSR: All",Janhavi Sharma,114010217094260726499,False,5,,0,8 months ago,
"Casa Fresco, HSR: All-Day Dining & Café",080 4992 7445,"73, 27th Main Rd, Phase 3, 1st Sector, HSR Layout, Bengaluru, Karnataka 560102",12.9207539,77.650514,Restaurant,http://www.casafresco.in/,Ci9DQUlRQUNvZENodHljRjlvT2tsTlZFRklSbFZhU0hWcE9EUjNkbWw0YVRWTmNGRRAB,"Casa Fresco, HSR: All",Koko kafe Kizhur,114041884600072675790,True,5,Food vlog 😋,0,8 months ago,"{""food"": 5, ""service_rating"": 5, ""atmosphere"": 5}"
"Casa Fresco, HSR: All-Day Dining & Café",080 4992 7445,"73, 27th Main Rd, Phase 3, 1st Sector, HSR Layout, Bengaluru, Karnataka 560102",12.9207539,77.650514,Restaurant,http://www.casafresco.in/,Ci9DQUlRQUNvZENodHljRjlvT25WUGVVdHVTWGt5T1RVeVUyWmlUeTFoYzNaUWFWRRAB,"Casa Fresco, HSR: All",Livingstone GCS,110533626930351545005,False,4,,0,8 months ago,"{""meal_type"": ""Dinner"", ""price_per_person"": ""₹1,200–1,400"", ""food"": 4, ""service_rating"": 4, ""atmosphere"": 4, ""wait_time"": ""Up to 10 min""}"
"Casa Fresco, HSR: All-Day Dining & Café",080 4992 7445,"73, 27th Main Rd, Phase 3, 1st Sector, HSR Layout, Bengaluru, Karnataka 560102",12.9207539,77.650514,Restaurant,http://www.casafresco.in/,Ci9DQUlRQUNvZENodHljRjlvT2xFMlRETmtPRUk0VHpBNE0wWlZiMjlYUzJsQ1ptYxAB,"Casa Fresco, HSR: All",Naveen Bharath Sai,108190689470940052811,True,4,,0,8 months ago,"{""food"": 4, ""service_rating"": 4, ""atmosphere"": 4}"
"Casa Fresco, HSR: All-Day Dining & Café",080 4992 7445,"73, 27th Main Rd, Phase 3, 1st Sector, HSR Layout, Bengaluru, Karnataka 560102",12.9207539,77.650514,Restaurant,http://www.casafresco.in/,Ci9DQUlRQUNvZENodHljRjlvT21kdk9WVnpSMUp4YTIxbVYwWkROa1o2Y2xkaFZGRRAB,"Casa Fresco, HSR: All",Sunil S,104263776095709693521,False,5,,0,8 months ago,"{""food"": 5, ""service_rating"": 5, ""atmosphere"": 5}"
"Casa Fresco, HSR: All-Day Dining & Café",080 4992 7445,"73, 27th Main Rd, Phase 3, 1st Sector, HSR Layout, Bengaluru, Karnataka 560102",12.9207539,77.650514,Restaurant,http://www.casafresco.in/,Ci9DQUlRQUNvZENodHljRjlvT2pWVGN6TjFjbTR5VEU5UmVURk9SR3M1YW1Ob2NXYxAB,"Casa Fresco, HSR: All",Dinesh Dkrama,118313816151679896936,True,5,,0,8 months ago,"{""meal_type"": ""Breakfast"", ""food"": 5, ""service_rating"": 5, ""atmosphere"": 5}"
"Casa Fresco, HSR: All-Day Dining & Café",080 4992 7445,"73, 27th Main Rd, Phase 3, 1st Sector, HSR Layout, Bengaluru, Karnataka 560102",12.9207539,77.650514,Restaurant,http://www.casafresco.in/,Ci9DQUlRQUNvZENodHljRjlvT21vdFFVVnBTamwwYVZNNWFuUk9UWEJVWlVOYU5YYxAB,"Casa Fresco, HSR: All",Isha Mhatre,117299333906819360475,False,5,Good vibe and food taste was also good.,0,8 months ago,"{""food"": 4, ""service_rating"": 5, ""atmosphere"": 5}"
"Casa Fresco, HSR: All-Day Dining & Café",080 4992 7445,"73, 27th Main Rd, Phase 3, 1st Sector, HSR Layout, Bengaluru, Karnataka 560102",12.9207539,77.650514,Restaurant,http://www.casafresco.in/,Ci9DQUlRQUNvZENodHljRjlvT2xGa2FtSm5VR3RQZDJFMk9WazBaMjk1VWxOdmExRRAB,"Casa Fresco, HSR: All",Asif Ali,106706137909030331970,False,5,,0,8 months ago,"{""food"": 5, ""service_rating"": 5, ""atmosphere"": 5}"
"Casa Fresco, HSR: All-Day Dining & Café",080 4992 7445,"73, 27th Main Rd, Phase 3, 1st Sector, HSR Layout, Bengaluru, Karnataka 560102",12.9207539,77.650514,Restaurant,http://www.casafresco.in/,Ci9DQUlRQUNvZENodHljRjlvT2tWNlMzQmxXVkJ3YkRsU1ZUZGpSM0l0WWxFNWJrRRAB,"Casa Fresco, HSR: All",Kumar Limbu,107396557533823153009,False,5,,0,8 months ago,
"Casa Fresco, HSR: All-Day Dining & Café",080 4992 7445,"73, 27th Main Rd, Phase 3, 1st Sector, HSR Layout, Bengaluru, Karnataka 560102",12.9207539,77.650514,Restaurant,http://www.casafresco.in/,Ci9DQUlRQUNvZENodHljRjlvT25RNVUyUXhiazVVY2psVGEybzNiVjh4YlUxNmJFRRAB,"Casa Fresco, HSR: All",Zara Grg,112569966924862771373,False,5,Wow 😍it was a delicious food 🍱,0,8 months ago,"{""meal_type"": ""Dinner"", ""food"": 5, ""service_rating"": 5, ""atmosphere"": 5, ""wait_time"": ""Up to 10 min""}"
"Casa Fresco, HSR: All-Day Dining & Café",080 4992 7445,"73, 27th Main Rd, Phase 3, 1st Sector, HSR Layout, Bengaluru, Karnataka 560102",12.9207539,77.650514,Restaurant,http://www.casafresco.in/,Ci9DQUlRQUNvZENodHljRjlvT2xKclVGaGZPRFZ6YW5wTU9YWlZaV0pHUzNaVmVHYxAB,"Casa Fresco, HSR: All",Karan Punjabi,109070881393065148059,True,2,Thr atmosphere and open slave great. Rest service I do not have a negative review I would surely give that. Food is avg,0,8 months ago,"{""food"": 3, ""service_rating"": 1, ""atmosphere"": 3}"
"Casa Fresco, HSR: All-Day Dining & Café",080 4992 7445,"73, 27th Main Rd, Phase 3, 1st Sector, HSR Layout, Bengaluru, Karnataka 560102",12.9207539,77.650514,Restaurant,http://www.casafresco.in/,Ci9DQUlRQUNvZENodHljRjlvT2tWUGR6aDBSbTlGYzJsMk9FSTFRbXRWVUVkeVZGRRAB,"Casa Fresco, HSR: All",Jenny Mukhiya Mukhiya,109805221943205176563,False,5,Good experience ❤️,0,8 months ago,"{""food"": 5, ""service_rating"": 5, ""atmosphere"": 5}"
"Casa Fresco, HSR: All-Day Dining & Café",080 4992 7445,"73, 27th Main Rd, Phase 3, 1st Sector, HSR Layout, Bengaluru, Karnataka 560102",12.9207539,77.650514,Restaurant,http://www.casafresco.in/,Ci9DQUlRQUNvZENodHljRjlvT21sQlRqUTRkR2xwU21NeFZEWmxZV2M0WVU0NU0zYxAB,"Casa Fresco, HSR: All",Evangelin Joy,107866432337780521595,False,5,,0,8 months ago,"{""meal_type"": ""Brunch"", ""price_per_person"": ""₹1,000–1,200"", ""food"": 4, ""service_rating"": 5, ""atmosphere"": 5, ""group_size"": ""3-4 people"", ""wait_time"": ""No wait""}"
"Casa Fresco, HSR: All-Day Dining & Café",080 4992 7445,"73, 27th Main Rd, Phase 3, 1st Sector, HSR Layout, Bengaluru, Karnataka 560102",12.9207539,77.650514,Restaurant,http://www.casafresco.in/,Ci9DQUlRQUNvZENodHljRjlvT213MlRraFdTM2RSTUVKMVpqRlZMVTVtY0ZGQkxWRRAB,"Casa Fresco, HSR: All",Pankaj Agarwal,100519792953971572604,False,5,Absolutely loved Casa Fresco! The menu has so much variety and everything we tried was delicious. A must-visit for good food and coffee in Bangalore,0,8 months ago,"{""meal_type"": ""Dinner"", ""food"": 5, ""service_rating"": 5, ""atmosphere"": 5}"
"Casa Fresco, HSR: All-Day Dining & Café",080 4992 7445,"73, 27th Main Rd, Phase 3, 1st Sector, HSR Layout, Bengaluru, Karnataka 560102",12.9207539,77.650514,Restaurant,http://www.casafresco.in/,Ci9DQUlRQUNvZENodHljRjlvT2t4dmFFZERkRVJFTVRkb1N6WjJibEpaTVdwaVRtYxAB,"Casa Fresco, HSR: All",Manju Saria,113395656529164346609,False,5,Amazing food and great ambience. Must visit when in bangalore.friendly and efficient staff. The cafe is welcoming and a great place to hangout!,0,8 months ago,"{""food"": 5, ""service_rating"": 5, ""atmosphere"": 5}"
"Casa Fresco, HSR: All-Day Dining & Café",080 4992 7445,"73, 27th Main Rd, Phase 3, 1st Sector, HSR Layout, Bengaluru, Karnataka 560102",12.9207539,77.650514,Restaurant,http://www.casafresco.in/,Ci9DQUlRQUNvZENodHljRjlvT25kTlJUTnZOSGhCUlVzNUxVazFSa2xNVUcxaVZIYxAB,"Casa Fresco, HSR: All",Naga Manaswini Morisetti,104070226058889762780,True,3,,0,8 months ago,"{""food"": 3, ""service_rating"": 4, ""atmosphere"": 3}"
"Casa Fresco, HSR: All-Day Dining & Café",080 4992 7445,"73, 27th Main Rd, Phase 3, 1st Sector, HSR Layout, Bengaluru, Karnataka 560102",12.9207539,77.650514,Restaurant,http://www.casafresco.in/,Ci9DQUlRQUNvZENodHljRjlvT2sxUGEwcFJiRlpzVW1oTlpWWnJOVEJpVkdOUWJsRRAB,"Casa Fresco, HSR: All",Ashiprai Ashiprai,105963547317682996089,False,5,,0,8 months ago,"{""food"": 5, ""service_rating"": 5, ""atmosphere"": 5}"
"Casa Fresco, HSR: All-Day Dining & Café",080 4992 7445,"73, 27th Main Rd, Phase 3, 1st Sector, HSR Layout, Bengaluru, Karnataka 560102",12.9207539,77.650514,Restaurant,http://www.casafresco.in/,Ci9DQUlRQUNvZENodHljRjlvT2xoRFIwbExWMWxPTjI1TFZGWXpSVTVmTW1KUk9WRRAB,"Casa Fresco, HSR: All",Rahit Rahit,108701800479594187518,False,5,,0,8 months ago,"{""food"": 5, ""service_rating"": 5, ""atmosphere"": 5}"
"Casa Fresco, HSR: All-Day Dining & Café",080 4992 7445,"73, 27th Main Rd, Phase 3, 1st Sector, HSR Layout, Bengaluru, Karnataka 560102",12.9207539,77.650514,Restaurant,http://www.casafresco.in/,Ci9DQUlRQUNvZENodHljRjlvT25CclJUTnpXakF4TmtwVVNGVnJMVVpJTTNRMk4yYxAB,"Casa Fresco, HSR: All",Aditi,100454211706762349859,True,1,"Oily sandwich, Turkish tea was very diluted  no taste",0,8 months ago,"{""food"": 1, ""service_rating"": 3, ""atmosphere"": 4}"
"Casa Fresco, HSR: All-Day Dining & Café",080 4992 7445,"73, 27th Main Rd, Phase 3, 1st Sector, HSR Layout, Bengaluru, Karnataka 560102",12.9207539,77.650514,Restaurant,http://www.casafresco.in/,Ci9DQUlRQUNvZENodHljRjlvT25SVGNVcFRNbU5CY1VOWlRWQnZZbXB6TFZwZlNXYxAB,"Casa Fresco, HSR: All",Whisperwind Echo,107661828710408831632,True,5,"Looking for a café that delivers on both comfort and taste? Café Fresco is the answer. The atmosphere is warm, the service is dependable, and the food – whether veg or non-veg – always hits the right note.  The tea is a true highlight: smooth, flavorful, and hard to resist. Combine it with cheesy bites, snacks from their small plates, or one of their hearty non-veg dishes, and you’ll see why this café is such a favorite.",0,8 months ago,"{""price_per_person"": ""₹400–600"", ""food"": 5, ""service_rating"": 5, ""atmosphere"": 5, ""group_size"": ""Suitable for all group sizes"", ""wait_time"": ""No wait"", ""vegetarian_recommendation"": ""Highly recommend"", ""vegetarian_offerings"": ""Clearly labeled vegetarian dishes"", ""parking_space"": ""Somewhat difficult to find parking"", ""parking_options"": ""Free street parking"", ""kid_friendliness"": ""yes""}"
"Casa Fresco, HSR: All-Day Dining & Café",080 4992 7445,"73, 27th Main Rd, Phase 3, 1st Sector, HSR Layout, Bengaluru, Karnataka 560102",12.9207539,77.650514,Restaurant,http://www.casafresco.in/,Ci9DQUlRQUNvZENodHljRjlvT2prd2RsbDVjMHA1VHpoQ2JqTjBUQzFrTUdWT1VtYxAB,"Casa Fresco, HSR: All",Shreyaa,114821882939017970701,False,3,,0,8 months ago,"{""meal_type"": ""Dinner"", ""food"": 4, ""service_rating"": 4, ""atmosphere"": 4, ""wait_time"": ""No wait""}"
"Casa Fresco, HSR: All-Day Dining & Café",080 4992 7445,"73, 27th Main Rd, Phase 3, 1st Sector, HSR Layout, Bengaluru, Karnataka 560102",12.9207539,77.650514,Restaurant,http://www.casafresco.in/,Ci9DQUlRQUNvZENodHljRjlvT2xkSGRVMW9WMFU1UzNVMFpITXdNbmhqYkRCbFozYxAB,"Casa Fresco, HSR: All",Parul Garg,106068977679751643199,False,1,Not worth....chef is very slow....Waiting time is tooooo long.....we had to check with waiter every 15 mins to get the food. We thought to have a good evening but because of too much wait we didn't enjoy it that much. Crowd is also not that good.....,0,8 months ago,
"Casa Fresco, HSR: All-Day Dining & Café",080 4992 7445,"73, 27th Main Rd, Phase 3, 1st Sector, HSR Layout, Bengaluru, Karnataka 560102",12.9207539,77.650514,Restaurant,http://www.casafresco.in/,Ci9DQUlRQUNvZENodHljRjlvT21SSVJ6WlZVRlE0Y2pReE4ybHRSblZMTUZKV1lrRRAB,"Casa Fresco, HSR: All",Muskan Sharma,101199671730125475506,True,4,,0,8 months ago,"{""meal_type"": ""Lunch"", ""price_per_person"": ""₹1,200–1,400"", ""food"": 5, ""service_rating"": 3, ""atmosphere"": 5, ""wait_time"": ""Up to 10 min"", ""vegetarian_recommendation"": ""Highly recommend"", ""vegetarian_offerings"": ""Large vegetarian selection, Vegetarian menu or section, Clearly labeled vegetarian dishes"", ""parking_space"": ""Somewhat difficult to find parking"", ""parking_options"": ""Free street parking""}"
"Casa Fresco, HSR: All-Day Dining & Café",080 4992 7445,"73, 27th Main Rd, Phase 3, 1st Sector, HSR Layout, Bengaluru, Karnataka 560102",12.9207539,77.650514,Restaurant,http://www.casafresco.in/,Ci9DQUlRQUNvZENodHljRjlvT25KWmFFUnZSbWd3ZDI1elQyaFNhazlPVlVablRGRRAB,"Casa Fresco, HSR: All",Isme Tahera,114056389984306654102,False,5,"Amazing experience at Casa fresco cafe. Delicious food,  attentive staff,  and warm atmosphere. Perfect spot for lunch out with friends. Achumi was doing good at her job she is so attentive n polit",0,8 months ago,"{""meal_type"": ""Lunch"", ""food"": 5, ""service_rating"": 5, ""atmosphere"": 5}"
"Casa Fresco, HSR: All-Day Dining & Café",080 4992 7445,"73, 27th Main Rd, Phase 3, 1st Sector, HSR Layout, Bengaluru, Karnataka 560102",12.9207539,77.650514,Restaurant,http://www.casafresco.in/,Ci9DQUlRQUNvZENodHljRjlvT2pOVFN6RTJVbTg0V2xWdVpsQTFOME5mYTNoM0xYYxAB,"Casa Fresco, HSR: All",Arnab Ghosh,109685945431617770315,False,5,The food was tasty n the service was also good especially Akha Achumi was good at service n she take good care of my table,0,8 months ago,"{""meal_type"": ""Other"", ""food"": 5, ""service_rating"": 5, ""atmosphere"": 5}"
"Casa Fresco, HSR: All-Day Dining & Café",080 4992 7445,"73, 27th Main Rd, Phase 3, 1st Sector, HSR Layout, Bengaluru, Karnataka 560102",12.9207539,77.650514,Restaurant,http://www.casafresco.in/,Ci9DQUlRQUNvZENodHljRjlvT25kMmVFODNTMnRDV1VkMmEzSnhlR3BEY1U1NlZFRRAB,"Casa Fresco, HSR: All",Raj Karuwa,115057643946281987861,False,5,Casa Fresco cafe is a lovely spot! The food was delicious and the atmosphere was cozy. Friendly staff made me fell welcome Akha Achumi was very good Highly recommend for a relaxing meal,0,8 months ago,"{""meal_type"": ""Dinner"", ""price_per_person"": ""₹1,400–1,600"", ""food"": 5, ""service_rating"": 5, ""atmosphere"": 5}"
"Casa Fresco, HSR: All-Day Dining & Café",080 4992 7445,"73, 27th Main Rd, Phase 3, 1st Sector, HSR Layout, Bengaluru, Karnataka 560102",12.9207539,77.650514,Restaurant,http://www.casafresco.in/,Ci9DQUlRQUNvZENodHljRjlvT21SUlVsOXJjbU5oTlU4NVNFdE5TRXB4VlVsM1VWRRAB,"Casa Fresco, HSR: All",Priyanka Parikh,100800264951181062407,True,3,,0,8 months ago,"{""food"": 3, ""service_rating"": 3, ""atmosphere"": 3}"
"Casa Fresco, HSR: All-Day Dining & Café",080 4992 7445,"73, 27th Main Rd, Phase 3, 1st Sector, HSR Layout, Bengaluru, Karnataka 560102",12.9207539,77.650514,Restaurant,http://www.casafresco.in/,Ci9DQUlRQUNvZENodHljRjlvT2tKVWNsOVFRbHBTUkdZeE1UTnllblUwYUhkdlRGRRAB,"Casa Fresco, HSR: All",Mithun Gowda,109767676792753042350,False,5,,0,8 months ago,
"Casa Fresco, HSR: All-Day Dining & Café",080 4992 7445,"73, 27th Main Rd, Phase 3, 1st Sector, HSR Layout, Bengaluru, Karnataka 560102",12.9207539,77.650514,Restaurant,http://www.casafresco.in/,Ci9DQUlRQUNvZENodHljRjlvT2xFNGJURmZjSFl0VDAxSE1sVkphSEZQUjNKSVgxRRAB,"Casa Fresco, HSR: All",Kajal Yadav,113209405380309173872,False,4,Nice place. Had a really good time. The staff there is really good especially - Karuna. She is very polite and gentle,0,8 months ago,"{""meal_type"": ""Brunch"", ""price_per_person"": ""₹800–1,000"", ""food"": 4, ""service_rating"": 5, ""atmosphere"": 5, ""group_size"": ""2 people""}"
"Casa Fresco, HSR: All-Day Dining & Café",080 4992 7445,"73, 27th Main Rd, Phase 3, 1st Sector, HSR Layout, Bengaluru, Karnataka 560102",12.9207539,77.650514,Restaurant,http://www.casafresco.in/,Ci9DQUlRQUNvZENodHljRjlvT21sNExYSlJVemQyU0RSdk1rcDVMVjl4UVdWTk1GRRAB,"Casa Fresco, HSR: All",malavika raj,108118567403986821155,False,5,loved the place! exceptional service by Achumi~,0,8 months ago,"{""food"": 5, ""service_rating"": 5, ""atmosphere"": 5}"
"Casa Fresco, HSR: All-Day Dining & Café",080 4992 7445,"73, 27th Main Rd, Phase 3, 1st Sector, HSR Layout, Bengaluru, Karnataka 560102",12.9207539,77.650514,Restaurant,http://www.casafresco.in/,Ci9DQUlRQUNvZENodHljRjlvT2sxU01tMXphbVpxY0ZKc2IwSkpURmd6TTFwT1ZtYxAB,"Casa Fresco, HSR: All",Ashley Thomas,118290203700130824294,False,5,Amazing food and service! Highly recommended. Really appreciate Karuna’s service.,0,8 months ago,"{""food"": 5, ""service_rating"": 5, ""atmosphere"": 5}"
"Casa Fresco, HSR: All-Day Dining & Café",080 4992 7445,"73, 27th Main Rd, Phase 3, 1st Sector, HSR Layout, Bengaluru, Karnataka 560102",12.9207539,77.650514,Restaurant,http://www.casafresco.in/,Ci9DQUlRQUNvZENodHljRjlvT21zMVRHUlpUbWRNUmpOS05tbFBSREZ5UTBKdk1VRRAB,"Casa Fresco, HSR: All",Jayesh Mehra,116180773427259874379,False,5,,0,8 months ago,"{""food"": 5, ""service_rating"": 5, ""atmosphere"": 5}"
"Casa Fresco, HSR: All-Day Dining & Café",080 4992 7445,"73, 27th Main Rd, Phase 3, 1st Sector, HSR Layout, Bengaluru, Karnataka 560102",12.9207539,77.650514,Restaurant,http://www.casafresco.in/,Ci9DQUlRQUNvZENodHljRjlvT2pRM2JuZE1WSFphYjBkaGMwMDBabWRIUWtoaFVYYxAB,"Casa Fresco, HSR: All",Kishen Chatra,110290654051244620455,True,4,,0,8 months ago,
"Casa Fresco, HSR: All-Day Dining & Café",080 4992 7445,"73, 27th Main Rd, Phase 3, 1st Sector, HSR Layout, Bengaluru, Karnataka 560102",12.9207539,77.650514,Restaurant,http://www.casafresco.in/,Ci9DQUlRQUNvZENodHljRjlvT2xvM0xWOXNUVlpYVlVaUVRrTTNkVmRGVERaVlkxRRAB,"Casa Fresco, HSR: All",Pratiksha Likhar,106076162244033051936,True,1,,0,8 months ago,"{""dining_mode"": ""Dine in"", ""meal_type"": ""Lunch"", ""price_per_person"": ""₹400–600"", ""food"": 1, ""service_rating"": 2, ""atmosphere"": 3, ""wait_time"": ""Up to 10 min""}"
"Casa Fresco, HSR: All-Day Dining & Café",080 4992 7445,"73, 27th Main Rd, Phase 3, 1st Sector, HSR Layout, Bengaluru, Karnataka 560102",12.9207539,77.650514,Restaurant,http://www.casafresco.in/,Ci9DQUlRQUNvZENodHljRjlvT2tKM01XZEZSMWRUZGxCdlIxbHVOVlpWVjBSRmEwRRAB,"Casa Fresco, HSR: All",Varun Bhargav,115517755214169061692,True,4,,0,8 months ago,"{""food"": 4, ""service_rating"": 5, ""atmosphere"": 5}"
"Casa Fresco, HSR: All-Day Dining & Café",080 4992 7445,"73, 27th Main Rd, Phase 3, 1st Sector, HSR Layout, Bengaluru, Karnataka 560102",12.9207539,77.650514,Restaurant,http://www.casafresco.in/,Ci9DQUlRQUNvZENodHljRjlvT21GbFgyRk1hMk5ZVDFOdmRrWjJZbVJaWmxBME4zYxAB,"Casa Fresco, HSR: All",Elaeza Mohanty,107473521946848033248,True,5,,0,8 months ago,"{""dining_mode"": ""Dine in"", ""meal_type"": ""Brunch"", ""price_per_person"": ""₹600–800"", ""food"": 4, ""service_rating"": 5, ""atmosphere"": 5, ""wait_time"": ""No wait""}"
"Casa Fresco, HSR: All-Day Dining & Café",080 4992 7445,"73, 27th Main Rd, Phase 3, 1st Sector, HSR Layout, Bengaluru, Karnataka 560102",12.9207539,77.650514,Restaurant,http://www.casafresco.in/,Ci9DQUlRQUNvZENodHljRjlvT2paeWVGbDNVWEpSVTJKSGJGZG1NVkZNUkZoc1QzYxAB,"Casa Fresco, HSR: All",P PRASHANTI,115592987886813423279,False,5,,0,8 months ago,"{""meal_type"": ""Dinner"", ""food"": 5, ""service_rating"": 5, ""atmosphere"": 5}"
"Casa Fresco, HSR: All-Day Dining & Café",080 4992 7445,"73, 27th Main Rd, Phase 3, 1st Sector, HSR Layout, Bengaluru, Karnataka 560102",12.9207539,77.650514,Restaurant,http://www.casafresco.in/,Ci9DQUlRQUNvZENodHljRjlvT2twMVJsSlRSelpZZFRFNExWRlRXRkZMVUdsMloxRRAB,"Casa Fresco, HSR: All",Sai Dhanush,113801833357094686946,True,4,,0,8 months ago,"{""meal_type"": ""Brunch"", ""price_per_person"": ""₹400–600"", ""food"": 4, ""service_rating"": 4, ""atmosphere"": 5, ""group_size"": ""2 people"", ""wait_time"": ""No wait""}"
"Casa Fresco, HSR: All-Day Dining & Café",080 4992 7445,"73, 27th Main Rd, Phase 3, 1st Sector, HSR Layout, Bengaluru, Karnataka 560102",12.9207539,77.650514,Restaurant,http://www.casafresco.in/,Ci9DQUlRQUNvZENodHljRjlvT2s1U2QxOXFlRk52V2xaMFlXcHdlR2hwTVdkR2VuYxAB,"Casa Fresco, HSR: All",Dr. Swapnil Soni,108712935925196348987,True,3,,0,8 months ago,
"Casa Fresco, HSR: All-Day Dining & Café",080 4992 7445,"73, 27th Main Rd, Phase 3, 1st Sector, HSR Layout, Bengaluru, Karnataka 560102",12.9207539,77.650514,Restaurant,http://www.casafresco.in/,ChZDSUhNMG9nS0VJQ0FnSUNWaEo3bFNnEAE,"Casa Fresco, HSR: All",Nalini Gupta,110771094799681614051,True,4,,0,Edited 8 months ago,"{""food"": 3, ""service_rating"": 3, ""atmosphere"": 4}"
"Casa Fresco, HSR: All-Day Dining & Café",080 4992 7445,"73, 27th Main Rd, Phase 3, 1st Sector, HSR Layout, Bengaluru, Karnataka 560102",12.9207539,77.650514,Restaurant,http://www.casafresco.in/,Ci9DQUlRQUNvZENodHljRjlvT2taa01GWnRhMkk0UmxGM2JWaHFWR0pzU1RBeU9FRRAB,"Casa Fresco, HSR: All",Gopi Ganesan,108450873017825877895,True,4,Decent food. But vibe was great with good crowd bringing in their pets. Very friendly atmosphere like beach shacks. Best open place to visit and chill in Bangalore weather :),0,8 months ago,"{""meal_type"": ""Other"", ""price_per_person"": ""₹400–600"", ""food"": 3, ""service_rating"": 4, ""atmosphere"": 4, ""group_size"": ""Suitable for all group sizes"", ""wait_time"": ""No wait"", ""kid_friendliness"": ""Very kid and pet friendly""}"
"Casa Fresco, HSR: All-Day Dining & Café",080 4992 7445,"73, 27th Main Rd, Phase 3, 1st Sector, HSR Layout, Bengaluru, Karnataka 560102",12.9207539,77.650514,Restaurant,http://www.casafresco.in/,Ci9DQUlRQUNvZENodHljRjlvT2xOcU9GUkdTRFZTV0Vack5Ea3pNSFJ1UWt4R1YyYxAB,"Casa Fresco, HSR: All",Rahul Siddharth,104480663149528860601,True,5,Cute little place in HSR layout. No loud music so you can sit and talk without having to raise your voice. We were waited on by Karuna and the service was great. We had the Chicken Olio pasta and the Spaghetti Bolognese(chicken) which were really great! The pasta was cooked perfectly and the taste was amazing. Overall a great experience. Would definitely recommend!,0,8 months ago,"{""food"": 5, ""service_rating"": 5, ""atmosphere"": 5, ""group_size"": ""2 people"", ""wait_time"": ""No wait""}"
"Casa Fresco, HSR: All-Day Dining & Café",080 4992 7445,"73, 27th Main Rd, Phase 3, 1st Sector, HSR Layout, Bengaluru, Karnataka 560102",12.9207539,77.650514,Restaurant,http://www.casafresco.in/,ChZDSUhNMG9nS0VJQ0FnSUR0bU9xQ0xBEAE,"Casa Fresco, HSR: All",Divya Singh,104255238137925890868,False,5,"I am coming here for the fourth time and this place never dissapoints. Nice ambience, great food...their mashroom soup was delicious. The service by Karuna was absolutely amazing. She is very kind and considerate.",0,Edited 8 months ago,"{""food"": 5, ""service_rating"": 5, ""atmosphere"": 5}"
"Casa Fresco, HSR: All-Day Dining & Café",080 4992 7445,"73, 27th Main Rd, Phase 3, 1st Sector, HSR Layout, Bengaluru, Karnataka 560102",12.9207539,77.650514,Restaurant,http://www.casafresco.in/,Ci9DQUlRQUNvZENodHljRjlvT21GWFYyTndNbVJwWVVGU2FraHBOVVJKWmtKelEyYxAB,"Casa Fresco, HSR: All",Sandhya P,101627139658357844801,True,5,Loved this place. Just went there one evening.. enjoyed the vibe and food over conversations with friends. Service is good.,0,8 months ago,"{""meal_type"": ""Other"", ""food"": 4, ""service_rating"": 5, ""atmosphere"": 4, ""group_size"": ""Suitable for all group sizes"", ""wait_time"": ""No wait""}"
"Casa Fresco, HSR: All-Day Dining & Café",080 4992 7445,"73, 27th Main Rd, Phase 3, 1st Sector, HSR Layout, Bengaluru, Karnataka 560102",12.9207539,77.650514,Restaurant,http://www.casafresco.in/,Ci9DQUlRQUNvZENodHljRjlvT25WcU5IUnVOalZRVlZGTlMzZHZWRmwwVWxZdGExRRAB,"Casa Fresco, HSR: All",vaishna hemendh,107830549013280708331,False,1,The staff lack zero customer service. Please don't go here because they don't know how to communicate politely. Such a bad environment where we will get unnecessary attitude from the runners!!,0,8 months ago,
"Casa Fresco, HSR: All-Day Dining & Café",080 4992 7445,"73, 27th Main Rd, Phase 3, 1st Sector, HSR Layout, Bengaluru, Karnataka 560102",12.9207539,77.650514,Restaurant,http://www.casafresco.in/,Ci9DQUlRQUNvZENodHljRjlvT2tkcFVEVkVTVWRvUW1WcGVHRk9SV3gwWDFWQlQzYxAB,"Casa Fresco, HSR: All",Susmitha S V,114007749826131046154,True,4,,0,8 months ago,"{""food"": 5, ""service_rating"": 5, ""atmosphere"": 5}"
"Casa Fresco, HSR: All-Day Dining & Café",080 4992 7445,"73, 27th Main Rd, Phase 3, 1st Sector, HSR Layout, Bengaluru, Karnataka 560102",12.9207539,77.650514,Restaurant,http://www.casafresco.in/,Ci9DQUlRQUNvZENodHljRjlvT2tVeWVqZFNXVVpxTlY4ek9UaGZNM2h3TVd0Vk0zYxAB,"Casa Fresco, HSR: All",Aiman Hasib,102139231291051215651,False,4,,0,8 months ago,
"Casa Fresco, HSR: All-Day Dining & Café",080 4992 7445,"73, 27th Main Rd, Phase 3, 1st Sector, HSR Layout, Bengaluru, Karnataka 560102",12.9207539,77.650514,Restaurant,http://www.casafresco.in/,Ci9DQUlRQUNvZENodHljRjlvT2t4V2FYVkZkVkF6TjFKSllqZFVZUzAwVkhOdFExRRAB,"Casa Fresco, HSR: All",Vismitha Sanath,100856628621828645949,False,5,Karuna was damn sweet and the food is so good!,0,8 months ago,"{""meal_type"": ""Breakfast"", ""price_per_person"": ""₹1,000–1,200"", ""food"": 5, ""service_rating"": 5, ""atmosphere"": 5, ""group_size"": ""Suitable for all group sizes"", ""wait_time"": ""No wait""}"
"Casa Fresco, HSR: All-Day Dining & Café",080 4992 7445,"73, 27th Main Rd, Phase 3, 1st Sector, HSR Layout, Bengaluru, Karnataka 560102",12.9207539,77.650514,Restaurant,http://www.casafresco.in/,Ci9DQUlRQUNvZENodHljRjlvT2xSMFNrYzNSRkJpUVU1NmVUVnljbGxSZWs4MlNGRRAB,"Casa Fresco, HSR: All",Nikhil Jha,116683226424041803623,False,5,,0,8 months ago,
"Casa Fresco, HSR: All-Day Dining & Café",080 4992 7445,"73, 27th Main Rd, Phase 3, 1st Sector, HSR Layout, Bengaluru, Karnataka 560102",12.9207539,77.650514,Restaurant,http://www.casafresco.in/,Ci9DQUlRQUNvZENodHljRjlvT25CSFR6WktabWRyWjNOQ1pIRnFlR1ZIZVZoS00yYxAB,"Casa Fresco, HSR: All",Rajneeta Bhuyan,109644913921522721688,True,5,"Ambience, whole staff, especially Karuna was very good. Food was also very good, affordable. Hygiene is well maintained. A must go cafe",0,8 months ago,"{""meal_type"": ""Breakfast"", ""price_per_person"": ""₹1,000–1,200"", ""food"": 5, ""service_rating"": 5, ""atmosphere"": 5, ""wait_time"": ""No wait"", ""seating_type"": ""Indoor dining area, Outdoor patio / terrace""}"
"Casa Fresco, HSR: All-Day Dining & Café",080 4992 7445,"73, 27th Main Rd, Phase 3, 1st Sector, HSR Layout, Bengaluru, Karnataka 560102",12.9207539,77.650514,Restaurant,http://www.casafresco.in/,Ci9DQUlRQUNvZENodHljRjlvT2kxdE4xZEJUelZCT1VremNHVjFNamd4ZURWVVduYxAB,"Casa Fresco, HSR: All",Saurabh Saha,111753653563446707657,True,4,Good food . we had thin crust pizza which is good.,0,8 months ago,"{""food"": 3, ""service_rating"": 4, ""atmosphere"": 4}"
"Casa Fresco, HSR: All-Day Dining & Café",080 4992 7445,"73, 27th Main Rd, Phase 3, 1st Sector, HSR Layout, Bengaluru, Karnataka 560102",12.9207539,77.650514,Restaurant,http://www.casafresco.in/,Ci9DQUlRQUNvZENodHljRjlvT2twWGFYWk5ZMmRHTUU1d1kweFZPRFpOUVRSQ1FVRRAB,"Casa Fresco, HSR: All",Rahul Karthik,105255638207727338215,False,3,Nice chill place.  I ordered the naked Nutella waffle  but got some weird chocolate spread. Also the service can be a little slow.,0,8 months ago,"{""price_per_person"": ""₹400–600""}"
"Casa Fresco, HSR: All-Day Dining & Café",080 4992 7445,"73, 27th Main Rd, Phase 3, 1st Sector, HSR Layout, Bengaluru, Karnataka 560102",12.9207539,77.650514,Restaurant,http://www.casafresco.in/,Ci9DQUlRQUNvZENodHljRjlvT25oUVVGTlVkM1ZyWWxSSGRVbHJUVTB5YlVndGQzYxAB,"Casa Fresco, HSR: All",Riya Jain,106042402784128829120,True,5,Great food!,0,8 months ago,"{""meal_type"": ""Brunch"", ""food"": 5, ""service_rating"": 5, ""atmosphere"": 5}"
"Casa Fresco, HSR: All-Day Dining & Café",080 4992 7445,"73, 27th Main Rd, Phase 3, 1st Sector, HSR Layout, Bengaluru, Karnataka 560102",12.9207539,77.650514,Restaurant,http://www.casafresco.in/,Ci9DQUlRQUNvZENodHljRjlvT2t3MGFtWnphVmxQYzJ4M1dIYzFRbmR5ZEhsMmIzYxAB,"Casa Fresco, HSR: All",rupali B,101360085191608398568,True,1,"Fraud restaurant. When I had ordered 3 items via app. Only received 2 items.when i raised the complaint they said they will just share the feedback to resturant. But not talk of delivering pending items. No refunds. No apology.nothing.  Is this a way to treat a customer. Pathetic people. Money minters. Just for one momo dish they will cost you bomb and in return, u won't get ur order at all. Just take customers hard earned money and be mumm.. this is only thing these people do. Curse is only thing you deserve.",0,8 months ago,"{""food"": 1, ""service_rating"": 1, ""atmosphere"": 1}"
"Casa Fresco, HSR: All-Day Dining & Café",080 4992 7445,"73, 27th Main Rd, Phase 3, 1st Sector, HSR Layout, Bengaluru, Karnataka 560102",12.9207539,77.650514,Restaurant,http://www.casafresco.in/,Ci9DQUlRQUNvZENodHljRjlvT2xrNWJtVnhWVEZoVGxWalUxOHlZa1JvTUZjNFpVRRAB,"Casa Fresco, HSR: All",Tushit Garg,115286288990781455972,False,4,,0,8 months ago,"{""meal_type"": ""Dinner"", ""price_per_person"": ""₹200–400"", ""food"": 5, ""service_rating"": 4, ""atmosphere"": 3}"
"Casa Fresco, HSR: All-Day Dining & Café",080 4992 7445,"73, 27th Main Rd, Phase 3, 1st Sector, HSR Layout, Bengaluru, Karnataka 560102",12.9207539,77.650514,Restaurant,http://www.casafresco.in/,Ci9DQUlRQUNvZENodHljRjlvT2pSWmRtRklhVU5rYUUxbVQyTXdObEZWVmt0WldFRRAB,"Casa Fresco, HSR: All",Umme Aleena,104717736345847824526,False,5,,0,8 months ago,"{""food"": 5, ""service_rating"": 5, ""atmosphere"": 5}"
"Casa Fresco, HSR: All-Day Dining & Café",080 4992 7445,"73, 27th Main Rd, Phase 3, 1st Sector, HSR Layout, Bengaluru, Karnataka 560102",12.9207539,77.650514,Restaurant,http://www.casafresco.in/,Ci9DQUlRQUNvZENodHljRjlvT2t4NVFsUmFXRnBxV0VNMU1YWjJZUzFXTUdodGMwRRAB,"Casa Fresco, HSR: All",Chidambara Chidambara,109668332895755071296,False,5,Love the food ambulance was good we will visit again 🙃very helpful karuna,0,8 months ago,"{""food"": 5, ""service_rating"": 5, ""atmosphere"": 5}"
"Casa Fresco, HSR: All-Day Dining & Café",080 4992 7445,"73, 27th Main Rd, Phase 3, 1st Sector, HSR Layout, Bengaluru, Karnataka 560102",12.9207539,77.650514,Restaurant,http://www.casafresco.in/,Ci9DQUlRQUNvZENodHljRjlvT2t0d1l6SktlRTFaUXpkZlNHTnZaVzlGYjNRMVptYxAB,"Casa Fresco, HSR: All",masumuddin Laskar,110948554089322390154,False,5,,0,8 months ago,"{""food"": 5, ""service_rating"": 5, ""atmosphere"": 5}"
"Casa Fresco, HSR: All-Day Dining & Café",080 4992 7445,"73, 27th Main Rd, Phase 3, 1st Sector, HSR Layout, Bengaluru, Karnataka 560102",12.9207539,77.650514,Restaurant,http://www.casafresco.in/,Ci9DQUlRQUNvZENodHljRjlvT21ScWJIUkpMWFJKY21WaVRWQmZSR3M1Wlc1dE9WRRAB,"Casa Fresco, HSR: All",Nicolas K,114642598879261815273,False,5,Very good place to chill and have fun achumi was best,0,8 months ago,"{""food"": 5, ""service_rating"": 5, ""atmosphere"": 5}"
"Casa Fresco, HSR: All-Day Dining & Café",080 4992 7445,"73, 27th Main Rd, Phase 3, 1st Sector, HSR Layout, Bengaluru, Karnataka 560102",12.9207539,77.650514,Restaurant,http://www.casafresco.in/,Ci9DQUlRQUNvZENodHljRjlvT2xaMmFXMUNVbFZsWTFWcFpHWkVYMlJpTVRZeWEwRRAB,"Casa Fresco, HSR: All",Irfan Makrani,116384737289944806530,False,5,"Very nice experience, food and ambience was very nice... Our service Achumi was attentive and she provided a nice service. Recommended for everyone",0,8 months ago,"{""food"": 5, ""service_rating"": 5, ""atmosphere"": 5}"
"Casa Fresco, HSR: All-Day Dining & Café",080 4992 7445,"73, 27th Main Rd, Phase 3, 1st Sector, HSR Layout, Bengaluru, Karnataka 560102",12.9207539,77.650514,Restaurant,http://www.casafresco.in/,Ci9DQUlRQUNvZENodHljRjlvT25GeWVqUXhkSGhMVVhWak9HdG1Ua2hIVDIxMFRsRRAB,"Casa Fresco, HSR: All",Govind Belwal,105455722080160728612,True,5,"Very nice experience, foo",0,8 months ago,"{""food"": 5, ""service_rating"": 5, ""atmosphere"": 5}"
"Casa Fresco, HSR: All-Day Dining & Café",080 4992 7445,"73, 27th Main Rd, Phase 3, 1st Sector, HSR Layout, Bengaluru, Karnataka 560102",12.9207539,77.650514,Restaurant,http://www.casafresco.in/,Ci9DQUlRQUNvZENodHljRjlvT2taRk9VWTBWbGhsTjFVd2MwOVZWeTFsYVZGQmNGRRAB,"Casa Fresco, HSR: All",Timothy Vanlalruatfela,112588615224811769813,False,5,"Food and ambience was good, Achumi was very calm and attentive…Really appreciate her service",0,8 months ago,"{""food"": 5, ""service_rating"": 5, ""atmosphere"": 5}"
"Casa Fresco, HSR: All-Day Dining & Café",080 4992 7445,"73, 27th Main Rd, Phase 3, 1st Sector, HSR Layout, Bengaluru, Karnataka 560102",12.9207539,77.650514,Restaurant,http://www.casafresco.in/,Ci9DQUlRQUNvZENodHljRjlvT2tsM1FXVlFTV1JVZDFWaVlXWkthMDVpWXpsbVNGRRAB,"Casa Fresco, HSR: All",Shreya Khanna,103805346304177675347,True,5,Food is very authentic but Service is a little slow.,0,8 months ago,"{""meal_type"": ""Dinner"", ""price_per_person"": ""₹400–600"", ""food"": 5, ""service_rating"": 3, ""group_size"": ""2 people""}"
"Casa Fresco, HSR: All-Day Dining & Café",080 4992 7445,"73, 27th Main Rd, Phase 3, 1st Sector, HSR Layout, Bengaluru, Karnataka 560102",12.9207539,77.650514,Restaurant,http://www.casafresco.in/,Ci9DQUlRQUNvZENodHljRjlvT2pGMlkwWnVkWGh6YVdoNVEwZDRWMFkyVlhSelVVRRAB,"Casa Fresco, HSR: All",hanumantha raj,114964657770792666125,False,5,I recently visit this place 🙃 ambulance was good service wa excellent thank to karuna,0,8 months ago,"{""food"": 5, ""service_rating"": 5, ""atmosphere"": 5}"
"Casa Fresco, HSR: All-Day Dining & Café",080 4992 7445,"73, 27th Main Rd, Phase 3, 1st Sector, HSR Layout, Bengaluru, Karnataka 560102",12.9207539,77.650514,Restaurant,http://www.casafresco.in/,Ci9DQUlRQUNvZENodHljRjlvT20xWmNrODBXVFZXZUVwWWJIbHVRVGt6Wmw5cFZIYxAB,"Casa Fresco, HSR: All",meezan graphics,117550121241739631501,False,5,,0,8 months ago,"{""food"": 5, ""service_rating"": 5, ""atmosphere"": 5}"
"Casa Fresco, HSR: All-Day Dining & Café",080 4992 7445,"73, 27th Main Rd, Phase 3, 1st Sector, HSR Layout, Bengaluru, Karnataka 560102",12.9207539,77.650514,Restaurant,http://www.casafresco.in/,Ci9DQUlRQUNvZENodHljRjlvT25oTlp6Z3RXRVpuVFMxeVozZFdWbUppWVhkM1lVRRAB,"Casa Fresco, HSR: All",Dilip Kumar,108606168782996780310,False,5,"Food was good ambulance also good 😊 karuna was very helpful,",0,8 months ago,"{""food"": 5, ""service_rating"": 5, ""atmosphere"": 5}"
"Casa Fresco, HSR: All-Day Dining & Café",080 4992 7445,"73, 27th Main Rd, Phase 3, 1st Sector, HSR Layout, Bengaluru, Karnataka 560102",12.9207539,77.650514,Restaurant,http://www.casafresco.in/,Ci9DQUlRQUNvZENodHljRjlvT2tWb09YVkRka1JhV2pKRmRsTnhSVGR4VjJFMlZVRRAB,"Casa Fresco, HSR: All",Punam Chhetri,105223180940892445421,False,5,,0,8 months ago,
"Casa Fresco, HSR: All-Day Dining & Café",080 4992 7445,"73, 27th Main Rd, Phase 3, 1st Sector, HSR Layout, Bengaluru, Karnataka 560102",12.9207539,77.650514,Restaurant,http://www.casafresco.in/,Ci9DQUlRQUNvZENodHljRjlvT25aRlExVjFZVUYyYzFORVR5MW9lRlZxTUhGQ1NIYxAB,"Casa Fresco, HSR: All",Aditya Pal,109461878514354710270,False,1,,0,8 months ago,"{""meal_type"": ""Dinner"", ""food"": 1, ""service_rating"": 3, ""atmosphere"": 4}"
"Casa Fresco, HSR: All-Day Dining & Café",080 4992 7445,"73, 27th Main Rd, Phase 3, 1st Sector, HSR Layout, Bengaluru, Karnataka 560102",12.9207539,77.650514,Restaurant,http://www.casafresco.in/,ChdDSUhNMG9nS0VJQ0FnTURvN0tQaGh3RRAB,"Casa Fresco, HSR: All",Kiran Rai,112740327579397184368,False,5,"Alfredo pasta, English breakfast, thin crust pizza, sizzlers, burgers  Casa Fresco is an absolute gem! Whether you're in the mood for a hearty breakfast or a cozy dinner, this place never disappoints. Their Alfredo Pasta is creamy, rich, and perfectly seasoned — comfort food at its best. The English Breakfast is a solid morning pick-me-up with generous portions and quality ingredients that start your day right. And don't miss their Thin Crust Pizza — crispy, flavorful, and topped with fresh ingredients that hit all the right notes. The ambiance is relaxed, and the service is warm and attentive. Definitely a go-to spot for delicious, feel-good food!",0,Edited 8 months ago,"{""meal_type"": ""Dinner"", ""price_per_person"": ""₹400–600"", ""food"": 5, ""service_rating"": 5, ""atmosphere"": 5, ""group_size"": ""1 person, 2 people, 3-4 people, 5-8 people, 9+ people, Suitable for all group sizes"", ""wait_time"": ""No wait"", ""vegetarian_recommendation"": ""Highly recommend"", ""parking_space"": ""Plenty of parking""}"
"Casa Fresco, HSR: All-Day Dining & Café",080 4992 7445,"73, 27th Main Rd, Phase 3, 1st Sector, HSR Layout, Bengaluru, Karnataka 560102",12.9207539,77.650514,Restaurant,http://www.casafresco.in/,Ci9DQUlRQUNvZENodHljRjlvT2paTVNIRkthSGxWUkhWdldrdDVORGRSUnpGRWMwRRAB,"Casa Fresco, HSR: All",Vikram Sarda,100841164419047064231,False,5,,0,8 months ago,"{""food"": 5, ""service_rating"": 5, ""atmosphere"": 5}"
"Casa Fresco, HSR: All-Day Dining & Café",080 4992 7445,"73, 27th Main Rd, Phase 3, 1st Sector, HSR Layout, Bengaluru, Karnataka 560102",12.9207539,77.650514,Restaurant,http://www.casafresco.in/,Ci9DQUlRQUNvZENodHljRjlvT21SUVFYTlFiV3RRY1V3MlVtNW1lRU00WW1kT05XYxAB,"Casa Fresco, HSR: All",Manoj Yadav,112088294197083511412,False,5,,0,8 months ago,"{""meal_type"": ""Dinner"", ""price_per_person"": ""₹400–600"", ""food"": 5, ""service_rating"": 4, ""atmosphere"": 5, ""group_size"": ""2 people"", ""wait_time"": ""No wait""}"
"Casa Fresco, HSR: All-Day Dining & Café",080 4992 7445,"73, 27th Main Rd, Phase 3, 1st Sector, HSR Layout, Bengaluru, Karnataka 560102",12.9207539,77.650514,Restaurant,http://www.casafresco.in/,Ci9DQUlRQUNvZENodHljRjlvT210VmMxQm9UR1ZDYjJWQlltTkdNMU0wZFdwc1VYYxAB,"Casa Fresco, HSR: All",nandita gupta,109071956570846413336,True,5,Food and ambience was very good and staff (karuna) was very nice with the service,0,8 months ago,"{""price_per_person"": ""₹600–800"", ""food"": 5, ""service_rating"": 5, ""atmosphere"": 5, ""group_size"": ""2 people"", ""wait_time"": ""No wait""}"
"Casa Fresco, HSR: All-Day Dining & Café",080 4992 7445,"73, 27th Main Rd, Phase 3, 1st Sector, HSR Layout, Bengaluru, Karnataka 560102",12.9207539,77.650514,Restaurant,http://www.casafresco.in/,Ci9DQUlRQUNvZENodHljRjlvT2xGalVraGpRbGx5TjJ0dlJsTm1hbFZKWVdwRE9XYxAB,"Casa Fresco, HSR: All",Sheena mirg,117335533646409099710,False,5,Great experience! Achumi provided excellent service.,0,8 months ago,
"Casa Fresco, HSR: All-Day Dining & Café",080 4992 7445,"73, 27th Main Rd, Phase 3, 1st Sector, HSR Layout, Bengaluru, Karnataka 560102",12.9207539,77.650514,Restaurant,http://www.casafresco.in/,Ci9DQUlRQUNvZENodHljRjlvT2twVVZFZFZWVm8wUVZWeGVIbDNXSGhaWm5ORE1uYxAB,"Casa Fresco, HSR: All",Saicharan Patil,104171439142056778945,True,1,Unprofessional staff and very rude and no network to pay online and staff is denying to provide wifi password,0,Edited 8 months ago,"{""meal_type"": ""Dinner"", ""food"": 1, ""service_rating"": 1, ""atmosphere"": 1}"
"Casa Fresco, HSR: All-Day Dining & Café",080 4992 7445,"73, 27th Main Rd, Phase 3, 1st Sector, HSR Layout, Bengaluru, Karnataka 560102",12.9207539,77.650514,Restaurant,http://www.casafresco.in/,Ci9DQUlRQUNvZENodHljRjlvT201SFJHbElUMlF4Wm1SWWFubzNMVzV1Ym1KNWRFRRAB,"Casa Fresco, HSR: All",Sourabhi Laha,107806073305824440304,False,5,,0,8 months ago,"{""meal_type"": ""Brunch"", ""food"": 4, ""service_rating"": 5, ""atmosphere"": 4}"
"Casa Fresco, HSR: All-Day Dining & Café",080 4992 7445,"73, 27th Main Rd, Phase 3, 1st Sector, HSR Layout, Bengaluru, Karnataka 560102",12.9207539,77.650514,Restaurant,http://www.casafresco.in/,Ci9DQUlRQUNvZENodHljRjlvT2prNFkwaHJZMk5GU1dWRmEyZHRlWEpUUjBOQkxYYxAB,"Casa Fresco, HSR: All",vishakha jain,102707612843439461998,False,5,,0,8 months ago,"{""meal_type"": ""Brunch"", ""price_per_person"": ""₹600–800"", ""food"": 5, ""service_rating"": 5, ""atmosphere"": 5, ""wait_time"": ""No wait""}"
"Casa Fresco, HSR: All-Day Dining & Café",080 4992 7445,"73, 27th Main Rd, Phase 3, 1st Sector, HSR Layout, Bengaluru, Karnataka 560102",12.9207539,77.650514,Restaurant,http://www.casafresco.in/,Ci9DQUlRQUNvZENodHljRjlvT2xWMFdVTXpWamRWYVZobU5EZDVjMGswWW1JNVNuYxAB,"Casa Fresco, HSR: All",Shivangi Tomar,105347997820168097973,False,1,,0,8 months ago,"{""meal_type"": ""Dinner"", ""price_per_person"": ""₹400–600"", ""food"": 1, ""service_rating"": 3, ""atmosphere"": 2, ""wait_time"": ""Up to 10 min"", ""vegetarian_recommendation"": ""Would not recommend"", ""vegetarian_offerings"": ""Not sure""}"
"Casa Fresco, HSR: All-Day Dining & Café",080 4992 7445,"73, 27th Main Rd, Phase 3, 1st Sector, HSR Layout, Bengaluru, Karnataka 560102",12.9207539,77.650514,Restaurant,http://www.casafresco.in/,Ci9DQUlRQUNvZENodHljRjlvT2pWVGJWQmhlRmcyVTA5NU5HWkJUVnBKY1hWdVExRRAB,"Casa Fresco, HSR: All",adi,112170598563156411114,True,4,,0,8 months ago,"{""meal_type"": ""Dinner"", ""price_per_person"": ""₹200–400"", ""food"": 4, ""service_rating"": 3, ""atmosphere"": 2, ""wait_time"": ""No wait""}"
"Casa Fresco, HSR: All-Day Dining & Café",080 4992 7445,"73, 27th Main Rd, Phase 3, 1st Sector, HSR Layout, Bengaluru, Karnataka 560102",12.9207539,77.650514,Restaurant,http://www.casafresco.in/,Ci9DQUlRQUNvZENodHljRjlvT2psVlpWZEtORmRTVEZsU05FNWhWVnBFUTAxR1dGRRAB,"Casa Fresco, HSR: All",Athira A S,108166456566445626665,True,5,,0,9 months ago,"{""meal_type"": ""Other"", ""price_per_person"": ""₹200–400"", ""food"": 4, ""service_rating"": 5, ""atmosphere"": 5, ""group_size"": ""Suitable for all group sizes"", ""wait_time"": ""Up to 10 min"", ""parking_space"": ""Plenty of parking""}"
"Casa Fresco, HSR: All-Day Dining & Café",080 4992 7445,"73, 27th Main Rd, Phase 3, 1st Sector, HSR Layout, Bengaluru, Karnataka 560102",12.9207539,77.650514,Restaurant,http://www.casafresco.in/,Ci9DQUlRQUNvZENodHljRjlvT2pOamJVbG9VbFUyY1dKNFpHeEpVMlpYUVZaWGJYYxAB,"Casa Fresco, HSR: All",Asha Nayak R,109116636983768552615,True,4,"I was a bit skeptical about the food at first, but the overall ambience and service were absolutely top-notch. It’s a lively yet romantic spot, perfect for spending quality time with your loved ones—the seating area is beautifully decorated, adding to the charm. I visited with my husband and a friend, and we had a wonderful time. Here's what we ordered:  Nutty Choco Boba Boba Hazelnut Frappe Tuscan Chicken Crostini Verona Mushrooms Chicken Steamed Momos Zingy Omelette  All the dishes we tried were delicious - except for the Bobas. Unfortunately, the bobas were a big letdown. Both the Nutty Choco Boba and the Boba Hazelnut Frappe didn’t live up to expectations. Other than that, everything else was great! Would definitely return for the food and the atmosphere (but skipping the bobas next time).",0,9 months ago,"{""meal_type"": ""Brunch"", ""price_per_person"": ""₹200–400"", ""food"": 3, ""service_rating"": 4, ""atmosphere"": 5, ""wait_time"": ""Up to 10 min""}"
"Casa Fresco, HSR: All-Day Dining & Café",080 4992 7445,"73, 27th Main Rd, Phase 3, 1st Sector, HSR Layout, Bengaluru, Karnataka 560102",12.9207539,77.650514,Restaurant,http://www.casafresco.in/,Ci9DQUlRQUNvZENodHljRjlvT2xOdVVWVXRNRGc0ZUZWUmQxRlhOazF3YVVscFJrRRAB,"Casa Fresco, HSR: All",Diksha Tayal,114750906155019257856,True,4,,0,9 months ago,
"Casa Fresco, HSR: All-Day Dining & Café",080 4992 7445,"73, 27th Main Rd, Phase 3, 1st Sector, HSR Layout, Bengaluru, Karnataka 560102",12.9207539,77.650514,Restaurant,http://www.casafresco.in/,Ci9DQUlRQUNvZENodHljRjlvT21WVkxUTlpjV0pJUlhrMFVGOVRjV1pMZW1acE9GRRAB,"Casa Fresco, HSR: All",vinuth bm,103804600202440912837,True,5,,0,9 months ago,"{""meal_type"": ""Dinner"", ""price_per_person"": ""₹1,200–1,400"", ""food"": 4, ""service_rating"": 5, ""atmosphere"": 5, ""group_size"": ""3-4 people"", ""wait_time"": ""No wait""}"
"Casa Fresco, HSR: All-Day Dining & Café",080 4992 7445,"73, 27th Main Rd, Phase 3, 1st Sector, HSR Layout, Bengaluru, Karnataka 560102",12.9207539,77.650514,Restaurant,http://www.casafresco.in/,Ci9DQUlRQUNvZENodHljRjlvT2pGbVpubDBkRlo2WVVaU2EyOHlUVzkxZUVoNVNGRRAB,"Casa Fresco, HSR: All",Thammanna R,116740908781277592475,False,5,Good,0,9 months ago,"{""food"": 5, ""service_rating"": 5, ""atmosphere"": 5}"
"Casa Fresco, HSR: All-Day Dining & Café",080 4992 7445,"73, 27th Main Rd, Phase 3, 1st Sector, HSR Layout, Bengaluru, Karnataka 560102",12.9207539,77.650514,Restaurant,http://www.casafresco.in/,Ci9DQUlRQUNvZENodHljRjlvT21oTFZGbHlWVGxJTVZwa1dGVlFaVGh0T1VsUFpVRRAB,"Casa Fresco, HSR: All",Swati Sikha Sasmal,113104751743161301080,True,1,"We were looking forward to a quiet, pet-friendly brunch at Casa Fresco today — but the experience left us quite disappointed.  Today, my family and I (husband, wife, our 2-year-old daughter, and our 5-year-old golden retriever) visited Casa Fresco for a quiet Sunday brunch. Before heading over, we called to confirm if the café was pet-friendly and were told they would be happy to accommodate our dog.  Upon arrival, we took the only available table in a corner to ensure we wouldn’t disturb anyone and could enjoy our meal peacefully. However, a group of four women seated nearby expressed discomfort with our dog’s presence and repeatedly asked us to move him, despite our assurances that he’s well-behaved and remained quietly by our side.  Unfortunately, rather than escalate the situation or let it ruin our morning further, we decided to leave. I had hoped to speak to the manager, but they weren’t available at the time.  As a suggestion to the café’s management: it may help to have a separate seating area for guests who are uncomfortable around pets. This would allow pet owners and non-pet-friendly guests to enjoy their time without conflict or discomfort.  Wishing you continued success and hoping for a more inclusive experience in the future.",0,9 months ago,"{""atmosphere"": 1}"
"Casa Fresco, HSR: All-Day Dining & Café",080 4992 7445,"73, 27th Main Rd, Phase 3, 1st Sector, HSR Layout, Bengaluru, Karnataka 560102",12.9207539,77.650514,Restaurant,http://www.casafresco.in/,Ci9DQUlRQUNvZENodHljRjlvT25sUVJFNUJWVzlpYjFaZlJIcDNTMFZVWVY5TGJYYxAB,"Casa Fresco, HSR: All",Shiv narayan Sahoo,115121745208066498580,False,5,Thank you Karuna for attending to us . The food was great and blue berry pancake was awesome .,0,9 months ago,"{""meal_type"": ""Breakfast"", ""food"": 4, ""service_rating"": 5, ""atmosphere"": 4}"
"Casa Fresco, HSR: All-Day Dining & Café",080 4992 7445,"73, 27th Main Rd, Phase 3, 1st Sector, HSR Layout, Bengaluru, Karnataka 560102",12.9207539,77.650514,Restaurant,http://www.casafresco.in/,Ci9DQUlRQUNvZENodHljRjlvT2xWMVZVUTVhbVJJV1d0aldtRTBTblpmTWpKU01sRRAB,"Casa Fresco, HSR: All",Abhyudith Bharadhwaj,105691178998923715539,True,4,,0,9 months ago,"{""meal_type"": ""Breakfast"", ""price_per_person"": ""₹400–600"", ""food"": 4, ""service_rating"": 3, ""atmosphere"": 4, ""noise_level"": ""Loud, but you can still talk"", ""wait_time"": ""No wait"", ""vegetarian_recommendation"": ""Would not recommend"", ""vegetarian_offerings"": ""Vegetarian menu or section"", ""parking_space"": ""Somewhat difficult to find parking"", ""parking_options"": ""Free street parking""}"
"Casa Fresco, HSR: All-Day Dining & Café",080 4992 7445,"73, 27th Main Rd, Phase 3, 1st Sector, HSR Layout, Bengaluru, Karnataka 560102",12.9207539,77.650514,Restaurant,http://www.casafresco.in/,Ci9DQUlRQUNvZENodHljRjlvT21oNVJUbGpOR0UyZDJGVFlsZFBkMDVDY0c0MmNGRRAB,"Casa Fresco, HSR: All",Supriya singh,113456190456614390623,True,5,Alll good,0,9 months ago,
"Casa Fresco, HSR: All-Day Dining & Café",080 4992 7445,"73, 27th Main Rd, Phase 3, 1st Sector, HSR Layout, Bengaluru, Karnataka 560102",12.9207539,77.650514,Restaurant,http://www.casafresco.in/,Ci9DQUlRQUNvZENodHljRjlvT2xwNll6aE5TMGRmYW1KNFkwZENXbTVWWVdkNFgyYxAB,"Casa Fresco, HSR: All",Arijit Das,102148870091833681287,True,5,,0,9 months ago,"{""meal_type"": ""Dinner"", ""price_per_person"": ""₹400–600"", ""food"": 5, ""service_rating"": 4, ""atmosphere"": 5, ""noise_level"": ""Quiet, easy to talk"", ""wait_time"": ""Up to 10 min""}"
"Casa Fresco, HSR: All-Day Dining & Café",080 4992 7445,"73, 27th Main Rd, Phase 3, 1st Sector, HSR Layout, Bengaluru, Karnataka 560102",12.9207539,77.650514,Restaurant,http://www.casafresco.in/,Ci9DQUlRQUNvZENodHljRjlvT2pkTFNtcHRORGcwTUdwMWRVazVUMFkxVkRONFgxRRAB,"Casa Fresco, HSR: All",Emaan Hawa,105897647986448685490,True,5,"Cute, quaint and affordable spot with an extensive menu",0,9 months ago,"{""meal_type"": ""Brunch"", ""price_per_person"": ""₹400–600"", ""food"": 4, ""service_rating"": 5, ""atmosphere"": 4}"
"Casa Fresco, HSR: All-Day Dining & Café",080 4992 7445,"73, 27th Main Rd, Phase 3, 1st Sector, HSR Layout, Bengaluru, Karnataka 560102",12.9207539,77.650514,Restaurant,http://www.casafresco.in/,Ci9DQUlRQUNvZENodHljRjlvT2t4ZlNYY3hPVTFzWkRsSldqSndVVXB6Vms0M2QxRRAB,"Casa Fresco, HSR: All",keerthana sendil,110992550959492608308,False,5,,0,9 months ago,"{""food"": 5, ""service_rating"": 5, ""atmosphere"": 5}"
"Casa Fresco, HSR: All-Day Dining & Café",080 4992 7445,"73, 27th Main Rd, Phase 3, 1st Sector, HSR Layout, Bengaluru, Karnataka 560102",12.9207539,77.650514,Restaurant,http://www.casafresco.in/,Ci9DQUlRQUNvZENodHljRjlvT25WNVNYWkliVFpNUjBNM1RIUmlUbkp2UTBkSWNFRRAB,"Casa Fresco, HSR: All",Varuna Dhamecha,100470343275118037726,True,2,"Food is bland. Options are plenty but nothing stood out. We had farmhouse breakfast - mashed potatoes was tasteless, pancake was okay because of lot of chocolate - tasteless, chicken salad also jist mixed veggies with some vhicken but nothing special about it. Missable place.",0,9 months ago,"{""meal_type"": ""Breakfast"", ""price_per_person"": ""₹800–1,000"", ""food"": 2, ""service_rating"": 3, ""atmosphere"": 3, ""noise_level"": ""Moderate noise"", ""wait_time"": ""No wait""}"
"Casa Fresco, HSR: All-Day Dining & Café",080 4992 7445,"73, 27th Main Rd, Phase 3, 1st Sector, HSR Layout, Bengaluru, Karnataka 560102",12.9207539,77.650514,Restaurant,http://www.casafresco.in/,Ci9DQUlRQUNvZENodHljRjlvT2pFeFJEVmhWRlpLT1RaS1FreHdjRk5YVEU5eU9WRRAB,"Casa Fresco, HSR: All",Cintu Bisoyi,116074273794036647992,False,5,,0,9 months ago,"{""food"": 5, ""service_rating"": 5, ""atmosphere"": 5}"
"Casa Fresco, HSR: All-Day Dining & Café",080 4992 7445,"73, 27th Main Rd, Phase 3, 1st Sector, HSR Layout, Bengaluru, Karnataka 560102",12.9207539,77.650514,Restaurant,http://www.casafresco.in/,Ci9DQUlRQUNvZENodHljRjlvT2s5WmJtSTNZMUp2ZGxjMFIyVkNaelp2Y0RKT1drRRAB,"Casa Fresco, HSR: All",Ganpati,111795558032958845714,False,5,,0,9 months ago,"{""food"": 5, ""service_rating"": 5, ""atmosphere"": 5}"
"Casa Fresco, HSR: All-Day Dining & Café",080 4992 7445,"73, 27th Main Rd, Phase 3, 1st Sector, HSR Layout, Bengaluru, Karnataka 560102",12.9207539,77.650514,Restaurant,http://www.casafresco.in/,Ci9DQUlRQUNvZENodHljRjlvT2pScmVFZHRla0prZW5oUWNERlBRbFIzVUVZM2RHYxAB,"Casa Fresco, HSR: All",amarnath reddy,102785881077738942220,True,5,,0,9 months ago,"{""food"": 5, ""service_rating"": 5, ""atmosphere"": 5}"
"Casa Fresco, HSR: All-Day Dining & Café",080 4992 7445,"73, 27th Main Rd, Phase 3, 1st Sector, HSR Layout, Bengaluru, Karnataka 560102",12.9207539,77.650514,Restaurant,http://www.casafresco.in/,Ci9DQUlRQUNvZENodHljRjlvT2pscVpFSkRaVzVNTFZZd1gyUnJTR2hVTVRnd01IYxAB,"Casa Fresco, HSR: All",Girinath Prathi,117709156389208963317,True,1,"Overhyped overpriced cafe. Food is not at all upto mark. Passion fruit boba- it's not even tapioca pearl, some weird mix.  Nachos- not even edible Pizza- all are thin crust, terrible taste  Only the vibe is good. Nothing else",0,9 months ago,"{""meal_type"": ""Lunch"", ""price_per_person"": ""₹1,000–1,200"", ""food"": 1, ""service_rating"": 4, ""atmosphere"": 4}"
"Casa Fresco, HSR: All-Day Dining & Café",080 4992 7445,"73, 27th Main Rd, Phase 3, 1st Sector, HSR Layout, Bengaluru, Karnataka 560102",12.9207539,77.650514,Restaurant,http://www.casafresco.in/,Ci9DQUlRQUNvZENodHljRjlvT25GYVdqVnZMVXBUUmtGUFUxVnplRFJvZFZSamQzYxAB,"Casa Fresco, HSR: All",Santosh Pal,115012828790864294244,False,5,,0,9 months ago,"{""food"": 5, ""service_rating"": 5, ""atmosphere"": 5}"
"Casa Fresco, HSR: All-Day Dining & Café",080 4992 7445,"73, 27th Main Rd, Phase 3, 1st Sector, HSR Layout, Bengaluru, Karnataka 560102",12.9207539,77.650514,Restaurant,http://www.casafresco.in/,Ci9DQUlRQUNvZENodHljRjlvT2s5dlFWcDRhbXBMY2xVNGFGcHlWazFGTnkxb2EzYxAB,"Casa Fresco, HSR: All",LAM Shy,114308202746303808454,False,5,,0,9 months ago,"{""food"": 5, ""service_rating"": 5, ""atmosphere"": 5}"
"Casa Fresco, HSR: All-Day Dining & Café",080 4992 7445,"73, 27th Main Rd, Phase 3, 1st Sector, HSR Layout, Bengaluru, Karnataka 560102",12.9207539,77.650514,Restaurant,http://www.casafresco.in/,Ci9DQUlRQUNvZENodHljRjlvT2tGamRuSnVRbWsyTWsxUExWaHdSMFZZUmxWeExWRRAB,"Casa Fresco, HSR: All",Naresh Joshi,117338891755690484580,False,5,,0,9 months ago,"{""food"": 5, ""service_rating"": 5, ""atmosphere"": 5}"
"Casa Fresco, HSR: All-Day Dining & Café",080 4992 7445,"73, 27th Main Rd, Phase 3, 1st Sector, HSR Layout, Bengaluru, Karnataka 560102",12.9207539,77.650514,Restaurant,http://www.casafresco.in/,Ci9DQUlRQUNvZENodHljRjlvT25kTmVVUjBVV3RvU2tkVE0xTmpOa0ZOV25SblJWRRAB,"Casa Fresco, HSR: All",Anish Tamang,117620426621486977303,False,5,,0,9 months ago,"{""food"": 5, ""service_rating"": 5, ""atmosphere"": 5}"
"Casa Fresco, HSR: All-Day Dining & Café",080 4992 7445,"73, 27th Main Rd, Phase 3, 1st Sector, HSR Layout, Bengaluru, Karnataka 560102",12.9207539,77.650514,Restaurant,http://www.casafresco.in/,Ci9DQUlRQUNvZENodHljRjlvT2xGVlNYZzJSVlEyY0UxMk9UQmhWV3RMWldoYWRIYxAB,"Casa Fresco, HSR: All",Senyile Panme,109906116867899549880,False,5,,0,9 months ago,"{""food"": 5, ""service_rating"": 5, ""atmosphere"": 5}"
"Casa Fresco, HSR: All-Day Dining & Café",080 4992 7445,"73, 27th Main Rd, Phase 3, 1st Sector, HSR Layout, Bengaluru, Karnataka 560102",12.9207539,77.650514,Restaurant,http://www.casafresco.in/,Ci9DQUlRQUNvZENodHljRjlvT2t3MFJsbDNjazh5Tm5wd1ZtSklUMjVzTjFsbldGRRAB,"Casa Fresco, HSR: All",Nasir Uddin,112298223923203642231,False,5,,0,9 months ago,"{""food"": 5, ""service_rating"": 5, ""atmosphere"": 5}"
"Casa Fresco, HSR: All-Day Dining & Café",080 4992 7445,"73, 27th Main Rd, Phase 3, 1st Sector, HSR Layout, Bengaluru, Karnataka 560102",12.9207539,77.650514,Restaurant,http://www.casafresco.in/,Ci9DQUlRQUNvZENodHljRjlvT2pSUU9VSmtaREJzTUZVMlJHbGxTVmx1TVhCV2VXYxAB,"Casa Fresco, HSR: All",Pagol Suman,109462366093922548971,False,5,,0,9 months ago,"{""meal_type"": ""Breakfast"", ""price_per_person"": ""₹400–600"", ""food"": 5, ""service_rating"": 5, ""atmosphere"": 5, ""group_size"": ""Suitable for all group sizes"", ""wait_time"": ""No wait""}"
"Casa Fresco, HSR: All-Day Dining & Café",080 4992 7445,"73, 27th Main Rd, Phase 3, 1st Sector, HSR Layout, Bengaluru, Karnataka 560102",12.9207539,77.650514,Restaurant,http://www.casafresco.in/,Ci9DQUlRQUNvZENodHljRjlvT21SS2IxTXpUVWRtVlZoNE5WTnhhMDlsUkROU05XYxAB,"Casa Fresco, HSR: All",Sani Rai,112503888205721320289,False,5,We recently visited this cafe nestled in the lanes of Hsr. Absolutely loved the service lead by Aka. We ordered sizzlers and the pizza as it was lunch time. Flavours of the food hits the right buds. A must try and worth visiting place.,0,9 months ago,"{""meal_type"": ""Lunch"", ""price_per_person"": ""₹200–400"", ""food"": 5, ""service_rating"": 5, ""atmosphere"": 5, ""group_size"": ""Suitable for all group sizes"", ""wait_time"": ""No wait"", ""vegetarian_recommendation"": ""Highly recommend"", ""vegetarian_offerings"": ""Large vegetarian selection""}"
"Casa Fresco, HSR: All-Day Dining & Café",080 4992 7445,"73, 27th Main Rd, Phase 3, 1st Sector, HSR Layout, Bengaluru, Karnataka 560102",12.9207539,77.650514,Restaurant,http://www.casafresco.in/,Ci9DQUlRQUNvZENodHljRjlvT21Zd2FqZzBhMGhqVldGdk1tUllWM2x1Ykhab1ptYxAB,"Casa Fresco, HSR: All",vedashree yuvaraj,103868325281752624008,True,1,They made me wait for 30 mins just for one pizza,0,9 months ago,"{""food"": 2, ""service_rating"": 1}"
"Casa Fresco, HSR: All-Day Dining & Café",080 4992 7445,"73, 27th Main Rd, Phase 3, 1st Sector, HSR Layout, Bengaluru, Karnataka 560102",12.9207539,77.650514,Restaurant,http://www.casafresco.in/,Ci9DQUlRQUNvZENodHljRjlvT2pselpXc3RWREZxTUdGUlVVcFJWaTFJVUZsaWIxRRAB,"Casa Fresco, HSR: All",Saurabh Gautam,111035918371462146112,True,4,Service was slow otherwise food was good. Bruschetta was soggy (most likely they delivered it late to the table) but replaced it as soon as complaint was raised.,0,9 months ago,"{""meal_type"": ""Lunch"", ""price_per_person"": ""₹200–400"", ""food"": 5, ""service_rating"": 3, ""atmosphere"": 4, ""group_size"": ""Suitable for all group sizes"", ""wait_time"": ""Up to 10 min""}"
"Casa Fresco, HSR: All-Day Dining & Café",080 4992 7445,"73, 27th Main Rd, Phase 3, 1st Sector, HSR Layout, Bengaluru, Karnataka 560102",12.9207539,77.650514,Restaurant,http://www.casafresco.in/,Ci9DQUlRQUNvZENodHljRjlvT205cWNFZGxhWHAwYXpnNFJIbzRjVkZqTmtGRWVuYxAB,"Casa Fresco, HSR: All",Arjun Limbu,104457958762732893970,False,5,,0,9 months ago,"{""food"": 5, ""service_rating"": 5, ""atmosphere"": 5}"
"Casa Fresco, HSR: All-Day Dining & Café",080 4992 7445,"73, 27th Main Rd, Phase 3, 1st Sector, HSR Layout, Bengaluru, Karnataka 560102",12.9207539,77.650514,Restaurant,http://www.casafresco.in/,Ci9DQUlRQUNvZENodHljRjlvT2xCblpYcG5Nek41ZUhCUGVGWkdWbVZ6TkZsclRFRRAB,"Casa Fresco, HSR: All",Rohit Gautam,112333976072753582246,True,5,,0,9 months ago,"{""food"": 5, ""service_rating"": 5, ""atmosphere"": 5}"
"Casa Fresco, HSR: All-Day Dining & Café",080 4992 7445,"73, 27th Main Rd, Phase 3, 1st Sector, HSR Layout, Bengaluru, Karnataka 560102",12.9207539,77.650514,Restaurant,http://www.casafresco.in/,Ci9DQUlRQUNvZENodHljRjlvT2xkdVJucG5RVWhJTldNMVdqbFFNMjlLYzFSQ1JVRRAB,"Casa Fresco, HSR: All",dipanwita das,105502456726644532465,False,4,,0,9 months ago,
"Casa Fresco, HSR: All-Day Dining & Café",080 4992 7445,"73, 27th Main Rd, Phase 3, 1st Sector, HSR Layout, Bengaluru, Karnataka 560102",12.9207539,77.650514,Restaurant,http://www.casafresco.in/,Ci9DQUlRQUNvZENodHljRjlvT21rd2ExQnFTV05qZDNSSVExcHhURzFrUjIxTFIxRRAB,"Casa Fresco, HSR: All",aravind janardhanan,104392980195190976967,True,5,The food was good.,0,9 months ago,"{""meal_type"": ""Brunch"", ""food"": 5, ""service_rating"": 4, ""atmosphere"": 4}"
"Casa Fresco, HSR: All-Day Dining & Café",080 4992 7445,"73, 27th Main Rd, Phase 3, 1st Sector, HSR Layout, Bengaluru, Karnataka 560102",12.9207539,77.650514,Restaurant,http://www.casafresco.in/,Ci9DQUlRQUNvZENodHljRjlvT25SelRISkJNRWxTYkRSeFltdzNhRzlFZW5jemFHYxAB,"Casa Fresco, HSR: All",Vaishali Singh,114694262059865816214,True,5,It's a cute n a very warm place. The food is good n the service is awesome 😎. Karuna is cute n warm. And thanks for the lovely evening.. 🩷✨,0,9 months ago,"{""dining_mode"": ""Dine in"", ""food"": 4, ""service_rating"": 5, ""atmosphere"": 5}"
"Casa Fresco, HSR: All-Day Dining & Café",080 4992 7445,"73, 27th Main Rd, Phase 3, 1st Sector, HSR Layout, Bengaluru, Karnataka 560102",12.9207539,77.650514,Restaurant,http://www.casafresco.in/,Ci9DQUlRQUNvZENodHljRjlvT2pWR1IzaDRhRlJSWlZGVmEzSXRPR2xYYlZscGVtYxAB,"Casa Fresco, HSR: All",venkatesh mk,109037591124450960201,True,1,This is third class restarent in hsr layout worest restarent worest very bad staff  very very bad,0,9 months ago,"{""food"": 1, ""service_rating"": 1, ""atmosphere"": 1}"
"Casa Fresco, HSR: All-Day Dining & Café",080 4992 7445,"73, 27th Main Rd, Phase 3, 1st Sector, HSR Layout, Bengaluru, Karnataka 560102",12.9207539,77.650514,Restaurant,http://www.casafresco.in/,Ci9DQUlRQUNvZENodHljRjlvT2tGdFRURTVPSFZyVGtwRlNESXpNR1kyUzBGS1dHYxAB,"Casa Fresco, HSR: All",RAMYAASHREE AK,102349964595525355377,False,3,,0,9 months ago,
"Casa Fresco, HSR: All-Day Dining & Café",080 4992 7445,"73, 27th Main Rd, Phase 3, 1st Sector, HSR Layout, Bengaluru, Karnataka 560102",12.9207539,77.650514,Restaurant,http://www.casafresco.in/,Ci9DQUlRQUNvZENodHljRjlvT2xSR1FUbDVUSFJXUjJ4elkyaEZaVFpaYm1zNU0xRRAB,"Casa Fresco, HSR: All",Aashvin,109536080127772195147,False,5,"Breakfast options are great but the service might need some improvement, had to grab the waiters attention with much effort multiple times",0,9 months ago,"{""dining_mode"": ""Dine in"", ""meal_type"": ""Brunch"", ""price_per_person"": ""₹400–600"", ""food"": 5, ""service_rating"": 3, ""atmosphere"": 4, ""wait_time"": ""10-30 min"", ""vegetarian_recommendation"": ""Highly recommend"", ""vegetarian_offerings"": ""Large vegetarian selection, Clearly labeled vegetarian dishes""}"
"Casa Fresco, HSR: All-Day Dining & Café",080 4992 7445,"73, 27th Main Rd, Phase 3, 1st Sector, HSR Layout, Bengaluru, Karnataka 560102",12.9207539,77.650514,Restaurant,http://www.casafresco.in/,Ci9DQUlRQUNvZENodHljRjlvT2pSNGFqZFdPVTVmVkMwMlkyazJNRTF1Vm5CM1UwRRAB,"Casa Fresco, HSR: All",Anand Pradhan,115474085345616347363,False,4,,0,9 months ago,
"Casa Fresco, HSR: All-Day Dining & Café",080 4992 7445,"73, 27th Main Rd, Phase 3, 1st Sector, HSR Layout, Bengaluru, Karnataka 560102",12.9207539,77.650514,Restaurant,http://www.casafresco.in/,Ci9DQUlRQUNvZENodHljRjlvT2xOTFZIVnRRMlJ4ZUd4MWFVNHdkV2RLT1ZKTk0xRRAB,"Casa Fresco, HSR: All",Naba Ismail,104907762596901062039,False,5,,0,9 months ago,"{""dining_mode"": ""Dine in""}"
"Casa Fresco, HSR: All-Day Dining & Café",080 4992 7445,"73, 27th Main Rd, Phase 3, 1st Sector, HSR Layout, Bengaluru, Karnataka 560102",12.9207539,77.650514,Restaurant,http://www.casafresco.in/,Ci9DQUlRQUNvZENodHljRjlvT2xZeVZEQkNjMWhFVFVFM2VscENabk5PVm14WlpGRRAB,"Casa Fresco, HSR: All",Ayush Kushwaha,108109418346120258531,True,4,,0,9 months ago,"{""food"": 4, ""service_rating"": 4, ""atmosphere"": 4}"
"Casa Fresco, HSR: All-Day Dining & Café",080 4992 7445,"73, 27th Main Rd, Phase 3, 1st Sector, HSR Layout, Bengaluru, Karnataka 560102",12.9207539,77.650514,Restaurant,http://www.casafresco.in/,Ci9DQUlRQUNvZENodHljRjlvT2pjell6WnNRVVJ0V1c0eFltOWxRV0YxYUZONVRuYxAB,"Casa Fresco, HSR: All",Ninad Magdum,108022092271087370580,True,4,,0,9 months ago,"{""meal_type"": ""Brunch"", ""food"": 3, ""service_rating"": 2, ""atmosphere"": 4}"
"Casa Fresco, HSR: All-Day Dining & Café",080 4992 7445,"73, 27th Main Rd, Phase 3, 1st Sector, HSR Layout, Bengaluru, Karnataka 560102",12.9207539,77.650514,Restaurant,http://www.casafresco.in/,Ci9DQUlRQUNvZENodHljRjlvT2xCTU0xVndUMnBOWVZWdVVGQlVTRjl2VlhkalNXYxAB,"Casa Fresco, HSR: All",Meghna Dcosta,105922751793936174715,False,5,"Great food, as well as ambience! Karuna was the one taking our orders, was very helpful throughout our time spent here. Will visit again!",0,9 months ago,"{""meal_type"": ""Dinner"", ""food"": 5, ""service_rating"": 5, ""atmosphere"": 5}"
"Casa Fresco, HSR: All-Day Dining & Café",080 4992 7445,"73, 27th Main Rd, Phase 3, 1st Sector, HSR Layout, Bengaluru, Karnataka 560102",12.9207539,77.650514,Restaurant,http://www.casafresco.in/,Ci9DQUlRQUNvZENodHljRjlvT2pCUmJuWkhhREphV0Vsc05YcG1MVUZXVVZWS1FsRRAB,"Casa Fresco, HSR: All",Manasa DCosta,113325430500413650919,False,5,Amazing ambience and good food! Loved Karuna’s service!!,0,9 months ago,"{""meal_type"": ""Dinner"", ""food"": 5, ""service_rating"": 5, ""atmosphere"": 5}"
"Casa Fresco, HSR: All-Day Dining & Café",080 4992 7445,"73, 27th Main Rd, Phase 3, 1st Sector, HSR Layout, Bengaluru, Karnataka 560102",12.9207539,77.650514,Restaurant,http://www.casafresco.in/,Ci9DQUlRQUNvZENodHljRjlvT2kxVFNHUkdYekZOV1V4S2RFSldVR3BHZDNwaGNXYxAB,"Casa Fresco, HSR: All",Chitin Mitta,103072768476291403464,True,5,"Food was great! Karuna, our server, was super hospitable.",0,9 months ago,"{""meal_type"": ""Lunch"", ""price_per_person"": ""₹400–600"", ""food"": 5, ""service_rating"": 5, ""atmosphere"": 5, ""group_size"": ""2 people"", ""wait_time"": ""Up to 10 min""}"
"Casa Fresco, HSR: All-Day Dining & Café",080 4992 7445,"73, 27th Main Rd, Phase 3, 1st Sector, HSR Layout, Bengaluru, Karnataka 560102",12.9207539,77.650514,Restaurant,http://www.casafresco.in/,Ci9DQUlRQUNvZENodHljRjlvT2pWT09XaFlTamxHZWpSb2QxVnhiekp5ZVhSYWRuYxAB,"Casa Fresco, HSR: All",Fathima Masnaz,115988483747387561824,False,1,,0,9 months ago,"{""meal_type"": ""Brunch"", ""food"": 1, ""service_rating"": 5, ""atmosphere"": 5, ""group_size"": ""Not sure"", ""wait_time"": ""Up to 10 min""}"
"Casa Fresco, HSR: All-Day Dining & Café",080 4992 7445,"73, 27th Main Rd, Phase 3, 1st Sector, HSR Layout, Bengaluru, Karnataka 560102",12.9207539,77.650514,Restaurant,http://www.casafresco.in/,Ci9DQUlRQUNvZENodHljRjlvT2t3dGQxTmtWMUpCT0ZGbmRVOUdSekV3VldoclZHYxAB,"Casa Fresco, HSR: All",ABINASH MOHAPATRA,107264833513147551693,False,5,,0,9 months ago,"{""food"": 5, ""service_rating"": 4, ""atmosphere"": 3}"
"Casa Fresco, HSR: All-Day Dining & Café",080 4992 7445,"73, 27th Main Rd, Phase 3, 1st Sector, HSR Layout, Bengaluru, Karnataka 560102",12.9207539,77.650514,Restaurant,http://www.casafresco.in/,Ci9DQUlRQUNvZENodHljRjlvT2toTGJIbGhjamxtUldobGEzaHdPVkUwT1dsd2JXYxAB,"Casa Fresco, HSR: All",Lakshmi Ramasubramanian,117004035065181751803,True,5,We checked out this cafe and we started with a wait time for the table and then for the food. Totally worth it. Achumin took care of us and we loved both the food and the service... Must try for your brunch or lunch,0,9 months ago,"{""meal_type"": ""Lunch"", ""price_per_person"": ""₹400–600"", ""food"": 5, ""service_rating"": 5, ""atmosphere"": 5, ""group_size"": ""Suitable for all group sizes"", ""wait_time"": ""Up to 10 min"", ""vegetarian_recommendation"": ""Highly recommend"", ""vegetarian_offerings"": ""Vegetarian menu or section"", ""parking_space"": ""Somewhat difficult to find parking"", ""parking_options"": ""Free street parking""}"
"Casa Fresco, HSR: All-Day Dining & Café",080 4992 7445,"73, 27th Main Rd, Phase 3, 1st Sector, HSR Layout, Bengaluru, Karnataka 560102",12.9207539,77.650514,Restaurant,http://www.casafresco.in/,Ci9DQUlRQUNvZENodHljRjlvT2xsVFIwMUxabmhPVTE5TmNrNUhSVVZ2Ym5KUGJXYxAB,"Casa Fresco, HSR: All",Rahul Jain,108259903085915485155,True,1,Horribly slow service..very dry ommelete.. definitely not equipped to handle sunday morning breakfst crowd.,0,9 months ago,
"Casa Fresco, HSR: All-Day Dining & Café",080 4992 7445,"73, 27th Main Rd, Phase 3, 1st Sector, HSR Layout, Bengaluru, Karnataka 560102",12.9207539,77.650514,Restaurant,http://www.casafresco.in/,Ci9DQUlRQUNvZENodHljRjlvT25GMmJYYzNWM2hIUjNCSmVHb3haakJFWldaNE5uYxAB,"Casa Fresco, HSR: All",Sreehari R,113412665385261178549,True,5,The food and service was really good. Karuna was really helpful,0,9 months ago,"{""food"": 5, ""service_rating"": 5, ""atmosphere"": 5}"
"Casa Fresco, HSR: All-Day Dining & Café",080 4992 7445,"73, 27th Main Rd, Phase 3, 1st Sector, HSR Layout, Bengaluru, Karnataka 560102",12.9207539,77.650514,Restaurant,http://www.casafresco.in/,Ci9DQUlRQUNvZENodHljRjlvT25WV2NGUklabUpXTlhOSGFWWjFjWHBNY1d4aFYxRRAB,"Casa Fresco, HSR: All",Anuradha Jadhav,109612149220722833700,True,5,,0,9 months ago,"{""food"": 4, ""service_rating"": 4, ""atmosphere"": 5}"
"Casa Fresco, HSR: All-Day Dining & Café",080 4992 7445,"73, 27th Main Rd, Phase 3, 1st Sector, HSR Layout, Bengaluru, Karnataka 560102",12.9207539,77.650514,Restaurant,http://www.casafresco.in/,Ci9DQUlRQUNvZENodHljRjlvT2tGZllqQlFUMlJvYW1kcGRWVktXV1ZQVmpGblZGRRAB,"Casa Fresco, HSR: All",Somya Keshav,116571498429313554372,False,5,place is awsm… food is awsm … thanks to @karuna service is actually good,0,9 months ago,
"Casa Fresco, HSR: All-Day Dining & Café",080 4992 7445,"73, 27th Main Rd, Phase 3, 1st Sector, HSR Layout, Bengaluru, Karnataka 560102",12.9207539,77.650514,Restaurant,http://www.casafresco.in/,Ci9DQUlRQUNvZENodHljRjlvT21JeFlXOWxaR3RqWHpGTE5IZ3dhRkZGUVhSaWRYYxAB,"Casa Fresco, HSR: All",manisha muthuselvi,107550611255357105495,False,5,Had a wonderful evening at casa fresco. Nice food! Thanks Karuna,0,9 months ago,
"Casa Fresco, HSR: All-Day Dining & Café",080 4992 7445,"73, 27th Main Rd, Phase 3, 1st Sector, HSR Layout, Bengaluru, Karnataka 560102",12.9207539,77.650514,Restaurant,http://www.casafresco.in/,Ci9DQUlRQUNvZENodHljRjlvT2pGTmVYSktUMFJoVUZOTlUyb3pTelV3YzI1cGVuYxAB,"Casa Fresco, HSR: All",Ankita Singh,116412764643220807706,False,5,"Great food, enjoyed my breakfast thoroughly. Good times 😄 Special mention and thanks to Karuna for being the sweetest host.",0,9 months ago,"{""food"": 5, ""service_rating"": 5, ""atmosphere"": 5}"
"Casa Fresco, HSR: All-Day Dining & Café",080 4992 7445,"73, 27th Main Rd, Phase 3, 1st Sector, HSR Layout, Bengaluru, Karnataka 560102",12.9207539,77.650514,Restaurant,http://www.casafresco.in/,Ci9DQUlRQUNvZENodHljRjlvT21WNFFtOW1ZMmd5ZEdOMGREVlRVV2xUVkRsSFJIYxAB,"Casa Fresco, HSR: All",Prashant Bhujel,108195567879373061287,False,5,,0,9 months ago,"{""food"": 5, ""service_rating"": 5, ""atmosphere"": 5}"
"Casa Fresco, HSR: All-Day Dining & Café",080 4992 7445,"73, 27th Main Rd, Phase 3, 1st Sector, HSR Layout, Bengaluru, Karnataka 560102",12.9207539,77.650514,Restaurant,http://www.casafresco.in/,Ci9DQUlRQUNvZENodHljRjlvT2xBMVNHaG1kVzR4VDFBd2VGaHRhbWR4UXpoVFRsRRAB,"Casa Fresco, HSR: All",Akshaya Gupta,106084429776046583606,True,4,,0,9 months ago,"{""meal_type"": ""Lunch"", ""price_per_person"": ""₹400–600"", ""food"": 3, ""service_rating"": 3, ""atmosphere"": 4, ""group_size"": ""3-4 people"", ""wait_time"": ""10-30 min""}"
"Casa Fresco, HSR: All-Day Dining & Café",080 4992 7445,"73, 27th Main Rd, Phase 3, 1st Sector, HSR Layout, Bengaluru, Karnataka 560102",12.9207539,77.650514,Restaurant,http://www.casafresco.in/,Ci9DQUlRQUNvZENodHljRjlvT25wTVpsRmZUMW94VG10c1UxQm9jMDl2T1dab1NWRRAB,"Casa Fresco, HSR: All",Sireesha Reddy,100260680118274244103,True,5,,0,9 months ago,"{""meal_type"": ""Dinner"", ""price_per_person"": ""₹600–800"", ""food"": 5, ""service_rating"": 4, ""atmosphere"": 5, ""group_size"": ""2 people"", ""wait_time"": ""No wait""}"
"Casa Fresco, HSR: All-Day Dining & Café",080 4992 7445,"73, 27th Main Rd, Phase 3, 1st Sector, HSR Layout, Bengaluru, Karnataka 560102",12.9207539,77.650514,Restaurant,http://www.casafresco.in/,Ci9DQUlRQUNvZENodHljRjlvT2xaR2VXdDRTV1pFVmxCMVdFbHVNak42YldoRloyYxAB,"Casa Fresco, HSR: All",Mudit Verma,109323710913602068319,False,5,"Tucked away amongst the cobbled, littered alleys, this restaurant serves up delicious food in an elegant setting.  I ordered the English Breakfast, and Fiona's Toast (with strawberry compote), totalling to ₹600 before tax.  The food was delicious and filling. Every item on the menu was priced kindly. I was stunned by the French Toast - I couldn't help gobbling a few bites before clicking the picture.  The staff was kind and accomodating. They waited patiently for my friend to arrive before taking our orders. They take great care in cleaning their restaurant, and take great pains in improving the innocent, inventive look of the place.  Thank you to the staff, especially Achumi, for a lovely morning!!!",0,9 months ago,"{""food"": 5, ""service_rating"": 5, ""atmosphere"": 5}"
"Casa Fresco, HSR: All-Day Dining & Café",080 4992 7445,"73, 27th Main Rd, Phase 3, 1st Sector, HSR Layout, Bengaluru, Karnataka 560102",12.9207539,77.650514,Restaurant,http://www.casafresco.in/,Ci9DQUlRQUNvZENodHljRjlvT2kxRVJFazJjbFJKYVhob2FYSnZaM0JCUzFWVmJuYxAB,"Casa Fresco, HSR: All",Kshitij Torka,104314705464999221760,True,4,,0,9 months ago,"{""meal_type"": ""Lunch"", ""price_per_person"": ""₹200–400"", ""food"": 4, ""service_rating"": 4, ""atmosphere"": 5, ""wait_time"": ""No wait"", ""seating_type"": ""Outdoor patio / terrace"", ""vegetarian_recommendation"": ""Highly recommend"", ""vegetarian_offerings"": ""Vegetarian menu or section""}"
"Casa Fresco, HSR: All-Day Dining & Café",080 4992 7445,"73, 27th Main Rd, Phase 3, 1st Sector, HSR Layout, Bengaluru, Karnataka 560102",12.9207539,77.650514,Restaurant,http://www.casafresco.in/,Ci9DQUlRQUNvZENodHljRjlvT2xobk1EbHlUelp5ZVZSSFJWWnJlbGxKVjBSQ2EzYxAB,"Casa Fresco, HSR: All",Bhavana Venkataraju,102308433973362461957,False,1,It's not as shown in the images Not worth investing time and money here,0,9 months ago,
"Casa Fresco, HSR: All-Day Dining & Café",080 4992 7445,"73, 27th Main Rd, Phase 3, 1st Sector, HSR Layout, Bengaluru, Karnataka 560102",12.9207539,77.650514,Restaurant,http://www.casafresco.in/,Ci9DQUlRQUNvZENodHljRjlvT2s4MVgwb3djblZJY2xWNFRUSnZOMHRKT0RodFVFRRAB,"Casa Fresco, HSR: All",Pakhi Chakraborty,115320188976819261176,True,5,,0,9 months ago,"{""meal_type"": ""Other"", ""price_per_person"": ""₹1,000–1,200"", ""food"": 5, ""service_rating"": 5, ""atmosphere"": 5, ""group_size"": ""2 people"", ""wait_time"": ""10-30 min"", ""vegetarian_recommendation"": ""Highly recommend"", ""vegetarian_offerings"": ""Clearly labeled vegetarian dishes""}"
"Casa Fresco, HSR: All-Day Dining & Café",080 4992 7445,"73, 27th Main Rd, Phase 3, 1st Sector, HSR Layout, Bengaluru, Karnataka 560102",12.9207539,77.650514,Restaurant,http://www.casafresco.in/,ChdDSUhNMG9nS0VJQ0FnSURGN2M3Ni1BRRAB,"Casa Fresco, HSR: All",Mercy Rai,106537117348456979368,True,5,"Among my favourite places to visit in HSR, cozy vibes with lovely outdoor seating. The food steals the show, specially the pizzas and sizzlers. Alfredo pasta and grilled chicken steak and matcha bubble tea are other must trys",0,Edited 9 months ago,"{""meal_type"": ""Dinner"", ""price_per_person"": ""₹400–600"", ""food"": 5, ""service_rating"": 5, ""group_size"": ""Suitable for all group sizes"", ""wait_time"": ""Up to 10 min""}"
"Casa Fresco, HSR: All-Day Dining & Café",080 4992 7445,"73, 27th Main Rd, Phase 3, 1st Sector, HSR Layout, Bengaluru, Karnataka 560102",12.9207539,77.650514,Restaurant,http://www.casafresco.in/,Ci9DQUlRQUNvZENodHljRjlvT2s5MFVGWmlVMnd3WmxodmRsaGlTR3hTVVZORFJsRRAB,"Casa Fresco, HSR: All",Shrikar Sawant,117883834793308838696,True,5,"Nice and cozy cafe in hsr, food options are pretty good",0,9 months ago,"{""meal_type"": ""Brunch"", ""price_per_person"": ""₹600–800"", ""food"": 5, ""service_rating"": 5, ""atmosphere"": 5}"
"Casa Fresco, HSR: All-Day Dining & Café",080 4992 7445,"73, 27th Main Rd, Phase 3, 1st Sector, HSR Layout, Bengaluru, Karnataka 560102",12.9207539,77.650514,Restaurant,http://www.casafresco.in/,Ci9DQUlRQUNvZENodHljRjlvT25OVVQwUkdWVkpGTTBwcE5rcGlSbGd3UTNCNWMyYxAB,"Casa Fresco, HSR: All",Shivani Kale,101350473281274124368,True,3,,0,9 months ago,"{""meal_type"": ""Dinner"", ""price_per_person"": ""₹1,000–1,200"", ""food"": 1, ""service_rating"": 1, ""atmosphere"": 1, ""group_size"": ""Suitable for all group sizes"", ""wait_time"": ""No wait""}"
"Casa Fresco, HSR: All-Day Dining & Café",080 4992 7445,"73, 27th Main Rd, Phase 3, 1st Sector, HSR Layout, Bengaluru, Karnataka 560102",12.9207539,77.650514,Restaurant,http://www.casafresco.in/,Ci9DQUlRQUNvZENodHljRjlvT2sxdVptSjVheTFsV1hsdFREZEljelpLZVUxMmNYYxAB,"Casa Fresco, HSR: All",Swati Kapoor,106183490199918313641,False,5,,0,9 months ago,"{""food"": 5, ""service_rating"": 4, ""atmosphere"": 4}"
"Casa Fresco, HSR: All-Day Dining & Café",080 4992 7445,"73, 27th Main Rd, Phase 3, 1st Sector, HSR Layout, Bengaluru, Karnataka 560102",12.9207539,77.650514,Restaurant,http://www.casafresco.in/,Ci9DQUlRQUNvZENodHljRjlvT2tkdFpXUTNYMnREWmpOa1VVTkxjRkZMUmkxSVJVRRAB,"Casa Fresco, HSR: All",Aditya Sharma,114203980379266029413,False,4,,0,9 months ago,"{""food"": 4, ""service_rating"": 4, ""atmosphere"": 4}"
"Casa Fresco, HSR: All-Day Dining & Café",080 4992 7445,"73, 27th Main Rd, Phase 3, 1st Sector, HSR Layout, Bengaluru, Karnataka 560102",12.9207539,77.650514,Restaurant,http://www.casafresco.in/,Ci9DQUlRQUNvZENodHljRjlvT25KelpXcExNRTlMYlRWelpuUjZWalpMZG1kcWFFRRAB,"Casa Fresco, HSR: All",Sumit Kapoor,108049711430132735845,False,1,,0,9 months ago,"{""food"": 2, ""service_rating"": 1, ""atmosphere"": 2}"
"Casa Fresco, HSR: All-Day Dining & Café",080 4992 7445,"73, 27th Main Rd, Phase 3, 1st Sector, HSR Layout, Bengaluru, Karnataka 560102",12.9207539,77.650514,Restaurant,http://www.casafresco.in/,Ci9DQUlRQUNvZENodHljRjlvT214YWRrVjBiblprVXpCRGEzcG9jVFEwUTFVelRIYxAB,"Casa Fresco, HSR: All",Grishma Chowdhery,114641288266588220186,True,1,"Avoid at all costs!  We have been going there for the past 2 years but the quality has deteriorated over time. They don't maintain any hygeine standards and food is not tasty. The plates smell of raw eggs, the fries were fried in used oil. It could be seen through the black spots that develop on food when oil is reused multiple times. I seriously doubt that they take any care in serving clean and hygienic food.  Worst of all the staff is highly incompetent! When we complained, they just looked at us with blank eyes. They were not apologetic and didn't reimburse for the horrible smelly stale food. Money wasted! Never going back there again.",0,9 months ago,"{""meal_type"": ""Breakfast"", ""food"": 1, ""service_rating"": 1, ""atmosphere"": 2}"
"Casa Fresco, HSR: All-Day Dining & Café",080 4992 7445,"73, 27th Main Rd, Phase 3, 1st Sector, HSR Layout, Bengaluru, Karnataka 560102",12.9207539,77.650514,Restaurant,http://www.casafresco.in/,Ci9DQUlRQUNvZENodHljRjlvT2pkdmQwRXpYMTgyTTA1TlVHaHNUbXd3Y0VKVloyYxAB,"Casa Fresco, HSR: All",Ms. Jain,108585269235932742517,True,5,,0,9 months ago,"{""meal_type"": ""Brunch"", ""price_per_person"": ""₹600–800"", ""food"": 5, ""service_rating"": 5, ""atmosphere"": 5}"
"Casa Fresco, HSR: All-Day Dining & Café",080 4992 7445,"73, 27th Main Rd, Phase 3, 1st Sector, HSR Layout, Bengaluru, Karnataka 560102",12.9207539,77.650514,Restaurant,http://www.casafresco.in/,Ci9DQUlRQUNvZENodHljRjlvT2paWFZVYzBMV3BqVFRKSVdYZDVka0ZYZEdkeU1YYxAB,"Casa Fresco, HSR: All",salman haider,117290036125066717737,True,5,Best food+ best place & best things to be happen ... Great place,0,9 months ago,"{""meal_type"": ""Lunch"", ""price_per_person"": ""₹400–600"", ""food"": 5, ""service_rating"": 5, ""atmosphere"": 5, ""group_size"": ""2 people"", ""wait_time"": ""No wait""}"
"Casa Fresco, HSR: All-Day Dining & Café",080 4992 7445,"73, 27th Main Rd, Phase 3, 1st Sector, HSR Layout, Bengaluru, Karnataka 560102",12.9207539,77.650514,Restaurant,http://www.casafresco.in/,Ci9DQUlRQUNvZENodHljRjlvT2xSdlFsSXpabkJ0TTJOT1dWUkVSak5HU0VoNk5IYxAB,"Casa Fresco, HSR: All",Divanshi Mehta,113601434608333919290,True,5,"Loved the place, great service and amazing food.",0,9 months ago,"{""food"": 5, ""service_rating"": 5, ""atmosphere"": 5}"
"Casa Fresco, HSR: All-Day Dining & Café",080 4992 7445,"73, 27th Main Rd, Phase 3, 1st Sector, HSR Layout, Bengaluru, Karnataka 560102",12.9207539,77.650514,Restaurant,http://www.casafresco.in/,Ci9DQUlRQUNvZENodHljRjlvT21GRGJWZGhUVlZmVkhNdFRsZzFVMWhpVld4VlUzYxAB,"Casa Fresco, HSR: All",Prakashchandra Patil Vachana Sahitya,100367422110852698781,True,4,It's good and we get tasty food but it's little costly,0,9 months ago,"{""food"": 4, ""service_rating"": 4, ""atmosphere"": 4}"
"Casa Fresco, HSR: All-Day Dining & Café",080 4992 7445,"73, 27th Main Rd, Phase 3, 1st Sector, HSR Layout, Bengaluru, Karnataka 560102",12.9207539,77.650514,Restaurant,http://www.casafresco.in/,Ci9DQUlRQUNvZENodHljRjlvT2tWR2MzaGFTREZDTjE5dk4wWlNUak5STW1OS1EwRRAB,"Casa Fresco, HSR: All",nishi agarwal,105029896231477007656,False,3,,0,9 months ago,"{""food"": 3, ""service_rating"": 4, ""atmosphere"": 4}"
"Casa Fresco, HSR: All-Day Dining & Café",080 4992 7445,"73, 27th Main Rd, Phase 3, 1st Sector, HSR Layout, Bengaluru, Karnataka 560102",12.9207539,77.650514,Restaurant,http://www.casafresco.in/,Ci9DQUlRQUNvZENodHljRjlvT2pSMVFrWlNRVWswTUhOSU9EbG5SbloxZDFJeVFuYxAB,"Casa Fresco, HSR: All",Ankita Upadhyay,115856018615836186346,True,4,,0,9 months ago,"{""meal_type"": ""Dinner"", ""price_per_person"": ""₹200–400"", ""food"": 4, ""service_rating"": 4, ""atmosphere"": 4, ""group_size"": ""Suitable for all group sizes"", ""wait_time"": ""No wait"", ""vegetarian_recommendation"": ""Highly recommend""}"
"Casa Fresco, HSR: All-Day Dining & Café",080 4992 7445,"73, 27th Main Rd, Phase 3, 1st Sector, HSR Layout, Bengaluru, Karnataka 560102",12.9207539,77.650514,Restaurant,http://www.casafresco.in/,Ci9DQUlRQUNvZENodHljRjlvT2xGbGRUTmFhMXAyWVhkMmNubE9PVVY0TlhrMGJIYxAB,"Casa Fresco, HSR: All",Theodosia Bellarmin Johnsi,111702356428573484166,False,3,,0,9 months ago,"{""meal_type"": ""Lunch"", ""food"": 3, ""service_rating"": 4, ""atmosphere"": 4}"
"Casa Fresco, HSR: All-Day Dining & Café",080 4992 7445,"73, 27th Main Rd, Phase 3, 1st Sector, HSR Layout, Bengaluru, Karnataka 560102",12.9207539,77.650514,Restaurant,http://www.casafresco.in/,Ci9DQUlRQUNvZENodHljRjlvT2tjdGQwOU1XWGgxUzFkYWJ6UlBkbE54YmxrNGVIYxAB,"Casa Fresco, HSR: All",Ankit Mohapatra,117477465200986382396,False,5,,0,9 months ago,"{""meal_type"": ""Lunch"", ""price_per_person"": ""₹200–400"", ""food"": 4, ""service_rating"": 5, ""atmosphere"": 4, ""group_size"": ""Suitable for all group sizes"", ""wait_time"": ""Up to 10 min"", ""vegetarian_recommendation"": ""Not sure"", ""vegetarian_offerings"": ""Clearly labeled vegetarian dishes"", ""parking_space"": ""Plenty of parking"", ""parking_options"": ""Free parking lot""}"
"Casa Fresco, HSR: All-Day Dining & Café",080 4992 7445,"73, 27th Main Rd, Phase 3, 1st Sector, HSR Layout, Bengaluru, Karnataka 560102",12.9207539,77.650514,Restaurant,http://www.casafresco.in/,Ci9DQUlRQUNvZENodHljRjlvT2kweldURklVbk5XV0ZSc1lUZDRURzF4VVZORFVsRRAB,"Casa Fresco, HSR: All",Debjyoti Bhaumik,103696363800055465078,True,5,,0,9 months ago,"{""meal_type"": ""Other"", ""price_per_person"": ""₹1–200"", ""food"": 5, ""service_rating"": 4, ""atmosphere"": 5, ""group_size"": ""2 people, 3-4 people"", ""wait_time"": ""No wait"", ""parking_space"": ""Somewhat difficult to find parking"", ""parking_options"": ""Free street parking""}"
"Casa Fresco, HSR: All-Day Dining & Café",080 4992 7445,"73, 27th Main Rd, Phase 3, 1st Sector, HSR Layout, Bengaluru, Karnataka 560102",12.9207539,77.650514,Restaurant,http://www.casafresco.in/,Ci9DQUlRQUNvZENodHljRjlvT2pGcFVHSm1TbFp0TVhwc2IyTjVUakI1UTFoWFYxRRAB,"Casa Fresco, HSR: All",Bharati Chhajalani,106935993029341628319,False,5,Aglio olio pasta was little dry. Mediterranean pasta was good.,0,9 months ago,"{""meal_type"": ""Brunch"", ""food"": 4, ""service_rating"": 5, ""atmosphere"": 5, ""wait_time"": ""No wait""}"
"Casa Fresco, HSR: All-Day Dining & Café",080 4992 7445,"73, 27th Main Rd, Phase 3, 1st Sector, HSR Layout, Bengaluru, Karnataka 560102",12.9207539,77.650514,Restaurant,http://www.casafresco.in/,Ci9DQUlRQUNvZENodHljRjlvT2s5RU1ISkpZVUY0TVVKZmVrVk1kVW80WTNGVFoyYxAB,"Casa Fresco, HSR: All",Amarinder Singh,108098142081531738064,True,4,,0,9 months ago,
"Casa Fresco, HSR: All-Day Dining & Café",080 4992 7445,"73, 27th Main Rd, Phase 3, 1st Sector, HSR Layout, Bengaluru, Karnataka 560102",12.9207539,77.650514,Restaurant,http://www.casafresco.in/,Ci9DQUlRQUNvZENodHljRjlvT2s5UVdsbEJMVWhWUVVKV1lWaHBlVEYxUmpSdk5GRRAB,"Casa Fresco, HSR: All",Abhishek Mukherjee,109348079481549665570,False,5,Amazing place and wonderful service. Especially Karuna. She was very welcoming.,0,9 months ago,"{""food"": 5, ""service_rating"": 5, ""atmosphere"": 5}"
"Casa Fresco, HSR: All-Day Dining & Café",080 4992 7445,"73, 27th Main Rd, Phase 3, 1st Sector, HSR Layout, Bengaluru, Karnataka 560102",12.9207539,77.650514,Restaurant,http://www.casafresco.in/,Ci9DQUlRQUNvZENodHljRjlvT21Wdk4wVkpiakZIVVdkNlpGOVhkMnAxTkZaalJYYxAB,"Casa Fresco, HSR: All",Kiran Kumar,116134658608526330564,True,5,,0,9 months ago,
"Casa Fresco, HSR: All-Day Dining & Café",080 4992 7445,"73, 27th Main Rd, Phase 3, 1st Sector, HSR Layout, Bengaluru, Karnataka 560102",12.9207539,77.650514,Restaurant,http://www.casafresco.in/,Ci9DQUlRQUNvZENodHljRjlvT21SWGNFaFZWak14VjA1Qk4ydHVWVGh2WTAxUlJsRRAB,"Casa Fresco, HSR: All",Ritika Sharma,105989409625187671149,False,5,,0,9 months ago,
"Casa Fresco, HSR: All-Day Dining & Café",080 4992 7445,"73, 27th Main Rd, Phase 3, 1st Sector, HSR Layout, Bengaluru, Karnataka 560102",12.9207539,77.650514,Restaurant,http://www.casafresco.in/,Ci9DQUlRQUNvZENodHljRjlvT2xaSlJsaFdaRVpDVG1Sdk9VaHNjMGQwZHpWMGRHYxAB,"Casa Fresco, HSR: All",Ishaan Aditya,113768845022708686659,False,5,,0,9 months ago,"{""food"": 5, ""service_rating"": 5, ""atmosphere"": 5}"
"Casa Fresco, HSR: All-Day Dining & Café",080 4992 7445,"73, 27th Main Rd, Phase 3, 1st Sector, HSR Layout, Bengaluru, Karnataka 560102",12.9207539,77.650514,Restaurant,http://www.casafresco.in/,Ci9DQUlRQUNvZENodHljRjlvT2xJMlZuWnJWbVZHVFdSV1ZVaHVNMVE1Wmw5a2JtYxAB,"Casa Fresco, HSR: All",Sushant Bhat,107367910825952916928,True,4,"I have visited this place multiple times and it's one of my go to food places in HSR. The food is really good, the service is sometimes slow but overall a great experience",0,9 months ago,"{""meal_type"": ""Lunch"", ""food"": 4, ""service_rating"": 4, ""atmosphere"": 4, ""group_size"": ""3-4 people"", ""wait_time"": ""No wait"", ""vegetarian_recommendation"": ""Highly recommend"", ""parking_space"": ""Somewhat difficult to find parking"", ""parking_options"": ""Free street parking, Parking is unavailable""}"
"Casa Fresco, HSR: All-Day Dining & Café",080 4992 7445,"73, 27th Main Rd, Phase 3, 1st Sector, HSR Layout, Bengaluru, Karnataka 560102",12.9207539,77.650514,Restaurant,http://www.casafresco.in/,Ci9DQUlRQUNvZENodHljRjlvT2tOcFIxZFFWSGRXVTNoU1gyMWtabEJRU2poM2FXYxAB,"Casa Fresco, HSR: All",Avinash kumar,116374983490650331227,True,5,,0,9 months ago,
"Casa Fresco, HSR: All-Day Dining & Café",080 4992 7445,"73, 27th Main Rd, Phase 3, 1st Sector, HSR Layout, Bengaluru, Karnataka 560102",12.9207539,77.650514,Restaurant,http://www.casafresco.in/,Ci9DQUlRQUNvZENodHljRjlvT2xSVFIxRktRVWhWUW13eU1GQkhSa3htZG1FM2RrRRAB,"Casa Fresco, HSR: All",Tushar Kotian,112916138863450749281,True,5,Good food and very good service by Achumi,0,9 months ago,"{""food"": 4, ""service_rating"": 5, ""atmosphere"": 3}"
"Casa Fresco, HSR: All-Day Dining & Café",080 4992 7445,"73, 27th Main Rd, Phase 3, 1st Sector, HSR Layout, Bengaluru, Karnataka 560102",12.9207539,77.650514,Restaurant,http://www.casafresco.in/,Ci9DQUlRQUNvZENodHljRjlvT2kxVGFGbzNhbXBRVldWT1VrNW5SRFpyTFV4d2NHYxAB,"Casa Fresco, HSR: All",Srividhya Raghupathi,104902807922335974053,True,5,,0,9 months ago,"{""meal_type"": ""Breakfast"", ""price_per_person"": ""₹200–400"", ""food"": 5, ""service_rating"": 5, ""atmosphere"": 5, ""group_size"": ""Suitable for all group sizes"", ""wait_time"": ""No wait""}"
"Casa Fresco, HSR: All-Day Dining & Café",080 4992 7445,"73, 27th Main Rd, Phase 3, 1st Sector, HSR Layout, Bengaluru, Karnataka 560102",12.9207539,77.650514,Restaurant,http://www.casafresco.in/,Ci9DQUlRQUNvZENodHljRjlvT25adU0wTnRaVzF6WDBFM2RsRXhORlEzWmxaRGNYYxAB,"Casa Fresco, HSR: All",Bhavitha Gj,104059193236507538703,True,1,Everything was good unless we found a cockroach in our food...kitchen hygiene is pathetic,0,9 months ago,"{""meal_type"": ""Dinner"", ""food"": 1, ""service_rating"": 1, ""atmosphere"": 3, ""group_size"": ""2 people"", ""wait_time"": ""No wait""}"
"Casa Fresco, HSR: All-Day Dining & Café",080 4992 7445,"73, 27th Main Rd, Phase 3, 1st Sector, HSR Layout, Bengaluru, Karnataka 560102",12.9207539,77.650514,Restaurant,http://www.casafresco.in/,Ci9DQUlRQUNvZENodHljRjlvT2paTVlVTjZZbkpKUVY5cVIwUnVMWEpJVG5sWVdWRRAB,"Casa Fresco, HSR: All",Shaik Masthan,109243603733369602787,True,5,"It’s an awesome place. For people who are looking to have a good date, good conversation, peaceful time with friends, or a close one, this is the best place to visit. Highly recommend !",0,9 months ago,"{""meal_type"": ""Dinner"", ""price_per_person"": ""₹200–400"", ""food"": 5, ""service_rating"": 5, ""atmosphere"": 5, ""group_size"": ""Suitable for all group sizes"", ""wait_time"": ""No wait""}"
"Casa Fresco, HSR: All-Day Dining & Café",080 4992 7445,"73, 27th Main Rd, Phase 3, 1st Sector, HSR Layout, Bengaluru, Karnataka 560102",12.9207539,77.650514,Restaurant,http://www.casafresco.in/,Ci9DQUlRQUNvZENodHljRjlvT21RNWJuTjZNMGhhVG1saVMwVmtZV2QwWlZaV2QwRRAB,"Casa Fresco, HSR: All",sangita panda,116486079215473820721,False,2,,0,9 months ago,"{""price_per_person"": ""₹2,000+""}"
"Casa Fresco, HSR: All-Day Dining & Café",080 4992 7445,"73, 27th Main Rd, Phase 3, 1st Sector, HSR Layout, Bengaluru, Karnataka 560102",12.9207539,77.650514,Restaurant,http://www.casafresco.in/,Ci9DQUlRQUNvZENodHljRjlvT25oalJEQkdVMjVLZDBRNU1GQlVWRFpWVlVJM1FWRRAB,"Casa Fresco, HSR: All",Ammul Swathi,105113305993817938007,False,5,"Had a lovely experience at Casa Fresco Cafe! The food was absolutely delicious — fresh, flavorful, and beautifully presented. The ambiance is cozy and welcoming, making it a perfect spot for a relaxed meal.  A special shout-out to Karuna, our server, who made the experience even better. She was incredibly polite, attentive, and made sure we were comfortable throughout. Her warm attitude and prompt service really stood out.  Highly recommend visiting if you’re looking for great food and exceptional service!",0,9 months ago,"{""food"": 5, ""service_rating"": 5, ""atmosphere"": 5}"
"Casa Fresco, HSR: All-Day Dining & Café",080 4992 7445,"73, 27th Main Rd, Phase 3, 1st Sector, HSR Layout, Bengaluru, Karnataka 560102",12.9207539,77.650514,Restaurant,http://www.casafresco.in/,Ci9DQUlRQUNvZENodHljRjlvT20xd2VFWTRha0ZyV21zM1ltNTRVR2R6YTBOV09HYxAB,"Casa Fresco, HSR: All",Nikhil Pradhan,117862608765191028928,True,5,"A no brainer.... Cafe has good food, Great ambience and wifi.",0,9 months ago,"{""price_per_person"": ""₹400–600"", ""food"": 5, ""service_rating"": 5, ""atmosphere"": 5}"
"Casa Fresco, HSR: All-Day Dining & Café",080 4992 7445,"73, 27th Main Rd, Phase 3, 1st Sector, HSR Layout, Bengaluru, Karnataka 560102",12.9207539,77.650514,Restaurant,http://www.casafresco.in/,Ci9DQUlRQUNvZENodHljRjlvT25OQ2NIZEJVa2cxWVVrNVNXTkNZVTVyTmpjM1kyYxAB,"Casa Fresco, HSR: All",yashi shekhar,104693848418896276894,True,5,,0,9 months ago,"{""food"": 5, ""service_rating"": 4, ""atmosphere"": 4}"
"Casa Fresco, HSR: All-Day Dining & Café",080 4992 7445,"73, 27th Main Rd, Phase 3, 1st Sector, HSR Layout, Bengaluru, Karnataka 560102",12.9207539,77.650514,Restaurant,http://www.casafresco.in/,Ci9DQUlRQUNvZENodHljRjlvT2xweFJtRlpSRk5qTjJOUlZUWk9jbTFzTVRCa1EwRRAB,"Casa Fresco, HSR: All",Vishal Rawat,106611555203527820450,True,5,,0,9 months ago,"{""meal_type"": ""Breakfast"", ""price_per_person"": ""₹400–600"", ""food"": 5, ""service_rating"": 5, ""atmosphere"": 4, ""group_size"": ""3-4 people"", ""wait_time"": ""No wait""}"
"Casa Fresco, HSR: All-Day Dining & Café",080 4992 7445,"73, 27th Main Rd, Phase 3, 1st Sector, HSR Layout, Bengaluru, Karnataka 560102",12.9207539,77.650514,Restaurant,http://www.casafresco.in/,Ci9DQUlRQUNvZENodHljRjlvT2xWSWMyTXlNVGxKZUc5M1VUZFFOM1pHTTBWVFkxRRAB,"Casa Fresco, HSR: All",Satyaprakash Chaurasia,106745067389825104141,True,3,I didn't like the food here. Pasta and noodles were not up to the mark. It felt more like someone cooking pasta for the first time at home.,0,9 months ago,"{""meal_type"": ""Dinner"", ""food"": 2, ""service_rating"": 4, ""atmosphere"": 3}"
"Casa Fresco, HSR: All-Day Dining & Café",080 4992 7445,"73, 27th Main Rd, Phase 3, 1st Sector, HSR Layout, Bengaluru, Karnataka 560102",12.9207539,77.650514,Restaurant,http://www.casafresco.in/,Ci9DQUlRQUNvZENodHljRjlvT2pOaWRHNXlSVzEzYjJSRVVVUTRVbnBrYnpRNWRWRRAB,"Casa Fresco, HSR: All",fathima abdul azeez,108365729920643608568,False,1,I am not sure what these reviews for this place is about! Extremely slow service with mediocre food.,0,9 months ago,"{""food"": 1, ""service_rating"": 1}"
"Casa Fresco, HSR: All-Day Dining & Café",080 4992 7445,"73, 27th Main Rd, Phase 3, 1st Sector, HSR Layout, Bengaluru, Karnataka 560102",12.9207539,77.650514,Restaurant,http://www.casafresco.in/,Ci9DQUlRQUNvZENodHljRjlvT2twMFFWUnhhbE0yUVdoMFJuWmpPRTg0VmpJMmVuYxAB,"Casa Fresco, HSR: All",Ritik Malik,117566433847447098611,False,4,,0,9 months ago,
"Casa Fresco, HSR: All-Day Dining & Café",080 4992 7445,"73, 27th Main Rd, Phase 3, 1st Sector, HSR Layout, Bengaluru, Karnataka 560102",12.9207539,77.650514,Restaurant,http://www.casafresco.in/,Ci9DQUlRQUNvZENodHljRjlvT2tKRU1XWm1ZemhmVTI4dFNUWkZNME4wYkRJemQwRRAB,"Casa Fresco, HSR: All",Navaratna Agarwal,100045784007949347271,True,5,"Great food, great service",0,9 months ago,"{""price_per_person"": ""₹200–400"", ""food"": 5, ""service_rating"": 5, ""atmosphere"": 5}"
"Casa Fresco, HSR: All-Day Dining & Café",080 4992 7445,"73, 27th Main Rd, Phase 3, 1st Sector, HSR Layout, Bengaluru, Karnataka 560102",12.9207539,77.650514,Restaurant,http://www.casafresco.in/,Ci9DQUlRQUNvZENodHljRjlvT2s5a1ozZFJRWEpYUjI5TVZWUlhjVU5wVnpWVlprRRAB,"Casa Fresco, HSR: All",Nikhil Gupta,110328922858906482130,True,4,,0,9 months ago,"{""price_per_person"": ""₹200–400"", ""food"": 4, ""service_rating"": 4, ""atmosphere"": 4}"
"Casa Fresco, HSR: All-Day Dining & Café",080 4992 7445,"73, 27th Main Rd, Phase 3, 1st Sector, HSR Layout, Bengaluru, Karnataka 560102",12.9207539,77.650514,Restaurant,http://www.casafresco.in/,Ci9DQUlRQUNvZENodHljRjlvT204NFlVMU1WbkZPZVhocVdGbDZaSEpZTVhOS1ZIYxAB,"Casa Fresco, HSR: All",Sanjay Agarwal,105545375302925874510,True,5,"Perfect spot for Alfredo pasta, thin-crust pizzas, and sizzling hot sizzlers—flavor-packed and satisfying every time. Super quick service!",0,9 months ago,"{""food"": 5, ""service_rating"": 5, ""atmosphere"": 5}"
"Casa Fresco, HSR: All-Day Dining & Café",080 4992 7445,"73, 27th Main Rd, Phase 3, 1st Sector, HSR Layout, Bengaluru, Karnataka 560102",12.9207539,77.650514,Restaurant,http://www.casafresco.in/,Ci9DQUlRQUNvZENodHljRjlvT21acFZtVldPSGhyWW1kd2NVRnJhbUl3U21WcVQyYxAB,"Casa Fresco, HSR: All",Saranya Ramamurthy,100025059669202510783,True,4,"Great ambience, the place was well lit and well maintained. We loved our drinks Americano and Detox mojito. Mushroom starter was delicious and the Moe’s chicken grill was well made and presented .  Service could have been a tad bit better but I understand it is Sunday noon and the cafe was bustling. I am sure on a non-rushy day things would be smooth.",0,10 months ago,"{""meal_type"": ""Brunch"", ""price_per_person"": ""₹1,600–1,800"", ""food"": 4, ""service_rating"": 3, ""atmosphere"": 5, ""group_size"": ""2 people"", ""wait_time"": ""No wait""}"
"Casa Fresco, HSR: All-Day Dining & Café",080 4992 7445,"73, 27th Main Rd, Phase 3, 1st Sector, HSR Layout, Bengaluru, Karnataka 560102",12.9207539,77.650514,Restaurant,http://www.casafresco.in/,Ci9DQUlRQUNvZENodHljRjlvT25oM1QxQTRYMGhqVGxWYVh6TlNaVFpSY1hKNk5rRRAB,"Casa Fresco, HSR: All",Anubhav Verma,114599801328988804511,True,1,Very bad tea and pakora.,0,10 months ago,"{""food"": 1, ""service_rating"": 4, ""atmosphere"": 5}"
"Casa Fresco, HSR: All-Day Dining & Café",080 4992 7445,"73, 27th Main Rd, Phase 3, 1st Sector, HSR Layout, Bengaluru, Karnataka 560102",12.9207539,77.650514,Restaurant,http://www.casafresco.in/,Ci9DQUlRQUNvZENodHljRjlvT2taM2F6aFZSR1E1YkRnd1RGcFZNVUpuT1ZCUGNYYxAB,"Casa Fresco, HSR: All",Samit Bala,115053661408388493907,False,5,,0,10 months ago,"{""meal_type"": ""Breakfast"", ""price_per_person"": ""₹200–400"", ""food"": 5, ""service_rating"": 5, ""atmosphere"": 5, ""group_size"": ""2 people"", ""wait_time"": ""Up to 10 min""}"
"Casa Fresco, HSR: All-Day Dining & Café",080 4992 7445,"73, 27th Main Rd, Phase 3, 1st Sector, HSR Layout, Bengaluru, Karnataka 560102",12.9207539,77.650514,Restaurant,http://www.casafresco.in/,Ci9DQUlRQUNvZENodHljRjlvT25neldHUnpRbnBSVW1saFJUSmlURk5qU0doTWNXYxAB,"Casa Fresco, HSR: All",BHAWNA PRITAM,111003650675878752446,True,5,"Good experience, thanks corona!",0,10 months ago,"{""meal_type"": ""Dinner"", ""food"": 5, ""service_rating"": 5, ""atmosphere"": 5}"
"Casa Fresco, HSR: All-Day Dining & Café",080 4992 7445,"73, 27th Main Rd, Phase 3, 1st Sector, HSR Layout, Bengaluru, Karnataka 560102",12.9207539,77.650514,Restaurant,http://www.casafresco.in/,Ci9DQUlRQUNvZENodHljRjlvT2xwaU1tcHVhMFZsY0daelFXRnVMWE5pYzE5eGJFRRAB,"Casa Fresco, HSR: All",Apoorv Verma,105559370726754301672,False,5,,0,10 months ago,"{""price_per_person"": ""₹800–1,000"", ""food"": 5, ""service_rating"": 4, ""atmosphere"": 5}"
"Casa Fresco, HSR: All-Day Dining & Café",080 4992 7445,"73, 27th Main Rd, Phase 3, 1st Sector, HSR Layout, Bengaluru, Karnataka 560102",12.9207539,77.650514,Restaurant,http://www.casafresco.in/,Ci9DQUlRQUNvZENodHljRjlvT2t0SVYxSXhkRVpvWnpsVU1ESnVVSGN4V1ZsR1UxRRAB,"Casa Fresco, HSR: All",surya ea,113588946600919522526,False,5,Food is really nice here with good serving and ambience...,0,10 months ago,"{""food"": 5, ""service_rating"": 5, ""atmosphere"": 5}"
"Casa Fresco, HSR: All-Day Dining & Café",080 4992 7445,"73, 27th Main Rd, Phase 3, 1st Sector, HSR Layout, Bengaluru, Karnataka 560102",12.9207539,77.650514,Restaurant,http://www.casafresco.in/,Ci9DQUlRQUNvZENodHljRjlvT2w5NGEycDFiRVpzWmpOMmFIUnVkWHBSUTBoSWVYYxAB,"Casa Fresco, HSR: All",Rachael Samantha,105115315992847035827,False,5,The food was amazing and Karuna assisted me throughout,0,10 months ago,"{""meal_type"": ""Breakfast"", ""price_per_person"": ""₹400–600"", ""food"": 5, ""service_rating"": 5, ""atmosphere"": 5, ""group_size"": ""1 person, 3-4 people"", ""wait_time"": ""No wait""}"
"Casa Fresco, HSR: All-Day Dining & Café",080 4992 7445,"73, 27th Main Rd, Phase 3, 1st Sector, HSR Layout, Bengaluru, Karnataka 560102",12.9207539,77.650514,Restaurant,http://www.casafresco.in/,Ci9DQUlRQUNvZENodHljRjlvT21od2NIcDZVemhGVGt0T1NWSkpNbXQzTmtaa1FWRRAB,"Casa Fresco, HSR: All",MEENAKSHI CHAUBEY,100169103177874774366,True,4,"Visited Café Fresco recently and had a pleasant overall experience. The service was impressively quick and the staff was very friendly, which definitely added to the vibe of the place.  We tried a few items from the menu – the jalapeño cheese balls were served cold, which was a bit disappointing. The Nutella pancakes had potential but the chocolate sauce tasted slightly grainy. The mac n cheese also could've been better, as the macaroni was slightly overcooked.  On the positive side, the hot chocolate was nice, and the watermelon juice was easily the best part of the meal – super refreshing and full of flavor.  With a few tweaks in the food preparation, this place could be a go-to spot. Great ambiance and lovely staff, just needs a bit more consistency in the kitchen.",0,10 months ago,"{""meal_type"": ""Brunch"", ""price_per_person"": ""₹400–600"", ""food"": 3, ""service_rating"": 4, ""atmosphere"": 5, ""group_size"": ""Suitable for all group sizes"", ""wait_time"": ""No wait"", ""vegetarian_recommendation"": ""Somewhat recommend"", ""vegetarian_offerings"": ""Clearly labeled vegetarian dishes"", ""vegetarian_options"": ""Lots and lots of options in menu"", ""dietary_restrictions"": ""No"", ""parking_space"": ""Difficult to find parking"", ""parking_options"": ""Free street parking"", ""kid_friendliness"": ""Yes, as well as pets friendly!!""}"
"Casa Fresco, HSR: All-Day Dining & Café",080 4992 7445,"73, 27th Main Rd, Phase 3, 1st Sector, HSR Layout, Bengaluru, Karnataka 560102",12.9207539,77.650514,Restaurant,http://www.casafresco.in/,Ci9DQUlRQUNvZENodHljRjlvT2paM1dXNVZla3BKVGs5WlkxcGxlWFk1VHpKU2RrRRAB,"Casa Fresco, HSR: All",hrishikesh karande,113884575002067544812,True,4,,0,10 months ago,"{""food"": 3, ""service_rating"": 4, ""atmosphere"": 2}"
"Casa Fresco, HSR: All-Day Dining & Café",080 4992 7445,"73, 27th Main Rd, Phase 3, 1st Sector, HSR Layout, Bengaluru, Karnataka 560102",12.9207539,77.650514,Restaurant,http://www.casafresco.in/,Ci9DQUlRQUNvZENodHljRjlvT21kUGRWVkRkbHBCY21kdFRVUTVSV0o0ZG5wWU5HYxAB,"Casa Fresco, HSR: All",Arunkumar R,107839884088078673258,True,5,,0,10 months ago,
"Casa Fresco, HSR: All-Day Dining & Café",080 4992 7445,"73, 27th Main Rd, Phase 3, 1st Sector, HSR Layout, Bengaluru, Karnataka 560102",12.9207539,77.650514,Restaurant,http://www.casafresco.in/,Ci9DQUlRQUNvZENodHljRjlvT21sWVZYb3ROVTFKWVhCdFZUQmZPR1oyY2s5Nk5HYxAB,"Casa Fresco, HSR: All",Brithul Balaji,105755041902669895709,True,2,"The atmosphere was fantastic and inviting, but unfortunately, the service didn’t quite match up. We ordered Alfredo pasta, noodles, and chocolate boba tea. While the food was decent, the tapioca pearls in the boba tea were a letdown – lacking freshness and chewiness. A place with such great ambiance deserves more consistency in quality and service.",0,10 months ago,"{""meal_type"": ""Other"", ""price_per_person"": ""₹1,400–1,600"", ""food"": 2, ""service_rating"": 1, ""atmosphere"": 4, ""group_size"": ""3-4 people"", ""wait_time"": ""No wait""}"
"Casa Fresco, HSR: All-Day Dining & Café",080 4992 7445,"73, 27th Main Rd, Phase 3, 1st Sector, HSR Layout, Bengaluru, Karnataka 560102",12.9207539,77.650514,Restaurant,http://www.casafresco.in/,Ci9DQUlRQUNvZENodHljRjlvT21GWlYxTjBTbFJoY1VaMVZVUk5YMGRCYkRobU4zYxAB,"Casa Fresco, HSR: All",Abhijeet Datta,103438226990216986683,True,1,,0,10 months ago,"{""food"": 1, ""service_rating"": 2, ""atmosphere"": 3}"
"Casa Fresco, HSR: All-Day Dining & Café",080 4992 7445,"73, 27th Main Rd, Phase 3, 1st Sector, HSR Layout, Bengaluru, Karnataka 560102",12.9207539,77.650514,Restaurant,http://www.casafresco.in/,Ci9DQUlRQUNvZENodHljRjlvT21WcVpHOWtjRmxWZWprMVJsWjNWa2xaZUZWRFIxRRAB,"Casa Fresco, HSR: All",Nishanth N,103282308274627527295,True,2,Do not go here with a laptop on weekends. I had no prior info and had to leave. It’s inconvenient that they haven’t made this info more obvious considering it is in HSR layout with quite a bit of work in cafe culture.  No comments on the food.,0,10 months ago,"{""service_rating"": 2}"
"Casa Fresco, HSR: All-Day Dining & Café",080 4992 7445,"73, 27th Main Rd, Phase 3, 1st Sector, HSR Layout, Bengaluru, Karnataka 560102",12.9207539,77.650514,Restaurant,http://www.casafresco.in/,Ci9DQUlRQUNvZENodHljRjlvT210bE9HSTVaM2x1Ym1wVGN6VjRabG93UmpGb1JWRRAB,"Casa Fresco, HSR: All",Anusha Varun,113308973589611279788,True,5,,0,10 months ago,"{""food"": 5, ""service_rating"": 4, ""atmosphere"": 5}"
"Casa Fresco, HSR: All-Day Dining & Café",080 4992 7445,"73, 27th Main Rd, Phase 3, 1st Sector, HSR Layout, Bengaluru, Karnataka 560102",12.9207539,77.650514,Restaurant,http://www.casafresco.in/,Ci9DQUlRQUNvZENodHljRjlvT2pSd2N6ZGhhbWgxTVZCMGFWOWlSMDlPUnpsRFZXYxAB,"Casa Fresco, HSR: All",Akanksha Srivastava,100021008484962308327,True,5,"Great experience, great food!",0,10 months ago,"{""food"": 5, ""service_rating"": 5, ""atmosphere"": 5}"
"Casa Fresco, HSR: All-Day Dining & Café",080 4992 7445,"73, 27th Main Rd, Phase 3, 1st Sector, HSR Layout, Bengaluru, Karnataka 560102",12.9207539,77.650514,Restaurant,http://www.casafresco.in/,Ci9DQUlRQUNvZENodHljRjlvT21OMVFtcDJha1ZqYlVOMFlWcDFZMHhpZVVWRFIwRRAB,"Casa Fresco, HSR: All",Shreekar Waghela,100933082118189621523,True,5,,0,10 months ago,"{""meal_type"": ""Breakfast"", ""price_per_person"": ""₹400–600"", ""food"": 5, ""service_rating"": 5, ""atmosphere"": 5, ""group_size"": ""2 people, 3-4 people"", ""wait_time"": ""No wait""}"
"Casa Fresco, HSR: All-Day Dining & Café",080 4992 7445,"73, 27th Main Rd, Phase 3, 1st Sector, HSR Layout, Bengaluru, Karnataka 560102",12.9207539,77.650514,Restaurant,http://www.casafresco.in/,Ci9DQUlRQUNvZENodHljRjlvT214b1VGOUlkVzQ0ZEdoNVJXZHdlVVU1VVVabVRrRRAB,"Casa Fresco, HSR: All",amrutha unni,108025730479309109985,False,5,Good food,0,10 months ago,"{""food"": 5, ""service_rating"": 5, ""atmosphere"": 5}"
"Casa Fresco, HSR: All-Day Dining & Café",080 4992 7445,"73, 27th Main Rd, Phase 3, 1st Sector, HSR Layout, Bengaluru, Karnataka 560102",12.9207539,77.650514,Restaurant,http://www.casafresco.in/,Ci9DQUlRQUNvZENodHljRjlvT2xWWWNFYzJiVFJKWTFWeFlXaElSVlpqYVRCeldYYxAB,"Casa Fresco, HSR: All",Tanisha,101299463101930794729,True,5,"It's a good place for breakfast, brunch or light snacks. It's usually very busy and the ambience is open and cozy. Ordered their french toast and ramsay style breakfast which was very well made. The service can be slow because of how busy it gets but other than that I had a good time.",0,10 months ago,"{""food"": 5, ""service_rating"": 3, ""atmosphere"": 4}"
"Casa Fresco, HSR: All-Day Dining & Café",080 4992 7445,"73, 27th Main Rd, Phase 3, 1st Sector, HSR Layout, Bengaluru, Karnataka 560102",12.9207539,77.650514,Restaurant,http://www.casafresco.in/,Ci9DQUlRQUNvZENodHljRjlvT2tsVVQyWkNTa3BKU1U5bVVqRnBjMjFSTjJGQ2JIYxAB,"Casa Fresco, HSR: All",Kasuila Kasuila Fatima,111417720472260107151,False,5,,0,10 months ago,"{""meal_type"": ""Breakfast"", ""food"": 5, ""service_rating"": 5, ""atmosphere"": 5, ""group_size"": ""9+ people"", ""wait_time"": ""Up to 10 min""}"
"Casa Fresco, HSR: All-Day Dining & Café",080 4992 7445,"73, 27th Main Rd, Phase 3, 1st Sector, HSR Layout, Bengaluru, Karnataka 560102",12.9207539,77.650514,Restaurant,http://www.casafresco.in/,Ci9DQUlRQUNvZENodHljRjlvT2twWFJ6UlpSa3RmVUcxamJDMU1Wbkp3YlZwcGFWRRAB,"Casa Fresco, HSR: All",Ravina Kumari,112077562018429441866,True,4,"It’s a cozy romantic kind of place, the soft music and decor give a bit goan vibe. Lot of couple will be there in evening. The food was also nice, i ordered hazelnut mocha and chocolate brownie it was yum but brownie was very hard while having the last bite. had spinach snadhwich and Apple turkish tea that was also really nice.",0,10 months ago,"{""meal_type"": ""Brunch"", ""price_per_person"": ""₹400–600"", ""food"": 4, ""service_rating"": 5, ""atmosphere"": 4, ""group_size"": ""3-4 people"", ""wait_time"": ""10-30 min"", ""vegetarian_recommendation"": ""Highly recommend"", ""vegetarian_offerings"": ""Vegetarian menu or section, Clearly labeled vegetarian dishes"", ""parking_space"": ""Somewhat difficult to find parking"", ""parking_options"": ""Free parking lot""}"
"Casa Fresco, HSR: All-Day Dining & Café",080 4992 7445,"73, 27th Main Rd, Phase 3, 1st Sector, HSR Layout, Bengaluru, Karnataka 560102",12.9207539,77.650514,Restaurant,http://www.casafresco.in/,Ci9DQUlRQUNvZENodHljRjlvT25wd1pXazBPR3hhZFhWdmFXVlhRazU1U0ZKWU0yYxAB,"Casa Fresco, HSR: All",Pankaj Kumar,107118425933075418281,True,5,,0,10 months ago,
"Casa Fresco, HSR: All-Day Dining & Café",080 4992 7445,"73, 27th Main Rd, Phase 3, 1st Sector, HSR Layout, Bengaluru, Karnataka 560102",12.9207539,77.650514,Restaurant,http://www.casafresco.in/,Ci9DQUlRQUNvZENodHljRjlvT2xZeFVWaFpaSE5FT1ZGd1RYcHdTV0Y0V0hRNGVrRRAB,"Casa Fresco, HSR: All",Randhir Pratap Singh,109321107753140338225,True,5,,0,10 months ago,"{""meal_type"": ""Brunch"", ""price_per_person"": ""₹400–600"", ""food"": 5, ""service_rating"": 5, ""atmosphere"": 5, ""group_size"": ""9+ people"", ""wait_time"": ""10-30 min""}"
"Casa Fresco, HSR: All-Day Dining & Café",080 4992 7445,"73, 27th Main Rd, Phase 3, 1st Sector, HSR Layout, Bengaluru, Karnataka 560102",12.9207539,77.650514,Restaurant,http://www.casafresco.in/,Ci9DQUlRQUNvZENodHljRjlvT21OV1pGQkZTWEZWYkVkUVpUUkVOSGQ1TUd4a1ozYxAB,"Casa Fresco, HSR: All",Harshit Varikolu,102234868325982149102,True,5,Good ambience. Good food.,0,10 months ago,"{""price_per_person"": ""₹200–400""}"
"Casa Fresco, HSR: All-Day Dining & Café",080 4992 7445,"73, 27th Main Rd, Phase 3, 1st Sector, HSR Layout, Bengaluru, Karnataka 560102",12.9207539,77.650514,Restaurant,http://www.casafresco.in/,Ci9DQUlRQUNvZENodHljRjlvT2w5UmVVRTNNakpGYjBaQmNXTkRYM1E0TjFkMlFsRRAB,"Casa Fresco, HSR: All",Sarthak Babbar,112510102574200955589,True,5,"One of the Best Cafe in the area!  Great atmosphere, Great food 🥞  Very Berry Pancakes are a must try :)",0,10 months ago,"{""meal_type"": ""Breakfast"", ""price_per_person"": ""₹400–600"", ""food"": 4, ""service_rating"": 4, ""atmosphere"": 4, ""group_size"": ""1 person, 2 people, 3-4 people"", ""wait_time"": ""Up to 10 min""}"
"Casa Fresco, HSR: All-Day Dining & Café",080 4992 7445,"73, 27th Main Rd, Phase 3, 1st Sector, HSR Layout, Bengaluru, Karnataka 560102",12.9207539,77.650514,Restaurant,http://www.casafresco.in/,Ci9DQUlRQUNvZENodHljRjlvT21KaU1rMXRNSHBDVDJVMGJtNW5TWE5RZUZJeVVFRRAB,"Casa Fresco, HSR: All",Aman Jena,104296093448921690841,True,5,,0,10 months ago,"{""meal_type"": ""Brunch"", ""price_per_person"": ""₹200–400"", ""food"": 5, ""service_rating"": 5, ""atmosphere"": 5, ""group_size"": ""2 people"", ""wait_time"": ""10-30 min""}"
"Casa Fresco, HSR: All-Day Dining & Café",080 4992 7445,"73, 27th Main Rd, Phase 3, 1st Sector, HSR Layout, Bengaluru, Karnataka 560102",12.9207539,77.650514,Restaurant,http://www.casafresco.in/,Ci9DQUlRQUNvZENodHljRjlvT2paTWQwRndRV1ZhY0hSbWNIaEhPRkp3T0Voc1pIYxAB,"Casa Fresco, HSR: All",Rajesh Kagitha,112838433697259534087,True,2,,0,10 months ago,"{""price_per_person"": ""₹400–600"", ""food"": 3, ""service_rating"": 3, ""atmosphere"": 3}"
"Casa Fresco, HSR: All-Day Dining & Café",080 4992 7445,"73, 27th Main Rd, Phase 3, 1st Sector, HSR Layout, Bengaluru, Karnataka 560102",12.9207539,77.650514,Restaurant,http://www.casafresco.in/,Ci9DQUlRQUNvZENodHljRjlvT2tkamVVZFFYMUpHYjBzeU5UVnpWQzFRWmxaVVkwRRAB,"Casa Fresco, HSR: All",Nisha Baro,113552762967886219820,True,5,,0,10 months ago,"{""meal_type"": ""Dinner"", ""price_per_person"": ""₹600–800"", ""food"": 5, ""service_rating"": 5, ""atmosphere"": 5, ""group_size"": ""3-4 people"", ""wait_time"": ""No wait""}"
"Casa Fresco, HSR: All-Day Dining & Café",080 4992 7445,"73, 27th Main Rd, Phase 3, 1st Sector, HSR Layout, Bengaluru, Karnataka 560102",12.9207539,77.650514,Restaurant,http://www.casafresco.in/,Ci9DQUlRQUNvZENodHljRjlvT25OUVJGZDBPVVpTVGxKamJWbHhaRU4zVmxWSmMwRRAB,"Casa Fresco, HSR: All",B Gayathri Priyankha,114034539060916134634,False,1,One of the most average cafe ever visited. Food is the worst. Bad taste and not fresh.,0,10 months ago,"{""meal_type"": ""Lunch"", ""price_per_person"": ""₹600–800"", ""food"": 1, ""service_rating"": 1, ""atmosphere"": 4, ""group_size"": ""Not sure"", ""wait_time"": ""10-30 min""}"
"Casa Fresco, HSR: All-Day Dining & Café",080 4992 7445,"73, 27th Main Rd, Phase 3, 1st Sector, HSR Layout, Bengaluru, Karnataka 560102",12.9207539,77.650514,Restaurant,http://www.casafresco.in/,Ci9DQUlRQUNvZENodHljRjlvT2xVM1NFSk5jVjkzVFZoS2J6RkpZblppYmxWNVRGRRAB,"Casa Fresco, HSR: All",Madhu Sudan,112415184039162691700,True,1,,0,10 months ago,"{""meal_type"": ""Brunch"", ""group_size"": ""1 person, Not sure"", ""wait_time"": ""1+ hour"", ""parking_space"": ""Plenty of parking"", ""parking_options"": ""Paid street parking, Paid parking garage""}"
"Casa Fresco, HSR: All-Day Dining & Café",080 4992 7445,"73, 27th Main Rd, Phase 3, 1st Sector, HSR Layout, Bengaluru, Karnataka 560102",12.9207539,77.650514,Restaurant,http://www.casafresco.in/,Ci9DQUlRQUNvZENodHljRjlvT214MVNUQlBaRTFmWDNGaE1HeHZVamQyVUZwNVoxRRAB,"Casa Fresco, HSR: All",Kedar nath,101496876554533708192,True,2,"Average experience. There are a lot of better places in HSR.  I ordered Nachos and Cold coffee. The chips were a little old and very tough to chew, they just added 4 olives, 1 jalapeno and lot of tangy sauce. Never seen anything like that.  Nevertheless, I never rate below average, but, my experience for the location, the ambience and the food was below average.  I can't recommend this place. Staff was nice, no problem with the service or behaviour.",0,10 months ago,"{""meal_type"": ""Brunch"", ""price_per_person"": ""₹200–400"", ""food"": 2, ""service_rating"": 4, ""atmosphere"": 3, ""group_size"": ""3-4 people"", ""wait_time"": ""No wait""}"
"Casa Fresco, HSR: All-Day Dining & Café",080 4992 7445,"73, 27th Main Rd, Phase 3, 1st Sector, HSR Layout, Bengaluru, Karnataka 560102",12.9207539,77.650514,Restaurant,http://www.casafresco.in/,Ci9DQUlRQUNvZENodHljRjlvT21aMVVGRmxiMU5wUWpOUWMzaG1NRXR2TVdOTlMwRRAB,"Casa Fresco, HSR: All",Ravi KN (Ravi),115468086068545646296,False,4,Food is good and delicious. Liked the veg soups and burger,0,10 months ago,"{""meal_type"": ""Brunch"", ""price_per_person"": ""₹1,200–1,400"", ""food"": 4, ""service_rating"": 3, ""atmosphere"": 4, ""group_size"": ""3-4 people"", ""wait_time"": ""No wait"", ""vegetarian_recommendation"": ""Highly recommend"", ""vegetarian_offerings"": ""Vegetarian menu or section"", ""parking_space"": ""Difficult to find parking"", ""parking_options"": ""Parking is unavailable""}"
"Casa Fresco, HSR: All-Day Dining & Café",080 4992 7445,"73, 27th Main Rd, Phase 3, 1st Sector, HSR Layout, Bengaluru, Karnataka 560102",12.9207539,77.650514,Restaurant,http://www.casafresco.in/,Ci9DQUlRQUNvZENodHljRjlvT25CMVlrMVhZMU5yU3pGTWEzZE9kVFoyUW10U1UyYxAB,"Casa Fresco, HSR: All",Rashmi singh,117152941758174633191,False,5,Had a great experience at Casa Fresco! The food and atmosphere were quite good. Special thanks to Achmui for the excellent service,0,10 months ago,"{""food"": 5, ""service_rating"": 5, ""atmosphere"": 5}"
"Casa Fresco, HSR: All-Day Dining & Café",080 4992 7445,"73, 27th Main Rd, Phase 3, 1st Sector, HSR Layout, Bengaluru, Karnataka 560102",12.9207539,77.650514,Restaurant,http://www.casafresco.in/,Ci9DQUlRQUNvZENodHljRjlvT2poblQySndiWGxrWTJwSGFrSlBlRzVXVG5wbVYzYxAB,"Casa Fresco, HSR: All",Sourav Choudhury,106250466793151227645,True,5,,0,10 months ago,"{""food"": 5, ""service_rating"": 5, ""atmosphere"": 5}"
"Casa Fresco, HSR: All-Day Dining & Café",080 4992 7445,"73, 27th Main Rd, Phase 3, 1st Sector, HSR Layout, Bengaluru, Karnataka 560102",12.9207539,77.650514,Restaurant,http://www.casafresco.in/,Ci9DQUlRQUNvZENodHljRjlvT2xGalJuWXpNRmcxVkVoVGRYVTBOVzl1UTBjM04wRRAB,"Casa Fresco, HSR: All",Rishabh Shakya,111912174133846820586,False,1,Pizza not good in taste.,0,10 months ago,"{""meal_type"": ""Dinner"", ""price_per_person"": ""₹200–400"", ""food"": 1, ""service_rating"": 3, ""atmosphere"": 3, ""wait_time"": ""Up to 10 min""}"
"Casa Fresco, HSR: All-Day Dining & Café",080 4992 7445,"73, 27th Main Rd, Phase 3, 1st Sector, HSR Layout, Bengaluru, Karnataka 560102",12.9207539,77.650514,Restaurant,http://www.casafresco.in/,Ci9DQUlRQUNvZENodHljRjlvT2sxWldWaHlaMHhDWTFab1gwZHJhRzFuTUU0NFptYxAB,"Casa Fresco, HSR: All",Harsha Bhat,106443559127897932649,True,5,,0,10 months ago,"{""food"": 5, ""service_rating"": 5, ""atmosphere"": 5}"
"Casa Fresco, HSR: All-Day Dining & Café",080 4992 7445,"73, 27th Main Rd, Phase 3, 1st Sector, HSR Layout, Bengaluru, Karnataka 560102",12.9207539,77.650514,Restaurant,http://www.casafresco.in/,Ci9DQUlRQUNvZENodHljRjlvT2t4dVpFVlFibTVxZW1WWWFUaHJZbHB3VEZSZlFsRRAB,"Casa Fresco, HSR: All",Aditya Chowdhary,105406099176116293627,True,4,"The food is good, the ambience is also good. While reaching the location one might wonder kaha ja rahe hai. .. but once you reach that the advantage is that it's away from the hustle bustle.  The down side is service is extremely slow. Tea and coffee especially hot just avoid.. it's pathetic",0,10 months ago,"{""meal_type"": ""Breakfast"", ""price_per_person"": ""₹400–600"", ""food"": 4, ""service_rating"": 2, ""atmosphere"": 4, ""group_size"": ""Suitable for all group sizes"", ""wait_time"": ""No wait"", ""parking_space"": ""Somewhat difficult to find parking"", ""parking_options"": ""Free street parking""}"
"Casa Fresco, HSR: All-Day Dining & Café",080 4992 7445,"73, 27th Main Rd, Phase 3, 1st Sector, HSR Layout, Bengaluru, Karnataka 560102",12.9207539,77.650514,Restaurant,http://www.casafresco.in/,Ci9DQUlRQUNvZENodHljRjlvT21KUFdIaFVPSGhhUWtKRFFYZ3llRkpUT0ROeWIwRRAB,"Casa Fresco, HSR: All",Rukmani Singaram,104049173324331044270,False,5,"Achumi has done a great job serving us today! Everything was delicious! We had their Japanese Matcha, Taiwanese bubble tea and their Bologonese spaghetti, farmhouse breakfast and pizza which were all amazing! We even got a complementary dessert!",0,10 months ago,"{""food"": 5, ""service_rating"": 5, ""atmosphere"": 5}"
"Casa Fresco, HSR: All-Day Dining & Café",080 4992 7445,"73, 27th Main Rd, Phase 3, 1st Sector, HSR Layout, Bengaluru, Karnataka 560102",12.9207539,77.650514,Restaurant,http://www.casafresco.in/,Ci9DQUlRQUNvZENodHljRjlvT25oZlUxSnBhbFpTWDNCa2NsVmhWemRZWkU1dk9YYxAB,"Casa Fresco, HSR: All",Lakshmi Keerthi Balugari,112984948498730081329,False,5,,0,10 months ago,
"Casa Fresco, HSR: All-Day Dining & Café",080 4992 7445,"73, 27th Main Rd, Phase 3, 1st Sector, HSR Layout, Bengaluru, Karnataka 560102",12.9207539,77.650514,Restaurant,http://www.casafresco.in/,Ci9DQUlRQUNvZENodHljRjlvT2pSUWFWbDRabkV4WmxWRVJqRTNORFJ1Vm00elVuYxAB,"Casa Fresco, HSR: All",Aashim Singh,107936883105393027931,False,5,Good food. Achumi was very helpful and provided great service.,0,10 months ago,
"Casa Fresco, HSR: All-Day Dining & Café",080 4992 7445,"73, 27th Main Rd, Phase 3, 1st Sector, HSR Layout, Bengaluru, Karnataka 560102",12.9207539,77.650514,Restaurant,http://www.casafresco.in/,Ci9DQUlRQUNvZENodHljRjlvT2tFemFtNXpibXRKTVdOMlpHd3RXa1I1VW10V1pYYxAB,"Casa Fresco, HSR: All",Nawajish Anwar Laskar,100432835390811750809,False,5,"This place is our regular breakfast spot. The food and ambience always lifts out spirits. The menu has plenty of options to explore. Service is friendly, polite, and quick. Special thanks to Achami (hope I spelled it right) for her awesome service this time.",0,10 months ago,"{""meal_type"": ""Breakfast"", ""price_per_person"": ""₹1,200–1,400"", ""food"": 5, ""service_rating"": 5, ""atmosphere"": 5, ""group_size"": ""2 people"", ""wait_time"": ""No wait"", ""vegetarian_recommendation"": ""Highly recommend"", ""parking_space"": ""Plenty of parking"", ""parking_options"": ""Free parking lot"", ""kid_friendliness"": ""Adequate""}"
"Casa Fresco, HSR: All-Day Dining & Café",080 4992 7445,"73, 27th Main Rd, Phase 3, 1st Sector, HSR Layout, Bengaluru, Karnataka 560102",12.9207539,77.650514,Restaurant,http://www.casafresco.in/,Ci9DQUlRQUNvZENodHljRjlvT2poR1YwOWtVWHB1ZVdaVUxYQmFkMk5CWWsxTFpGRRAB,"Casa Fresco, HSR: All",BHAVANA BAGAL,112569284061125096600,True,1,,0,10 months ago,
"Casa Fresco, HSR: All-Day Dining & Café",080 4992 7445,"73, 27th Main Rd, Phase 3, 1st Sector, HSR Layout, Bengaluru, Karnataka 560102",12.9207539,77.650514,Restaurant,http://www.casafresco.in/,Ci9DQUlRQUNvZENodHljRjlvT21OVGRuUjFXamhGWlUxNU0yeEtkVkV6V25wRGNsRRAB,"Casa Fresco, HSR: All",aarcha ambedkar,115967343570536597770,True,5,Good food and reasonable prizes. There was a huge variety of omelettes to try out.,0,10 months ago,"{""meal_type"": ""Dinner"", ""price_per_person"": ""₹200–400"", ""group_size"": ""3-4 people"", ""wait_time"": ""No wait""}"
"Casa Fresco, HSR: All-Day Dining & Café",080 4992 7445,"73, 27th Main Rd, Phase 3, 1st Sector, HSR Layout, Bengaluru, Karnataka 560102",12.9207539,77.650514,Restaurant,http://www.casafresco.in/,Ci9DQUlRQUNvZENodHljRjlvT21GbFoxVm1hblJwUkVaWVQzRkpOa2ROWTFCdVoxRRAB,"Casa Fresco, HSR: All",Swarna Shrivastava,117954535500907526044,True,4,,0,10 months ago,"{""meal_type"": ""Brunch"", ""price_per_person"": ""₹800–1,000"", ""food"": 4, ""service_rating"": 3, ""atmosphere"": 5, ""group_size"": ""2 people, 3-4 people"", ""wait_time"": ""No wait""}"
"Casa Fresco, HSR: All-Day Dining & Café",080 4992 7445,"73, 27th Main Rd, Phase 3, 1st Sector, HSR Layout, Bengaluru, Karnataka 560102",12.9207539,77.650514,Restaurant,http://www.casafresco.in/,Ci9DQUlRQUNvZENodHljRjlvT2poNU1sUmZabk4zU1VneFpHWXpUa0ZqYURrMVRHYxAB,"Casa Fresco, HSR: All",KiranKumar Adam,105814932725523303274,True,5,Fish tank is the big minus. Food is okayish.,0,10 months ago,"{""food"": 4, ""service_rating"": 4, ""atmosphere"": 3, ""group_size"": ""3-4 people"", ""wait_time"": ""1+ hour""}"
"Casa Fresco, HSR: All-Day Dining & Café",080 4992 7445,"73, 27th Main Rd, Phase 3, 1st Sector, HSR Layout, Bengaluru, Karnataka 560102",12.9207539,77.650514,Restaurant,http://www.casafresco.in/,Ci9DQUlRQUNvZENodHljRjlvT2paNU1YTmFielpETFhoSGNHZEdZMlJFY1VsbU4zYxAB,"Casa Fresco, HSR: All",Gautam,108956271130434950990,True,4,They serve good tea and snacks!,0,10 months ago,"{""meal_type"": ""Other"", ""price_per_person"": ""₹200–400"", ""food"": 4, ""service_rating"": 4, ""atmosphere"": 4, ""group_size"": ""3-4 people"", ""wait_time"": ""No wait""}"
"Casa Fresco, HSR: All-Day Dining & Café",080 4992 7445,"73, 27th Main Rd, Phase 3, 1st Sector, HSR Layout, Bengaluru, Karnataka 560102",12.9207539,77.650514,Restaurant,http://www.casafresco.in/,Ci9DQUlRQUNvZENodHljRjlvT2s5MVgzVnphQzExYmxCSU4yaFZTRzR0TTJ0SlFuYxAB,"Casa Fresco, HSR: All",Niket Soni,105155839060011260478,True,1,,0,10 months ago,"{""meal_type"": ""Breakfast"", ""price_per_person"": ""₹400–600"", ""group_size"": ""2 people"", ""wait_time"": ""Up to 10 min""}"
"Casa Fresco, HSR: All-Day Dining & Café",080 4992 7445,"73, 27th Main Rd, Phase 3, 1st Sector, HSR Layout, Bengaluru, Karnataka 560102",12.9207539,77.650514,Restaurant,http://www.casafresco.in/,Ci9DQUlRQUNvZENodHljRjlvT2t4Nk1qWm1OSE4yVkRGdWQyMVBWSFp6ZFZsVmRtYxAB,"Casa Fresco, HSR: All",Smriti Shingari,109398711560639151318,False,5,,0,10 months ago,
"Casa Fresco, HSR: All-Day Dining & Café",080 4992 7445,"73, 27th Main Rd, Phase 3, 1st Sector, HSR Layout, Bengaluru, Karnataka 560102",12.9207539,77.650514,Restaurant,http://www.casafresco.in/,Ci9DQUlRQUNvZENodHljRjlvT25WR1VXZExkMVZrYVVkek9GRnFhMnhDVW5VM1dYYxAB,"Casa Fresco, HSR: All",Sudarshan Devadiga,104270477174641715215,True,3,Quantity was less compare to truffles..also taste was ok ok...Pasta was superb,0,10 months ago,"{""meal_type"": ""Lunch"", ""food"": 2, ""service_rating"": 3, ""atmosphere"": 2}"
"Casa Fresco, HSR: All-Day Dining & Café",080 4992 7445,"73, 27th Main Rd, Phase 3, 1st Sector, HSR Layout, Bengaluru, Karnataka 560102",12.9207539,77.650514,Restaurant,http://www.casafresco.in/,ChdDSUhNMG9nS0VJQ0FnTURRX183ai13RRAB,"Casa Fresco, HSR: All",Kim Pamngai,103891897417947343976,False,5,"One of my favourite places in HSR. I have tried almost everything in their menu. My favourites include Alfredo pasta, American Pancakes, Grilled Chicken Steak, Thin crust Pizzas",0,Edited 10 months ago,"{""meal_type"": ""Dinner"", ""price_per_person"": ""₹400–600"", ""food"": 5, ""service_rating"": 5, ""atmosphere"": 4, ""recommended_dishes"": ""Aglio E Olio Pasta, Florentine Pizza 12 Inches, Picante Paneer Pizza, Hazelnut Cold Coffee"", ""group_size"": ""Suitable for all group sizes""}"
"Casa Fresco, HSR: All-Day Dining & Café",080 4992 7445,"73, 27th Main Rd, Phase 3, 1st Sector, HSR Layout, Bengaluru, Karnataka 560102",12.9207539,77.650514,Restaurant,http://www.casafresco.in/,Ci9DQUlRQUNvZENodHljRjlvT2tGTllrVlpSVXR6YlhKUlVuYzNjVFpKZVZkM1dtYxAB,"Casa Fresco, HSR: All",anubhuti gupta,111083076141525350237,False,1,"Rarely I come across a Cafe this mismanaged. Terrible staff , greatly mismanaged ordering system and below average food.",0,10 months ago,"{""food"": 1, ""service_rating"": 1, ""atmosphere"": 1}"
"Casa Fresco, HSR: All-Day Dining & Café",080 4992 7445,"73, 27th Main Rd, Phase 3, 1st Sector, HSR Layout, Bengaluru, Karnataka 560102",12.9207539,77.650514,Restaurant,http://www.casafresco.in/,Ci9DQUlRQUNvZENodHljRjlvT2pKdFFUQTBlVUZ6TmpkQ1JHbEtkRzFKTTJkRU5FRRAB,"Casa Fresco, HSR: All",Jiten Jaju,101009621380220151210,False,5,,0,10 months ago,"{""meal_type"": ""Lunch"", ""price_per_person"": ""₹200–400"", ""food"": 4, ""service_rating"": 4, ""atmosphere"": 4, ""wait_time"": ""No wait"", ""seating_type"": ""Outdoor patio / terrace""}"
"Casa Fresco, HSR: All-Day Dining & Café",080 4992 7445,"73, 27th Main Rd, Phase 3, 1st Sector, HSR Layout, Bengaluru, Karnataka 560102",12.9207539,77.650514,Restaurant,http://www.casafresco.in/,Ci9DQUlRQUNvZENodHljRjlvT2pjMVRuZElVMEZzU1hkak4yaDFZV2RyYlVoSE1HYxAB,"Casa Fresco, HSR: All",preetipragyan dash,112318601166781023611,False,5,"Absolutely loved this place. Great food, highly recommended!!",0,10 months ago,"{""food"": 5, ""service_rating"": 5, ""atmosphere"": 5}"
"Casa Fresco, HSR: All-Day Dining & Café",080 4992 7445,"73, 27th Main Rd, Phase 3, 1st Sector, HSR Layout, Bengaluru, Karnataka 560102",12.9207539,77.650514,Restaurant,http://www.casafresco.in/,Ci9DQUlRQUNvZENodHljRjlvT2poMGFrTlJSMmxsWjFremQxRmpXWGxEYWtOalpWRRAB,"Casa Fresco, HSR: All",Vaibhav Gupta,111416238284080220314,True,5,"(As a rule, I give 5 stars if I have no problems.)  The place was much prettier and livelier than I thought from the Maps reviews and photos.  Food tasted fresh and tasty. The Full Monty breakfast had perfect scrambled eggs, a hearty serving of grilled vegetables, and somehow the snappiest sausages I've had in any restaurant.  The berry ice tea was very tasty (forgot to take a picture).",0,10 months ago,"{""food"": 5, ""service_rating"": 5, ""atmosphere"": 5}"
"Casa Fresco, HSR: All-Day Dining & Café",080 4992 7445,"73, 27th Main Rd, Phase 3, 1st Sector, HSR Layout, Bengaluru, Karnataka 560102",12.9207539,77.650514,Restaurant,http://www.casafresco.in/,Ci9DQUlRQUNvZENodHljRjlvT21sR2VURnhZa05CVEdORlkwTkRia0pOZFZWblJGRRAB,"Casa Fresco, HSR: All",Sai Prasad Amara,112732829705618554299,False,5,Great food The steak was lovely Achumi was really hospitable and did great service,0,10 months ago,"{""food"": 5, ""service_rating"": 5, ""atmosphere"": 4}"
"Casa Fresco, HSR: All-Day Dining & Café",080 4992 7445,"73, 27th Main Rd, Phase 3, 1st Sector, HSR Layout, Bengaluru, Karnataka 560102",12.9207539,77.650514,Restaurant,http://www.casafresco.in/,Ci9DQUlRQUNvZENodHljRjlvT21JemF6SjFZV3c1ZURBMVMzZGFkMFJDYUdZM01YYxAB,"Casa Fresco, HSR: All",Chandan Das,116928684147599225702,False,5,,0,10 months ago,
"Casa Fresco, HSR: All-Day Dining & Café",080 4992 7445,"73, 27th Main Rd, Phase 3, 1st Sector, HSR Layout, Bengaluru, Karnataka 560102",12.9207539,77.650514,Restaurant,http://www.casafresco.in/,Ci9DQUlRQUNvZENodHljRjlvT2pWb2NEaHVRV1p6WDBKeFdGRXlRMEpEUzI0elptYxAB,"Casa Fresco, HSR: All",Sonal Tripathi,103119551462007980418,False,5,Had a fun experience Special thanks to Achumi for her service !!,0,10 months ago,"{""meal_type"": ""Brunch"", ""price_per_person"": ""₹1,200–1,400"", ""food"": 5, ""service_rating"": 5, ""atmosphere"": 5, ""group_size"": ""3-4 people"", ""wait_time"": ""No wait""}"
"Casa Fresco, HSR: All-Day Dining & Café",080 4992 7445,"73, 27th Main Rd, Phase 3, 1st Sector, HSR Layout, Bengaluru, Karnataka 560102",12.9207539,77.650514,Restaurant,http://www.casafresco.in/,Ci9DQUlRQUNvZENodHljRjlvT20xemNYUkdMVGhHV2xoVlJYUk1kV0k0TVdOQ1VGRRAB,"Casa Fresco, HSR: All",Prerna Bidalia,113434714337124177070,True,5,"We came here by chance looking for breakfast places near our home. I was pleasantly surprised with the overall quality of food and service. We got the Ramsay inspired breakfast and Bacon and Egg Sandwich, both of which I must say were absolutely delicious.  Would 100% recommend this place.",0,10 months ago,"{""meal_type"": ""Breakfast"", ""food"": 5, ""service_rating"": 4, ""atmosphere"": 5, ""group_size"": ""5-8 people"", ""wait_time"": ""No wait"", ""vegetarian_recommendation"": ""Highly recommend"", ""vegetarian_offerings"": ""Large vegetarian selection"", ""parking_space"": ""Somewhat difficult to find parking"", ""parking_options"": ""Free street parking""}"
"Casa Fresco, HSR: All-Day Dining & Café",080 4992 7445,"73, 27th Main Rd, Phase 3, 1st Sector, HSR Layout, Bengaluru, Karnataka 560102",12.9207539,77.650514,Restaurant,http://www.casafresco.in/,Ci9DQUlRQUNvZENodHljRjlvT21OTmVqRk9ha0pWVTBKa2RXVllOMmxSUjBGTk5GRRAB,"Casa Fresco, HSR: All",gunjan bhatia,111092149706134741383,True,5,,0,10 months ago,"{""meal_type"": ""Dinner"", ""price_per_person"": ""₹400–600"", ""food"": 5, ""service_rating"": 5, ""atmosphere"": 5, ""group_size"": ""2 people"", ""wait_time"": ""Up to 10 min""}"
"Casa Fresco, HSR: All-Day Dining & Café",080 4992 7445,"73, 27th Main Rd, Phase 3, 1st Sector, HSR Layout, Bengaluru, Karnataka 560102",12.9207539,77.650514,Restaurant,http://www.casafresco.in/,Ci9DQUlRQUNvZENodHljRjlvT2toRWRtTnpXRFZGUVdSTFgxVjNMWEZWWVc5VVJrRRAB,"Casa Fresco, HSR: All",Sathiskumar Palanivel,101688105994037660670,True,4,,0,10 months ago,"{""food"": 4, ""service_rating"": 3, ""atmosphere"": 4}"
"Casa Fresco, HSR: All-Day Dining & Café",080 4992 7445,"73, 27th Main Rd, Phase 3, 1st Sector, HSR Layout, Bengaluru, Karnataka 560102",12.9207539,77.650514,Restaurant,http://www.casafresco.in/,Ci9DQUlRQUNvZENodHljRjlvT25Sc056UlJWa3d5VTNZNFozUXlUblkxTm1wMmFrRRAB,"Casa Fresco, HSR: All",Palash Agarwal,106175397856980495584,True,4,,0,10 months ago,
"Casa Fresco, HSR: All-Day Dining & Café",080 4992 7445,"73, 27th Main Rd, Phase 3, 1st Sector, HSR Layout, Bengaluru, Karnataka 560102",12.9207539,77.650514,Restaurant,http://www.casafresco.in/,Ci9DQUlRQUNvZENodHljRjlvT21wbmRpMTRjVlJwTldSWVFtMUJUV1pxTldWaE5FRRAB,"Casa Fresco, HSR: All",Shubham Chugh,118225962142761930273,False,3,,0,10 months ago,
"Casa Fresco, HSR: All-Day Dining & Café",080 4992 7445,"73, 27th Main Rd, Phase 3, 1st Sector, HSR Layout, Bengaluru, Karnataka 560102",12.9207539,77.650514,Restaurant,http://www.casafresco.in/,Ci9DQUlRQUNvZENodHljRjlvT25ad00xbExiRFZtTVZsUVNFaFphMnB0UXpVMFFuYxAB,"Casa Fresco, HSR: All",gaurav morya,113717566393322108053,True,5,,0,10 months ago,
"Casa Fresco, HSR: All-Day Dining & Café",080 4992 7445,"73, 27th Main Rd, Phase 3, 1st Sector, HSR Layout, Bengaluru, Karnataka 560102",12.9207539,77.650514,Restaurant,http://www.casafresco.in/,ChdDSUhNMG9nS0VLYjEyY3kwMmZfQjZBRRAB,"Casa Fresco, HSR: All",Dhwani,111568410733294692796,True,4,"Montana Vista and cold coffee, a must try!",0,10 months ago,"{""food"": 4, ""service_rating"": 4, ""atmosphere"": 4}"
"Casa Fresco, HSR: All-Day Dining & Café",080 4992 7445,"73, 27th Main Rd, Phase 3, 1st Sector, HSR Layout, Bengaluru, Karnataka 560102",12.9207539,77.650514,Restaurant,http://www.casafresco.in/,ChZDSUhNMG9nS0VKV2VyYmlLcFBDY0h3EAE,"Casa Fresco, HSR: All",Dipti Mayee Sahoo,108945134277617576452,True,5,,0,10 months ago,"{""meal_type"": ""Brunch"", ""price_per_person"": ""₹400–600"", ""food"": 5, ""service_rating"": 5, ""atmosphere"": 5}"
"Casa Fresco, HSR: All-Day Dining & Café",080 4992 7445,"73, 27th Main Rd, Phase 3, 1st Sector, HSR Layout, Bengaluru, Karnataka 560102",12.9207539,77.650514,Restaurant,http://www.casafresco.in/,Ci9DQUlRQUNvZENodHljRjlvT2xOTFZXTk1ka2RxWWpKblRtUjJXa2xpTTNaSWRrRRAB,"Casa Fresco, HSR: All",Shivangi,116352157837807698765,True,5,,0,10 months ago,"{""food"": 5, ""service_rating"": 3, ""atmosphere"": 4}"
"Casa Fresco, HSR: All-Day Dining & Café",080 4992 7445,"73, 27th Main Rd, Phase 3, 1st Sector, HSR Layout, Bengaluru, Karnataka 560102",12.9207539,77.650514,Restaurant,http://www.casafresco.in/,Ci9DQUlRQUNvZENodHljRjlvT21OeU9EWjJNM052V1ZOYWNIbG1TRTFhYm05Nk5tYxAB,"Casa Fresco, HSR: All",Neil Sarkar,110924031024914847504,True,1,Way too much oil in fried rice and chowmein totally unhealthy,0,10 months ago,"{""meal_type"": ""Lunch"", ""price_per_person"": ""₹400–600"", ""food"": 1, ""service_rating"": 4, ""atmosphere"": 5, ""wait_time"": ""Up to 10 min""}"
"Casa Fresco, HSR: All-Day Dining & Café",080 4992 7445,"73, 27th Main Rd, Phase 3, 1st Sector, HSR Layout, Bengaluru, Karnataka 560102",12.9207539,77.650514,Restaurant,http://www.casafresco.in/,ChZDSUhNMG9nS0VKT0VqLWpKNmJDbEVnEAE,"Casa Fresco, HSR: All",Nimit Jain,108440655464795763472,True,5,"Karuna served us extremely well - thank you - great food, great place",0,10 months ago,"{""food"": 5, ""service_rating"": 5, ""atmosphere"": 5}"
"Casa Fresco, HSR: All-Day Dining & Café",080 4992 7445,"73, 27th Main Rd, Phase 3, 1st Sector, HSR Layout, Bengaluru, Karnataka 560102",12.9207539,77.650514,Restaurant,http://www.casafresco.in/,ChdDSUhNMG9nS0VMV0IwT2FSNV9DeW9RRRAB,"Casa Fresco, HSR: All",pratiksha gupta,104561700093020661837,True,5,Food is great! Thanks for great service karuna,0,10 months ago,
"Casa Fresco, HSR: All-Day Dining & Café",080 4992 7445,"73, 27th Main Rd, Phase 3, 1st Sector, HSR Layout, Bengaluru, Karnataka 560102",12.9207539,77.650514,Restaurant,http://www.casafresco.in/,Ci9DQUlRQUNvZENodHljRjlvT2pSamJIQmtYemRQUzA1NWJrSkRXbFU1VFVRM2IzYxAB,"Casa Fresco, HSR: All",Tribeni Mazumdar,116760587236698816298,False,1,"The service is terrible. They literally took 1 hour to serve us food. Please do not order their fried rice, noodles or chilli chicken. It's pathetic",0,10 months ago,"{""food"": 2, ""service_rating"": 1, ""atmosphere"": 3}"
"Casa Fresco, HSR: All-Day Dining & Café",080 4992 7445,"73, 27th Main Rd, Phase 3, 1st Sector, HSR Layout, Bengaluru, Karnataka 560102",12.9207539,77.650514,Restaurant,http://www.casafresco.in/,Ci9DQUlRQUNvZENodHljRjlvT2psdVZUQXpSQzB5Um1OUE1HZHNaM0kwV1ROc1gzYxAB,"Casa Fresco, HSR: All",celeste sajumon,110009037954336727154,False,5,Karuna was really kind and good at work. Very satisfied with the service.,0,10 months ago,"{""meal_type"": ""Brunch"", ""price_per_person"": ""₹800–1,000"", ""food"": 5, ""service_rating"": 5, ""atmosphere"": 5}"
"Casa Fresco, HSR: All-Day Dining & Café",080 4992 7445,"73, 27th Main Rd, Phase 3, 1st Sector, HSR Layout, Bengaluru, Karnataka 560102",12.9207539,77.650514,Restaurant,http://www.casafresco.in/,ChdDSUhNMG9nS0VMdV83TUdRZzdHcjRBRRAB,"Casa Fresco, HSR: All",Sushmita Anantharaman,111426194987472821050,False,5,Excellent ambience excellent service by staffs especially Karuna must visit for lazy sunday brunch,0,10 months ago,"{""food"": 5, ""service_rating"": 5, ""atmosphere"": 5}"
"Casa Fresco, HSR: All-Day Dining & Café",080 4992 7445,"73, 27th Main Rd, Phase 3, 1st Sector, HSR Layout, Bengaluru, Karnataka 560102",12.9207539,77.650514,Restaurant,http://www.casafresco.in/,ChZDSUhNMG9nS0VPeTgwTExxOXNYdEJnEAE,"Casa Fresco, HSR: All",Angad Mangat,110532157175789218039,True,4,1. Montana Vista Breakfast - 4/5 2. Texas Chicken Steak - 4/5 3. Cold Coffee - 5/5,0,10 months ago,"{""meal_type"": ""Brunch"", ""price_per_person"": ""₹400–600"", ""food"": 4, ""service_rating"": 4, ""atmosphere"": 5, ""wait_time"": ""10-30 min""}"
"Casa Fresco, HSR: All-Day Dining & Café",080 4992 7445,"73, 27th Main Rd, Phase 3, 1st Sector, HSR Layout, Bengaluru, Karnataka 560102",12.9207539,77.650514,Restaurant,http://www.casafresco.in/,ChdDSUhNMG9nS0VKdnE1ZmVOdDZfTTJRRRAB,"Casa Fresco, HSR: All",Kuril Atul,100449479295859023525,True,5,Well maintenaned and food is awesome 5/5.,0,10 months ago,"{""meal_type"": ""Other"", ""price_per_person"": ""₹200–400"", ""food"": 5, ""service_rating"": 5, ""atmosphere"": 5, ""group_size"": ""5-8 people"", ""wait_time"": ""No wait""}"
"Casa Fresco, HSR: All-Day Dining & Café",080 4992 7445,"73, 27th Main Rd, Phase 3, 1st Sector, HSR Layout, Bengaluru, Karnataka 560102",12.9207539,77.650514,Restaurant,http://www.casafresco.in/,ChZDSUhNMG9nS0VJQ0FnSUMyb01hZlZREAE,"Casa Fresco, HSR: All",Subhopriyo Bhattacharya,113866650147608099100,True,3,"The service quality has degraded severely. Servers are not paying attention. Have to call multiple time to take order. Food is not coming at a time to table. All table arr facing the same issue. I think some senior person or owner need to focus here.  This is my 8 th visit and now experience is not good.  This is a 1 year old review.We had Kurkure Momo,Berry Berry Pancake with Iced Tea and it was delicious. Must visit for a relaxing evening time. Will come back for a breakfast feast later.😀",0,Edited 10 months ago,"{""dining_mode"": ""Dine in"", ""price_per_person"": ""₹200–400"", ""food"": 3, ""service_rating"": 2, ""atmosphere"": 5}"
"Casa Fresco, HSR: All-Day Dining & Café",080 4992 7445,"73, 27th Main Rd, Phase 3, 1st Sector, HSR Layout, Bengaluru, Karnataka 560102",12.9207539,77.650514,Restaurant,http://www.casafresco.in/,ChdDSUhNMG9nS0VMM3Jzb2F6NVluRDlnRRAB,"Casa Fresco, HSR: All",Vishal Kashyap,108552336908075368996,True,4,,0,10 months ago,
"Casa Fresco, HSR: All-Day Dining & Café",080 4992 7445,"73, 27th Main Rd, Phase 3, 1st Sector, HSR Layout, Bengaluru, Karnataka 560102",12.9207539,77.650514,Restaurant,http://www.casafresco.in/,ChZDSUhNMG9nS0VOWEs3b3Fhdzhtb2NBEAE,"Casa Fresco, HSR: All",Priya Chatterjee,110275378051580166776,False,5,The food was really good! Karuna served the food and helped us with the billing as well.. really nice place,0,10 months ago,"{""food"": 5, ""service_rating"": 5, ""atmosphere"": 5}"
"Casa Fresco, HSR: All-Day Dining & Café",080 4992 7445,"73, 27th Main Rd, Phase 3, 1st Sector, HSR Layout, Bengaluru, Karnataka 560102",12.9207539,77.650514,Restaurant,http://www.casafresco.in/,Ci9DQUlRQUNvZENodHljRjlvT2tkaWRHMXZlRzVUTFUxRlpFUnZNbTk0Tm1aUlVFRRAB,"Casa Fresco, HSR: All",Riwayat The Story of Tradition,101783013964358212467,False,5,Very nice ambience and services,0,10 months ago,"{""meal_type"": ""Dinner"", ""food"": 5, ""service_rating"": 5, ""atmosphere"": 5}"
"Casa Fresco, HSR: All-Day Dining & Café",080 4992 7445,"73, 27th Main Rd, Phase 3, 1st Sector, HSR Layout, Bengaluru, Karnataka 560102",12.9207539,77.650514,Restaurant,http://www.casafresco.in/,Ci9DQUlRQUNvZENodHljRjlvT25kNWVXVlVZazFFZW05dlNHazJNRzV4U0VSMVExRRAB,"Casa Fresco, HSR: All",Saba Arzoo,104433118498377243901,False,5,I love the test of food here . Thanks Karuna😊,0,10 months ago,
"Casa Fresco, HSR: All-Day Dining & Café",080 4992 7445,"73, 27th Main Rd, Phase 3, 1st Sector, HSR Layout, Bengaluru, Karnataka 560102",12.9207539,77.650514,Restaurant,http://www.casafresco.in/,Ci9DQUlRQUNvZENodHljRjlvT213ek5HSTVMVzFmZDJjMk1EQkhRekF6WlVoR2QwRRAB,"Casa Fresco, HSR: All",Harshit Shrivastava,117044279733473242245,True,5,"Great place ! Nice vibes, nice food ! Great staff ! Achumi was very helpful and polite !!",0,10 months ago,"{""food"": 5, ""service_rating"": 5, ""atmosphere"": 5}"
"Casa Fresco, HSR: All-Day Dining & Café",080 4992 7445,"73, 27th Main Rd, Phase 3, 1st Sector, HSR Layout, Bengaluru, Karnataka 560102",12.9207539,77.650514,Restaurant,http://www.casafresco.in/,Ci9DQUlRQUNvZENodHljRjlvT2xoUlVVWnlVbTVHVTI1UU1HdHZVVUZXYmtOMmFtYxAB,"Casa Fresco, HSR: All",sandeep kumar,104198772958644319232,False,5,,0,10 months ago,
"Casa Fresco, HSR: All-Day Dining & Café",080 4992 7445,"73, 27th Main Rd, Phase 3, 1st Sector, HSR Layout, Bengaluru, Karnataka 560102",12.9207539,77.650514,Restaurant,http://www.casafresco.in/,ChZDSUhNMG9nS0VNNzYyWXl2MmFmLUhREAE,"Casa Fresco, HSR: All",Sunanda Yalla,112484029438635373520,True,4,,0,10 months ago,"{""meal_type"": ""Other"", ""price_per_person"": ""₹600–800"", ""food"": 5, ""service_rating"": 3, ""atmosphere"": 4, ""group_size"": ""3-4 people"", ""wait_time"": ""No wait"", ""vegetarian_recommendation"": ""Highly recommend"", ""vegetarian_offerings"": ""Vegetarian menu or section"", ""parking_space"": ""Somewhat difficult to find parking"", ""parking_options"": ""Free street parking""}"
"Casa Fresco, HSR: All-Day Dining & Café",080 4992 7445,"73, 27th Main Rd, Phase 3, 1st Sector, HSR Layout, Bengaluru, Karnataka 560102",12.9207539,77.650514,Restaurant,http://www.casafresco.in/,ChdDSUhNMG9nS0VMVDB2NFdGNFlTbXpnRRAB,"Casa Fresco, HSR: All",Chai Nadig,102168109514797182000,True,5,,0,10 months ago,"{""meal_type"": ""Lunch"", ""price_per_person"": ""₹800–1,000"", ""food"": 5, ""service_rating"": 4, ""atmosphere"": 5, ""noise_level"": ""Quiet, easy to talk"", ""wait_time"": ""No wait"", ""vegetarian_recommendation"": ""Somewhat recommend"", ""vegetarian_offerings"": ""Menu is all vegetarian"", ""parking_space"": ""Somewhat difficult to find parking"", ""parking_options"": ""Free street parking""}"
"Casa Fresco, HSR: All-Day Dining & Café",080 4992 7445,"73, 27th Main Rd, Phase 3, 1st Sector, HSR Layout, Bengaluru, Karnataka 560102",12.9207539,77.650514,Restaurant,http://www.casafresco.in/,ChdDSUhNMG9nS0VNN1E2N3owNU9QbTNRRRAB,"Casa Fresco, HSR: All",surya snehal,103039982474940325841,False,5,,0,10 months ago,"{""meal_type"": ""Brunch"", ""price_per_person"": ""₹400–600"", ""food"": 5, ""service_rating"": 5, ""atmosphere"": 5, ""group_size"": ""3-4 people"", ""wait_time"": ""Up to 10 min""}"
"Casa Fresco, HSR: All-Day Dining & Café",080 4992 7445,"73, 27th Main Rd, Phase 3, 1st Sector, HSR Layout, Bengaluru, Karnataka 560102",12.9207539,77.650514,Restaurant,http://www.casafresco.in/,ChZDSUhNMG9nS0VNUE05ZFNVeW9yVURnEAE,"Casa Fresco, HSR: All",ANJALI RAJ,101231507010918160145,True,4,"Great place for having coffee, breezy with a garden style setting",0,10 months ago,"{""food"": 4, ""service_rating"": 3, ""atmosphere"": 4}"
"Casa Fresco, HSR: All-Day Dining & Café",080 4992 7445,"73, 27th Main Rd, Phase 3, 1st Sector, HSR Layout, Bengaluru, Karnataka 560102",12.9207539,77.650514,Restaurant,http://www.casafresco.in/,ChdDSUhNMG9nS0VKVGN0YnJTa1lDVHNnRRAB,"Casa Fresco, HSR: All",Sweety Pie,109077569300751214481,True,3,They have turned an old house into restocafe.  The ambience is really sad. The chairs are dangling due to big stones spread for some kind of look. Mosquito. Seating arrangement poor. The whole look is sad. Service even bad  so no thanks for next round.,0,10 months ago,"{""meal_type"": ""Brunch"", ""food"": 3, ""service_rating"": 1, ""atmosphere"": 1}"
"Casa Fresco, HSR: All-Day Dining & Café",080 4992 7445,"73, 27th Main Rd, Phase 3, 1st Sector, HSR Layout, Bengaluru, Karnataka 560102",12.9207539,77.650514,Restaurant,http://www.casafresco.in/,ChdDSUhNMG9nS0VQRGR5TWFwcE43T21RRRAB,"Casa Fresco, HSR: All",Pratusha Balaga,112819084762503488177,True,5,Great food and great ambience...Amazing service by Aschmi,0,10 months ago,"{""meal_type"": ""Dinner"", ""price_per_person"": ""₹600–800"", ""food"": 5, ""service_rating"": 5, ""atmosphere"": 5, ""group_size"": ""Suitable for all group sizes"", ""wait_time"": ""No wait""}"
"Casa Fresco, HSR: All-Day Dining & Café",080 4992 7445,"73, 27th Main Rd, Phase 3, 1st Sector, HSR Layout, Bengaluru, Karnataka 560102",12.9207539,77.650514,Restaurant,http://www.casafresco.in/,ChZDSUhNMG9nS0VQSHhqZXF4N1A3MVJBEAE,"Casa Fresco, HSR: All",Ruchi Thakur,110646178054733106274,True,3,"Reminds me of an inexpensive, seasonal open shack of Goa that closes off season !! So it’s not fancy ! Very basic n low budget interior. Good if you want to take a basic coffee n sit outside with your laptop or book! Food is average n so are the shakes ! Basic flavour n texture !! Average skilled chef here !! Service is slow , which is a common problem across banglore restaurants!! Good food n service is a problem that all Delhiites/NCR people will agree with !! So all n all look feel n experience is average !! Sitting in the open is one advantage",0,10 months ago,"{""food"": 2, ""service_rating"": 1, ""atmosphere"": 3}"
"Casa Fresco, HSR: All-Day Dining & Café",080 4992 7445,"73, 27th Main Rd, Phase 3, 1st Sector, HSR Layout, Bengaluru, Karnataka 560102",12.9207539,77.650514,Restaurant,http://www.casafresco.in/,ChdDSUhNMG9nS0VJQ1J2ZGkwc1l2eW5nRRAB,"Casa Fresco, HSR: All",Arvind Kanojia,116973744262643280832,True,2,The Grilled chicken breast was good with the peri peri sauce but mashed potatoes were tasteless completely. It just tasted very bland. The other order was Chowmein which was tasty. But I was really surprised to see their best seller dish (after a good speculation by checking zomato/ Swiggy) not upto the mark. Rest this cafe reminds you of Goan cafe's.,0,10 months ago,"{""meal_type"": ""Lunch"", ""price_per_person"": ""₹600–800"", ""food"": 1, ""service_rating"": 4, ""atmosphere"": 4, ""wait_time"": ""Up to 10 min""}"
"Casa Fresco, HSR: All-Day Dining & Café",080 4992 7445,"73, 27th Main Rd, Phase 3, 1st Sector, HSR Layout, Bengaluru, Karnataka 560102",12.9207539,77.650514,Restaurant,http://www.casafresco.in/,Ci9DQUlRQUNvZENodHljRjlvT21KcVQzVldlVVU0VTNwNGFqTnhUbEZpUnpSSmIxRRAB,"Casa Fresco, HSR: All",Uzra Banu,102698538655200465113,False,5,,0,10 months ago,
"Casa Fresco, HSR: All-Day Dining & Café",080 4992 7445,"73, 27th Main Rd, Phase 3, 1st Sector, HSR Layout, Bengaluru, Karnataka 560102",12.9207539,77.650514,Restaurant,http://www.casafresco.in/,ChdDSUhNMG9nS0VMalBpN3l1dmJXenNRRRAB,"Casa Fresco, HSR: All",Anoop Radhakrishnan,109260174872553857573,True,1,"We had a very disappointing experience. The staff were unfriendly and unresponsive to feedback. The ginger tea we ordered had no trace of ginger, and despite pointing this out, we were still charged for it—even though we didn’t drink it due to its terrible taste.  Overall, the service felt far from customer-centric, and the food quality did not meet expectations. I'm not sure about other items on the menu, but based on this experience, I wouldn't recommend it.",0,10 months ago,"{""meal_type"": ""Other"", ""food"": 1, ""service_rating"": 1, ""atmosphere"": 1, ""wait_time"": ""No wait""}"
"Casa Fresco, HSR: All-Day Dining & Café",080 4992 7445,"73, 27th Main Rd, Phase 3, 1st Sector, HSR Layout, Bengaluru, Karnataka 560102",12.9207539,77.650514,Restaurant,http://www.casafresco.in/,ChZDSUhNMG9nS0VPX2k4S1BkbU5heUtREAE,"Casa Fresco, HSR: All",maya nair,114629963998450114168,True,1,Went for having tea. It's outside seating .. So there was lots of mosquitoes.. Ordered ginger tea but tasted like normal tea ( no flavour of ginger). Returned it and again same tea was served. No flavour of ginger at all.. left without having it.. Still paid for something which we didn't t have..,0,10 months ago,"{""food"": 1, ""service_rating"": 2, ""atmosphere"": 1}"
"Casa Fresco, HSR: All-Day Dining & Café",080 4992 7445,"73, 27th Main Rd, Phase 3, 1st Sector, HSR Layout, Bengaluru, Karnataka 560102",12.9207539,77.650514,Restaurant,http://www.casafresco.in/,ChdDSUhNMG9nS0VJekpxOVBvemJPX3JBRRAB,"Casa Fresco, HSR: All",abhishek pasi,117620298875857323534,False,5,,0,10 months ago,"{""meal_type"": ""Brunch"", ""food"": 5, ""service_rating"": 5, ""atmosphere"": 5, ""wait_time"": ""Up to 10 min""}"
"Casa Fresco, HSR: All-Day Dining & Café",080 4992 7445,"73, 27th Main Rd, Phase 3, 1st Sector, HSR Layout, Bengaluru, Karnataka 560102",12.9207539,77.650514,Restaurant,http://www.casafresco.in/,ChdDSUhNMG9nS0VQcXRnYi1MaUt1OHBRRRAB,"Casa Fresco, HSR: All",Ravinder Kagda,107236011661244709989,True,5,Great place to have breakfast and got beautiful aura to it. The host karuna is was very welcoming and helpful with menu.,0,11 months ago,"{""meal_type"": ""Breakfast"", ""price_per_person"": ""₹400–600"", ""food"": 5, ""service_rating"": 5, ""atmosphere"": 5, ""wait_time"": ""No wait""}"
"Casa Fresco, HSR: All-Day Dining & Café",080 4992 7445,"73, 27th Main Rd, Phase 3, 1st Sector, HSR Layout, Bengaluru, Karnataka 560102",12.9207539,77.650514,Restaurant,http://www.casafresco.in/,ChdDSUhNMG9nS0VQQzNnX3J0anFhQm53RRAB,"Casa Fresco, HSR: All",writer Akhilesh official,111605101351353057053,False,5,,0,11 months ago,"{""food"": 5, ""service_rating"": 5, ""atmosphere"": 5}"
"Casa Fresco, HSR: All-Day Dining & Café",080 4992 7445,"73, 27th Main Rd, Phase 3, 1st Sector, HSR Layout, Bengaluru, Karnataka 560102",12.9207539,77.650514,Restaurant,http://www.casafresco.in/,ChdDSUhNMG9nS0VKdWE4c1RCakl5NmdRRRAB,"Casa Fresco, HSR: All",Abhinav Abhishek,105546198279114083589,False,5,Food is really really good . Lots of mosquitoes and service is very slow . But you can definitely try as food is very good,0,11 months ago,"{""food"": 5, ""service_rating"": 3, ""atmosphere"": 3}"
"Casa Fresco, HSR: All-Day Dining & Café",080 4992 7445,"73, 27th Main Rd, Phase 3, 1st Sector, HSR Layout, Bengaluru, Karnataka 560102",12.9207539,77.650514,Restaurant,http://www.casafresco.in/,Ci9DQUlRQUNvZENodHljRjlvT2xwWVRVSkVZa1ZZUnpKd1ZIY3pOa3BMU0dkWllrRRAB,"Casa Fresco, HSR: All",gowtham naren,108288342839369664992,True,1,"The foods are not seasoned well and equipped.we had chicken crostini, chicken infused pizza, sams burger. We get food 35 minutes late for each order. Please upgrade your inventory and services. We had ordered food around 2.45 pm , however we had end up in cafe around 4.30pm.",0,11 months ago,"{""meal_type"": ""Brunch"", ""price_per_person"": ""₹2,000+"", ""food"": 1, ""service_rating"": 1, ""atmosphere"": 3, ""wait_time"": ""10-30 min"", ""seating_type"": ""Outdoor patio / terrace"", ""parking_space"": ""Somewhat difficult to find parking""}"
"Casa Fresco, HSR: All-Day Dining & Café",080 4992 7445,"73, 27th Main Rd, Phase 3, 1st Sector, HSR Layout, Bengaluru, Karnataka 560102",12.9207539,77.650514,Restaurant,http://www.casafresco.in/,Ci9DQUlRQUNvZENodHljRjlvT2taS1IweDBibTEzY1U0MlZWVlJXakZ1ZVVwSU1FRRAB,"Casa Fresco, HSR: All",Sai Praveen KUNDURTHI,103737262235414408946,True,4,,0,11 months ago,"{""food"": 4, ""service_rating"": 4, ""atmosphere"": 5}"
"Casa Fresco, HSR: All-Day Dining & Café",080 4992 7445,"73, 27th Main Rd, Phase 3, 1st Sector, HSR Layout, Bengaluru, Karnataka 560102",12.9207539,77.650514,Restaurant,http://www.casafresco.in/,ChZDSUhNMG9nS0VPamxtTExwbVpTeUxBEAE,"Casa Fresco, HSR: All",Om Jha,116783892014406082157,True,4,,0,11 months ago,"{""food"": 4, ""service_rating"": 4, ""atmosphere"": 4}"
"Casa Fresco, HSR: All-Day Dining & Café",080 4992 7445,"73, 27th Main Rd, Phase 3, 1st Sector, HSR Layout, Bengaluru, Karnataka 560102",12.9207539,77.650514,Restaurant,http://www.casafresco.in/,ChZDSUhNMG9nS0VQSHd3SjJBc3R5LVJnEAE,"Casa Fresco, HSR: All",Normadic16,100009848094484915986,True,5,Finally found some place which is true to ratings. Food is well balanced and tasty. The ambiance is off the charts. Pet friendly is good option. Place can be quite crowded specially around weekends. This place is really recommend to explore,0,11 months ago,"{""meal_type"": ""Brunch"", ""price_per_person"": ""₹400–600"", ""food"": 5, ""service_rating"": 5, ""atmosphere"": 5, ""wait_time"": ""10-30 min"", ""seating_type"": ""Outdoor patio / terrace"", ""vegetarian_recommendation"": ""Highly recommend"", ""vegetarian_offerings"": ""Large vegetarian selection"", ""parking_space"": ""Plenty of parking"", ""parking_options"": ""Free street parking""}"
"Casa Fresco, HSR: All-Day Dining & Café",080 4992 7445,"73, 27th Main Rd, Phase 3, 1st Sector, HSR Layout, Bengaluru, Karnataka 560102",12.9207539,77.650514,Restaurant,http://www.casafresco.in/,ChdDSUhNMG9nS0VNbm9oTWJoeHRueWhnRRAB,"Casa Fresco, HSR: All",ADITYA KUMAR,102752675222504583105,True,5,"Really great food and ambience. Liked the service of Karuna, highly recommend.",0,11 months ago,"{""meal_type"": ""Brunch"", ""food"": 5, ""wait_time"": ""No wait"", ""seating_type"": ""Indoor dining area""}"
"Casa Fresco, HSR: All-Day Dining & Café",080 4992 7445,"73, 27th Main Rd, Phase 3, 1st Sector, HSR Layout, Bengaluru, Karnataka 560102",12.9207539,77.650514,Restaurant,http://www.casafresco.in/,ChZDSUhNMG9nS0VQM3puTWJSNTlYNkhnEAE,"Casa Fresco, HSR: All",Tarun Jangde,110172377214462435309,True,5,Delicious breakfast and wonderful service by achumi,0,11 months ago,"{""food"": 5, ""service_rating"": 5, ""atmosphere"": 3}"
"Casa Fresco, HSR: All-Day Dining & Café",080 4992 7445,"73, 27th Main Rd, Phase 3, 1st Sector, HSR Layout, Bengaluru, Karnataka 560102",12.9207539,77.650514,Restaurant,http://www.casafresco.in/,ChZDSUhNMG9nS0VOQ1lnNVA4eXRPalB3EAE,"Casa Fresco, HSR: All",uzma khan,111201526102007172420,False,5,,0,11 months ago,
"Casa Fresco, HSR: All-Day Dining & Café",080 4992 7445,"73, 27th Main Rd, Phase 3, 1st Sector, HSR Layout, Bengaluru, Karnataka 560102",12.9207539,77.650514,Restaurant,http://www.casafresco.in/,ChZDSUhNMG9nS0VPNzQtTlhNamUyNmF3EAE,"Casa Fresco, HSR: All",Rupam Paul,115955721526784457943,True,5,Achumi has given a great service.,0,11 months ago,"{""food"": 5, ""service_rating"": 5, ""atmosphere"": 5}"
"Casa Fresco, HSR: All-Day Dining & Café",080 4992 7445,"73, 27th Main Rd, Phase 3, 1st Sector, HSR Layout, Bengaluru, Karnataka 560102",12.9207539,77.650514,Restaurant,http://www.casafresco.in/,ChdDSUhNMG9nS0VLMldqcE8wdzVHdzFRRRAB,"Casa Fresco, HSR: All",Adyasha Padhi,117172823836848417560,True,5,Great ambience and food. Karuna was fab at her job! Go for it.,0,11 months ago,"{""food"": 5, ""service_rating"": 5, ""atmosphere"": 5}"
"Casa Fresco, HSR: All-Day Dining & Café",080 4992 7445,"73, 27th Main Rd, Phase 3, 1st Sector, HSR Layout, Bengaluru, Karnataka 560102",12.9207539,77.650514,Restaurant,http://www.casafresco.in/,ChZDSUhNMG9nS0VKT2lpdlBOeE5PVFNnEAE,"Casa Fresco, HSR: All",Arihant Dugar,102073711609081905019,True,3,,0,11 months ago,
"Casa Fresco, HSR: All-Day Dining & Café",080 4992 7445,"73, 27th Main Rd, Phase 3, 1st Sector, HSR Layout, Bengaluru, Karnataka 560102",12.9207539,77.650514,Restaurant,http://www.casafresco.in/,Ci9DQUlRQUNvZENodHljRjlvT210QmRVSkljRGgwWlZaZmMyMXZWWEkwYW5oNU9HYxAB,"Casa Fresco, HSR: All",roshan lal,117108132717899391890,True,3,,0,11 months ago,"{""food"": 3, ""service_rating"": 3, ""atmosphere"": 3, ""wait_time"": ""No wait""}"
"Casa Fresco, HSR: All-Day Dining & Café",080 4992 7445,"73, 27th Main Rd, Phase 3, 1st Sector, HSR Layout, Bengaluru, Karnataka 560102",12.9207539,77.650514,Restaurant,http://www.casafresco.in/,ChZDSUhNMG9nS0VNUDExNURyMWFfNWFnEAE,"Casa Fresco, HSR: All",Ranju .N,100663110348121625598,True,4,They serve late,0,11 months ago,"{""food"": 3, ""service_rating"": 2, ""atmosphere"": 4}"
"Casa Fresco, HSR: All-Day Dining & Café",080 4992 7445,"73, 27th Main Rd, Phase 3, 1st Sector, HSR Layout, Bengaluru, Karnataka 560102",12.9207539,77.650514,Restaurant,http://www.casafresco.in/,ChdDSUhNMG9nS0VMRFV2N1hKejVEemhnRRAB,"Casa Fresco, HSR: All",Sumanto Pal,110295681119427132858,True,5,"Pet friendly, nice date place",0,11 months ago,
"Casa Fresco, HSR: All-Day Dining & Café",080 4992 7445,"73, 27th Main Rd, Phase 3, 1st Sector, HSR Layout, Bengaluru, Karnataka 560102",12.9207539,77.650514,Restaurant,http://www.casafresco.in/,ChZDSUhNMG9nS0VPVHY0NzY2dF82T0pnEAE,"Casa Fresco, HSR: All",Asif Sajjad,104319236463011331804,True,4,,0,11 months ago,"{""meal_type"": ""Brunch"", ""price_per_person"": ""₹400–600"", ""food"": 4, ""service_rating"": 3, ""atmosphere"": 4, ""group_size"": ""3-4 people"", ""wait_time"": ""No wait"", ""parking_space"": ""Somewhat difficult to find parking"", ""parking_options"": ""Free street parking""}"
"Casa Fresco, HSR: All-Day Dining & Café",080 4992 7445,"73, 27th Main Rd, Phase 3, 1st Sector, HSR Layout, Bengaluru, Karnataka 560102",12.9207539,77.650514,Restaurant,http://www.casafresco.in/,ChZDSUhNMG9nS0VJQ0FnSURydDhyU05REAE,"Casa Fresco, HSR: All",Travel Lover,107820117250619082180,True,1,"Updated review  01/11 - Went again, gave this place another chance but i have to reduce a star now as out of the 6 items we ordered, 3 were below average , while other 3 were good. Don't think a restaurant can become favourite when their food is hit or miss and the chef literally keeps saying this is how it's made. Staff takes feedback but isn't welcoming at all and can't say if they passed my feedback or not.  So, went yesterday and ordered 2 bubble teas - taiwanese bubble tea and taro bubble tea. Taiwanese was good but taro one literally tasted like vanilla ice cream shake, not even sure if it was real taro roots or purple colour there.  Had verona mushrooms and korean chicken appetizer. Mushrooms one was really good but korean chicken was pretty average.  Also got alfredo pasta and wok and smoke platter. Again pasta was great BUT platter (priced at 380rs) was one of the worst dishes we have ever had - Too much ketchup in this chinese food item and the dish wasnt stir fried as given in description. The sauce was like a gravy, real food didn't match the description and even after getting it replaced once (when the chef didn't change anything), the dish was below average.  Don't think now I want to give this place another try as the expérience can't be 50-50 all the time. If the menu is extensive, all items must be good so pls don't compromise on that and the staff really needs to be more smiling and welcoming.  19/07 - the atmosphere is lovely however service is a little slow and the food (coincidentally both the main course items we ordered) was okayish. We got a cold coffee boba which was good but not cold at all so had to get ice, 2 chicken steak (one fried one and one grilled one). In both the steaks, the sauce was very thick and it literally become a thick paste on pouring it on the chicken so much so that you could taste the thickening agent in the sauce i.e. flour of some kind. The fried chicken was very dry as it wasn't coated with bread crumbs.. chicken breast tends to get dry if overcooked and that's what happened. It was so difficult to even cut it with the knife and chewing took ages.. When i gave this feedback, I was told that the chef says it's like this only so ummm.. okay.. they said they can replace and give the same chicken. They did and it was again the same issue.. The accompaniments with the chicken were good so no complaints there. We also ordered garlic bread which tasted nice. Overall, okayish experience but i would still give 3 stars to them for trying and bcos the ambience is good. Want to go again n try other items to decide further.",0,Edited 11 months ago,"{""dining_mode"": ""Dine in"", ""meal_type"": ""Dinner"", ""price_per_person"": ""₹400–600"", ""food"": 2, ""service_rating"": 2, ""atmosphere"": 3}"
"Casa Fresco, HSR: All-Day Dining & Café",080 4992 7445,"73, 27th Main Rd, Phase 3, 1st Sector, HSR Layout, Bengaluru, Karnataka 560102",12.9207539,77.650514,Restaurant,http://www.casafresco.in/,ChdDSUhNMG9nS0VJalozTlBaNWM3aGxRRRAB,"Casa Fresco, HSR: All",Dushyant Sapre,102959611967284069466,False,1,We came to eat breakfastwith our kids. Likely shutting down - stay away  It’s our kids favourite place so naturally excited. The waitress took the order for all our 3 kids and after 20mins she came and said we are out of stock for all ingredients. She refused to let us speak with manager or the owner of the restaurant. Our 5yr old started crying so we left. Extremely unprofessional staff. Never ever coming back again.,0,11 months ago,"{""meal_type"": ""Breakfast"", ""food"": 1, ""service_rating"": 1, ""atmosphere"": 1}"
"Casa Fresco, HSR: All-Day Dining & Café",080 4992 7445,"73, 27th Main Rd, Phase 3, 1st Sector, HSR Layout, Bengaluru, Karnataka 560102",12.9207539,77.650514,Restaurant,http://www.casafresco.in/,ChdDSUhNMG9nS0VNdlVfTHZBNk9YdTB3RRAB,"Casa Fresco, HSR: All",Shweta Ayyar,108951542099252717788,False,1,"If there was a way of giving zero stars I would have done that. We come at breakfast time to find out absolutely every breakfast item is out of stock. And get this, the message that ALL BREAKFAST ITEMS were out of stock was given to us HALF AND HOUR after we ordered. It was absolutely enraging. The place was empty so we think, logically, it looks like the place is closing even though it isn’t. 😡 1 star is being kind and generous to them.",0,11 months ago,"{""food"": 1, ""service_rating"": 1, ""atmosphere"": 2}"
"Casa Fresco, HSR: All-Day Dining & Café",080 4992 7445,"73, 27th Main Rd, Phase 3, 1st Sector, HSR Layout, Bengaluru, Karnataka 560102",12.9207539,77.650514,Restaurant,http://www.casafresco.in/,ChdDSUhNMG9nS0VPTGt5OVNaNVktTXFnRRAB,"Casa Fresco, HSR: All",jimson johnson,106554756630888828114,True,5,,0,11 months ago,"{""food"": 5, ""service_rating"": 5, ""atmosphere"": 5}"
"Casa Fresco, HSR: All-Day Dining & Café",080 4992 7445,"73, 27th Main Rd, Phase 3, 1st Sector, HSR Layout, Bengaluru, Karnataka 560102",12.9207539,77.650514,Restaurant,http://www.casafresco.in/,ChdDSUhNMG9nS0VKUFV4Y3ZReUxDcTRBRRAB,"Casa Fresco, HSR: All",Dr. Nivedita Ghosh,101601055251529343493,True,3,"We got here on a Sunday afternoon, around 1, the place was bustling. Got seated, it was hard tracking down a server but okay, we ordered their green apple & peach popping boba & berry boba drinks. The green apple was probably the best bubble tea I've ever had, so refreshing, the flavours were great. Then we ordered their chicken steamed momo, their korean glazed chicken and lepcha bhel. The chicken momo were top tier, light, juicy, served with a spicy sauce, so so good! The korean chicken wasn't korean, felt more chindian, but that was good too. The lepcha bhel was so so bad. Subpar would be an understatement, we had to ask for lime on the side which took 15 mins. The service, our server taking our order was great. The others were so so bad, she took my drink away before I was done with it, they took our plates away despite me telling them we have more dishes on the way, replacement plates never arrived, so we're eating over tissues, tragic. Service is definitely an issue. Overall, pretty mid experience.",0,11 months ago,"{""meal_type"": ""Lunch"", ""price_per_person"": ""₹1,200–1,400"", ""food"": 4, ""service_rating"": 2, ""atmosphere"": 2, ""wait_time"": ""No wait""}"
"Casa Fresco, HSR: All-Day Dining & Café",080 4992 7445,"73, 27th Main Rd, Phase 3, 1st Sector, HSR Layout, Bengaluru, Karnataka 560102",12.9207539,77.650514,Restaurant,http://www.casafresco.in/,ChZDSUhNMG9nS0VPN1I3YlBoMFlXNlN3EAE,"Casa Fresco, HSR: All",priyanka vaishnav,100954336906380077951,True,4,,0,11 months ago,"{""meal_type"": ""Dinner"", ""price_per_person"": ""₹1,600–1,800"", ""food"": 4, ""service_rating"": 3, ""atmosphere"": 4, ""group_size"": ""3-4 people"", ""wait_time"": ""No wait""}"
"Casa Fresco, HSR: All-Day Dining & Café",080 4992 7445,"73, 27th Main Rd, Phase 3, 1st Sector, HSR Layout, Bengaluru, Karnataka 560102",12.9207539,77.650514,Restaurant,http://www.casafresco.in/,ChZDSUhNMG9nS0VJQ0FnSUNYMzdYNE5REAE,"Casa Fresco, HSR: All",Vindhya Jain,105862440343315128896,True,4,,0,Edited 11 months ago,"{""meal_type"": ""Brunch"", ""price_per_person"": ""₹600–800"", ""food"": 3, ""service_rating"": 4, ""atmosphere"": 4, ""group_size"": ""2 people"", ""wait_time"": ""No wait""}"
"Casa Fresco, HSR: All-Day Dining & Café",080 4992 7445,"73, 27th Main Rd, Phase 3, 1st Sector, HSR Layout, Bengaluru, Karnataka 560102",12.9207539,77.650514,Restaurant,http://www.casafresco.in/,ChZDSUhNMG9nS0VNdXpxYkNxcHNUVUhREAE,"Casa Fresco, HSR: All",Arka Seth,103251551935908839988,True,4,"Good place to have breakfast. The prices are quite reasonable and service is moderately quick. It's an open restaurant, so the ambience depends on the weather on the day.",0,11 months ago,"{""meal_type"": ""Breakfast"", ""price_per_person"": ""₹200–400"", ""food"": 5, ""service_rating"": 4, ""atmosphere"": 4, ""group_size"": ""Suitable for all group sizes"", ""wait_time"": ""No wait"", ""parking_space"": ""Difficult to find parking""}"
"Casa Fresco, HSR: All-Day Dining & Café",080 4992 7445,"73, 27th Main Rd, Phase 3, 1st Sector, HSR Layout, Bengaluru, Karnataka 560102",12.9207539,77.650514,Restaurant,http://www.casafresco.in/,ChZDSUhNMG9nS0VJX3pnZExYNFBTUUdREAE,"Casa Fresco, HSR: All",Kumar Suraj,116931836452132652715,True,1,It used to be good place. Now the staff is too carefree and casual.,0,11 months ago,"{""service_rating"": 1}"
"Casa Fresco, HSR: All-Day Dining & Café",080 4992 7445,"73, 27th Main Rd, Phase 3, 1st Sector, HSR Layout, Bengaluru, Karnataka 560102",12.9207539,77.650514,Restaurant,http://www.casafresco.in/,ChZDSUhNMG9nS0VOR0Vvb2FHMU5IOGJBEAE,"Casa Fresco, HSR: All",The Bluespirit,104643917476821684423,True,4,"Casa Fresco in HSR is one of those rare cafés that combines atmosphere, quality food, and warmth in just the right measure. The lush greenery and semi-outdoor setup instantly put you at ease, whether you're coming in for a work session or a laid-back brunch. Their menu is diverse—continental, Indian, Asian—you name it, and everything I tried was fresh and flavorful. The peri peri grilled chicken and momos were top-notch, and the Belgian hot chocolate is a must-try. The staff is friendly and attentive without being intrusive, and the whole place has a very relaxed, welcoming vibe. Bonus points for being pet-friendly and having strong Wi-Fi. Definitely a go-to spot in HSR!",0,11 months ago,"{""meal_type"": ""Lunch"", ""price_per_person"": ""₹200–400"", ""food"": 5, ""service_rating"": 4, ""atmosphere"": 5, ""group_size"": ""3-4 people"", ""wait_time"": ""10-30 min"", ""vegetarian_recommendation"": ""Highly recommend"", ""vegetarian_offerings"": ""Vegetarian menu or section"", ""parking_space"": ""Plenty of parking"", ""parking_options"": ""Free parking lot"", ""parking_notes"": ""Road side parking"", ""kid_friendliness"": ""Yes"", ""wheelchair_accessibility"": ""Yes""}"
"Casa Fresco, HSR: All-Day Dining & Café",080 4992 7445,"73, 27th Main Rd, Phase 3, 1st Sector, HSR Layout, Bengaluru, Karnataka 560102",12.9207539,77.650514,Restaurant,http://www.casafresco.in/,ChZDSUhNMG9nS0VKZnAtLXlybXRiLUlnEAE,"Casa Fresco, HSR: All",Simran Sharma,103028519875813227454,True,5,"Great vibe , Achumi and the other staff are very polite .",0,11 months ago,"{""food"": 5, ""service_rating"": 5, ""atmosphere"": 5}"
"Casa Fresco, HSR: All-Day Dining & Café",080 4992 7445,"73, 27th Main Rd, Phase 3, 1st Sector, HSR Layout, Bengaluru, Karnataka 560102",12.9207539,77.650514,Restaurant,http://www.casafresco.in/,ChdDSUhNMG9nS0VKaVl4LUxFaVlYMm93RRAB,"Casa Fresco, HSR: All",Jenny Debbarma,100441265419642993784,True,4,Service is a little slow because of the crowd .Otherwise the ambiance and food is great .Getting a table might take sometime of the crowd during weekends,0,11 months ago,"{""meal_type"": ""Brunch"", ""price_per_person"": ""₹1,000–1,200"", ""food"": 4, ""service_rating"": 3, ""atmosphere"": 4, ""noise_level"": ""Moderate noise"", ""wait_time"": ""30-60 min"", ""vegetarian_recommendation"": ""Not sure""}"
"Casa Fresco, HSR: All-Day Dining & Café",080 4992 7445,"73, 27th Main Rd, Phase 3, 1st Sector, HSR Layout, Bengaluru, Karnataka 560102",12.9207539,77.650514,Restaurant,http://www.casafresco.in/,ChdDSUhNMG9nS0VNS1M3dXloeE5XaTNRRRAB,"Casa Fresco, HSR: All",Abdul Rehaman,108083644003836181732,True,3,"Ambience not good just overhyped,  food it's ok",0,11 months ago,"{""meal_type"": ""Breakfast"", ""food"": 3, ""service_rating"": 2, ""atmosphere"": 2}"
"Casa Fresco, HSR: All-Day Dining & Café",080 4992 7445,"73, 27th Main Rd, Phase 3, 1st Sector, HSR Layout, Bengaluru, Karnataka 560102",12.9207539,77.650514,Restaurant,http://www.casafresco.in/,ChdDSUhNMG9nS0VPSHpoTzdVbzhlQ3RnRRAB,"Casa Fresco, HSR: All",Nirmal Sharma,106289280886691331250,False,5,,0,11 months ago,"{""food"": 5, ""service_rating"": 5, ""atmosphere"": 5}"
"Casa Fresco, HSR: All-Day Dining & Café",080 4992 7445,"73, 27th Main Rd, Phase 3, 1st Sector, HSR Layout, Bengaluru, Karnataka 560102",12.9207539,77.650514,Restaurant,http://www.casafresco.in/,ChdDSUhNMG9nS0VMX2prc3Jkd0o3dV9nRRAB,"Casa Fresco, HSR: All",Taher Dahodwala,104952921251921368365,True,5,Fantastic place for a small group. Amazing food. Especially the fried chicken momos and the chicken club sandwich. Very polite and professional staff.,0,11 months ago,"{""food"": 5, ""service_rating"": 5, ""atmosphere"": 5}"
"Casa Fresco, HSR: All-Day Dining & Café",080 4992 7445,"73, 27th Main Rd, Phase 3, 1st Sector, HSR Layout, Bengaluru, Karnataka 560102",12.9207539,77.650514,Restaurant,http://www.casafresco.in/,ChZDSUhNMG9nS0VKS1Utb09naGRuVVJREAE,"Casa Fresco, HSR: All",Pronoti Ree,104669701000931008218,False,5,We really like the place achumi s service was really great and because of her We liked the place better,0,11 months ago,"{""meal_type"": ""Breakfast"", ""food"": 5, ""service_rating"": 5, ""atmosphere"": 5}"
"Casa Fresco, HSR: All-Day Dining & Café",080 4992 7445,"73, 27th Main Rd, Phase 3, 1st Sector, HSR Layout, Bengaluru, Karnataka 560102",12.9207539,77.650514,Restaurant,http://www.casafresco.in/,ChZDSUhNMG9nS0VLTEFoTlMxM3NIVFNBEAE,"Casa Fresco, HSR: All",Sujoy Joy,114229527546360767769,True,4,"Visited this open-air cafe recently and had a mixed experience. The ambience was decent – nothing particularly special, but the open setup gave it a relaxed, casual vibe. The food tasted alright, not exceptional but passable.  However, the service left a bit to be desired. Our order was messed up, and we’re not sure if it was because we were among the last customers of the day. Regardless, it did affect the overall experience. With better attention to detail and improved service, the visit could have been much more enjoyable.",0,11 months ago,"{""food"": 3, ""service_rating"": 3, ""atmosphere"": 3}"
"Casa Fresco, HSR: All-Day Dining & Café",080 4992 7445,"73, 27th Main Rd, Phase 3, 1st Sector, HSR Layout, Bengaluru, Karnataka 560102",12.9207539,77.650514,Restaurant,http://www.casafresco.in/,ChdDSUhNMG9nS0VJclZsX0tsenBmcnN3RRAB,"Casa Fresco, HSR: All",PRIYENKA H V,103597663045436151986,True,4,Good ambience!,0,11 months ago,"{""food"": 3, ""service_rating"": 3, ""atmosphere"": 3}"
"Casa Fresco, HSR: All-Day Dining & Café",080 4992 7445,"73, 27th Main Rd, Phase 3, 1st Sector, HSR Layout, Bengaluru, Karnataka 560102",12.9207539,77.650514,Restaurant,http://www.casafresco.in/,ChdDSUhNMG9nS0VQbW9yclRKOU42N21nRRAB,"Casa Fresco, HSR: All",Kanishka Seal,101610845767315037662,True,4,,0,11 months ago,"{""meal_type"": ""Breakfast"", ""price_per_person"": ""₹400–600"", ""food"": 4, ""service_rating"": 4, ""atmosphere"": 5, ""group_size"": ""3-4 people"", ""wait_time"": ""No wait""}"
"Casa Fresco, HSR: All-Day Dining & Café",080 4992 7445,"73, 27th Main Rd, Phase 3, 1st Sector, HSR Layout, Bengaluru, Karnataka 560102",12.9207539,77.650514,Restaurant,http://www.casafresco.in/,ChdDSUhNMG9nS0VNeTNzNGJQdGNXZi13RRAB,"Casa Fresco, HSR: All",Tenji John,113408938937093937857,True,4,,0,11 months ago,"{""meal_type"": ""Dinner"", ""price_per_person"": ""₹400–600"", ""food"": 5, ""service_rating"": 4, ""atmosphere"": 5, ""group_size"": ""3-4 people"", ""wait_time"": ""No wait"", ""vegetarian_recommendation"": ""Somewhat recommend"", ""vegetarian_offerings"": ""Vegetarian menu or section"", ""parking_space"": ""Somewhat difficult to find parking"", ""parking_options"": ""Free street parking""}"
"Casa Fresco, HSR: All-Day Dining & Café",080 4992 7445,"73, 27th Main Rd, Phase 3, 1st Sector, HSR Layout, Bengaluru, Karnataka 560102",12.9207539,77.650514,Restaurant,http://www.casafresco.in/,ChZDSUhNMG9nS0VNYlZndlhRNEoya1l3EAE,"Casa Fresco, HSR: All",NIBEDITA BHUYAN,102715268092364902849,True,5,,0,11 months ago,"{""food"": 5, ""service_rating"": 5, ""atmosphere"": 5}"
"Casa Fresco, HSR: All-Day Dining & Café",080 4992 7445,"73, 27th Main Rd, Phase 3, 1st Sector, HSR Layout, Bengaluru, Karnataka 560102",12.9207539,77.650514,Restaurant,http://www.casafresco.in/,ChRDSUhNMG9nS0VPR3M4Ylh6bHU5YhAB,"Casa Fresco, HSR: All",shailesh soni,105414665136506431138,True,5,Service was very good.Achumi hospitality was very good,0,11 months ago,"{""meal_type"": ""Breakfast"", ""price_per_person"": ""₹600–800"", ""food"": 5, ""service_rating"": 5, ""atmosphere"": 5, ""group_size"": ""2 people"", ""wait_time"": ""Up to 10 min""}"
"Casa Fresco, HSR: All-Day Dining & Café",080 4992 7445,"73, 27th Main Rd, Phase 3, 1st Sector, HSR Layout, Bengaluru, Karnataka 560102",12.9207539,77.650514,Restaurant,http://www.casafresco.in/,ChdDSUhNMG9nS0VOZkl0SW1hLWJPYmh3RRAB,"Casa Fresco, HSR: All",kiran kumari,111271660687310060299,False,5,"We really liked the place, Achumi’s service was really great and because of her we liked the place better",0,11 months ago,"{""food"": 5, ""service_rating"": 5, ""atmosphere"": 5}"
"Casa Fresco, HSR: All-Day Dining & Café",080 4992 7445,"73, 27th Main Rd, Phase 3, 1st Sector, HSR Layout, Bengaluru, Karnataka 560102",12.9207539,77.650514,Restaurant,http://www.casafresco.in/,ChdDSUhNMG9nS0VNNm8zOXpjOGI2SXJ3RRAB,"Casa Fresco, HSR: All",oishee banerjee,109358605289443421402,True,5,,0,11 months ago,
"Casa Fresco, HSR: All-Day Dining & Café",080 4992 7445,"73, 27th Main Rd, Phase 3, 1st Sector, HSR Layout, Bengaluru, Karnataka 560102",12.9207539,77.650514,Restaurant,http://www.casafresco.in/,ChZDSUhNMG9nS0VPNk16YlRZbk9YelVREAE,"Casa Fresco, HSR: All",Ashwini Reddy,109507565889671659269,True,5,,0,11 months ago,"{""meal_type"": ""Lunch"", ""price_per_person"": ""₹1,200–1,400"", ""food"": 5, ""service_rating"": 5, ""atmosphere"": 4, ""group_size"": ""3-4 people"", ""wait_time"": ""Up to 10 min"", ""vegetarian_recommendation"": ""Somewhat recommend"", ""vegetarian_offerings"": ""Clearly labeled vegetarian dishes"", ""parking_space"": ""Not sure"", ""parking_options"": ""Free street parking""}"
"Casa Fresco, HSR: All-Day Dining & Café",080 4992 7445,"73, 27th Main Rd, Phase 3, 1st Sector, HSR Layout, Bengaluru, Karnataka 560102",12.9207539,77.650514,Restaurant,http://www.casafresco.in/,ChdDSUhNMG9nS0VPVzF5TzNrcEpDcnFnRRAB,"Casa Fresco, HSR: All",Shaheena S Multani,102009371242437051332,True,5,,0,11 months ago,"{""food"": 3, ""service_rating"": 5, ""atmosphere"": 5}"
"Casa Fresco, HSR: All-Day Dining & Café",080 4992 7445,"73, 27th Main Rd, Phase 3, 1st Sector, HSR Layout, Bengaluru, Karnataka 560102",12.9207539,77.650514,Restaurant,http://www.casafresco.in/,ChdDSUhNMG9nS0VKMzkyOFBSdk9YaDRBRRAB,"Casa Fresco, HSR: All",Darshan V,101138945563243082042,True,5,,0,11 months ago,"{""meal_type"": ""Dinner"", ""price_per_person"": ""₹400–600"", ""group_size"": ""3-4 people"", ""wait_time"": ""Up to 10 min"", ""vegetarian_recommendation"": ""Highly recommend""}"
"Casa Fresco, HSR: All-Day Dining & Café",080 4992 7445,"73, 27th Main Rd, Phase 3, 1st Sector, HSR Layout, Bengaluru, Karnataka 560102",12.9207539,77.650514,Restaurant,http://www.casafresco.in/,ChdDSUhNMG9nS0VLNjRwWkRPMUt6VmdRRRAB,"Casa Fresco, HSR: All",Hritika Rajput,102441022590472000448,False,4,Too slow service both the times i went there,0,11 months ago,"{""food"": 4, ""service_rating"": 2, ""atmosphere"": 4}"
"Casa Fresco, HSR: All-Day Dining & Café",080 4992 7445,"73, 27th Main Rd, Phase 3, 1st Sector, HSR Layout, Bengaluru, Karnataka 560102",12.9207539,77.650514,Restaurant,http://www.casafresco.in/,ChdDSUhNMG9nS0VLU3o5NUxuOGVhNjhRRRAB,"Casa Fresco, HSR: All",Priyadarshini Balachandar,117709933736662972636,True,5,Try the peri rooster burger for sure! Good food and ambience. Karuna served us promptly and was very courteous as well!,0,11 months ago,"{""meal_type"": ""Lunch"", ""price_per_person"": ""₹600–800"", ""food"": 5, ""service_rating"": 5, ""atmosphere"": 5, ""noise_level"": ""Quiet, easy to talk"", ""wait_time"": ""No wait"", ""vegetarian_recommendation"": ""Highly recommend"", ""vegetarian_offerings"": ""Clearly labeled vegetarian dishes""}"
"Casa Fresco, HSR: All-Day Dining & Café",080 4992 7445,"73, 27th Main Rd, Phase 3, 1st Sector, HSR Layout, Bengaluru, Karnataka 560102",12.9207539,77.650514,Restaurant,http://www.casafresco.in/,ChZDSUhNMG9nS0VKbW15Y1d5MzZfd0RBEAE,"Casa Fresco, HSR: All",Upasana Bhowmik,101507823084779904060,True,1,"Disgusting service. You have to wait more than 30 mins to get black coffee only, let alone the food! The executives run this place like jokers.",0,11 months ago,"{""service_rating"": 1, ""atmosphere"": 3}"
"Casa Fresco, HSR: All-Day Dining & Café",080 4992 7445,"73, 27th Main Rd, Phase 3, 1st Sector, HSR Layout, Bengaluru, Karnataka 560102",12.9207539,77.650514,Restaurant,http://www.casafresco.in/,ChdDSUhNMG9nS0VNQ0t6LWkwal9MOTVBRRAB,"Casa Fresco, HSR: All",S G,112240672595402295499,True,5,Great place for reunion,0,11 months ago,"{""meal_type"": ""Brunch"", ""price_per_person"": ""₹2,000+"", ""food"": 5, ""service_rating"": 5, ""atmosphere"": 5, ""group_size"": ""3-4 people"", ""wait_time"": ""No wait"", ""vegetarian_recommendation"": ""Not sure"", ""vegetarian_offerings"": ""Not sure"", ""parking_space"": ""Somewhat difficult to find parking"", ""parking_options"": ""Free parking lot""}"
"Casa Fresco, HSR: All-Day Dining & Café",080 4992 7445,"73, 27th Main Rd, Phase 3, 1st Sector, HSR Layout, Bengaluru, Karnataka 560102",12.9207539,77.650514,Restaurant,http://www.casafresco.in/,ChdDSUhNMG9nS0VOdlQybzJtMWMzUnpBRRAB,"Casa Fresco, HSR: All",Shrey Jaiswal,101563967687028934164,True,5,"Had amazing brunch at the cafe :) Karuna, at the cafe gave us top notch hospitality with her service. Would love to come again here with my friends and of course on dates too 🤪",0,11 months ago,"{""meal_type"": ""Brunch"", ""price_per_person"": ""₹800–1,000"", ""food"": 5, ""service_rating"": 5, ""atmosphere"": 5, ""group_size"": ""5-8 people"", ""wait_time"": ""No wait""}"
"Casa Fresco, HSR: All-Day Dining & Café",080 4992 7445,"73, 27th Main Rd, Phase 3, 1st Sector, HSR Layout, Bengaluru, Karnataka 560102",12.9207539,77.650514,Restaurant,http://www.casafresco.in/,ChZDSUhNMG9nS0VMZXY2S3ZULU03QVRnEAE,"Casa Fresco, HSR: All",Sanyukta Dharmadhikari,103323830270440148263,False,5,"Lovely food, great sumptuous portions and very warm staff. Special mention for Karuna.",0,11 months ago,"{""meal_type"": ""Brunch"", ""price_per_person"": ""₹800–1,000"", ""food"": 5, ""service_rating"": 5, ""atmosphere"": 5, ""group_size"": ""3-4 people"", ""wait_time"": ""No wait""}"
"Casa Fresco, HSR: All-Day Dining & Café",080 4992 7445,"73, 27th Main Rd, Phase 3, 1st Sector, HSR Layout, Bengaluru, Karnataka 560102",12.9207539,77.650514,Restaurant,http://www.casafresco.in/,ChdDSUhNMG9nS0VPZTZoTHZmak42cDBnRRAB,"Casa Fresco, HSR: All",Sharad Singh,118016212135709072262,True,5,"We've been here multiple times, the food is outstanding. Great hospitality by Karuna. Will come again!",0,11 months ago,"{""food"": 5, ""service_rating"": 5, ""atmosphere"": 5}"
"Casa Fresco, HSR: All-Day Dining & Café",080 4992 7445,"73, 27th Main Rd, Phase 3, 1st Sector, HSR Layout, Bengaluru, Karnataka 560102",12.9207539,77.650514,Restaurant,http://www.casafresco.in/,ChZDSUhNMG9nS0VNbm1oWlB2cXNqZlVBEAE,"Casa Fresco, HSR: All",damanpreet singh,100171243664030785830,True,5,Food and ambience are lovely! Karuna served us really well :),0,11 months ago,"{""meal_type"": ""Breakfast"", ""food"": 5, ""service_rating"": 5, ""atmosphere"": 5}"
"Casa Fresco, HSR: All-Day Dining & Café",080 4992 7445,"73, 27th Main Rd, Phase 3, 1st Sector, HSR Layout, Bengaluru, Karnataka 560102",12.9207539,77.650514,Restaurant,http://www.casafresco.in/,ChdDSUhNMG9nS0VMenN4STNNaXVTbmxBRRAB,"Casa Fresco, HSR: All",S. Ashok Kumar,113313096471873329881,True,4,,0,11 months ago,"{""food"": 4, ""service_rating"": 4, ""atmosphere"": 5}"
"Casa Fresco, HSR: All-Day Dining & Café",080 4992 7445,"73, 27th Main Rd, Phase 3, 1st Sector, HSR Layout, Bengaluru, Karnataka 560102",12.9207539,77.650514,Restaurant,http://www.casafresco.in/,ChZDSUhNMG9nS0VQN25pXzZwOXB2X2NREAE,"Casa Fresco, HSR: All",Shreyansh Gupta,110320793654219983124,True,5,,0,11 months ago,"{""price_per_person"": ""₹200–400"", ""food"": 5, ""service_rating"": 5, ""atmosphere"": 5, ""group_size"": ""3-4 people"", ""wait_time"": ""No wait""}"
"Casa Fresco, HSR: All-Day Dining & Café",080 4992 7445,"73, 27th Main Rd, Phase 3, 1st Sector, HSR Layout, Bengaluru, Karnataka 560102",12.9207539,77.650514,Restaurant,http://www.casafresco.in/,ChZDSUhNMG9nS0VJQ0FnTUNZN3UyZ2RnEAE,"Casa Fresco, HSR: All",Rajatha Palaksha,104639056198678089412,False,1,"The worst boba ever, it tastes like low quality coco powder",0,Edited 11 months ago,"{""food"": 1, ""service_rating"": 1, ""atmosphere"": 3}"
"Casa Fresco, HSR: All-Day Dining & Café",080 4992 7445,"73, 27th Main Rd, Phase 3, 1st Sector, HSR Layout, Bengaluru, Karnataka 560102",12.9207539,77.650514,Restaurant,http://www.casafresco.in/,ChZDSUhNMG9nS0VOM2F1XzYzell2bFlREAE,"Casa Fresco, HSR: All",Rita Shetty,101317380432919190964,False,5,Achumi - was great at service. Polite and made us very comfortable in this restaurant.,0,11 months ago,"{""meal_type"": ""Lunch"", ""price_per_person"": ""₹1,000–1,200"", ""food"": 5, ""service_rating"": 5, ""atmosphere"": 5, ""group_size"": ""2 people"", ""wait_time"": ""No wait""}"
"Casa Fresco, HSR: All-Day Dining & Café",080 4992 7445,"73, 27th Main Rd, Phase 3, 1st Sector, HSR Layout, Bengaluru, Karnataka 560102",12.9207539,77.650514,Restaurant,http://www.casafresco.in/,ChdDSUhNMG9nS0VMWEtrTlhlamVHUnZ3RRAB,"Casa Fresco, HSR: All",Kamal,110545759246742122213,False,5,"Such a refreshing place! The outdoor seating surrounded by greenery makes you forget you're in the middle of the city. Loved the calm vibe, friendly staff, and fresh food — perfect for brunch or coffee breaks. Will definitely be back!",0,11 months ago,"{""food"": 5, ""service_rating"": 5, ""atmosphere"": 5}"
"Casa Fresco, HSR: All-Day Dining & Café",080 4992 7445,"73, 27th Main Rd, Phase 3, 1st Sector, HSR Layout, Bengaluru, Karnataka 560102",12.9207539,77.650514,Restaurant,http://www.casafresco.in/,ChdDSUhNMG9nS0VPM2p6cy1scUl2Qm5nRRAB,"Casa Fresco, HSR: All",Arjun Chamling,110728453194472088555,False,5,"This café is a standout for both ambiance and offerings. Whether for breakfast, a casual lunch, or evening coffee, the quality remains top-notch. The outdoor setup is ideal for informal meetings or unwinding after a busy day.",0,a year ago,"{""food"": 5, ""service_rating"": 5, ""atmosphere"": 5}"
"Casa Fresco, HSR: All-Day Dining & Café",080 4992 7445,"73, 27th Main Rd, Phase 3, 1st Sector, HSR Layout, Bengaluru, Karnataka 560102",12.9207539,77.650514,Restaurant,http://www.casafresco.in/,ChdDSUhNMG9nS0VNX2k5ZFNPeTZiUTNBRRAB,"Casa Fresco, HSR: All",Din Renthlei,113906109861422381688,False,5,"I  stumbled upon this café and it’s now one of my favorites. The plants and open-air seating create a peaceful, earthy atmosphere. The food is consistently good and the coffee is strong and flavorful. Service is warm and attentive — highly recommended!",0,a year ago,"{""meal_type"": ""Lunch"", ""food"": 5, ""service_rating"": 5, ""atmosphere"": 5}"
"Casa Fresco, HSR: All-Day Dining & Café",080 4992 7445,"73, 27th Main Rd, Phase 3, 1st Sector, HSR Layout, Bengaluru, Karnataka 560102",12.9207539,77.650514,Restaurant,http://www.casafresco.in/,ChZDSUhNMG9nS0VPR2k5Nm0xdUphLWF3EAE,"Casa Fresco, HSR: All",Bibhash oraon,116736655429294416319,False,5,A gem for all-day dining! Everything from the pancakes to the grilled sandwiches was spot-on. The menu is well-balanced with plenty of options. Bonus points for the beautiful garden-like setup outside — great for relaxing or catching up with friends,0,a year ago,"{""food"": 5, ""service_rating"": 5, ""atmosphere"": 5}"
"Casa Fresco, HSR: All-Day Dining & Café",080 4992 7445,"73, 27th Main Rd, Phase 3, 1st Sector, HSR Layout, Bengaluru, Karnataka 560102",12.9207539,77.650514,Restaurant,http://www.casafresco.in/,ChdDSUhNMG9nS0VKZVA1T2l2OWFmby1BRRAB,"Casa Fresco, HSR: All",Queen King,107949298344996982926,False,5,"If you’re looking for a spot to grab breakfast, lunch, or just a good coffee any time of day, this is it. The all-day dining menu means you’re not stuck with just one option, which I love. The outdoor seating is full of greenery, which makes it feel super cozy and refreshing. Super friendly crew, great food, and a vibe that makes you want to stay a little longer. Definitely a new favorite.",0,a year ago,"{""meal_type"": ""Lunch"", ""food"": 5, ""service_rating"": 5, ""atmosphere"": 5}"
"Casa Fresco, HSR: All-Day Dining & Café",080 4992 7445,"73, 27th Main Rd, Phase 3, 1st Sector, HSR Layout, Bengaluru, Karnataka 560102",12.9207539,77.650514,Restaurant,http://www.casafresco.in/,ChdDSUhNMG9nS0VNLWx1OERrd3RmWXlBRRAB,"Casa Fresco, HSR: All",Bindu Havisha Ganivada,113479365114860099411,True,5,,0,a year ago,"{""meal_type"": ""Dinner"", ""price_per_person"": ""₹1,400–1,600"", ""food"": 5, ""service_rating"": 5, ""atmosphere"": 5, ""group_size"": ""2 people""}"
"Casa Fresco, HSR: All-Day Dining & Café",080 4992 7445,"73, 27th Main Rd, Phase 3, 1st Sector, HSR Layout, Bengaluru, Karnataka 560102",12.9207539,77.650514,Restaurant,http://www.casafresco.in/,ChZDSUhNMG9nS0VMU2Y2X1h6cXJEaEZBEAE,"Casa Fresco, HSR: All",Poorvi Tandon,118434385353710668476,False,4,,0,a year ago,"{""meal_type"": ""Brunch"", ""price_per_person"": ""₹200–400"", ""food"": 5, ""service_rating"": 5, ""atmosphere"": 3}"
"Casa Fresco, HSR: All-Day Dining & Café",080 4992 7445,"73, 27th Main Rd, Phase 3, 1st Sector, HSR Layout, Bengaluru, Karnataka 560102",12.9207539,77.650514,Restaurant,http://www.casafresco.in/,ChdDSUhNMG9nS0VJQ0FnTUNZX3VUaDZBRRAB,"Casa Fresco, HSR: All",Sachin Parashar,106840078643073423141,True,5,,0,a year ago,"{""meal_type"": ""Dinner"", ""price_per_person"": ""₹600–800"", ""food"": 5, ""service_rating"": 5, ""atmosphere"": 5}"
"Casa Fresco, HSR: All-Day Dining & Café",080 4992 7445,"73, 27th Main Rd, Phase 3, 1st Sector, HSR Layout, Bengaluru, Karnataka 560102",12.9207539,77.650514,Restaurant,http://www.casafresco.in/,ChdDSUhNMG9nS0VJQ0FnTUNZN3JlU3hnRRAB,"Casa Fresco, HSR: All",Farzand Ali,110635165393521920782,False,1,,0,a year ago,"{""price_per_person"": ""₹600–800"", ""food"": 1, ""service_rating"": 1, ""atmosphere"": 2, ""wait_time"": ""No wait""}"
"Casa Fresco, HSR: All-Day Dining & Café",080 4992 7445,"73, 27th Main Rd, Phase 3, 1st Sector, HSR Layout, Bengaluru, Karnataka 560102",12.9207539,77.650514,Restaurant,http://www.casafresco.in/,ChdDSUhNMG9nS0VJQ0FnTUNvNl9PRHZ3RRAB,"Casa Fresco, HSR: All",Bhawana Verma,100560495974152226470,True,4,Ambience and food options were good..we tried full english breakfast veg and non veg both.,0,Edited a year ago,"{""price_per_person"": ""₹400–600"", ""food"": 4, ""service_rating"": 4, ""atmosphere"": 4, ""vegetarian_recommendation"": ""Somewhat recommend""}"
"Casa Fresco, HSR: All-Day Dining & Café",080 4992 7445,"73, 27th Main Rd, Phase 3, 1st Sector, HSR Layout, Bengaluru, Karnataka 560102",12.9207539,77.650514,Restaurant,http://www.casafresco.in/,ChdDSUhNMG9nS0VJQ0FnTUNZdHJheG9RRRAB,"Casa Fresco, HSR: All",Apoorv Raj,108823422465211494748,True,5,Fantastic discovery! Loved the omelette menu,0,a year ago,
"Casa Fresco, HSR: All-Day Dining & Café",080 4992 7445,"73, 27th Main Rd, Phase 3, 1st Sector, HSR Layout, Bengaluru, Karnataka 560102",12.9207539,77.650514,Restaurant,http://www.casafresco.in/,ChZDSUhNMG9nS0VJQ0FnTUNZdHFtSGJnEAE,"Casa Fresco, HSR: All",Neel,102681118114505012292,False,1,Food & service is not worth the hype & ratings ……. In watermelon feta cheese salad there was no feta 😱& butter given with BF plate was liquidy seems like very old so avoid,0,a year ago,"{""meal_type"": ""Breakfast"", ""food"": 1, ""service_rating"": 1, ""atmosphere"": 3, ""wait_time"": ""10-30 min""}"
"Casa Fresco, HSR: All-Day Dining & Café",080 4992 7445,"73, 27th Main Rd, Phase 3, 1st Sector, HSR Layout, Bengaluru, Karnataka 560102",12.9207539,77.650514,Restaurant,http://www.casafresco.in/,ChdDSUhNMG9nS0VJQ0FnTUNZMXByRG9RRRAB,"Casa Fresco, HSR: All",Prashant Gochhayat,105862414015054537401,False,1,"One masala omlette they take 45min to prepare, when I ask she replied sir we have 1 people please wait sir",0,a year ago,"{""food"": 1, ""service_rating"": 1, ""atmosphere"": 1}"
"Casa Fresco, HSR: All-Day Dining & Café",080 4992 7445,"73, 27th Main Rd, Phase 3, 1st Sector, HSR Layout, Bengaluru, Karnataka 560102",12.9207539,77.650514,Restaurant,http://www.casafresco.in/,ChdDSUhNMG9nS0VJQ0FnTUNZLXVXTmp3RRAB,"Casa Fresco, HSR: All",Khushbu Aneja,108748509359487204525,True,4,Food was good and service was fast. Great place to hang out with friends and family,0,a year ago,"{""food"": 4, ""service_rating"": 4, ""atmosphere"": 4}"
"Casa Fresco, HSR: All-Day Dining & Café",080 4992 7445,"73, 27th Main Rd, Phase 3, 1st Sector, HSR Layout, Bengaluru, Karnataka 560102",12.9207539,77.650514,Restaurant,http://www.casafresco.in/,ChdDSUhNMG9nS0VJQ0FnTUNZc29iVGh3RRAB,"Casa Fresco, HSR: All",Sourav Ganguly,104498075868998289876,True,5,,0,a year ago,"{""meal_type"": ""Dinner"", ""price_per_person"": ""₹200–400"", ""food"": 5, ""service_rating"": 5, ""atmosphere"": 5, ""special_events"": ""Not sure"", ""wait_time"": ""No wait""}"
"Casa Fresco, HSR: All-Day Dining & Café",080 4992 7445,"73, 27th Main Rd, Phase 3, 1st Sector, HSR Layout, Bengaluru, Karnataka 560102",12.9207539,77.650514,Restaurant,http://www.casafresco.in/,ChdDSUhNMG9nS0VJQ0FnTUNZdU1hSjh3RRAB,"Casa Fresco, HSR: All",sourav suresh,115765409538642841471,True,5,,0,a year ago,
"Casa Fresco, HSR: All-Day Dining & Café",080 4992 7445,"73, 27th Main Rd, Phase 3, 1st Sector, HSR Layout, Bengaluru, Karnataka 560102",12.9207539,77.650514,Restaurant,http://www.casafresco.in/,ChdDSUhNMG9nS0VJQ0FnTUNZeUlxTmdnRRAB,"Casa Fresco, HSR: All",Dhruthi Bhat,105375468274573510232,True,2,The service was very slow. The waiting time was a lot. Even after Waiting a lot the food taste was way below average. The beverages we took were good. The cheese balls were really bad and even Mac and cheese was taste less and bland- no veggies. Tandoori paneer sandwich was decent but was a lil too spicy. Definitely not worth the price at all. Don't go.,0,a year ago,"{""meal_type"": ""Dinner"", ""price_per_person"": ""₹400–600"", ""food"": 1, ""service_rating"": 1, ""atmosphere"": 3}"
"Casa Fresco, HSR: All-Day Dining & Café",080 4992 7445,"73, 27th Main Rd, Phase 3, 1st Sector, HSR Layout, Bengaluru, Karnataka 560102",12.9207539,77.650514,Restaurant,http://www.casafresco.in/,ChZDSUhNMG9nS0VJQ0FnTUNZaVBldlRBEAE,"Casa Fresco, HSR: All",Pradheepa R,109055266724321481002,True,4,,0,a year ago,"{""meal_type"": ""Dinner"", ""food"": 5, ""service_rating"": 3, ""atmosphere"": 5, ""seating_type"": ""Outdoor patio / terrace""}"
"Casa Fresco, HSR: All-Day Dining & Café",080 4992 7445,"73, 27th Main Rd, Phase 3, 1st Sector, HSR Layout, Bengaluru, Karnataka 560102",12.9207539,77.650514,Restaurant,http://www.casafresco.in/,ChZDSUhNMG9nS0VJQ0FnTURvcC1hUkRREAE,"Casa Fresco, HSR: All",Amlesh Kumar,101034022623938092022,False,5,"Delicious Alfredo pasta, sizzling hot platters, and crispy thin-crust pizzas! The frappes are refreshing. Great place for comfort food with fast service and cozy vibes.",0,a year ago,"{""food"": 5, ""service_rating"": 5, ""atmosphere"": 5}"
"Casa Fresco, HSR: All-Day Dining & Café",080 4992 7445,"73, 27th Main Rd, Phase 3, 1st Sector, HSR Layout, Bengaluru, Karnataka 560102",12.9207539,77.650514,Restaurant,http://www.casafresco.in/,ChdDSUhNMG9nS0VJQ0FnTURveC1hMTB3RRAB,"Casa Fresco, HSR: All",Ati Long's,111300824877800098098,False,5,"This café has become my new go-to! The Alfredo pasta is a standout — cheesy, and perfectly portioned. The English breakfast is generous with quality ingredients. I also tried their pepperoni thin-crust pizza — thin, crisp base with just the right amount of cheese and sauce. But the star was the steak — juicy, tender, and cooked to perfection. A must-visit for anyone who appreciates well-made continental food.",0,a year ago,"{""food"": 5, ""service_rating"": 5, ""atmosphere"": 5}"
"Casa Fresco, HSR: All-Day Dining & Café",080 4992 7445,"73, 27th Main Rd, Phase 3, 1st Sector, HSR Layout, Bengaluru, Karnataka 560102",12.9207539,77.650514,Restaurant,http://www.casafresco.in/,ChZDSUhNMG9nS0VJQ0FnTURveF9xc1lnEAE,"Casa Fresco, HSR: All",Akila Kipz,104885189838959740388,False,5,"Absolutely loved this place! The Alfredo pasta was rich, creamy, and perfectly seasoned — comfort food at its best. I came back the next morning for their English breakfast, and it was spot on: crispy bacon, fluffy eggs, fresh toast — felt like London on a plate. Their thin-crust pizzas are light and flavorful, not greasy at all. And the steak? Cooked exactly how I wanted. Great food, good vibes, and genuinely warm service. Highly recommended!",0,a year ago,"{""meal_type"": ""Lunch"", ""food"": 5, ""service_rating"": 5, ""atmosphere"": 5}"
"Casa Fresco, HSR: All-Day Dining & Café",080 4992 7445,"73, 27th Main Rd, Phase 3, 1st Sector, HSR Layout, Bengaluru, Karnataka 560102",12.9207539,77.650514,Restaurant,http://www.casafresco.in/,ChdDSUhNMG9nS0VJQ0FnTURvdV8yNjBRRRAB,"Casa Fresco, HSR: All",khomal Kumar,111220451230271721012,True,5,"This place is wonderful, i love the food. And the staff is extremely kind and accomodating to my requests. karuna and katherine do a wonderful job.  Can't wait to be back here for their lovely service.",0,a year ago,"{""food"": 5, ""service_rating"": 5, ""atmosphere"": 5}"
"Casa Fresco, HSR: All-Day Dining & Café",080 4992 7445,"73, 27th Main Rd, Phase 3, 1st Sector, HSR Layout, Bengaluru, Karnataka 560102",12.9207539,77.650514,Restaurant,http://www.casafresco.in/,ChZDSUhNMG9nS0VJQ0FnTURvODlYU1R3EAE,"Casa Fresco, HSR: All",shubhangi gangwar,109397319415195662838,True,1,"The service is very slow in casa fresco hsr branch  in-fact there was no rush hours as well as food is very bad, coffee is just water and no taste, order Himalayan noodles that was also very bad only spice, as well as pizza was not good. So in all the bad place to spend your weekend",0,a year ago,"{""dining_mode"": ""Dine in"", ""food"": 1, ""service_rating"": 1, ""atmosphere"": 1}"
"Casa Fresco, HSR: All-Day Dining & Café",080 4992 7445,"73, 27th Main Rd, Phase 3, 1st Sector, HSR Layout, Bengaluru, Karnataka 560102",12.9207539,77.650514,Restaurant,http://www.casafresco.in/,ChZDSUhNMG9nS0VJQ0FnTURvczdQX05REAE,"Casa Fresco, HSR: All",Nandishkumar Bp,113424000799367163933,False,1,,0,a year ago,
"Casa Fresco, HSR: All-Day Dining & Café",080 4992 7445,"73, 27th Main Rd, Phase 3, 1st Sector, HSR Layout, Bengaluru, Karnataka 560102",12.9207539,77.650514,Restaurant,http://www.casafresco.in/,ChZDSUhNMG9nS0VJQ0FnTURvdzd1a2VnEAE,"Casa Fresco, HSR: All",Dhanush K S,104652631392984384102,True,5,,0,a year ago,"{""price_per_person"": ""₹200–400"", ""food"": 5, ""service_rating"": 5, ""atmosphere"": 5, ""noise_level"": ""Moderate noise"", ""group_size"": ""3-4 people"", ""wait_time"": ""Up to 10 min""}"
"Casa Fresco, HSR: All-Day Dining & Café",080 4992 7445,"73, 27th Main Rd, Phase 3, 1st Sector, HSR Layout, Bengaluru, Karnataka 560102",12.9207539,77.650514,Restaurant,http://www.casafresco.in/,ChZDSUhNMG9nS0VJQ0FnTURvbGY2SmJBEAE,"Casa Fresco, HSR: All",Sachin Ks,109327669397386253793,False,5,,0,a year ago,"{""food"": 5, ""service_rating"": 5, ""atmosphere"": 5}"
"Casa Fresco, HSR: All-Day Dining & Café",080 4992 7445,"73, 27th Main Rd, Phase 3, 1st Sector, HSR Layout, Bengaluru, Karnataka 560102",12.9207539,77.650514,Restaurant,http://www.casafresco.in/,ChZDSUhNMG9nS0VJQ0FnTURvd2YydE1BEAE,"Casa Fresco, HSR: All",Pratyus Ghosal,113176105848553598973,True,3,,0,a year ago,"{""dining_mode"": ""Dine in"", ""meal_type"": ""Breakfast"", ""price_per_person"": ""₹400–600"", ""food"": 2, ""service_rating"": 2, ""atmosphere"": 2}"
"Casa Fresco, HSR: All-Day Dining & Café",080 4992 7445,"73, 27th Main Rd, Phase 3, 1st Sector, HSR Layout, Bengaluru, Karnataka 560102",12.9207539,77.650514,Restaurant,http://www.casafresco.in/,ChZDSUhNMG9nS0VJQ0FnTURvd2ZhY0xnEAE,"Casa Fresco, HSR: All",KD Gupta,104632216542954557191,True,5,Second visit to the the hsr outlet. Came for the atmosphere and the team. Karuna took great care of us and she was a great host.,0,a year ago,"{""food"": 4, ""service_rating"": 5, ""atmosphere"": 5}"
"Casa Fresco, HSR: All-Day Dining & Café",080 4992 7445,"73, 27th Main Rd, Phase 3, 1st Sector, HSR Layout, Bengaluru, Karnataka 560102",12.9207539,77.650514,Restaurant,http://www.casafresco.in/,ChZDSUhNMG9nS0VJQ0FnTURvaHBTYWZnEAE,"Casa Fresco, HSR: All",hoih boi,106065931653341852993,False,1,Worst  of worst,0,a year ago,"{""food"": 1, ""service_rating"": 1, ""atmosphere"": 1}"
"Casa Fresco, HSR: All-Day Dining & Café",080 4992 7445,"73, 27th Main Rd, Phase 3, 1st Sector, HSR Layout, Bengaluru, Karnataka 560102",12.9207539,77.650514,Restaurant,http://www.casafresco.in/,ChdDSUhNMG9nS0VJQ0FnTURvd3JtS3pBRRAB,"Casa Fresco, HSR: All",Ria Dutta,115044243524294711494,False,4,,0,a year ago,"{""dining_mode"": ""Dine in"", ""meal_type"": ""Brunch"", ""price_per_person"": ""₹400–600"", ""parking_space"": ""Somewhat difficult to find parking"", ""parking_options"": ""Free street parking""}"
"Casa Fresco, HSR: All-Day Dining & Café",080 4992 7445,"73, 27th Main Rd, Phase 3, 1st Sector, HSR Layout, Bengaluru, Karnataka 560102",12.9207539,77.650514,Restaurant,http://www.casafresco.in/,ChdDSUhNMG9nS0VJQ0FnTUR3MktpODVRRRAB,"Casa Fresco, HSR: All",jinisha v.g,111560822928415933547,True,4,"Ambience is very good  ✨  Food waiting time is more , not recommend of you are damn hungry and visiting this place .",0,Edited a year ago,"{""food"": 4, ""service_rating"": 3, ""atmosphere"": 5}"
"Casa Fresco, HSR: All-Day Dining & Café",080 4992 7445,"73, 27th Main Rd, Phase 3, 1st Sector, HSR Layout, Bengaluru, Karnataka 560102",12.9207539,77.650514,Restaurant,http://www.casafresco.in/,ChZDSUhNMG9nS0VJQ0FnSUNUZzU3bVhREAE,"Casa Fresco, HSR: All",K M,106528553793517676491,False,5,"Casa Fresco is a must-visit! Their Alfredo Pasta is perfectly creamy, the English Breakfast is flavorful and filling, and the Thin Crust Pizza has the ideal crunch. Add to that a warm atmosphere and great service—it’s the kind of place you’ll want to come back to often.",0,Edited a year ago,"{""dining_mode"": ""Dine in"", ""meal_type"": ""Dinner"", ""price_per_person"": ""₹400–600"", ""food"": 5, ""service_rating"": 5, ""atmosphere"": 5, ""vegetarian_recommendation"": ""Highly recommend""}"
"Casa Fresco, HSR: All-Day Dining & Café",080 4992 7445,"73, 27th Main Rd, Phase 3, 1st Sector, HSR Layout, Bengaluru, Karnataka 560102",12.9207539,77.650514,Restaurant,http://www.casafresco.in/,ChZDSUhNMG9nS0VJQ0FnSURQNU1XWVpREAE,"Casa Fresco, HSR: All",Navin Joshi,102351521181118214593,False,5,"Loved the food at Casa Fresco! The Alfredo Pasta was rich and satisfying, while the English Breakfast had everything done just right. Their Thin Crust Pizza was light, crispy, and delicious. Cozy vibe, quick service, and a menu that hits the spot—definitely coming back for more!",0,Edited a year ago,"{""food"": 5, ""service_rating"": 5, ""atmosphere"": 5}"
"Casa Fresco, HSR: All-Day Dining & Café",080 4992 7445,"73, 27th Main Rd, Phase 3, 1st Sector, HSR Layout, Bengaluru, Karnataka 560102",12.9207539,77.650514,Restaurant,http://www.casafresco.in/,ChZDSUhNMG9nS0VJQ0FnTURvdE1UQ1hREAE,"Casa Fresco, HSR: All",Jesvin Jose,104704881401102461769,False,1,,0,a year ago,"{""dining_mode"": ""Dine in"", ""meal_type"": ""Other"", ""price_per_person"": ""₹400–600"", ""food"": 1, ""service_rating"": 1, ""atmosphere"": 3}"
"Casa Fresco, HSR: All-Day Dining & Café",080 4992 7445,"73, 27th Main Rd, Phase 3, 1st Sector, HSR Layout, Bengaluru, Karnataka 560102",12.9207539,77.650514,Restaurant,http://www.casafresco.in/,ChZDSUhNMG9nS0VJQ0FnTURvcVB1T1ZREAE,"Casa Fresco, HSR: All",ZUNED BAIGH Moghal,109867901487531842340,True,5,,0,a year ago,
"Casa Fresco, HSR: All-Day Dining & Café",080 4992 7445,"73, 27th Main Rd, Phase 3, 1st Sector, HSR Layout, Bengaluru, Karnataka 560102",12.9207539,77.650514,Restaurant,http://www.casafresco.in/,ChdDSUhNMG9nS0VJQ0FnTURvOElyN19RRRAB,"Casa Fresco, HSR: All",hr smitha,103042175347443400855,True,4,,0,a year ago,
"Casa Fresco, HSR: All-Day Dining & Café",080 4992 7445,"73, 27th Main Rd, Phase 3, 1st Sector, HSR Layout, Bengaluru, Karnataka 560102",12.9207539,77.650514,Restaurant,http://www.casafresco.in/,ChZDSUhNMG9nS0VJQ0FnTURva0lfSVBREAE,"Casa Fresco, HSR: All",S R R N PRIYADARSHI,111157865602627540591,False,5,,0,a year ago,
"Casa Fresco, HSR: All-Day Dining & Café",080 4992 7445,"73, 27th Main Rd, Phase 3, 1st Sector, HSR Layout, Bengaluru, Karnataka 560102",12.9207539,77.650514,Restaurant,http://www.casafresco.in/,ChZDSUhNMG9nS0VJQ0FnTURva0lTZUtnEAE,"Casa Fresco, HSR: All",Neelu Sharma,114371262065842127936,True,2,Not a good experience at all We ordered sizzler ..first it took 1 hour 20 min to get our order. On the name of vegetables both plate was loaded only with baby corn and carrot . There was not taste in rice  it was very blend we ordered lemonade which was good  . Bhel was again very bad  . Nachos was okay . Not recommended place at all,0,a year ago,"{""dining_mode"": ""Dine in"", ""meal_type"": ""Lunch"", ""price_per_person"": ""₹400–600"", ""food"": 2, ""service_rating"": 3, ""atmosphere"": 3}"
"Casa Fresco, HSR: All-Day Dining & Café",080 4992 7445,"73, 27th Main Rd, Phase 3, 1st Sector, HSR Layout, Bengaluru, Karnataka 560102",12.9207539,77.650514,Restaurant,http://www.casafresco.in/,ChdDSUhNMG9nS0VJQ0FnTUNvdDcyNDNRRRAB,"Casa Fresco, HSR: All",priyanka amar,113787235293450041852,True,5,"The menu is incredibly vast, offering something for every craving. I tried the bolognese pasta, the souffle cheese omelette, and a cold coffee — each dish was packed with flavor and beautifully presented. The pasta was rich and hearty, the omelette light and fluffy, and the cold coffee was the perfect refreshing finish. Definitely a place I’d recommend for both variety and taste!",0,a year ago,"{""food"": 5, ""service_rating"": 5, ""atmosphere"": 4}"
"Casa Fresco, HSR: All-Day Dining & Café",080 4992 7445,"73, 27th Main Rd, Phase 3, 1st Sector, HSR Layout, Bengaluru, Karnataka 560102",12.9207539,77.650514,Restaurant,http://www.casafresco.in/,ChZDSUhNMG9nS0VJQ0FnTUNvcDZ6V0Z3EAE,"Casa Fresco, HSR: All",Neeru V,107271342782706007016,True,5,"Tim , was a great host . She took good care of us . Food was delicious and perfectly  spiced. Menu is so elaborate that there is food choice for everyone. Chilli momo,paneershashlik sizzler,bruschetta, chicken stater,  ice latte, Boba tea, peach  ice tea.",0,a year ago,
"Casa Fresco, HSR: All-Day Dining & Café",080 4992 7445,"73, 27th Main Rd, Phase 3, 1st Sector, HSR Layout, Bengaluru, Karnataka 560102",12.9207539,77.650514,Restaurant,http://www.casafresco.in/,ChZDSUhNMG9nS0VJQ0FnTUNveF9MVkVBEAE,"Casa Fresco, HSR: All",mohit ritolia,110777558788055556571,True,4,,0,a year ago,"{""dining_mode"": ""Dine in"", ""meal_type"": ""Brunch"", ""price_per_person"": ""₹400–600"", ""food"": 5, ""service_rating"": 4, ""atmosphere"": 4}"
"Casa Fresco, HSR: All-Day Dining & Café",080 4992 7445,"73, 27th Main Rd, Phase 3, 1st Sector, HSR Layout, Bengaluru, Karnataka 560102",12.9207539,77.650514,Restaurant,http://www.casafresco.in/,ChdDSUhNMG9nS0VJQ0FnTUNvbTVxRGlnRRAB,"Casa Fresco, HSR: All",Robin Dsouza,114728919657868820315,True,4,"A quaint little place just off the 27th main in HSR. Quality of food is exceptional and so is the ambience Service could be improved. Overall quite happy, and will surely visit again.",0,a year ago,"{""dining_mode"": ""Dine in"", ""meal_type"": ""Dinner"", ""price_per_person"": ""₹400–600"", ""food"": 5, ""service_rating"": 3, ""atmosphere"": 4, ""recommended_dishes"": ""Hazelnut Cold Coffee""}"
"Casa Fresco, HSR: All-Day Dining & Café",080 4992 7445,"73, 27th Main Rd, Phase 3, 1st Sector, HSR Layout, Bengaluru, Karnataka 560102",12.9207539,77.650514,Restaurant,http://www.casafresco.in/,ChdDSUhNMG9nS0VJQ0FnTUNvczZfSThRRRAB,"Casa Fresco, HSR: All",Gargi Singh,118011781037740767970,False,3,,0,a year ago,"{""food"": 3, ""service_rating"": 2, ""atmosphere"": 3}"
"Casa Fresco, HSR: All-Day Dining & Café",080 4992 7445,"73, 27th Main Rd, Phase 3, 1st Sector, HSR Layout, Bengaluru, Karnataka 560102",12.9207539,77.650514,Restaurant,http://www.casafresco.in/,ChdDSUhNMG9nS0VJQ0FnTUNvczhXVDBBRRAB,"Casa Fresco, HSR: All",Jyoti Singh,104359398352612267346,True,4,,0,a year ago,"{""food"": 4, ""service_rating"": 4, ""atmosphere"": 5}"
"Casa Fresco, HSR: All-Day Dining & Café",080 4992 7445,"73, 27th Main Rd, Phase 3, 1st Sector, HSR Layout, Bengaluru, Karnataka 560102",12.9207539,77.650514,Restaurant,http://www.casafresco.in/,ChdDSUhNMG9nS0VJQ0FnTUNvdzd6QTNBRRAB,"Casa Fresco, HSR: All",Siddharth Banerjee,107084938919105389714,False,5,"Wonderful place with the perfect ambiance to enjoy a meal. The food was fantastic and the service is commendable! We felt very hospitable because of Achumi, who helped us throughout the meal. Thank you!",0,a year ago,"{""food"": 5, ""service_rating"": 5, ""atmosphere"": 5}"
"Casa Fresco, HSR: All-Day Dining & Café",080 4992 7445,"73, 27th Main Rd, Phase 3, 1st Sector, HSR Layout, Bengaluru, Karnataka 560102",12.9207539,77.650514,Restaurant,http://www.casafresco.in/,ChZDSUhNMG9nS0VJQ0FnTUNvX2JDcWNnEAE,"Casa Fresco, HSR: All",surbhi mehta,112055200935667448719,False,5,"The food was good. The staff was very helpful, Achumi had some really great recommendations to give.",0,a year ago,"{""food"": 5, ""service_rating"": 5, ""atmosphere"": 5}"
"Casa Fresco, HSR: All-Day Dining & Café",080 4992 7445,"73, 27th Main Rd, Phase 3, 1st Sector, HSR Layout, Bengaluru, Karnataka 560102",12.9207539,77.650514,Restaurant,http://www.casafresco.in/,ChdDSUhNMG9nS0VJQ0FnTUNvdnRHbzFBRRAB,"Casa Fresco, HSR: All",Rakshitha Robert,105832916408085627948,False,5,,0,a year ago,"{""dining_mode"": ""Dine in"", ""meal_type"": ""Brunch"", ""price_per_person"": ""₹600–800"", ""recommended_dishes"": ""Hazelnut Cold Coffee""}"
"Casa Fresco, HSR: All-Day Dining & Café",080 4992 7445,"73, 27th Main Rd, Phase 3, 1st Sector, HSR Layout, Bengaluru, Karnataka 560102",12.9207539,77.650514,Restaurant,http://www.casafresco.in/,ChZDSUhNMG9nS0VJQ0FnTUNveE15U0lREAE,"Casa Fresco, HSR: All",Sharvil Parekh,112640275420056129762,True,5,,0,a year ago,"{""meal_type"": ""Dinner"", ""food"": 5, ""service_rating"": 5, ""atmosphere"": 5}"
"Casa Fresco, HSR: All-Day Dining & Café",080 4992 7445,"73, 27th Main Rd, Phase 3, 1st Sector, HSR Layout, Bengaluru, Karnataka 560102",12.9207539,77.650514,Restaurant,http://www.casafresco.in/,ChZDSUhNMG9nS0VJQ0FnTUNvNklxUlp3EAE,"Casa Fresco, HSR: All",Shubhangi Dasgupta,110837895712205960377,True,5,,0,a year ago,
"Casa Fresco, HSR: All-Day Dining & Café",080 4992 7445,"73, 27th Main Rd, Phase 3, 1st Sector, HSR Layout, Bengaluru, Karnataka 560102",12.9207539,77.650514,Restaurant,http://www.casafresco.in/,ChZDSUhNMG9nS0VJQ0FnTURJbDVHY1B3EAE,"Casa Fresco, HSR: All",mehak kumar,100524844166474235867,True,3,"Plenty of seating, although I wouldn't recommend going there on a hot afternoon. The place is overhyped. Service is slow. We had cold coffee which was ok, hanoi iced coffee was ok. The jalapeno cheese balls were bland served with an average dip. The portion size is not worth the money. The Mediterranean sauce penne pasta was ok ok, too much sauce not enough pasta with undercooked broccoli. Overall experience was ok, nothing special",0,a year ago,"{""dining_mode"": ""Dine in"", ""meal_type"": ""Other"", ""price_per_person"": ""₹400–600"", ""food"": 3, ""service_rating"": 3, ""atmosphere"": 3, ""vegetarian_recommendation"": ""Somewhat recommend"", ""vegetarian_offerings"": ""Clearly labeled vegetarian dishes"", ""parking_space"": ""Not sure"", ""wheelchair_accessibility"": ""Yes""}"
"Casa Fresco, HSR: All-Day Dining & Café",080 4992 7445,"73, 27th Main Rd, Phase 3, 1st Sector, HSR Layout, Bengaluru, Karnataka 560102",12.9207539,77.650514,Restaurant,http://www.casafresco.in/,ChdDSUhNMG9nS0VJQ0FnTURJaF8yRnN3RRAB,"Casa Fresco, HSR: All",Riddhi Pania,111381492236233176344,True,4,,0,a year ago,"{""food"": 4, ""service_rating"": 3, ""atmosphere"": 4}"
"Casa Fresco, HSR: All-Day Dining & Café",080 4992 7445,"73, 27th Main Rd, Phase 3, 1st Sector, HSR Layout, Bengaluru, Karnataka 560102",12.9207539,77.650514,Restaurant,http://www.casafresco.in/,ChZDSUhNMG9nS0VJQ0FnTURJLTdpcVd3EAE,"Casa Fresco, HSR: All",mohd majid Masroor,107641459881594104360,False,1,Worst experience i had ever in a cafe. The staff is highly unprofessional and non-cooperative. I went out with my friends they ordered one chicken and one veg burger and they switched there orders beacuse of which and my friend who is a brahman ate chicken. And the staff as well as the owner had no remorse over it. Even the noodles that we ordered were freezing cold and tasteless. I have been to this cafe multiple times since i live near by and i can clearly say that it’s not what is ysed to be and people should just boycott. If you don’t want a horrying dining experience my advice to you would be to avoid going to this place.,0,a year ago,"{""dining_mode"": ""Dine in"", ""meal_type"": ""Brunch"", ""price_per_person"": ""₹1,200–1,400"", ""food"": 1, ""service_rating"": 1, ""atmosphere"": 1}"
"Casa Fresco, HSR: All-Day Dining & Café",080 4992 7445,"73, 27th Main Rd, Phase 3, 1st Sector, HSR Layout, Bengaluru, Karnataka 560102",12.9207539,77.650514,Restaurant,http://www.casafresco.in/,ChZDSUhNMG9nS0VJQ0FnTURJbTRMMmN3EAE,"Casa Fresco, HSR: All",Prachi Bhinde,112633905543849312750,False,5,"Amazing food, great service by Karuna",0,a year ago,
"Casa Fresco, HSR: All-Day Dining & Café",080 4992 7445,"73, 27th Main Rd, Phase 3, 1st Sector, HSR Layout, Bengaluru, Karnataka 560102",12.9207539,77.650514,Restaurant,http://www.casafresco.in/,ChZDSUhNMG9nS0VJQ0FnTURJNl9ycmJREAE,"Casa Fresco, HSR: All",Anushka Sinha Capoor,109483461523037700868,True,5,Great food and nice atmosphere to have breakfast/brunch. Achumi was helpful with quick service.,0,a year ago,"{""dining_mode"": ""Dine in"", ""meal_type"": ""Breakfast"", ""price_per_person"": ""₹400–600"", ""food"": 4, ""service_rating"": 4, ""atmosphere"": 5}"
"Casa Fresco, HSR: All-Day Dining & Café",080 4992 7445,"73, 27th Main Rd, Phase 3, 1st Sector, HSR Layout, Bengaluru, Karnataka 560102",12.9207539,77.650514,Restaurant,http://www.casafresco.in/,ChdDSUhNMG9nS0VJQ0FnTURJazhiVV9BRRAB,"Casa Fresco, HSR: All",Neil Desmond Francis (Cynical Brown Guy),112541150905605865589,True,3,"Nice ambience and food was okay as well. Nachos, Milk Shake and Cold Coffee was delicious. Staff was very good 👍 Only disappointment was the waffles it was Small, Hard, Tasteless and Overcooked👎",0,a year ago,"{""dining_mode"": ""Dine in"", ""meal_type"": ""Brunch"", ""price_per_person"": ""₹400–600"", ""food"": 3, ""service_rating"": 5, ""atmosphere"": 3, ""vegetarian_recommendation"": ""Somewhat recommend"", ""vegetarian_offerings"": ""Clearly labeled vegetarian dishes"", ""parking_space"": ""Not sure""}"
"Casa Fresco, HSR: All-Day Dining & Café",080 4992 7445,"73, 27th Main Rd, Phase 3, 1st Sector, HSR Layout, Bengaluru, Karnataka 560102",12.9207539,77.650514,Restaurant,http://www.casafresco.in/,ChZDSUhNMG9nS0VJQ0FnTURJbzZhaWNREAE,"Casa Fresco, HSR: All",Sudhanshu Payasi,115473667786507904846,False,5,Wonderful place and great staff. Kim was very good in terms of service.,0,a year ago,"{""food"": 5, ""service_rating"": 5, ""atmosphere"": 5}"
"Casa Fresco, HSR: All-Day Dining & Café",080 4992 7445,"73, 27th Main Rd, Phase 3, 1st Sector, HSR Layout, Bengaluru, Karnataka 560102",12.9207539,77.650514,Restaurant,http://www.casafresco.in/,ChdDSUhNMG9nS0VJQ0FnTURJdzliM3VRRRAB,"Casa Fresco, HSR: All",sanjana santhosh,117510654971594043672,False,5,Really good and great service by Karuna!,0,a year ago,"{""food"": 5, ""service_rating"": 5, ""atmosphere"": 5}"
"Casa Fresco, HSR: All-Day Dining & Café",080 4992 7445,"73, 27th Main Rd, Phase 3, 1st Sector, HSR Layout, Bengaluru, Karnataka 560102",12.9207539,77.650514,Restaurant,http://www.casafresco.in/,ChZDSUhNMG9nS0VJQ0FnTURJdzh6TGNnEAE,"Casa Fresco, HSR: All",Payal Shetty,104199635655115239928,True,5,,0,a year ago,
"Casa Fresco, HSR: All-Day Dining & Café",080 4992 7445,"73, 27th Main Rd, Phase 3, 1st Sector, HSR Layout, Bengaluru, Karnataka 560102",12.9207539,77.650514,Restaurant,http://www.casafresco.in/,ChZDSUhNMG9nS0VJQ0FnTURJX2YtR0xBEAE,"Casa Fresco, HSR: All",Saharsh Agarwal,102823400759074672148,False,5,Good food and vibe. Great service by Achumi.,0,a year ago,"{""food"": 5, ""service_rating"": 5, ""atmosphere"": 5}"
"Casa Fresco, HSR: All-Day Dining & Café",080 4992 7445,"73, 27th Main Rd, Phase 3, 1st Sector, HSR Layout, Bengaluru, Karnataka 560102",12.9207539,77.650514,Restaurant,http://www.casafresco.in/,ChZDSUhNMG9nS0VJQ0FnTURJN1pXUFNREAE,"Casa Fresco, HSR: All",Ayush Jain,107050504676367860031,True,5,Achumi was very nice and helpful. She helped us pick the best things on the menu.,0,a year ago,"{""food"": 4, ""service_rating"": 5, ""atmosphere"": 4}"
"Casa Fresco, HSR: All-Day Dining & Café",080 4992 7445,"73, 27th Main Rd, Phase 3, 1st Sector, HSR Layout, Bengaluru, Karnataka 560102",12.9207539,77.650514,Restaurant,http://www.casafresco.in/,ChZDSUhNMG9nS0VJQ0FnTURJN2JHV1hBEAE,"Casa Fresco, HSR: All",Naina Thakur,100053881219902739648,False,5,Amazing food and great service by Achumi,0,a year ago,"{""food"": 5, ""service_rating"": 5, ""atmosphere"": 5}"
"Casa Fresco, HSR: All-Day Dining & Café",080 4992 7445,"73, 27th Main Rd, Phase 3, 1st Sector, HSR Layout, Bengaluru, Karnataka 560102",12.9207539,77.650514,Restaurant,http://www.casafresco.in/,ChdDSUhNMG9nS0VJQ0FnTURJN2JhcjRRRRAB,"Casa Fresco, HSR: All",gunamala jain,108045980006784842592,True,4,,0,a year ago,"{""food"": 3, ""service_rating"": 3, ""atmosphere"": 4}"
"Casa Fresco, HSR: All-Day Dining & Café",080 4992 7445,"73, 27th Main Rd, Phase 3, 1st Sector, HSR Layout, Bengaluru, Karnataka 560102",12.9207539,77.650514,Restaurant,http://www.casafresco.in/,ChdDSUhNMG9nS0VJQ0FnTURJcmFXcm1BRRAB,"Casa Fresco, HSR: All",Nikhil Seshappa,105564537003402727616,True,5,"Cafe Fresco is a quaint little gem that we somehow missed visiting until now. The food is absolutely delicious, with great presentation that adds to the overall experience. The ambience is lovely, making it a perfect spot to relax and unwind. What truly made our experience stand out was the exceptional service from Catherine, who attended to us with a warm smile and was incredibly attentive throughout our visit. If you're looking for a great spot to grab a bite or catch up with friends, Cafe Fresco is definitely worth a visit.",0,a year ago,"{""dining_mode"": ""Dine in"", ""meal_type"": ""Breakfast"", ""price_per_person"": ""₹400–600"", ""food"": 5, ""service_rating"": 5, ""atmosphere"": 5}"
"Casa Fresco, HSR: All-Day Dining & Café",080 4992 7445,"73, 27th Main Rd, Phase 3, 1st Sector, HSR Layout, Bengaluru, Karnataka 560102",12.9207539,77.650514,Restaurant,http://www.casafresco.in/,ChZDSUhNMG9nS0VJQ0FnSUR0aHRtcEpREAE,"Casa Fresco, HSR: All",aswin ap,104726543045619177233,True,5,Great food and pretty place!! Good for Sunday brunch,0,Edited a year ago,"{""dining_mode"": ""Dine in"", ""meal_type"": ""Dinner"", ""price_per_person"": ""₹600–800"", ""food"": 5, ""service_rating"": 4, ""atmosphere"": 4, ""recommended_dishes"": ""Florentine Pizza 12 Inches, Cheese Balls""}"
"Casa Fresco, HSR: All-Day Dining & Café",080 4992 7445,"73, 27th Main Rd, Phase 3, 1st Sector, HSR Layout, Bengaluru, Karnataka 560102",12.9207539,77.650514,Restaurant,http://www.casafresco.in/,ChZDSUhNMG9nS0VJQ0FnTURJdHIyekpREAE,"Casa Fresco, HSR: All",ABHIJIT DEBNATH,116190379884935315370,False,5,,0,a year ago,"{""food"": 5, ""service_rating"": 5, ""atmosphere"": 5}"
"Casa Fresco, HSR: All-Day Dining & Café",080 4992 7445,"73, 27th Main Rd, Phase 3, 1st Sector, HSR Layout, Bengaluru, Karnataka 560102",12.9207539,77.650514,Restaurant,http://www.casafresco.in/,ChZDSUhNMG9nS0VJQ0FnTURJNXZLZmRnEAE,"Casa Fresco, HSR: All",Dipraj nath,114410654630550029144,False,5,,0,a year ago,"{""meal_type"": ""Dinner"", ""price_per_person"": ""₹600–800""}"
"Casa Fresco, HSR: All-Day Dining & Café",080 4992 7445,"73, 27th Main Rd, Phase 3, 1st Sector, HSR Layout, Bengaluru, Karnataka 560102",12.9207539,77.650514,Restaurant,http://www.casafresco.in/,ChZDSUhNMG9nS0VJQ0FnTURJNXJUeFVBEAE,"Casa Fresco, HSR: All",Partha Bhowmick,105332415015472925021,False,5,,0,a year ago,"{""food"": 5, ""service_rating"": 5, ""atmosphere"": 5}"
"Casa Fresco, HSR: All-Day Dining & Café",080 4992 7445,"73, 27th Main Rd, Phase 3, 1st Sector, HSR Layout, Bengaluru, Karnataka 560102",12.9207539,77.650514,Restaurant,http://www.casafresco.in/,ChZDSUhNMG9nS0VJQ0FnTURJNW9pTkJBEAE,"Casa Fresco, HSR: All",Anamika Debnath,104678012676673351735,False,5,,0,a year ago,
"Casa Fresco, HSR: All-Day Dining & Café",080 4992 7445,"73, 27th Main Rd, Phase 3, 1st Sector, HSR Layout, Bengaluru, Karnataka 560102",12.9207539,77.650514,Restaurant,http://www.casafresco.in/,ChZDSUhNMG9nS0VJQ0FnTURJb3ZQdVlBEAE,"Casa Fresco, HSR: All",Sriram Chakravarthy,112269053032091659274,False,3,,0,a year ago,"{""food"": 2, ""service_rating"": 4, ""atmosphere"": 5}"
"Casa Fresco, HSR: All-Day Dining & Café",080 4992 7445,"73, 27th Main Rd, Phase 3, 1st Sector, HSR Layout, Bengaluru, Karnataka 560102",12.9207539,77.650514,Restaurant,http://www.casafresco.in/,ChZDSUhNMG9nS0VJQ0FnTURJd3F1VVBREAE,"Casa Fresco, HSR: All",Kishor Magar,114767749470143073980,False,3,Today i visited the casa fresco cafe The sarvice was good 5/5 I order 1agli aoile 🍝 2 plates of chicken fried rice 🍚 Pasta is not bad But the fried is not good I order 3 plates of rice =I got stones 🪨 also the 2 plates 🤮🤮🤮 Fresh jush is awesome 👍 5/5,0,a year ago,"{""dining_mode"": ""Dine in"", ""meal_type"": ""Lunch""}"
"Casa Fresco, HSR: All-Day Dining & Café",080 4992 7445,"73, 27th Main Rd, Phase 3, 1st Sector, HSR Layout, Bengaluru, Karnataka 560102",12.9207539,77.650514,Restaurant,http://www.casafresco.in/,ChdDSUhNMG9nS0VJQ0FnTURJNkozSjFRRRAB,"Casa Fresco, HSR: All",Amrut Jadhav,103759871124857081570,True,5,Uplifting vibes and food is good.,0,a year ago,"{""dining_mode"": ""Dine in"", ""meal_type"": ""Dinner"", ""price_per_person"": ""₹200–400"", ""food"": 4, ""service_rating"": 4, ""atmosphere"": 5}"
"Casa Fresco, HSR: All-Day Dining & Café",080 4992 7445,"73, 27th Main Rd, Phase 3, 1st Sector, HSR Layout, Bengaluru, Karnataka 560102",12.9207539,77.650514,Restaurant,http://www.casafresco.in/,ChZDSUhNMG9nS0VJQ0FnTURJMEstZWJBEAE,"Casa Fresco, HSR: All",Tanvi Pushparaj,116128654923180215622,False,4,the food was good served by achumi,0,a year ago,"{""food"": 4, ""service_rating"": 4, ""atmosphere"": 4}"
"Casa Fresco, HSR: All-Day Dining & Café",080 4992 7445,"73, 27th Main Rd, Phase 3, 1st Sector, HSR Layout, Bengaluru, Karnataka 560102",12.9207539,77.650514,Restaurant,http://www.casafresco.in/,ChZDSUhNMG9nS0VJQ0FnTURJME42a01nEAE,"Casa Fresco, HSR: All",Rahul Pandey,113422184284324154268,True,5,"Feels like you are sitting in your own Nani Ghar ka lawn. Achumi was a very sweet host from Nagaland, she takes care of her guest with a wonderful smile like a wonder girl. Will visit again with my friends.",0,a year ago,"{""dining_mode"": ""Dine in"", ""meal_type"": ""Brunch"", ""price_per_person"": ""₹800–1,000"", ""food"": 5, ""service_rating"": 5, ""atmosphere"": 5, ""vegetarian_recommendation"": ""Highly recommend"", ""vegetarian_offerings"": ""Not sure"", ""parking_space"": ""Somewhat difficult to find parking"", ""parking_options"": ""Free street parking"", ""kid_friendliness"": ""Yes very friendly"", ""wheelchair_accessibility"": ""Yes""}"
"Casa Fresco, HSR: All-Day Dining & Café",080 4992 7445,"73, 27th Main Rd, Phase 3, 1st Sector, HSR Layout, Bengaluru, Karnataka 560102",12.9207539,77.650514,Restaurant,http://www.casafresco.in/,ChZDSUhNMG9nS0VJQ0FnTURJa08tb1N3EAE,"Casa Fresco, HSR: All",nikki khosla,111186430381012993814,True,4,"Hi, We are regular customers of your restaurant and usually order the same items — Cold Coffee, Bird Eye Breakfast, and Veg Paneer Bhurji Breakfast. Today, for the first time, we were informed that the complimentary beverage is no longer available after 12 PM.  If this is a new rule, we just wanted to share that it feels a bit disappointing, especially for loyal customers like us. It’s a small gesture (a juice or tea), but it adds to the overall experience.  If this policy continues, we might prefer not to visit post-noon, which could affect our frequency and your sales — all over something so small. We hope you’ll reconsider or at least communicate it more clearly next time.  Thanks for understanding",0,a year ago,"{""food"": 5, ""service_rating"": 5, ""atmosphere"": 4}"
"Casa Fresco, HSR: All-Day Dining & Café",080 4992 7445,"73, 27th Main Rd, Phase 3, 1st Sector, HSR Layout, Bengaluru, Karnataka 560102",12.9207539,77.650514,Restaurant,http://www.casafresco.in/,ChZDSUhNMG9nS0VJQ0FnTURJa1BmbUVnEAE,"Casa Fresco, HSR: All",Vibhor Kalra,101334806881473021147,True,5,"Excellent food and ambience Very green and lively Great service by Achumi! We had a Mediterranean pink pasta, peri rooster chicken burger, masala soda and peach ice tea. All dishes were great",0,a year ago,"{""dining_mode"": ""Dine in"", ""meal_type"": ""Lunch"", ""price_per_person"": ""₹400–600"", ""food"": 5, ""service_rating"": 5, ""atmosphere"": 5}"
"Casa Fresco, HSR: All-Day Dining & Café",080 4992 7445,"73, 27th Main Rd, Phase 3, 1st Sector, HSR Layout, Bengaluru, Karnataka 560102",12.9207539,77.650514,Restaurant,http://www.casafresco.in/,ChZDSUhNMG9nS0VJQ0FnTURJa0lxVU5BEAE,"Casa Fresco, HSR: All",Waluscha Fernandes,113454274462089808183,False,5,Karuna was great! sausages were a little salty though,0,a year ago,"{""food"": 4, ""service_rating"": 5, ""atmosphere"": 5}"
"Casa Fresco, HSR: All-Day Dining & Café",080 4992 7445,"73, 27th Main Rd, Phase 3, 1st Sector, HSR Layout, Bengaluru, Karnataka 560102",12.9207539,77.650514,Restaurant,http://www.casafresco.in/,ChZDSUhNMG9nS0VJQ0FnTURJNE1xMVRnEAE,"Casa Fresco, HSR: All",Amartya Dey,105690292765615422308,False,5,Karina’s service was awesome,0,a year ago,
"Casa Fresco, HSR: All-Day Dining & Café",080 4992 7445,"73, 27th Main Rd, Phase 3, 1st Sector, HSR Layout, Bengaluru, Karnataka 560102",12.9207539,77.650514,Restaurant,http://www.casafresco.in/,ChdDSUhNMG9nS0VJQ0FnTURJNE9ETDRBRRAB,"Casa Fresco, HSR: All",Siddharth,112537506598482777858,False,5,Food was great and the service by Karuna was awesome!,0,a year ago,"{""dining_mode"": ""Dine in"", ""food"": 5, ""service_rating"": 5, ""atmosphere"": 5}"
"Casa Fresco, HSR: All-Day Dining & Café",080 4992 7445,"73, 27th Main Rd, Phase 3, 1st Sector, HSR Layout, Bengaluru, Karnataka 560102",12.9207539,77.650514,Restaurant,http://www.casafresco.in/,ChZDSUhNMG9nS0VJQ0FnTURJb01fX0h3EAE,"Casa Fresco, HSR: All",Arsita Rout,106456586304251670390,False,5,Achumi has been a great help throughout. Amazing food and ambience.,0,a year ago,"{""food"": 5, ""service_rating"": 5, ""atmosphere"": 5}"
"Casa Fresco, HSR: All-Day Dining & Café",080 4992 7445,"73, 27th Main Rd, Phase 3, 1st Sector, HSR Layout, Bengaluru, Karnataka 560102",12.9207539,77.650514,Restaurant,http://www.casafresco.in/,ChZDSUhNMG9nS0VJQ0FnTURJb0txX0xREAE,"Casa Fresco, HSR: All",Villajoe bd,107772759314308156079,True,1,"The food was so bad, we had offered pizza and it the crust was so hard that wasn’t edible. All the other things ordered also just not worth it. Would not recommend this place to anyone. Thanks!",0,a year ago,"{""dining_mode"": ""Dine in"", ""meal_type"": ""Dinner"", ""price_per_person"": ""₹1,000–1,200"", ""food"": 1}"
"Casa Fresco, HSR: All-Day Dining & Café",080 4992 7445,"73, 27th Main Rd, Phase 3, 1st Sector, HSR Layout, Bengaluru, Karnataka 560102",12.9207539,77.650514,Restaurant,http://www.casafresco.in/,ChdDSUhNMG9nS0VJQ0FnTURJb01xaTlnRRAB,"Casa Fresco, HSR: All",Sona Sharma,112945346208168409547,False,5,"Thanks to Karuna, she made our morning with her lovely smile and hospitality.",0,a year ago,"{""food"": 5, ""service_rating"": 5, ""atmosphere"": 5}"
"Casa Fresco, HSR: All-Day Dining & Café",080 4992 7445,"73, 27th Main Rd, Phase 3, 1st Sector, HSR Layout, Bengaluru, Karnataka 560102",12.9207539,77.650514,Restaurant,http://www.casafresco.in/,ChdDSUhNMG9nS0VJQ0FnTUNJejQtTzV3RRAB,"Casa Fresco, HSR: All",raj sharma,111547983239616575779,False,5,Nice place and superb ambience. The hospitality by karuna was soo good.,0,a year ago,"{""dining_mode"": ""Dine in"", ""food"": 5, ""service_rating"": 5, ""atmosphere"": 5}"
"Casa Fresco, HSR: All-Day Dining & Café",080 4992 7445,"73, 27th Main Rd, Phase 3, 1st Sector, HSR Layout, Bengaluru, Karnataka 560102",12.9207539,77.650514,Restaurant,http://www.casafresco.in/,ChZDSUhNMG9nS0VJQ0FnTUNJai1IVVJREAE,"Casa Fresco, HSR: All",alisha zia,107561459299403520978,True,2,"Bad pancake and coffee, very limited options in coffee",0,a year ago,"{""food"": 1, ""service_rating"": 5, ""atmosphere"": 4}"
"Casa Fresco, HSR: All-Day Dining & Café",080 4992 7445,"73, 27th Main Rd, Phase 3, 1st Sector, HSR Layout, Bengaluru, Karnataka 560102",12.9207539,77.650514,Restaurant,http://www.casafresco.in/,ChZDSUhNMG9nS0VJQ0FnTUNJdDd6c1JBEAE,"Casa Fresco, HSR: All",Sneha Bhaumik,115188572682374676079,False,5,Stumbled upon this place while I was in HSR - a cozy place with a lovely menu. Tried their sandwiches and frappes and loved the same. Thank you Karuna,0,a year ago,"{""food"": 5, ""service_rating"": 5, ""atmosphere"": 5}"
"Casa Fresco, HSR: All-Day Dining & Café",080 4992 7445,"73, 27th Main Rd, Phase 3, 1st Sector, HSR Layout, Bengaluru, Karnataka 560102",12.9207539,77.650514,Restaurant,http://www.casafresco.in/,ChdDSUhNMG9nS0VJQ0FnTUNJMV9hel93RRAB,"Casa Fresco, HSR: All",Sneha Panthi,112283661028059065966,False,5,Food was very yummy nd the staff was very good nd Achumi was really kind ❤️,0,a year ago,"{""food"": 5, ""service_rating"": 5, ""atmosphere"": 5}"
"Casa Fresco, HSR: All-Day Dining & Café",080 4992 7445,"73, 27th Main Rd, Phase 3, 1st Sector, HSR Layout, Bengaluru, Karnataka 560102",12.9207539,77.650514,Restaurant,http://www.casafresco.in/,ChdDSUhNMG9nS0VJQ0FnTUNJMTRpbm9nRRAB,"Casa Fresco, HSR: All",Abhishek Kumar Singh,111256415001089979791,False,3,Food is okaish - if you are in HSR can go - don’t visit this place specifically from anywhere outside HSR especially if you care about food,0,a year ago,"{""dining_mode"": ""Dine in"", ""meal_type"": ""Brunch"", ""price_per_person"": ""₹600–800"", ""food"": 3, ""service_rating"": 4, ""atmosphere"": 4}"
"Casa Fresco, HSR: All-Day Dining & Café",080 4992 7445,"73, 27th Main Rd, Phase 3, 1st Sector, HSR Layout, Bengaluru, Karnataka 560102",12.9207539,77.650514,Restaurant,http://www.casafresco.in/,ChZDSUhNMG9nS0VJQ0FnTUNJbDVUVEdnEAE,"Casa Fresco, HSR: All",Athira jose,104743352038130709362,False,1,Very nice,0,a year ago,"{""food"": 5, ""service_rating"": 5, ""atmosphere"": 5}"
"Casa Fresco, HSR: All-Day Dining & Café",080 4992 7445,"73, 27th Main Rd, Phase 3, 1st Sector, HSR Layout, Bengaluru, Karnataka 560102",12.9207539,77.650514,Restaurant,http://www.casafresco.in/,ChZDSUhNMG9nS0VJQ0FnTUNJNV8tYlhnEAE,"Casa Fresco, HSR: All",Anne Monish,100632847306362914394,True,4,"Good food, very soulful 😇",0,a year ago,"{""dining_mode"": ""Dine in"", ""meal_type"": ""Brunch"", ""price_per_person"": ""₹200–400"", ""food"": 4, ""service_rating"": 5, ""atmosphere"": 4}"
"Casa Fresco, HSR: All-Day Dining & Café",080 4992 7445,"73, 27th Main Rd, Phase 3, 1st Sector, HSR Layout, Bengaluru, Karnataka 560102",12.9207539,77.650514,Restaurant,http://www.casafresco.in/,ChdDSUhNMG9nS0VJQ0FnTUNJbVpIZWdnRRAB,"Casa Fresco, HSR: All",Priyanka B,110730837829254339337,True,5,"Service was great, especially from Achumi. Ambience was chill, laid back and cute !",0,a year ago,"{""food"": 4, ""service_rating"": 5, ""atmosphere"": 5}"
"Casa Fresco, HSR: All-Day Dining & Café",080 4992 7445,"73, 27th Main Rd, Phase 3, 1st Sector, HSR Layout, Bengaluru, Karnataka 560102",12.9207539,77.650514,Restaurant,http://www.casafresco.in/,ChZDSUhNMG9nS0VJQ0FnTUNJdXUtNkNBEAE,"Casa Fresco, HSR: All",Susma Tarafdar,106929922877551064098,True,5,"I love this place, it's an after office hang out place for snacks and beverages. Breakfast with your favourite people at this beautiful place. The staff is also good and helpful.",0,a year ago,"{""dining_mode"": ""Dine in"", ""meal_type"": ""Dinner"", ""price_per_person"": ""₹600–800"", ""food"": 5, ""service_rating"": 5, ""atmosphere"": 5, ""recommended_dishes"": ""Florentine Pizza 12 Inches, Fries, Hazelnut Cold Coffee"", ""vegetarian_recommendation"": ""Highly recommend"", ""vegetarian_offerings"": ""Clearly labeled vegetarian dishes"", ""vegetarian_options"": ""It is pet friendly too"", ""parking_space"": ""Difficult to find parking"", ""parking_options"": ""Free parking lot, Free street parking""}"
"Casa Fresco, HSR: All-Day Dining & Café",080 4992 7445,"73, 27th Main Rd, Phase 3, 1st Sector, HSR Layout, Bengaluru, Karnataka 560102",12.9207539,77.650514,Restaurant,http://www.casafresco.in/,ChZDSUhNMG9nS0VJQ0FnTUNJNHZieFVBEAE,"Casa Fresco, HSR: All",rashmi rajpal,109155689938076773702,False,5,Delicious food and excellent service. Karuna's hospitality was unmatched.,0,a year ago,"{""dining_mode"": ""Dine in"", ""meal_type"": ""Dinner"", ""price_per_person"": ""₹400–600"", ""food"": 5, ""service_rating"": 5, ""atmosphere"": 5}"
"Casa Fresco, HSR: All-Day Dining & Café",080 4992 7445,"73, 27th Main Rd, Phase 3, 1st Sector, HSR Layout, Bengaluru, Karnataka 560102",12.9207539,77.650514,Restaurant,http://www.casafresco.in/,ChdDSUhNMG9nS0VJQ0FnTUNJd29QNzdBRRAB,"Casa Fresco, HSR: All",Shelly Bhalla,116238428329722064971,False,4,Good brunch place ! Try their burgers,0,a year ago,"{""food"": 4, ""service_rating"": 5, ""atmosphere"": 5}"
"Casa Fresco, HSR: All-Day Dining & Café",080 4992 7445,"73, 27th Main Rd, Phase 3, 1st Sector, HSR Layout, Bengaluru, Karnataka 560102",12.9207539,77.650514,Restaurant,http://www.casafresco.in/,ChdDSUhNMG9nS0VJQ0FnTUNJZ3N1bnpBRRAB,"Casa Fresco, HSR: All",Shivanath Mahalingam,103004891696547051408,True,5,,0,a year ago,"{""food"": 5, ""service_rating"": 3, ""atmosphere"": 3}"
"Casa Fresco, HSR: All-Day Dining & Café",080 4992 7445,"73, 27th Main Rd, Phase 3, 1st Sector, HSR Layout, Bengaluru, Karnataka 560102",12.9207539,77.650514,Restaurant,http://www.casafresco.in/,ChZDSUhNMG9nS0VJQ0FnTUNJX05teGZBEAE,"Casa Fresco, HSR: All",Neha Tulsiani,102160688038655232843,True,5,,0,a year ago,"{""dining_mode"": ""Dine in"", ""meal_type"": ""Lunch"", ""price_per_person"": ""₹400–600"", ""food"": 4, ""service_rating"": 5, ""atmosphere"": 5, ""recommended_dishes"": ""Hazelnut Cold Coffee"", ""vegetarian_recommendation"": ""Highly recommend"", ""parking_options"": ""Free street parking""}"
"Casa Fresco, HSR: All-Day Dining & Café",080 4992 7445,"73, 27th Main Rd, Phase 3, 1st Sector, HSR Layout, Bengaluru, Karnataka 560102",12.9207539,77.650514,Restaurant,http://www.casafresco.in/,ChZDSUhNMG9nS0VJQ0FnTUNJX01DWk53EAE,"Casa Fresco, HSR: All",Alisha Parida,110908274947852227503,True,1,,0,a year ago,
"Casa Fresco, HSR: All-Day Dining & Café",080 4992 7445,"73, 27th Main Rd, Phase 3, 1st Sector, HSR Layout, Bengaluru, Karnataka 560102",12.9207539,77.650514,Restaurant,http://www.casafresco.in/,ChZDSUhNMG9nS0VJQ0FnTUNJNExITWVREAE,"Casa Fresco, HSR: All",Kartik Kumar Panday,115392295832648481246,True,5,"It was a very good time for us. Our host Karuna made sure that we had the best evening possible. Good place for a chitchat, snacks and dining.",0,a year ago,"{""dining_mode"": ""Dine in"", ""meal_type"": ""Dinner"", ""price_per_person"": ""₹400–600"", ""food"": 5, ""service_rating"": 5, ""atmosphere"": 5, ""recommended_dishes"": ""Fries, chk Steamed Momos, Hazelnut Cold Coffee""}"
"Casa Fresco, HSR: All-Day Dining & Café",080 4992 7445,"73, 27th Main Rd, Phase 3, 1st Sector, HSR Layout, Bengaluru, Karnataka 560102",12.9207539,77.650514,Restaurant,http://www.casafresco.in/,ChZDSUhNMG9nS0VJQ0FnTUNJeExXeUZREAE,"Casa Fresco, HSR: All",SHARDUL BISHT,107107704368913654246,True,5,"Had a wonderful experience at Casa fresco where we had Himalayan noodles and Irish cold coffee. Kudos to Karuna for providing great hospitality and, quick service. Must try Tandoori grilled sandwiches and, American pancakes.",0,a year ago,"{""dining_mode"": ""Dine in"", ""meal_type"": ""Brunch"", ""price_per_person"": ""₹400–600"", ""food"": 5, ""service_rating"": 5, ""atmosphere"": 5}"
"Casa Fresco, HSR: All-Day Dining & Café",080 4992 7445,"73, 27th Main Rd, Phase 3, 1st Sector, HSR Layout, Bengaluru, Karnataka 560102",12.9207539,77.650514,Restaurant,http://www.casafresco.in/,ChZDSUhNMG9nS0VJQ0FnTUNJeEk3WFhnEAE,"Casa Fresco, HSR: All",Mahakk,103188668722900741266,False,5,Amazing service by Achumi👍🏻😍,0,a year ago,"{""food"": 5, ""service_rating"": 5, ""atmosphere"": 5}"
"Casa Fresco, HSR: All-Day Dining & Café",080 4992 7445,"73, 27th Main Rd, Phase 3, 1st Sector, HSR Layout, Bengaluru, Karnataka 560102",12.9207539,77.650514,Restaurant,http://www.casafresco.in/,ChZDSUhNMG9nS0VJQ0FnTUNJeEpxb2VnEAE,"Casa Fresco, HSR: All",Shashwat Chaturvedi,112819451427674610653,False,5,"A good new find in HSR, rarely you find places so spacious in HSR. Brilliant Food. Brilliant atmosphere. Do try the hazelnut cold coffee",0,a year ago,"{""dining_mode"": ""Dine in"", ""meal_type"": ""Brunch"", ""price_per_person"": ""₹400–600"", ""food"": 5, ""service_rating"": 4, ""atmosphere"": 5, ""recommended_dishes"": ""Hazelnut Cold Coffee""}"
"Casa Fresco, HSR: All-Day Dining & Café",080 4992 7445,"73, 27th Main Rd, Phase 3, 1st Sector, HSR Layout, Bengaluru, Karnataka 560102",12.9207539,77.650514,Restaurant,http://www.casafresco.in/,ChdDSUhNMG9nS0VJQ0FnTUNJaE5lY2lRRRAB,"Casa Fresco, HSR: All",Anoop Pai,105597445689669035396,True,5,"We had a lovely time at Casa Fresco. The food tasted really great and had a comforting feel to it – like a warm, homemade touch. We tried the club sandwich, Himalayan chowmein, cappuccino, and detox mojito. Everything was fresh and full of flavor. The ambience is cozy and perfect for a relaxed meal. The service was fast, and the staff were polite and helpful. The place is located away from traffic in a humble neighbourhood, which adds to its charm. It’s well maintained and clean. Car parking can be a slight issue, but there is street parking available nearby, so it’s manageable. Overall, a peaceful spot with delicious food and a welcoming vibe. Would definitely recommend!",0,a year ago,"{""dining_mode"": ""Dine in"", ""meal_type"": ""Brunch"", ""price_per_person"": ""₹400–600"", ""food"": 5, ""service_rating"": 5, ""atmosphere"": 5, ""vegetarian_recommendation"": ""Highly recommend"", ""vegetarian_offerings"": ""Large vegetarian selection, Vegetarian menu or section, Clearly labeled vegetarian dishes"", ""parking_space"": ""Somewhat difficult to find parking"", ""parking_options"": ""Free street parking""}"
"Casa Fresco, HSR: All-Day Dining & Café",080 4992 7445,"73, 27th Main Rd, Phase 3, 1st Sector, HSR Layout, Bengaluru, Karnataka 560102",12.9207539,77.650514,Restaurant,http://www.casafresco.in/,ChdDSUhNMG9nS0VJQ0FnTUNJLU56QjlnRRAB,"Casa Fresco, HSR: All",Abhishek Salian,109366047365910540886,False,5,The food was delicious and Karuna who served us was splendid at her job. Amazing service!!,0,a year ago,"{""food"": 5, ""service_rating"": 5, ""atmosphere"": 5}"
"Casa Fresco, HSR: All-Day Dining & Café",080 4992 7445,"73, 27th Main Rd, Phase 3, 1st Sector, HSR Layout, Bengaluru, Karnataka 560102",12.9207539,77.650514,Restaurant,http://www.casafresco.in/,ChdDSUhNMG9nS0VJQ0FnTUNJeUpLNDRBRRAB,"Casa Fresco, HSR: All",Shruti Kamath,106668883046273721296,True,5,The food is amazing here.,0,a year ago,"{""dining_mode"": ""Dine in"", ""meal_type"": ""Dinner"", ""price_per_person"": ""₹600–800"", ""food"": 5, ""service_rating"": 5, ""atmosphere"": 5}"
"Casa Fresco, HSR: All-Day Dining & Café",080 4992 7445,"73, 27th Main Rd, Phase 3, 1st Sector, HSR Layout, Bengaluru, Karnataka 560102",12.9207539,77.650514,Restaurant,http://www.casafresco.in/,ChZDSUhNMG9nS0VJQ0FnTUNJaUpHQWVnEAE,"Casa Fresco, HSR: All",Rakesh I,111192582586347793513,True,1,"Despite the high ratings, my experience was extremely disappointing. The peri peri wings were excessively spicy, far beyond what the menu indicated, rendering them inedible for my family.  Furthermore, our takeaway order of two Nutella waffles was repeatedly incorrect, with multiple waiters struggling to fulfill it.  We ultimately received chocolate sauce waffles instead, after a series of errors.  I won't be returning.",0,a year ago,"{""meal_type"": ""Lunch"", ""food"": 1, ""service_rating"": 1, ""atmosphere"": 3}"
"Casa Fresco, HSR: All-Day Dining & Café",080 4992 7445,"73, 27th Main Rd, Phase 3, 1st Sector, HSR Layout, Bengaluru, Karnataka 560102",12.9207539,77.650514,Restaurant,http://www.casafresco.in/,ChdDSUhNMG9nS0VJQ0FnTUNJME5TZzlRRRAB,"Casa Fresco, HSR: All",Daksha T B,109003588070449782632,True,5,,0,a year ago,"{""food"": 5, ""service_rating"": 4, ""atmosphere"": 5}"
"Casa Fresco, HSR: All-Day Dining & Café",080 4992 7445,"73, 27th Main Rd, Phase 3, 1st Sector, HSR Layout, Bengaluru, Karnataka 560102",12.9207539,77.650514,Restaurant,http://www.casafresco.in/,ChZDSUhNMG9nS0VJQ0FnTUR3XzVtMEdREAE,"Casa Fresco, HSR: All",Rahul Nair,112994636696590363908,True,4,Overall a great place to hang out and the breakfast options are amazing. Achumi gave excellent service to us.,0,a year ago,"{""price_per_person"": ""₹200–400"", ""food"": 5, ""service_rating"": 5, ""atmosphere"": 4, ""recommended_dishes"": ""Hazelnut Cold Coffee"", ""vegetarian_recommendation"": ""Highly recommend"", ""vegetarian_offerings"": ""Menu is all vegetarian"", ""parking_space"": ""Difficult to find parking""}"
"Casa Fresco, HSR: All-Day Dining & Café",080 4992 7445,"73, 27th Main Rd, Phase 3, 1st Sector, HSR Layout, Bengaluru, Karnataka 560102",12.9207539,77.650514,Restaurant,http://www.casafresco.in/,ChdDSUhNMG9nS0VJQ0FnTUR3djczVXZBRRAB,"Casa Fresco, HSR: All",Arpit Singh,112723216366256416106,True,4,,0,a year ago,"{""food"": 4, ""service_rating"": 4, ""atmosphere"": 5}"
"Casa Fresco, HSR: All-Day Dining & Café",080 4992 7445,"73, 27th Main Rd, Phase 3, 1st Sector, HSR Layout, Bengaluru, Karnataka 560102",12.9207539,77.650514,Restaurant,http://www.casafresco.in/,ChZDSUhNMG9nS0VJQ0FnTUR3NzVQZ2JREAE,"Casa Fresco, HSR: All",swaraj jena,115163001237834943611,True,5,,0,a year ago,"{""dining_mode"": ""Dine in"", ""meal_type"": ""Breakfast"", ""price_per_person"": ""₹400–600"", ""food"": 5, ""service_rating"": 5, ""atmosphere"": 5}"
"Casa Fresco, HSR: All-Day Dining & Café",080 4992 7445,"73, 27th Main Rd, Phase 3, 1st Sector, HSR Layout, Bengaluru, Karnataka 560102",12.9207539,77.650514,Restaurant,http://www.casafresco.in/,ChdDSUhNMG9nS0VJQ0FnTUR3Ny1QdGl3RRAB,"Casa Fresco, HSR: All",Soumen Seth,112036752160442419526,False,4,Really nice place for breakfast. Had English breakfast with Lemon Ice Tea which was wonderful and the service was also great. Thanks Karuna for the amazing service.,0,a year ago,"{""dining_mode"": ""Dine in"", ""meal_type"": ""Breakfast"", ""price_per_person"": ""₹1,000–1,200"", ""food"": 4, ""service_rating"": 5, ""atmosphere"": 5}"
"Casa Fresco, HSR: All-Day Dining & Café",080 4992 7445,"73, 27th Main Rd, Phase 3, 1st Sector, HSR Layout, Bengaluru, Karnataka 560102",12.9207539,77.650514,Restaurant,http://www.casafresco.in/,ChZDSUhNMG9nS0VJQ0FnTUR3NzQyOEhBEAE,"Casa Fresco, HSR: All",Nikhitha T S,108257261587228222455,False,1,,0,a year ago,
"Casa Fresco, HSR: All-Day Dining & Café",080 4992 7445,"73, 27th Main Rd, Phase 3, 1st Sector, HSR Layout, Bengaluru, Karnataka 560102",12.9207539,77.650514,Restaurant,http://www.casafresco.in/,ChZDSUhNMG9nS0VJQ0FnTUR3eF9DWlZnEAE,"Casa Fresco, HSR: All",Monali Shahane,107208664590736073333,False,5,,0,a year ago,"{""food"": 5, ""service_rating"": 5, ""atmosphere"": 5}"
"Casa Fresco, HSR: All-Day Dining & Café",080 4992 7445,"73, 27th Main Rd, Phase 3, 1st Sector, HSR Layout, Bengaluru, Karnataka 560102",12.9207539,77.650514,Restaurant,http://www.casafresco.in/,ChdDSUhNMG9nS0VJQ0FnTUR3czlmaDFRRRAB,"Casa Fresco, HSR: All",Arnav Mathur,110914349733408484361,True,3,,0,a year ago,"{""food"": 4, ""service_rating"": 3, ""atmosphere"": 3}"
"Casa Fresco, HSR: All-Day Dining & Café",080 4992 7445,"73, 27th Main Rd, Phase 3, 1st Sector, HSR Layout, Bengaluru, Karnataka 560102",12.9207539,77.650514,Restaurant,http://www.casafresco.in/,ChZDSUhNMG9nS0VJQ0FnTUR3dmR2d2RnEAE,"Casa Fresco, HSR: All",Sripankar Deb,100044547945072313036,False,5,,0,a year ago,"{""food"": 5, ""service_rating"": 5, ""atmosphere"": 5}"
"Casa Fresco, HSR: All-Day Dining & Café",080 4992 7445,"73, 27th Main Rd, Phase 3, 1st Sector, HSR Layout, Bengaluru, Karnataka 560102",12.9207539,77.650514,Restaurant,http://www.casafresco.in/,ChZDSUhNMG9nS0VJQ0FnTUR3MGIzV05nEAE,"Casa Fresco, HSR: All",Aditya Adarsh,115538052815268968400,True,5,Awesome ambience with delicious food !! The pincante paneer pizza is a must have.  Karuna served as an amazing staff here for us.,0,a year ago,"{""food"": 5, ""service_rating"": 5, ""atmosphere"": 5}"
"Casa Fresco, HSR: All-Day Dining & Café",080 4992 7445,"73, 27th Main Rd, Phase 3, 1st Sector, HSR Layout, Bengaluru, Karnataka 560102",12.9207539,77.650514,Restaurant,http://www.casafresco.in/,ChZDSUhNMG9nS0VJQ0FnTUR3LXYySEtREAE,"Casa Fresco, HSR: All",Krutika Kunachi,116588682272770563290,True,4,,0,a year ago,"{""dining_mode"": ""Dine in"", ""meal_type"": ""Dinner"", ""price_per_person"": ""₹400–600"", ""food"": 4, ""service_rating"": 4, ""atmosphere"": 5}"
"Casa Fresco, HSR: All-Day Dining & Café",080 4992 7445,"73, 27th Main Rd, Phase 3, 1st Sector, HSR Layout, Bengaluru, Karnataka 560102",12.9207539,77.650514,Restaurant,http://www.casafresco.in/,ChdDSUhNMG9nS0VJQ0FnTUR3OU9tb3VBRRAB,"Casa Fresco, HSR: All",Nikhil Kenvetil,109543873392457909288,True,5,Had the Napoli chicken pizza. INSANE! Will definitely return for another round,0,Edited a year ago,"{""dining_mode"": ""Dine in"", ""meal_type"": ""Lunch"", ""price_per_person"": ""₹400–600"", ""food"": 5, ""service_rating"": 4, ""atmosphere"": 5}"
"Casa Fresco, HSR: All-Day Dining & Café",080 4992 7445,"73, 27th Main Rd, Phase 3, 1st Sector, HSR Layout, Bengaluru, Karnataka 560102",12.9207539,77.650514,Restaurant,http://www.casafresco.in/,ChZDSUhNMG9nS0VJQ0FnTUR3cFBEQkVREAE,"Casa Fresco, HSR: All",Faiz Alam,109609505700909520760,False,2,Disappointed with food in terms of both quality and quantity.,0,a year ago,"{""dining_mode"": ""Dine in"", ""food"": 2, ""service_rating"": 5, ""atmosphere"": 3}"
"Casa Fresco, HSR: All-Day Dining & Café",080 4992 7445,"73, 27th Main Rd, Phase 3, 1st Sector, HSR Layout, Bengaluru, Karnataka 560102",12.9207539,77.650514,Restaurant,http://www.casafresco.in/,ChZDSUhNMG9nS0VJQ0FnTUR3dUpLTUNnEAE,"Casa Fresco, HSR: All",Ashwin R,107632104954948873759,True,2,"Only the ambience is good is here. Food is generally a disappointment, i ordered the grilled chicken and in the end i didnt really enjoy it for the cost",0,a year ago,"{""price_per_person"": ""₹400–600"", ""food"": 2, ""service_rating"": 2, ""atmosphere"": 4}"
"Casa Fresco, HSR: All-Day Dining & Café",080 4992 7445,"73, 27th Main Rd, Phase 3, 1st Sector, HSR Layout, Bengaluru, Karnataka 560102",12.9207539,77.650514,Restaurant,http://www.casafresco.in/,ChdDSUhNMG9nS0VJQ0FnTUR3bUxteHRnRRAB,"Casa Fresco, HSR: All",vikshitha m,115071393241330412062,True,5,"A great place for a brunch in hsr ❤️ amazing options in English breakfast ,pancakes, boba is a must try  The place is pretty and gets crowed  The staffs very friendly and knowledgeable  Do vist ❤️",0,a year ago,"{""dining_mode"": ""Dine in"", ""meal_type"": ""Brunch"", ""price_per_person"": ""₹200–400"", ""food"": 4, ""service_rating"": 4, ""atmosphere"": 4, ""vegetarian_recommendation"": ""Highly recommend""}"
"Casa Fresco, HSR: All-Day Dining & Café",080 4992 7445,"73, 27th Main Rd, Phase 3, 1st Sector, HSR Layout, Bengaluru, Karnataka 560102",12.9207539,77.650514,Restaurant,http://www.casafresco.in/,ChdDSUhNMG9nS0VJQ0FnTUR3bU5iajFBRRAB,"Casa Fresco, HSR: All",Sneha Halder,105766490606696575893,True,5,Great place at affordable price. I come back to this place every few days. Food is good and so is the ambience. Karuna also took care of us provided good service.,0,a year ago,"{""food"": 5, ""service_rating"": 5, ""atmosphere"": 5}"
"Casa Fresco, HSR: All-Day Dining & Café",080 4992 7445,"73, 27th Main Rd, Phase 3, 1st Sector, HSR Layout, Bengaluru, Karnataka 560102",12.9207539,77.650514,Restaurant,http://www.casafresco.in/,ChdDSUhNMG9nS0VJQ0FnTUR3bUtqcm5RRRAB,"Casa Fresco, HSR: All",Smile and glow,111330419320222193525,False,5,Nice ambience and thank you for the service Ms. Achumi.,0,a year ago,"{""dining_mode"": ""Dine in"", ""food"": 5, ""service_rating"": 5, ""atmosphere"": 5}"
"Casa Fresco, HSR: All-Day Dining & Café",080 4992 7445,"73, 27th Main Rd, Phase 3, 1st Sector, HSR Layout, Bengaluru, Karnataka 560102",12.9207539,77.650514,Restaurant,http://www.casafresco.in/,ChZDSUhNMG9nS0VJQ0FnTUR3NEttNEpREAE,"Casa Fresco, HSR: All",Sini Ps,115820256604203226004,False,5,Food was so yummy... Creamy veg pasta and wok maggi.. and the ginger tea!!!!! Too goodddd,0,a year ago,"{""food"": 5, ""service_rating"": 5, ""atmosphere"": 5}"
"Casa Fresco, HSR: All-Day Dining & Café",080 4992 7445,"73, 27th Main Rd, Phase 3, 1st Sector, HSR Layout, Bengaluru, Karnataka 560102",12.9207539,77.650514,Restaurant,http://www.casafresco.in/,ChZDSUhNMG9nS0VJQ0FnTUN3XzRURUNBEAE,"Casa Fresco, HSR: All",Anoop Thiparala,111095055708171945174,False,5,,0,a year ago,"{""food"": 5, ""service_rating"": 5, ""atmosphere"": 5}"
"Casa Fresco, HSR: All-Day Dining & Café",080 4992 7445,"73, 27th Main Rd, Phase 3, 1st Sector, HSR Layout, Bengaluru, Karnataka 560102",12.9207539,77.650514,Restaurant,http://www.casafresco.in/,ChZDSUhNMG9nS0VJQ0FnTUN3di1qeE53EAE,"Casa Fresco, HSR: All",Athul Johny,110602769014503320501,True,5,,0,a year ago,"{""food"": 5, ""service_rating"": 5, ""atmosphere"": 5}"
"Casa Fresco, HSR: All-Day Dining & Café",080 4992 7445,"73, 27th Main Rd, Phase 3, 1st Sector, HSR Layout, Bengaluru, Karnataka 560102",12.9207539,77.650514,Restaurant,http://www.casafresco.in/,ChdDSUhNMG9nS0VJQ0FnTUN3MzV2R3ZRRRAB,"Casa Fresco, HSR: All",Mira Sarkar,115739590257823508287,True,4,,0,a year ago,"{""dining_mode"": ""Dine in"", ""meal_type"": ""Brunch"", ""price_per_person"": ""₹400–600"", ""food"": 4, ""service_rating"": 4, ""atmosphere"": 5}"
"Casa Fresco, HSR: All-Day Dining & Café",080 4992 7445,"73, 27th Main Rd, Phase 3, 1st Sector, HSR Layout, Bengaluru, Karnataka 560102",12.9207539,77.650514,Restaurant,http://www.casafresco.in/,ChZDSUhNMG9nS0VJQ0FnTUN3bjhmLUtBEAE,"Casa Fresco, HSR: All",Anand Ahlawat,118400311481569372406,True,5,"The grilled chicken was juicy and flavorful, and the pasta was perfectly cooked with a rich, delicious sauce. The highlight, however, was Karuna’s exceptional service—warm, attentive, and always with a smile. A fantastic dining experience!",0,a year ago,"{""food"": 4, ""service_rating"": 5, ""atmosphere"": 4}"
"Casa Fresco, HSR: All-Day Dining & Café",080 4992 7445,"73, 27th Main Rd, Phase 3, 1st Sector, HSR Layout, Bengaluru, Karnataka 560102",12.9207539,77.650514,Restaurant,http://www.casafresco.in/,ChZDSUhNMG9nS0VJQ0FnTUN3bjZDUlV3EAE,"Casa Fresco, HSR: All",Akshaj Chandwani,106566006101450073106,True,5,The food was great and the service was quick thanks to karuna,0,a year ago,"{""food"": 5, ""service_rating"": 5, ""atmosphere"": 4}"
"Casa Fresco, HSR: All-Day Dining & Café",080 4992 7445,"73, 27th Main Rd, Phase 3, 1st Sector, HSR Layout, Bengaluru, Karnataka 560102",12.9207539,77.650514,Restaurant,http://www.casafresco.in/,ChdDSUhNMG9nS0VJQ0FnTUN3Ny1IQjBRRRAB,"Casa Fresco, HSR: All",Shraddha Bk,102151768430576546055,False,5,Lovely pace and breakfast. Karunya was really polite in serving us the staff is great ❤️,0,a year ago,"{""food"": 5, ""service_rating"": 5, ""atmosphere"": 5}"
"Casa Fresco, HSR: All-Day Dining & Café",080 4992 7445,"73, 27th Main Rd, Phase 3, 1st Sector, HSR Layout, Bengaluru, Karnataka 560102",12.9207539,77.650514,Restaurant,http://www.casafresco.in/,ChdDSUhNMG9nS0VJQ0FnTUN3cDRDRzR3RRAB,"Casa Fresco, HSR: All",Simran Kushwaha,106576808222606807210,False,5,Amazing experience at the cafe. Great ambience. Aruna was a very sweet server. Would definitely come again.,0,a year ago,"{""food"": 4, ""service_rating"": 5, ""atmosphere"": 5}"
"Casa Fresco, HSR: All-Day Dining & Café",080 4992 7445,"73, 27th Main Rd, Phase 3, 1st Sector, HSR Layout, Bengaluru, Karnataka 560102",12.9207539,77.650514,Restaurant,http://www.casafresco.in/,ChZDSUhNMG9nS0VJQ0FnTUN3eWM3SmFREAE,"Casa Fresco, HSR: All",Joy Bhowmick,109858975477521941210,False,5,Good food good ambience,0,a year ago,"{""food"": 5, ""service_rating"": 5, ""atmosphere"": 5}"
"Casa Fresco, HSR: All-Day Dining & Café",080 4992 7445,"73, 27th Main Rd, Phase 3, 1st Sector, HSR Layout, Bengaluru, Karnataka 560102",12.9207539,77.650514,Restaurant,http://www.casafresco.in/,ChZDSUhNMG9nS0VJQ0FnTUN3NGFhYUpBEAE,"Casa Fresco, HSR: All",Apoorv Saran,114506250595252143410,True,4,The tandoori paneer sandwich and cheese garlic bread was great along with the banana peanut butter smoothie. The noodles were not good though. The ambience was very good and peaceful.,0,a year ago,"{""dining_mode"": ""Dine in"", ""meal_type"": ""Dinner"", ""price_per_person"": ""₹400–600"", ""food"": 4, ""service_rating"": 4, ""atmosphere"": 5}"
"Casa Fresco, HSR: All-Day Dining & Café",080 4992 7445,"73, 27th Main Rd, Phase 3, 1st Sector, HSR Layout, Bengaluru, Karnataka 560102",12.9207539,77.650514,Restaurant,http://www.casafresco.in/,ChZDSUhNMG9nS0VJQ0FnTUN3MUpmSmJREAE,"Casa Fresco, HSR: All",Sanal Sunny,112972234505750163607,True,2,It's an okay place. Chow mein was good. Beverages are bad. Check steak was a bad idea. It's a hit and miss place.,0,a year ago,"{""dining_mode"": ""Dine in"", ""meal_type"": ""Lunch"", ""price_per_person"": ""₹400–600"", ""food"": 2, ""service_rating"": 4, ""atmosphere"": 4}"
"Casa Fresco, HSR: All-Day Dining & Café",080 4992 7445,"73, 27th Main Rd, Phase 3, 1st Sector, HSR Layout, Bengaluru, Karnataka 560102",12.9207539,77.650514,Restaurant,http://www.casafresco.in/,ChdDSUhNMG9nS0VJQ0FnTUN3LU5mYjlRRRAB,"Casa Fresco, HSR: All",Monami Saikia,109411015135306185379,False,5,,0,a year ago,
"Casa Fresco, HSR: All-Day Dining & Café",080 4992 7445,"73, 27th Main Rd, Phase 3, 1st Sector, HSR Layout, Bengaluru, Karnataka 560102",12.9207539,77.650514,Restaurant,http://www.casafresco.in/,ChdDSUhNMG9nS0VJQ0FnTUN3LU1DZGl3RRAB,"Casa Fresco, HSR: All",Anjitha Sanjeev Nair,116640743010492513136,True,5,A nice and cosy cafe with good food and service.Achomi was able to get us a table very quickly on a busy Sunday evening.,0,a year ago,"{""price_per_person"": ""₹1,000–1,200"", ""food"": 5, ""service_rating"": 5, ""atmosphere"": 4}"
"Casa Fresco, HSR: All-Day Dining & Café",080 4992 7445,"73, 27th Main Rd, Phase 3, 1st Sector, HSR Layout, Bengaluru, Karnataka 560102",12.9207539,77.650514,Restaurant,http://www.casafresco.in/,ChdDSUhNMG9nS0VJQ0FnTUN3MlBQRi1BRRAB,"Casa Fresco, HSR: All",Sanchari Chakraborty,100059376361847045987,True,5,,0,a year ago,"{""dining_mode"": ""Dine in"", ""meal_type"": ""Brunch"", ""price_per_person"": ""₹600–800"", ""food"": 5, ""service_rating"": 5, ""atmosphere"": 5}"
"Casa Fresco, HSR: All-Day Dining & Café",080 4992 7445,"73, 27th Main Rd, Phase 3, 1st Sector, HSR Layout, Bengaluru, Karnataka 560102",12.9207539,77.650514,Restaurant,http://www.casafresco.in/,ChdDSUhNMG9nS0VJQ0FnTUN3NlB5OTBnRRAB,"Casa Fresco, HSR: All",praveen kumar,117794755859882120406,True,5,,0,a year ago,"{""dining_mode"": ""Dine in"", ""meal_type"": ""Lunch"", ""price_per_person"": ""₹1,200–1,400"", ""food"": 5, ""service_rating"": 5, ""atmosphere"": 5}"
"Casa Fresco, HSR: All-Day Dining & Café",080 4992 7445,"73, 27th Main Rd, Phase 3, 1st Sector, HSR Layout, Bengaluru, Karnataka 560102",12.9207539,77.650514,Restaurant,http://www.casafresco.in/,ChdDSUhNMG9nS0VJQ0FnTUN3aU5mZjNBRRAB,"Casa Fresco, HSR: All",Pallavi. S,106631606394926928499,False,5,"I recently visited this lovely café, and I have to say it was a fantastic experience! The ambiance was cozy, with a welcoming atmosphere that made me feel right at home. The staff was incredibly friendly, and Tharuna, the waitress, was particularly attentive. She made sure everything was perfect throughout my visit, providing excellent service with a smile.  As for the food, I had the omelette and the burger, and both were delicious. The omelette was light, fluffy, and packed with flavor, just the right balance of ingredients. The burger was equally impressive – juicy, perfectly cooked, and served with crispy  fries on the side. The combination of fresh ingredients made the burger a real standout.  Overall, I highly recommend this café. The food, service, and ambiance all came together for a memorable experience. I’ll definitely be coming back!",0,a year ago,"{""dining_mode"": ""Dine in"", ""meal_type"": ""Lunch"", ""price_per_person"": ""₹200–400"", ""food"": 5, ""service_rating"": 5, ""atmosphere"": 5}"
"Casa Fresco, HSR: All-Day Dining & Café",080 4992 7445,"73, 27th Main Rd, Phase 3, 1st Sector, HSR Layout, Bengaluru, Karnataka 560102",12.9207539,77.650514,Restaurant,http://www.casafresco.in/,ChdDSUhNMG9nS0VJQ0FnTUN3aU5MdTJRRRAB,"Casa Fresco, HSR: All",himani rawat,113269888935470642219,True,5,,0,a year ago,"{""dining_mode"": ""Dine in"", ""meal_type"": ""Breakfast"", ""price_per_person"": ""₹400–600"", ""food"": 4, ""service_rating"": 5, ""atmosphere"": 5}"
"Casa Fresco, HSR: All-Day Dining & Café",080 4992 7445,"73, 27th Main Rd, Phase 3, 1st Sector, HSR Layout, Bengaluru, Karnataka 560102",12.9207539,77.650514,Restaurant,http://www.casafresco.in/,ChZDSUhNMG9nS0VJQ0FnTUN3c0xpZFZREAE,"Casa Fresco, HSR: All",Manoj Ram,103635527462506970613,False,5,,0,a year ago,"{""food"": 5, ""service_rating"": 5, ""atmosphere"": 5}"
"Casa Fresco, HSR: All-Day Dining & Café",080 4992 7445,"73, 27th Main Rd, Phase 3, 1st Sector, HSR Layout, Bengaluru, Karnataka 560102",12.9207539,77.650514,Restaurant,http://www.casafresco.in/,ChZDSUhNMG9nS0VJQ0FnTURRXy1hTVdBEAE,"Casa Fresco, HSR: All",Niel Roy,113495648870820545474,False,5,,0,a year ago,
"Casa Fresco, HSR: All-Day Dining & Café",080 4992 7445,"73, 27th Main Rd, Phase 3, 1st Sector, HSR Layout, Bengaluru, Karnataka 560102",12.9207539,77.650514,Restaurant,http://www.casafresco.in/,ChZDSUhNMG9nS0VJQ0FnTURRdl9TU0VBEAE,"Casa Fresco, HSR: All",Utkarsh Goswami,113071431388933134132,True,5,,0,a year ago,"{""dining_mode"": ""Dine in"", ""meal_type"": ""Dinner"", ""price_per_person"": ""₹400–600"", ""food"": 5, ""service_rating"": 5, ""atmosphere"": 5}"
"Casa Fresco, HSR: All-Day Dining & Café",080 4992 7445,"73, 27th Main Rd, Phase 3, 1st Sector, HSR Layout, Bengaluru, Karnataka 560102",12.9207539,77.650514,Restaurant,http://www.casafresco.in/,ChZDSUhNMG9nS0VJQ0FnTURRbjdDYkx3EAE,"Casa Fresco, HSR: All",Mua Muan,109609607167744137410,False,5,,0,a year ago,"{""dining_mode"": ""Dine in"", ""food"": 5, ""service_rating"": 5, ""atmosphere"": 5}"
"Casa Fresco, HSR: All-Day Dining & Café",080 4992 7445,"73, 27th Main Rd, Phase 3, 1st Sector, HSR Layout, Bengaluru, Karnataka 560102",12.9207539,77.650514,Restaurant,http://www.casafresco.in/,ChdDSUhNMG9nS0VJQ0FnTURRbjdDYjZnRRAB,"Casa Fresco, HSR: All",Thang Vanglian,109465794734032246472,False,5,,0,a year ago,"{""dining_mode"": ""Dine in"", ""food"": 5, ""service_rating"": 5, ""atmosphere"": 5}"
"Casa Fresco, HSR: All-Day Dining & Café",080 4992 7445,"73, 27th Main Rd, Phase 3, 1st Sector, HSR Layout, Bengaluru, Karnataka 560102",12.9207539,77.650514,Restaurant,http://www.casafresco.in/,ChZDSUhNMG9nS0VJQ0FnTURROTdMMUNREAE,"Casa Fresco, HSR: All",Amit,112743381041533115269,False,5,,0,a year ago,"{""meal_type"": ""Lunch"", ""food"": 5, ""service_rating"": 5, ""atmosphere"": 5}"
"Casa Fresco, HSR: All-Day Dining & Café",080 4992 7445,"73, 27th Main Rd, Phase 3, 1st Sector, HSR Layout, Bengaluru, Karnataka 560102",12.9207539,77.650514,Restaurant,http://www.casafresco.in/,ChZDSUhNMG9nS0VJQ0FnTURRdDlqa0Z3EAE,"Casa Fresco, HSR: All",Sruti Bhowmick,117495370862562784933,True,5,"Karuna was our server. She was very polite, service was quick and food was well prepared",0,a year ago,"{""meal_type"": ""Breakfast"", ""food"": 5, ""service_rating"": 5, ""atmosphere"": 5}"
"Casa Fresco, HSR: All-Day Dining & Café",080 4992 7445,"73, 27th Main Rd, Phase 3, 1st Sector, HSR Layout, Bengaluru, Karnataka 560102",12.9207539,77.650514,Restaurant,http://www.casafresco.in/,ChZDSUhNMG9nS0VJQ0FnTURRMTZLQkhBEAE,"Casa Fresco, HSR: All",NIRAJ LATH,100563957242413209510,True,4,Nice ambiance and food 😍,0,a year ago,"{""dining_mode"": ""Dine in"", ""food"": 5, ""service_rating"": 4, ""atmosphere"": 4}"
"Casa Fresco, HSR: All-Day Dining & Café",080 4992 7445,"73, 27th Main Rd, Phase 3, 1st Sector, HSR Layout, Bengaluru, Karnataka 560102",12.9207539,77.650514,Restaurant,http://www.casafresco.in/,ChZDSUhNMG9nS0VJQ0FnTURRMTZLS2ZBEAE,"Casa Fresco, HSR: All",AJAY MISHRA,105572184442331761889,False,5,Amazing place great service by Karuna.,0,a year ago,"{""food"": 5, ""service_rating"": 5, ""atmosphere"": 5}"
"Casa Fresco, HSR: All-Day Dining & Café",080 4992 7445,"73, 27th Main Rd, Phase 3, 1st Sector, HSR Layout, Bengaluru, Karnataka 560102",12.9207539,77.650514,Restaurant,http://www.casafresco.in/,ChZDSUhNMG9nS0VJQ0FnTURRLTZxWkJ3EAE,"Casa Fresco, HSR: All",Rishab Raj,104905798855268646686,False,5,,0,a year ago,"{""food"": 5, ""service_rating"": 5, ""atmosphere"": 5}"
"Casa Fresco, HSR: All-Day Dining & Café",080 4992 7445,"73, 27th Main Rd, Phase 3, 1st Sector, HSR Layout, Bengaluru, Karnataka 560102",12.9207539,77.650514,Restaurant,http://www.casafresco.in/,ChdDSUhNMG9nS0VJQ0FnTURRcTZfSjZBRRAB,"Casa Fresco, HSR: All",Ffs Newboi,107356240710152813017,True,4,,0,a year ago,"{""food"": 3, ""service_rating"": 5, ""atmosphere"": 5}"
"Casa Fresco, HSR: All-Day Dining & Café",080 4992 7445,"73, 27th Main Rd, Phase 3, 1st Sector, HSR Layout, Bengaluru, Karnataka 560102",12.9207539,77.650514,Restaurant,http://www.casafresco.in/,ChZDSUhNMG9nS0VJQ0FnTURRcTRxX1h3EAE,"Casa Fresco, HSR: All",Taniya Chowdhary,100942219825373178921,True,1,"There is no AC, open siting which is not not exactly a bad thing but in this scorching heat avoid it in the afternoon. Now coming to food, AVOID THIS PLACE AT ALL COST. They will give you instant cold coffee and charge you premium. Lol atleast be honest. It’s a joke if you are a coffee lover. We had ordered momos and some fried rice, the rice was completely stale and hard to chew. The bill was 1100 and tbh I regret about it so much. We had to hop to another cafe just to get that taste out. Might be a good place for college folks but in general if you are cafe lover, this isn’t your place. It is a tapri max to max a premium tapri.",0,a year ago,"{""food"": 1, ""service_rating"": 1, ""atmosphere"": 1}"
"Casa Fresco, HSR: All-Day Dining & Café",080 4992 7445,"73, 27th Main Rd, Phase 3, 1st Sector, HSR Layout, Bengaluru, Karnataka 560102",12.9207539,77.650514,Restaurant,http://www.casafresco.in/,ChZDSUhNMG9nS0VJQ0FnTURRaTltV0J3EAE,"Casa Fresco, HSR: All",Adhishmaya E V,101448846413744173692,True,5,,0,a year ago,"{""dining_mode"": ""Dine in"", ""meal_type"": ""Brunch"", ""price_per_person"": ""₹200–400"", ""food"": 5, ""service_rating"": 5, ""atmosphere"": 5}"
"Casa Fresco, HSR: All-Day Dining & Café",080 4992 7445,"73, 27th Main Rd, Phase 3, 1st Sector, HSR Layout, Bengaluru, Karnataka 560102",12.9207539,77.650514,Restaurant,http://www.casafresco.in/,ChZDSUhNMG9nS0VJQ0FnTURRemZTZEF3EAE,"Casa Fresco, HSR: All",Manoj Kumar,105054758666486045362,True,3,,0,a year ago,"{""food"": 3, ""service_rating"": 3, ""atmosphere"": 3}"
"Casa Fresco, HSR: All-Day Dining & Café",080 4992 7445,"73, 27th Main Rd, Phase 3, 1st Sector, HSR Layout, Bengaluru, Karnataka 560102",12.9207539,77.650514,Restaurant,http://www.casafresco.in/,ChdDSUhNMG9nS0VJQ0FnTURReFlDZDVBRRAB,"Casa Fresco, HSR: All",Abhay Chaudhary,105731722107519780477,False,4,,0,a year ago,
"Casa Fresco, HSR: All-Day Dining & Café",080 4992 7445,"73, 27th Main Rd, Phase 3, 1st Sector, HSR Layout, Bengaluru, Karnataka 560102",12.9207539,77.650514,Restaurant,http://www.casafresco.in/,ChdDSUhNMG9nS0VJQ0FnTURRc2I2M3V3RRAB,"Casa Fresco, HSR: All",hari krishna,103528031983595416789,False,5,,0,a year ago,"{""dining_mode"": ""Dine in"", ""meal_type"": ""Lunch"", ""price_per_person"": ""₹400–600""}"
"Casa Fresco, HSR: All-Day Dining & Café",080 4992 7445,"73, 27th Main Rd, Phase 3, 1st Sector, HSR Layout, Bengaluru, Karnataka 560102",12.9207539,77.650514,Restaurant,http://www.casafresco.in/,ChdDSUhNMG9nS0VJQ0FnTURRbnMtZTVRRRAB,"Casa Fresco, HSR: All",Deepthi R,101714846942554806613,True,5,"Good food, good staff.. but very hot place.. pet friendly and they are unlike other places where its name sake..",0,a year ago,"{""dining_mode"": ""Dine in"", ""meal_type"": ""Lunch"", ""price_per_person"": ""₹400–600"", ""food"": 4, ""service_rating"": 5, ""atmosphere"": 3, ""vegetarian_recommendation"": ""Highly recommend"", ""vegetarian_offerings"": ""Large vegetarian selection"", ""vegetarian_options"": ""Pet friendly"", ""parking_space"": ""Somewhat difficult to find parking"", ""kid_friendliness"": ""Pet friendly""}"
"Casa Fresco, HSR: All-Day Dining & Café",080 4992 7445,"73, 27th Main Rd, Phase 3, 1st Sector, HSR Layout, Bengaluru, Karnataka 560102",12.9207539,77.650514,Restaurant,http://www.casafresco.in/,ChdDSUhNMG9nS0VJQ0FnTURRN3RHZzNBRRAB,"Casa Fresco, HSR: All",Ashok Seervi,116146701247354430880,True,5,,0,a year ago,"{""food"": 5, ""service_rating"": 5, ""atmosphere"": 5}"
"Casa Fresco, HSR: All-Day Dining & Café",080 4992 7445,"73, 27th Main Rd, Phase 3, 1st Sector, HSR Layout, Bengaluru, Karnataka 560102",12.9207539,77.650514,Restaurant,http://www.casafresco.in/,ChdDSUhNMG9nS0VJQ0FnTURRbXNmbTJ3RRAB,"Casa Fresco, HSR: All",Pulkit Sharma,102494519364554034034,False,5,,0,a year ago,
"Casa Fresco, HSR: All-Day Dining & Café",080 4992 7445,"73, 27th Main Rd, Phase 3, 1st Sector, HSR Layout, Bengaluru, Karnataka 560102",12.9207539,77.650514,Restaurant,http://www.casafresco.in/,ChdDSUhNMG9nS0VJQ0FnTURRNHBiTTBRRRAB,"Casa Fresco, HSR: All",Hendritta Pinto,101167337730404310907,True,5,,0,a year ago,"{""dining_mode"": ""Dine in"", ""meal_type"": ""Breakfast"", ""food"": 5, ""service_rating"": 5, ""atmosphere"": 5}"
"Casa Fresco, HSR: All-Day Dining & Café",080 4992 7445,"73, 27th Main Rd, Phase 3, 1st Sector, HSR Layout, Bengaluru, Karnataka 560102",12.9207539,77.650514,Restaurant,http://www.casafresco.in/,ChZDSUhNMG9nS0VJQ0FnTURRb3UyU1FREAE,"Casa Fresco, HSR: All",Gagandeep Singh Bhatia,103591893123427908589,True,5,,0,a year ago,"{""dining_mode"": ""Dine in"", ""meal_type"": ""Dinner"", ""food"": 4, ""service_rating"": 4, ""atmosphere"": 4}"
"Casa Fresco, HSR: All-Day Dining & Café",080 4992 7445,"73, 27th Main Rd, Phase 3, 1st Sector, HSR Layout, Bengaluru, Karnataka 560102",12.9207539,77.650514,Restaurant,http://www.casafresco.in/,ChdDSUhNMG9nS0VJQ0FnTURRM01xMnhRRRAB,"Casa Fresco, HSR: All",Aditya Samadhiya,110039598109241406564,True,5,,0,a year ago,"{""food"": 5, ""service_rating"": 5, ""atmosphere"": 4}"
"Casa Fresco, HSR: All-Day Dining & Café",080 4992 7445,"73, 27th Main Rd, Phase 3, 1st Sector, HSR Layout, Bengaluru, Karnataka 560102",12.9207539,77.650514,Restaurant,http://www.casafresco.in/,ChZDSUhNMG9nS0VJQ0FnTURRbkp2X0RREAE,"Casa Fresco, HSR: All",aswin kumar,109736708110757066105,True,5,,0,a year ago,
"Casa Fresco, HSR: All-Day Dining & Café",080 4992 7445,"73, 27th Main Rd, Phase 3, 1st Sector, HSR Layout, Bengaluru, Karnataka 560102",12.9207539,77.650514,Restaurant,http://www.casafresco.in/,ChZDSUhNMG9nS0VJQ0FnTURRckszOURREAE,"Casa Fresco, HSR: All",Ipshita Chatterjee,103880422779678723964,True,5,Awesome food at great ambiance. Karuna hosted us very nicely. Really appreciate. Thanks Cafe Fresco ❤️,0,a year ago,"{""food"": 5, ""service_rating"": 5, ""atmosphere"": 5}"
"Casa Fresco, HSR: All-Day Dining & Café",080 4992 7445,"73, 27th Main Rd, Phase 3, 1st Sector, HSR Layout, Bengaluru, Karnataka 560102",12.9207539,77.650514,Restaurant,http://www.casafresco.in/,ChdDSUhNMG9nS0VJQ0FnTURROUtyUDBRRRAB,"Casa Fresco, HSR: All",Aishleen Singh,102848443064547846178,False,5,"Amazing food, quick service. Karuna was a great server!",0,a year ago,"{""dining_mode"": ""Dine in"", ""meal_type"": ""Brunch"", ""price_per_person"": ""₹1,000–1,200"", ""food"": 5, ""service_rating"": 5, ""atmosphere"": 5, ""recommended_dishes"": ""Hash Browns, Hazelnut Cold Coffee""}"
"Casa Fresco, HSR: All-Day Dining & Café",080 4992 7445,"73, 27th Main Rd, Phase 3, 1st Sector, HSR Layout, Bengaluru, Karnataka 560102",12.9207539,77.650514,Restaurant,http://www.casafresco.in/,ChdDSUhNMG9nS0VJQ0FnTURROVBEdnN3RRAB,"Casa Fresco, HSR: All",Devika M S,103313788404758760728,True,5,Really good food. Karuna was really courteous. Good service!,0,a year ago,"{""dining_mode"": ""Dine in"", ""meal_type"": ""Brunch"", ""food"": 5, ""service_rating"": 5, ""atmosphere"": 5}"
"Casa Fresco, HSR: All-Day Dining & Café",080 4992 7445,"73, 27th Main Rd, Phase 3, 1st Sector, HSR Layout, Bengaluru, Karnataka 560102",12.9207539,77.650514,Restaurant,http://www.casafresco.in/,ChZDSUhNMG9nS0VJQ0FnTURRdE5qSVNREAE,"Casa Fresco, HSR: All",Mitali Kushwaha,107554050383534301509,False,4,Nice and cozy place Karuna was very cordial. Good food and service.,0,a year ago,"{""dining_mode"": ""Dine in"", ""meal_type"": ""Breakfast"", ""price_per_person"": ""₹1,200–1,400"", ""food"": 4, ""service_rating"": 4, ""atmosphere"": 4, ""recommended_dishes"": ""Hash Browns""}"
"Casa Fresco, HSR: All-Day Dining & Café",080 4992 7445,"73, 27th Main Rd, Phase 3, 1st Sector, HSR Layout, Bengaluru, Karnataka 560102",12.9207539,77.650514,Restaurant,http://www.casafresco.in/,ChdDSUhNMG9nS0VJQ0FnTURRd0lPQmxBRRAB,"Casa Fresco, HSR: All",Samyak Jain,114591836889873348949,True,5,"Really good place, amazing service by Karuna and a lot of great food options.",0,a year ago,"{""dining_mode"": ""Dine in"", ""meal_type"": ""Brunch"", ""price_per_person"": ""₹2,000+"", ""food"": 5, ""service_rating"": 5, ""atmosphere"": 5}"
"Casa Fresco, HSR: All-Day Dining & Café",080 4992 7445,"73, 27th Main Rd, Phase 3, 1st Sector, HSR Layout, Bengaluru, Karnataka 560102",12.9207539,77.650514,Restaurant,http://www.casafresco.in/,ChZDSUhNMG9nS0VJQ0FnTUNRNTdUS0ZREAE,"Casa Fresco, HSR: All",raajadharshini kk,111422979725779922495,False,1,Good staff but the food is horrible. Honestly not worth the money at all. Reallly horrible! Pls don’t be fooled by the bamboo and fairy lights,0,a year ago,"{""dining_mode"": ""Dine in"", ""meal_type"": ""Dinner"", ""price_per_person"": ""₹400–600"", ""food"": 1, ""service_rating"": 5, ""atmosphere"": 5}"
"Casa Fresco, HSR: All-Day Dining & Café",080 4992 7445,"73, 27th Main Rd, Phase 3, 1st Sector, HSR Layout, Bengaluru, Karnataka 560102",12.9207539,77.650514,Restaurant,http://www.casafresco.in/,ChdDSUhNMG9nS0VJQ0FnTUNRcWI2MF9RRRAB,"Casa Fresco, HSR: All",Dhruvajit Sarma,105595909521164215884,True,4,,0,Edited a year ago,"{""dining_mode"": ""Dine in"", ""meal_type"": ""Lunch"", ""price_per_person"": ""₹1,000–1,200"", ""food"": 4, ""service_rating"": 4, ""atmosphere"": 4}"
"Casa Fresco, HSR: All-Day Dining & Café",080 4992 7445,"73, 27th Main Rd, Phase 3, 1st Sector, HSR Layout, Bengaluru, Karnataka 560102",12.9207539,77.650514,Restaurant,http://www.casafresco.in/,ChZDSUhNMG9nS0VJQ0FnTUNRMVlXVEVBEAE,"Casa Fresco, HSR: All",Maithri,117621492199393959800,True,5,,0,a year ago,
"Casa Fresco, HSR: All-Day Dining & Café",080 4992 7445,"73, 27th Main Rd, Phase 3, 1st Sector, HSR Layout, Bengaluru, Karnataka 560102",12.9207539,77.650514,Restaurant,http://www.casafresco.in/,ChdDSUhNMG9nS0VJQ0FnTUNRLWRMUnFnRRAB,"Casa Fresco, HSR: All",Bibha Bara,113881716932974038978,False,4,Nice place to sit around with friends mostly evening time..food was good service is little slow but if you are not in hurry nice place to hang round with friends.,0,a year ago,"{""dining_mode"": ""Dine in"", ""meal_type"": ""Dinner"", ""price_per_person"": ""₹400–600"", ""food"": 4, ""service_rating"": 4, ""atmosphere"": 4, ""parking_space"": ""Somewhat difficult to find parking"", ""parking_options"": ""Free street parking"", ""parking_notes"": ""If you’ve bike you can park in front of it but car need to find parking in adjacent streets""}"
"Casa Fresco, HSR: All-Day Dining & Café",080 4992 7445,"73, 27th Main Rd, Phase 3, 1st Sector, HSR Layout, Bengaluru, Karnataka 560102",12.9207539,77.650514,Restaurant,http://www.casafresco.in/,ChdDSUhNMG9nS0VJQ0FnTUNRdVotNjVRRRAB,"Casa Fresco, HSR: All",Sajal Khandelwal,109699843571543825310,True,4,Very chilled vibe inside. Location is not that great and insects might trouble you in the evening. It's a good experience if you go in the afternoon.,0,a year ago,"{""dining_mode"": ""Dine in"", ""meal_type"": ""Other"", ""price_per_person"": ""₹1–200"", ""food"": 4, ""service_rating"": 4, ""atmosphere"": 4}"
"Casa Fresco, HSR: All-Day Dining & Café",080 4992 7445,"73, 27th Main Rd, Phase 3, 1st Sector, HSR Layout, Bengaluru, Karnataka 560102",12.9207539,77.650514,Restaurant,http://www.casafresco.in/,ChZDSUhNMG9nS0VJQ0FnTUNRNmJpWmZBEAE,"Casa Fresco, HSR: All",Avinash Sailesh,117674250068096334223,True,5,Really good food and service. Karuna served us well and got our order promptly.,0,a year ago,"{""dining_mode"": ""Dine in"", ""meal_type"": ""Dinner"", ""price_per_person"": ""₹600–800""}"
"Casa Fresco, HSR: All-Day Dining & Café",080 4992 7445,"73, 27th Main Rd, Phase 3, 1st Sector, HSR Layout, Bengaluru, Karnataka 560102",12.9207539,77.650514,Restaurant,http://www.casafresco.in/,ChZDSUhNMG9nS0VJQ0FnTUNRcnVLZEVREAE,"Casa Fresco, HSR: All",Geethanjali Vijayakumar,116273694815931097346,True,4,,0,a year ago,"{""meal_type"": ""Lunch"", ""food"": 4, ""service_rating"": 4, ""atmosphere"": 4}"
"Casa Fresco, HSR: All-Day Dining & Café",080 4992 7445,"73, 27th Main Rd, Phase 3, 1st Sector, HSR Layout, Bengaluru, Karnataka 560102",12.9207539,77.650514,Restaurant,http://www.casafresco.in/,ChZDSUhNMG9nS0VJQ0FnTUNRekxtMUJ3EAE,"Casa Fresco, HSR: All",Sifti R,110945457917913189541,False,1,"Very poor service They kept giving us wrong orders. They changed our seats multiple times. They took hours to prepare single mojito drink and even the rest of our order, we had to remind them multiple times. Very poor incomplete service. They overcharged our bill by adding extra things and made this same mistake not onc but twice. Be very careful when paying bills here. Make sure all the things they charge you are actually ordered and consumed by you.",0,a year ago,"{""dining_mode"": ""Dine in"", ""meal_type"": ""Brunch"", ""food"": 1, ""service_rating"": 1, ""atmosphere"": 1}"
"Casa Fresco, HSR: All-Day Dining & Café",080 4992 7445,"73, 27th Main Rd, Phase 3, 1st Sector, HSR Layout, Bengaluru, Karnataka 560102",12.9207539,77.650514,Restaurant,http://www.casafresco.in/,ChdDSUhNMG9nS0VJQ0FnTUNRekpxRjNnRRAB,"Casa Fresco, HSR: All",Sanjeev S,105967177360864431670,False,5,"Karuna , did an amazing job  Made us very comfortable . Thanks for the hospitality",0,a year ago,"{""food"": 5, ""service_rating"": 5, ""atmosphere"": 5}"
"Casa Fresco, HSR: All-Day Dining & Café",080 4992 7445,"73, 27th Main Rd, Phase 3, 1st Sector, HSR Layout, Bengaluru, Karnataka 560102",12.9207539,77.650514,Restaurant,http://www.casafresco.in/,ChZDSUhNMG9nS0VJQ0FnTUNRMU9Ia1RBEAE,"Casa Fresco, HSR: All",Mayur Rajpal,106442206875952095088,False,5,"Excellent food, service and staff. Thanks Karuna for your service",0,a year ago,"{""food"": 5, ""service_rating"": 5, ""atmosphere"": 5}"
"Casa Fresco, HSR: All-Day Dining & Café",080 4992 7445,"73, 27th Main Rd, Phase 3, 1st Sector, HSR Layout, Bengaluru, Karnataka 560102",12.9207539,77.650514,Restaurant,http://www.casafresco.in/,ChdDSUhNMG9nS0VJQ0FnTUNRbE9mMnh3RRAB,"Casa Fresco, HSR: All",Roshan Lasrado,105368241356283376026,False,4,Lovely place with great breakfast and all day food options. Karuna was an amazing server. Thank you,0,a year ago,"{""food"": 4, ""service_rating"": 4, ""atmosphere"": 4}"
"Casa Fresco, HSR: All-Day Dining & Café",080 4992 7445,"73, 27th Main Rd, Phase 3, 1st Sector, HSR Layout, Bengaluru, Karnataka 560102",12.9207539,77.650514,Restaurant,http://www.casafresco.in/,ChdDSUhNMG9nS0VJQ0FnTUNRNk5iYjl3RRAB,"Casa Fresco, HSR: All",Dr. Subhasree Ray,102794998540176624815,True,5,,0,a year ago,"{""dining_mode"": ""Dine in"", ""meal_type"": ""Other"", ""price_per_person"": ""₹1–200"", ""food"": 5, ""service_rating"": 5, ""atmosphere"": 5, ""parking_space"": ""Plenty of parking""}"
"Casa Fresco, HSR: All-Day Dining & Café",080 4992 7445,"73, 27th Main Rd, Phase 3, 1st Sector, HSR Layout, Bengaluru, Karnataka 560102",12.9207539,77.650514,Restaurant,http://www.casafresco.in/,ChZDSUhNMG9nS0VJQ0FnTUNRcU12M1Z3EAE,"Casa Fresco, HSR: All",Rajkumar Visvalingam,104975744494751341353,True,5,"Decent place, nice concept, good food and excellent service.  Tried Martha's Chicken soup, Chicken wings, Napoli chicken pizza and Cheese garlic bread. All tasted yummy can't wait to try other menu items next time. Very polite and humble service. Good place to hang out with friends amd families.",0,a year ago,"{""dining_mode"": ""Dine in"", ""meal_type"": ""Lunch"", ""price_per_person"": ""₹400–600"", ""food"": 5, ""service_rating"": 5, ""atmosphere"": 5, ""recommended_dishes"": ""Garlic Bread"", ""parking_space"": ""Somewhat difficult to find parking"", ""parking_options"": ""Free street parking"", ""parking_notes"": ""Can get parking on the road side"", ""kid_friendliness"": ""Have seen kids enjoying there when I visited with family"", ""wheelchair_accessibility"": ""I think yes. But one side of the seating arrangement might be difficult as one has hop into the chair""}"
"Casa Fresco, HSR: All-Day Dining & Café",080 4992 7445,"73, 27th Main Rd, Phase 3, 1st Sector, HSR Layout, Bengaluru, Karnataka 560102",12.9207539,77.650514,Restaurant,http://www.casafresco.in/,ChdDSUhNMG9nS0VJQ0FnSUREMzhqNzNBRRAB,"Casa Fresco, HSR: All",Ayush Mishra,109674616176858952334,True,4,"Update (Feb 28, 2025): As much as I love this place, the manager Neha comes across as inconsiderate, rude and sadly, a bit dim. My motorcycle was parked outside the store, she interrupted me mid-meal so she could park her car there. (There is no board there saying the space is reserved for cars.)  If this was another patron I would still get it, but this was the manager, interrupting a customer in the middle of their meal. Perhaps a change of management is in order.  ------------------  Original Review: Love the scrambled eggs here. Discovered this place on Google Maps while searching for a place to eat breakfast, and boy was it a find! Realized after I got there that it's a popular breakfast spot in HSR Layout.  The seating is outdoor and surrounded by plants, the neighbourhood is quiet, and finding parking is not a hassle (you can park in the nearby lanes). Plus, they're pet friendly too.  My favourite is the Ramsay Scrambled Breakfast, and if you go before 11 AM, you get a beverage free. Their momos are pretty good too. Service is all right, I'd recommend being patient. Enjoy!",0,Edited a year ago,"{""food"": 5, ""service_rating"": 3, ""atmosphere"": 5}"
"Casa Fresco, HSR: All-Day Dining & Café",080 4992 7445,"73, 27th Main Rd, Phase 3, 1st Sector, HSR Layout, Bengaluru, Karnataka 560102",12.9207539,77.650514,Restaurant,http://www.casafresco.in/,ChZDSUhNMG9nS0VJQ0FnTURnMl9YUktnEAE,"Casa Fresco, HSR: All",Vandana Shrivastava,101375071703205329747,True,5,"The ambience is decent, and I’ve visited twice just for the creamy chicken soup—it's absolutely heavenly! I also tried the grilled chicken steak, and it was delicious. A must-try if you enjoy experimenting with flavors!",0,a year ago,"{""dining_mode"": ""Dine in"", ""meal_type"": ""Dinner"", ""price_per_person"": ""₹200–400"", ""food"": 5, ""service_rating"": 4, ""atmosphere"": 4, ""parking_space"": ""Plenty of parking""}"
"Casa Fresco, HSR: All-Day Dining & Café",080 4992 7445,"73, 27th Main Rd, Phase 3, 1st Sector, HSR Layout, Bengaluru, Karnataka 560102",12.9207539,77.650514,Restaurant,http://www.casafresco.in/,ChdDSUhNMG9nS0VJQ0FnTURnNjZfVXh3RRAB,"Casa Fresco, HSR: All",Ketan Saxena,111790005228259709221,True,5,"Loved the jolly nature of staff, always smiling and committed to making you feel comfortable. Service was prompt and crisp. Good place to spend time with family and friends and also for business/work dates. Menu is quite conclusive and food is tasty.  Prices are also not too high.",0,a year ago,"{""dining_mode"": ""Dine in"", ""meal_type"": ""Dinner"", ""price_per_person"": ""₹400–600"", ""food"": 5, ""service_rating"": 5, ""atmosphere"": 5}"
"Casa Fresco, HSR: All-Day Dining & Café",080 4992 7445,"73, 27th Main Rd, Phase 3, 1st Sector, HSR Layout, Bengaluru, Karnataka 560102",12.9207539,77.650514,Restaurant,http://www.casafresco.in/,ChdDSUhNMG9nS0VJQ0FnTURncThQN3l3RRAB,"Casa Fresco, HSR: All",Preeti Bhandari,115495945372482742691,True,5,Achumi is a great host. Everytime we visit we enjoy the food and ambience,0,a year ago,"{""dining_mode"": ""Dine in"", ""meal_type"": ""Dinner"", ""price_per_person"": ""₹1,200–1,400"", ""food"": 5, ""service_rating"": 5, ""atmosphere"": 5}"
"Casa Fresco, HSR: All-Day Dining & Café",080 4992 7445,"73, 27th Main Rd, Phase 3, 1st Sector, HSR Layout, Bengaluru, Karnataka 560102",12.9207539,77.650514,Restaurant,http://www.casafresco.in/,ChdDSUhNMG9nS0VJQ0FnTURndzdLdDF3RRAB,"Casa Fresco, HSR: All",Saurabh Agrawal,110989638935053321253,True,4,Good place to hangout with a goa feel,0,a year ago,"{""price_per_person"": ""₹600–800"", ""food"": 4, ""service_rating"": 3, ""atmosphere"": 4}"
"Casa Fresco, HSR: All-Day Dining & Café",080 4992 7445,"73, 27th Main Rd, Phase 3, 1st Sector, HSR Layout, Bengaluru, Karnataka 560102",12.9207539,77.650514,Restaurant,http://www.casafresco.in/,ChdDSUhNMG9nS0VJQ0FnTURnN2JYOF9nRRAB,"Casa Fresco, HSR: All",ABHISHEK CHANDRA,101506293829256982475,True,4,,0,a year ago,"{""dining_mode"": ""Dine in"", ""meal_type"": ""Breakfast"", ""price_per_person"": ""₹200–400"", ""food"": 4, ""service_rating"": 5, ""atmosphere"": 4}"
"Casa Fresco, HSR: All-Day Dining & Café",080 4992 7445,"73, 27th Main Rd, Phase 3, 1st Sector, HSR Layout, Bengaluru, Karnataka 560102",12.9207539,77.650514,Restaurant,http://www.casafresco.in/,ChZDSUhNMG9nS0VJQ0FnTURncmJMeVlBEAE,"Casa Fresco, HSR: All",MOULYA BR,116883518784878684372,False,5,Peaceful place. Good service by Achumi.,0,a year ago,
"Casa Fresco, HSR: All-Day Dining & Café",080 4992 7445,"73, 27th Main Rd, Phase 3, 1st Sector, HSR Layout, Bengaluru, Karnataka 560102",12.9207539,77.650514,Restaurant,http://www.casafresco.in/,ChZDSUhNMG9nS0VJQ0FnTURnLXJDYUFREAE,"Casa Fresco, HSR: All",Prajna Nag,101216804893842175716,False,1,"The omlette with egg white and bacon had non chewable 3 hard pieces of it, the cheddar put had not melt and was raw cheese and the service girl took ages to turn her head even for Ketch up Overall a horrible experience Not the hash browns were nice and the Turkish tea  was nice",0,a year ago,"{""dining_mode"": ""Dine in"", ""food"": 1, ""service_rating"": 1, ""atmosphere"": 5}"
"Casa Fresco, HSR: All-Day Dining & Café",080 4992 7445,"73, 27th Main Rd, Phase 3, 1st Sector, HSR Layout, Bengaluru, Karnataka 560102",12.9207539,77.650514,Restaurant,http://www.casafresco.in/,ChZDSUhNMG9nS0VJQ0FnTURnNnF2Y1lBEAE,"Casa Fresco, HSR: All",Azhar Salahuddin,101496499638655796985,True,3,,0,a year ago,"{""dining_mode"": ""Dine in"", ""meal_type"": ""Lunch"", ""price_per_person"": ""₹600–800"", ""food"": 3, ""service_rating"": 5, ""atmosphere"": 5}"
"Casa Fresco, HSR: All-Day Dining & Café",080 4992 7445,"73, 27th Main Rd, Phase 3, 1st Sector, HSR Layout, Bengaluru, Karnataka 560102",12.9207539,77.650514,Restaurant,http://www.casafresco.in/,ChdDSUhNMG9nS0VJQ0FnTURna3FiLXBnRRAB,"Casa Fresco, HSR: All",Nameera. A,105640586636401687527,False,5,Service was great and Karuna was quick and kind Food was good too,0,a year ago,"{""food"": 5, ""service_rating"": 5, ""atmosphere"": 5}"
"Casa Fresco, HSR: All-Day Dining & Café",080 4992 7445,"73, 27th Main Rd, Phase 3, 1st Sector, HSR Layout, Bengaluru, Karnataka 560102",12.9207539,77.650514,Restaurant,http://www.casafresco.in/,ChdDSUhNMG9nS0VJQ0FnTURna3ZxajRBRRAB,"Casa Fresco, HSR: All",Sivasankar Bandi,114877423481643683957,False,5,,0,a year ago,
"Casa Fresco, HSR: All-Day Dining & Café",080 4992 7445,"73, 27th Main Rd, Phase 3, 1st Sector, HSR Layout, Bengaluru, Karnataka 560102",12.9207539,77.650514,Restaurant,http://www.casafresco.in/,ChdDSUhNMG9nS0VJQ0FnTURnd3JPZTdnRRAB,"Casa Fresco, HSR: All",Neha Agrawal,108094354784711295785,True,1,Food is not so great!,0,a year ago,"{""food"": 1}"
"Casa Fresco, HSR: All-Day Dining & Café",080 4992 7445,"73, 27th Main Rd, Phase 3, 1st Sector, HSR Layout, Bengaluru, Karnataka 560102",12.9207539,77.650514,Restaurant,http://www.casafresco.in/,ChZDSUhNMG9nS0VJQ0FnTURnd3VydmNBEAE,"Casa Fresco, HSR: All",Ajit Gosavi,104192553382152920137,True,5,"Good and many variety options on menu, service and ambience is nice specially liked the fact that they welcome dogs and have separate menu also for them 😂. Our server Karuna was very helpful and prompt . Will visit again",0,a year ago,"{""dining_mode"": ""Dine in"", ""meal_type"": ""Lunch"", ""price_per_person"": ""₹1,000–1,200"", ""food"": 5, ""service_rating"": 4, ""atmosphere"": 5, ""recommended_dishes"": ""Paneer Sizzlers""}"
"Casa Fresco, HSR: All-Day Dining & Café",080 4992 7445,"73, 27th Main Rd, Phase 3, 1st Sector, HSR Layout, Bengaluru, Karnataka 560102",12.9207539,77.650514,Restaurant,http://www.casafresco.in/,ChdDSUhNMG9nS0VJQ0FnTURndk5qZTVRRRAB,"Casa Fresco, HSR: All",Sravya Mudiam,111448829590470753626,False,5,,0,a year ago,"{""food"": 5, ""service_rating"": 5, ""atmosphere"": 5}"
"Casa Fresco, HSR: All-Day Dining & Café",080 4992 7445,"73, 27th Main Rd, Phase 3, 1st Sector, HSR Layout, Bengaluru, Karnataka 560102",12.9207539,77.650514,Restaurant,http://www.casafresco.in/,ChdDSUhNMG9nS0VJQ0FnTURnM0lLeTFRRRAB,"Casa Fresco, HSR: All",Lens & Latitude,115592074548361151577,True,5,"Food and ambience is amazing. Service is bit slow sometimes we have to keep calling them and no one attends but that is okay, I am here for the 2nd time and I am surely going to come many more times 😃",0,a year ago,"{""dining_mode"": ""Dine in"", ""meal_type"": ""Breakfast"", ""price_per_person"": ""₹400–600"", ""food"": 5, ""service_rating"": 3, ""atmosphere"": 5, ""vegetarian_recommendation"": ""Highly recommend"", ""vegetarian_offerings"": ""Large vegetarian selection""}"
"Casa Fresco, HSR: All-Day Dining & Café",080 4992 7445,"73, 27th Main Rd, Phase 3, 1st Sector, HSR Layout, Bengaluru, Karnataka 560102",12.9207539,77.650514,Restaurant,http://www.casafresco.in/,ChZDSUhNMG9nS0VJQ0FnTURndUx5UlNREAE,"Casa Fresco, HSR: All",Beverly Sharp,112589396936352136209,False,5,Awesome food and good ambience..had a good time with family and kids.excellent service by Karuna..Great Service team..,0,a year ago,"{""food"": 5, ""service_rating"": 5, ""atmosphere"": 5}"
"Casa Fresco, HSR: All-Day Dining & Café",080 4992 7445,"73, 27th Main Rd, Phase 3, 1st Sector, HSR Layout, Bengaluru, Karnataka 560102",12.9207539,77.650514,Restaurant,http://www.casafresco.in/,ChdDSUhNMG9nS0VJQ0FnTURndUxES3NBRRAB,"Casa Fresco, HSR: All",Angshumita Dutta,103911424850991603793,False,5,"Had an amazing experience there. The food was really good. Also, really appreciate the service by Karuna.",0,a year ago,"{""dining_mode"": ""Dine in"", ""meal_type"": ""Lunch"", ""price_per_person"": ""₹400–600"", ""food"": 5, ""service_rating"": 5, ""atmosphere"": 4}"
"Casa Fresco, HSR: All-Day Dining & Café",080 4992 7445,"73, 27th Main Rd, Phase 3, 1st Sector, HSR Layout, Bengaluru, Karnataka 560102",12.9207539,77.650514,Restaurant,http://www.casafresco.in/,ChdDSUhNMG9nS0VJQ0FnTURnMkl5TzhnRRAB,"Casa Fresco, HSR: All",Vijay Natarajan,114424066691155660965,True,5,"The food, service and ambience was great. Karuna our server was extremely friendly and helpful. The food was good and the service was prompt.",0,a year ago,"{""dining_mode"": ""Dine in"", ""meal_type"": ""Brunch"", ""price_per_person"": ""₹600–800"", ""food"": 5, ""service_rating"": 5, ""atmosphere"": 5, ""recommended_dishes"": ""Hash Browns""}"
"Casa Fresco, HSR: All-Day Dining & Café",080 4992 7445,"73, 27th Main Rd, Phase 3, 1st Sector, HSR Layout, Bengaluru, Karnataka 560102",12.9207539,77.650514,Restaurant,http://www.casafresco.in/,ChdDSUhNMG9nS0VJQ0FnTURncVAzT3BnRRAB,"Casa Fresco, HSR: All",Parul Malik,105757704862955634029,True,5,"The place has a very cosy vibe and food is really good,Karuna here is very helpful with food suggestions and prompt",0,a year ago,"{""dining_mode"": ""Dine in"", ""meal_type"": ""Brunch"", ""price_per_person"": ""₹400–600"", ""food"": 5, ""service_rating"": 5, ""atmosphere"": 5}"
"Casa Fresco, HSR: All-Day Dining & Café",080 4992 7445,"73, 27th Main Rd, Phase 3, 1st Sector, HSR Layout, Bengaluru, Karnataka 560102",12.9207539,77.650514,Restaurant,http://www.casafresco.in/,ChdDSUhNMG9nS0VJQ0FnTURncU02QW5nRRAB,"Casa Fresco, HSR: All",Alex Joseph,107196748724589393107,True,5,Excellent laid back Cafe off 27 main road. Pet friendly. We come here often and always had a good experience.  This last visit we were served excellently by Ms Karuna,0,a year ago,
"Casa Fresco, HSR: All-Day Dining & Café",080 4992 7445,"73, 27th Main Rd, Phase 3, 1st Sector, HSR Layout, Bengaluru, Karnataka 560102",12.9207539,77.650514,Restaurant,http://www.casafresco.in/,ChdDSUhNMG9nS0VJQ0FnTURneVBpcnB3RRAB,"Casa Fresco, HSR: All",Happy Singh,101963533650190197218,True,4,,0,a year ago,"{""food"": 4, ""service_rating"": 3, ""atmosphere"": 4}"
"Casa Fresco, HSR: All-Day Dining & Café",080 4992 7445,"73, 27th Main Rd, Phase 3, 1st Sector, HSR Layout, Bengaluru, Karnataka 560102",12.9207539,77.650514,Restaurant,http://www.casafresco.in/,ChZDSUhNMG9nS0VJQ0FnTUNndmRqQUtnEAE,"Casa Fresco, HSR: All",Saif Ali Khan,101107889720682969515,True,5,,0,a year ago,"{""dining_mode"": ""Dine in"", ""meal_type"": ""Lunch"", ""price_per_person"": ""₹400–600"", ""food"": 5, ""service_rating"": 5, ""atmosphere"": 5, ""vegetarian_recommendation"": ""Somewhat recommend""}"
"Casa Fresco, HSR: All-Day Dining & Café",080 4992 7445,"73, 27th Main Rd, Phase 3, 1st Sector, HSR Layout, Bengaluru, Karnataka 560102",12.9207539,77.650514,Restaurant,http://www.casafresco.in/,ChZDSUhNMG9nS0VJQ0FnTUNnbmEyUWNnEAE,"Casa Fresco, HSR: All",Kamiya Motwani,106352867219632813760,True,5,"The food here is quite nice and the place has a good ambience, sufficient spacing between tables to have a conversation. Also, the taste and the quality of the dishes seemed really nice. Would love to visit again.. However, the only caveat being there might be some wait as it's a relatively small space.",0,a year ago,"{""dining_mode"": ""Dine in"", ""meal_type"": ""Brunch"", ""price_per_person"": ""₹200–400"", ""food"": 5, ""service_rating"": 4, ""atmosphere"": 4, ""recommended_dishes"": ""Hash Browns"", ""vegetarian_recommendation"": ""Highly recommend"", ""vegetarian_offerings"": ""Clearly labeled vegetarian dishes"", ""parking_space"": ""Somewhat difficult to find parking"", ""parking_options"": ""Free street parking""}"
"Casa Fresco, HSR: All-Day Dining & Café",080 4992 7445,"73, 27th Main Rd, Phase 3, 1st Sector, HSR Layout, Bengaluru, Karnataka 560102",12.9207539,77.650514,Restaurant,http://www.casafresco.in/,ChdDSUhNMG9nS0VJQ0FnTUNnallQNW93RRAB,"Casa Fresco, HSR: All",ARUSHI AGARWAL,104397838866282725851,False,5,,0,a year ago,"{""price_per_person"": ""₹400–600"", ""food"": 5, ""service_rating"": 5, ""atmosphere"": 5}"
"Casa Fresco, HSR: All-Day Dining & Café",080 4992 7445,"73, 27th Main Rd, Phase 3, 1st Sector, HSR Layout, Bengaluru, Karnataka 560102",12.9207539,77.650514,Restaurant,http://www.casafresco.in/,ChdDSUhNMG9nS0VJQ0FnTUNndFlPR2dRRRAB,"Casa Fresco, HSR: All",Shruti Tibrewala,109811565022686161023,False,4,,0,a year ago,"{""food"": 5, ""service_rating"": 5, ""atmosphere"": 4}"
"Casa Fresco, HSR: All-Day Dining & Café",080 4992 7445,"73, 27th Main Rd, Phase 3, 1st Sector, HSR Layout, Bengaluru, Karnataka 560102",12.9207539,77.650514,Restaurant,http://www.casafresco.in/,ChdDSUhNMG9nS0VJQ0FnTUNnbGN2RDdBRRAB,"Casa Fresco, HSR: All",Yethishwar Elemela,110657142421606711273,False,4,,0,a year ago,"{""meal_type"": ""Breakfast"", ""food"": 4, ""service_rating"": 4, ""atmosphere"": 4}"
"Casa Fresco, HSR: All-Day Dining & Café",080 4992 7445,"73, 27th Main Rd, Phase 3, 1st Sector, HSR Layout, Bengaluru, Karnataka 560102",12.9207539,77.650514,Restaurant,http://www.casafresco.in/,ChZDSUhNMG9nS0VJQ0FnTUNnbnJXUFp3EAE,"Casa Fresco, HSR: All",Shruti Gupta,105720060512132954136,False,5,Cosy and new place . Must a visit,0,a year ago,"{""food"": 5, ""service_rating"": 5, ""atmosphere"": 5}"
"Casa Fresco, HSR: All-Day Dining & Café",080 4992 7445,"73, 27th Main Rd, Phase 3, 1st Sector, HSR Layout, Bengaluru, Karnataka 560102",12.9207539,77.650514,Restaurant,http://www.casafresco.in/,ChdDSUhNMG9nS0VJQ0FnTUNnOXZUUmxBRRAB,"Casa Fresco, HSR: All",Ameen hafeez,117926828936677549778,True,4,,0,a year ago,"{""food"": 4, ""service_rating"": 5, ""atmosphere"": 5}"
"Casa Fresco, HSR: All-Day Dining & Café",080 4992 7445,"73, 27th Main Rd, Phase 3, 1st Sector, HSR Layout, Bengaluru, Karnataka 560102",12.9207539,77.650514,Restaurant,http://www.casafresco.in/,ChZDSUhNMG9nS0VJQ0FnTUNnLW9TdVR3EAE,"Casa Fresco, HSR: All",Bhuvan C,104710055002558012016,True,5,They have nice healthy veg options and good coffee. Nice service by Karuna.,0,a year ago,"{""food"": 5, ""service_rating"": 4, ""atmosphere"": 4}"
"Casa Fresco, HSR: All-Day Dining & Café",080 4992 7445,"73, 27th Main Rd, Phase 3, 1st Sector, HSR Layout, Bengaluru, Karnataka 560102",12.9207539,77.650514,Restaurant,http://www.casafresco.in/,ChZDSUhNMG9nS0VJQ0FnTUNnLXJEY01BEAE,"Casa Fresco, HSR: All",Sayani Chakraborty,100385595825211942640,True,5,"I loved the service of karuna, she was really quick with the orders and was very helpful in suggesting good foods. Will suggest this place to friends.",0,a year ago,"{""food"": 5, ""service_rating"": 5, ""atmosphere"": 5}"
"Casa Fresco, HSR: All-Day Dining & Café",080 4992 7445,"73, 27th Main Rd, Phase 3, 1st Sector, HSR Layout, Bengaluru, Karnataka 560102",12.9207539,77.650514,Restaurant,http://www.casafresco.in/,ChZDSUhNMG9nS0VJQ0FnTUNndXVPRU9nEAE,"Casa Fresco, HSR: All",debashish bhadra,107710121456132367126,True,5,"Always does have great experience at this place, out of hustle bustle of Bangalore with quality food and ambience, wonderfully served by Karuna who ensures we have good time at this place..",0,a year ago,"{""food"": 5, ""service_rating"": 5, ""atmosphere"": 5}"
"Casa Fresco, HSR: All-Day Dining & Café",080 4992 7445,"73, 27th Main Rd, Phase 3, 1st Sector, HSR Layout, Bengaluru, Karnataka 560102",12.9207539,77.650514,Restaurant,http://www.casafresco.in/,ChdDSUhNMG9nS0VJQ0FnTUNnMnZudGxBRRAB,"Casa Fresco, HSR: All",Prasad Akki,109791936085147893369,True,4,,0,a year ago,"{""price_per_person"": ""₹200–400"", ""food"": 4, ""service_rating"": 4, ""atmosphere"": 4}"
"Casa Fresco, HSR: All-Day Dining & Café",080 4992 7445,"73, 27th Main Rd, Phase 3, 1st Sector, HSR Layout, Bengaluru, Karnataka 560102",12.9207539,77.650514,Restaurant,http://www.casafresco.in/,ChZDSUhNMG9nS0VJQ0FnTUNnbXF1Z0ZnEAE,"Casa Fresco, HSR: All",Ajay Babu Songa,101064796364965589754,True,5,"My go to for Brunch, I have introduced this place to many of my friends and everyone loves it.",0,a year ago,"{""price_per_person"": ""₹400–600"", ""food"": 5, ""service_rating"": 5, ""atmosphere"": 5}"
"Casa Fresco, HSR: All-Day Dining & Café",080 4992 7445,"73, 27th Main Rd, Phase 3, 1st Sector, HSR Layout, Bengaluru, Karnataka 560102",12.9207539,77.650514,Restaurant,http://www.casafresco.in/,ChZDSUhNMG9nS0VJQ0FnTUNnMHZpckhREAE,"Casa Fresco, HSR: All",sreekanth s,106737935604760448743,True,4,,0,a year ago,
"Casa Fresco, HSR: All-Day Dining & Café",080 4992 7445,"73, 27th Main Rd, Phase 3, 1st Sector, HSR Layout, Bengaluru, Karnataka 560102",12.9207539,77.650514,Restaurant,http://www.casafresco.in/,ChZDSUhNMG9nS0VJQ0FnTUNnd3BhbExnEAE,"Casa Fresco, HSR: All",Juris Kiyam,107329636561773546533,True,5,Had a really good time. Calm and relaxed atmosphere. Staff were very kind and nice. Recommend this to anyone looking for a nice place to have a relaxed brunch.,0,a year ago,"{""food"": 5, ""service_rating"": 5, ""atmosphere"": 5}"
"Casa Fresco, HSR: All-Day Dining & Café",080 4992 7445,"73, 27th Main Rd, Phase 3, 1st Sector, HSR Layout, Bengaluru, Karnataka 560102",12.9207539,77.650514,Restaurant,http://www.casafresco.in/,ChZDSUhNMG9nS0VJQ0FnTUNnd3JLaWJnEAE,"Casa Fresco, HSR: All",Shiva Martha,112541113231263626070,True,4,"We visited this café for a late lunch and enjoyed the peaceful outdoor seating, which featured beautiful colors and well-placed plants, creating a great ambiance. The staff was welcoming, adding to the pleasant experience.  Here’s what we tried:  Cheese Balls 4.2/5 – Their signature dish, these were crunchy on the outside and cheesy inside. They paired perfectly with mayonnaise.  Oreo Thickshake 3.5/5 – It wasn’t exceptional but still good.  Hanoi Cold Coffee 4.5/5 – A Vietnamese-style cold coffee with a rich, delicious taste. Coffee lovers would definitely enjoy it.  Tandoori Paneer Pizza 4.2/5 – A thin-crust pizza topped with paneer and veggies, coated in flavorful tandoori masala. A delightful option for those who enjoy Indian flavors.  Corn Kernels 2.5/5 – Personally, I didn’t enjoy these much. They were quite salty and crunchy but lacked a standout taste.",0,a year ago,"{""dining_mode"": ""Dine in"", ""meal_type"": ""Lunch"", ""price_per_person"": ""₹600–800"", ""food"": 4, ""service_rating"": 4, ""atmosphere"": 4}"
"Casa Fresco, HSR: All-Day Dining & Café",080 4992 7445,"73, 27th Main Rd, Phase 3, 1st Sector, HSR Layout, Bengaluru, Karnataka 560102",12.9207539,77.650514,Restaurant,http://www.casafresco.in/,ChdDSUhNMG9nS0VJQ0FnTUNnZ3JTU3VnRRAB,"Casa Fresco, HSR: All",Nikhil Singh,100453707267161177436,True,5,"Cafe has a good ambience and food quality, a bit on expensive side though. Karuna, serves food really fast, appreciate it.",0,a year ago,"{""dining_mode"": ""Dine in"", ""meal_type"": ""Brunch"", ""price_per_person"": ""₹200–400"", ""food"": 5, ""service_rating"": 5, ""atmosphere"": 5}"
"Casa Fresco, HSR: All-Day Dining & Café",080 4992 7445,"73, 27th Main Rd, Phase 3, 1st Sector, HSR Layout, Bengaluru, Karnataka 560102",12.9207539,77.650514,Restaurant,http://www.casafresco.in/,ChdDSUhNMG9nS0VJQ0FnTUNnN09mOXhBRRAB,"Casa Fresco, HSR: All",ranjeet kumar,106743939059192389122,True,4,,0,a year ago,"{""food"": 4, ""service_rating"": 3, ""atmosphere"": 4}"
"Casa Fresco, HSR: All-Day Dining & Café",080 4992 7445,"73, 27th Main Rd, Phase 3, 1st Sector, HSR Layout, Bengaluru, Karnataka 560102",12.9207539,77.650514,Restaurant,http://www.casafresco.in/,ChdDSUhNMG9nS0VJQ0FnTUNncE9EX2hRRRAB,"Casa Fresco, HSR: All",pulkit jatav,113126233628108480082,True,2,I am surprised by the popularity of this restaurant. The food taste and quality overall feels very mediocre and unworthy of your time or money.,0,a year ago,"{""food"": 2, ""service_rating"": 4, ""atmosphere"": 4}"
"Casa Fresco, HSR: All-Day Dining & Café",080 4992 7445,"73, 27th Main Rd, Phase 3, 1st Sector, HSR Layout, Bengaluru, Karnataka 560102",12.9207539,77.650514,Restaurant,http://www.casafresco.in/,ChZDSUhNMG9nS0VJQ0FnTUNnaFBTX1FREAE,"Casa Fresco, HSR: All",Smruti Padhi,114663007601369066564,False,5,"Loved it!! Food, service and the ambience was great. It is dog friendly too. Karuna was serving us, she was too sweet and gave some great suggestions.",0,a year ago,"{""dining_mode"": ""Dine in"", ""meal_type"": ""Other"", ""price_per_person"": ""₹600–800"", ""food"": 5, ""service_rating"": 5, ""atmosphere"": 5, ""vegetarian_recommendation"": ""Highly recommend"", ""wheelchair_accessibility"": ""Yes there is wheelchair accessibility.""}"
"Casa Fresco, HSR: All-Day Dining & Café",080 4992 7445,"73, 27th Main Rd, Phase 3, 1st Sector, HSR Layout, Bengaluru, Karnataka 560102",12.9207539,77.650514,Restaurant,http://www.casafresco.in/,ChdDSUhNMG9nS0VJQ0FnTURBdDhpbTJBRRAB,"Casa Fresco, HSR: All",vandana prasad,101938361575598206439,True,1,"We ordered  one elaichi tea for 99and it was having worst taste, just they put lot of elaichi which made it’s taste bitter.",0,a year ago,"{""dining_mode"": ""Dine in"", ""food"": 1, ""service_rating"": 3, ""atmosphere"": 2}"
"Casa Fresco, HSR: All-Day Dining & Café",080 4992 7445,"73, 27th Main Rd, Phase 3, 1st Sector, HSR Layout, Bengaluru, Karnataka 560102",12.9207539,77.650514,Restaurant,http://www.casafresco.in/,ChdDSUhNMG9nS0VJQ0FnTURBMTRIcHp3RRAB,"Casa Fresco, HSR: All",Trina Talukdar,109865099013695380821,True,5,It is a super cute cafe to work out of. I sat there for 6 hours working. The service staff were very patient. They let me keep my luggage inside. I ordered a ginger lemon honey tea and felt the honey was too much so they switched out the tea and remade the tea for me exactly how I wanted it. Karuna was serving us and she was very kind and accomodating.,0,a year ago,"{""food"": 5, ""service_rating"": 5, ""atmosphere"": 5}"
"Casa Fresco, HSR: All-Day Dining & Café",080 4992 7445,"73, 27th Main Rd, Phase 3, 1st Sector, HSR Layout, Bengaluru, Karnataka 560102",12.9207539,77.650514,Restaurant,http://www.casafresco.in/,ChZDSUhNMG9nS0VJQ0FnTURBcDdfbkV3EAE,"Casa Fresco, HSR: All",Munish Sharma,116223377420952018587,False,5,"I came from Mumbai to this place to have lunch . Great vibe , great staff and good food . Thanks to Karuna for a good time.",0,a year ago,"{""food"": 4, ""service_rating"": 5, ""atmosphere"": 5}"
"Casa Fresco, HSR: All-Day Dining & Café",080 4992 7445,"73, 27th Main Rd, Phase 3, 1st Sector, HSR Layout, Bengaluru, Karnataka 560102",12.9207539,77.650514,Restaurant,http://www.casafresco.in/,ChdDSUhNMG9nS0VJQ0FnTURBMF8yV3NBRRAB,"Casa Fresco, HSR: All",ayan some,104134539029095621125,True,5,Great service and food. Achumi was very helpful with a smiling face.,0,a year ago,"{""food"": 5, ""service_rating"": 5, ""atmosphere"": 5}"
"Casa Fresco, HSR: All-Day Dining & Café",080 4992 7445,"73, 27th Main Rd, Phase 3, 1st Sector, HSR Layout, Bengaluru, Karnataka 560102",12.9207539,77.650514,Restaurant,http://www.casafresco.in/,ChdDSUhNMG9nS0VJQ0FnTURBb19QV3ZnRRAB,"Casa Fresco, HSR: All",Ajay Gowda,115637023277253288346,True,3,,0,a year ago,"{""dining_mode"": ""Dine in"", ""meal_type"": ""Lunch"", ""price_per_person"": ""₹200–400"", ""food"": 2, ""service_rating"": 4, ""atmosphere"": 4, ""parking_space"": ""Somewhat difficult to find parking"", ""parking_options"": ""Free street parking""}"
"Casa Fresco, HSR: All-Day Dining & Café",080 4992 7445,"73, 27th Main Rd, Phase 3, 1st Sector, HSR Layout, Bengaluru, Karnataka 560102",12.9207539,77.650514,Restaurant,http://www.casafresco.in/,ChdDSUhNMG9nS0VJQ0FnTURBZzlYZDh3RRAB,"Casa Fresco, HSR: All",Yash Vardhan Singh,112294711750222976199,False,5,,0,a year ago,
"Casa Fresco, HSR: All-Day Dining & Café",080 4992 7445,"73, 27th Main Rd, Phase 3, 1st Sector, HSR Layout, Bengaluru, Karnataka 560102",12.9207539,77.650514,Restaurant,http://www.casafresco.in/,ChZDSUhNMG9nS0VJQ0FnTURBNWVtUFRREAE,"Casa Fresco, HSR: All",Varun Daga,114844560221630172051,True,5,A cozy cafe tucked away in HSR serving amazing food.  Achumi was a gracious host who helped us chose the signature dishes of the cafe and very soft spoken as well.,0,a year ago,"{""dining_mode"": ""Dine in"", ""meal_type"": ""Dinner"", ""price_per_person"": ""₹200–400"", ""food"": 5, ""service_rating"": 5, ""atmosphere"": 5, ""recommended_dishes"": ""Hash Browns"", ""vegetarian_recommendation"": ""Highly recommend"", ""vegetarian_offerings"": ""Vegetarian menu or section, Clearly labeled vegetarian dishes""}"
"Casa Fresco, HSR: All-Day Dining & Café",080 4992 7445,"73, 27th Main Rd, Phase 3, 1st Sector, HSR Layout, Bengaluru, Karnataka 560102",12.9207539,77.650514,Restaurant,http://www.casafresco.in/,ChZDSUhNMG9nS0VJQ0FnTURBcFlLTE5REAE,"Casa Fresco, HSR: All",sandeep sharma,117648429198911237876,False,5,Achumi is a great server and the food here is amazing too,0,a year ago,"{""food"": 5, ""service_rating"": 5, ""atmosphere"": 5}"
"Casa Fresco, HSR: All-Day Dining & Café",080 4992 7445,"73, 27th Main Rd, Phase 3, 1st Sector, HSR Layout, Bengaluru, Karnataka 560102",12.9207539,77.650514,Restaurant,http://www.casafresco.in/,ChdDSUhNMG9nS0VJQ0FnTURBNGI3d3V3RRAB,"Casa Fresco, HSR: All",Ashish Thawani,102840386698776073436,True,3,"The food was average, the boba tea is great - as per the friend I had gone with.",0,a year ago,"{""dining_mode"": ""Dine in"", ""meal_type"": ""Brunch"", ""price_per_person"": ""₹400–600"", ""food"": 3, ""service_rating"": 3, ""atmosphere"": 3}"
"Casa Fresco, HSR: All-Day Dining & Café",080 4992 7445,"73, 27th Main Rd, Phase 3, 1st Sector, HSR Layout, Bengaluru, Karnataka 560102",12.9207539,77.650514,Restaurant,http://www.casafresco.in/,ChdDSUhNMG9nS0VJQ0FnTURBNGR5RW5BRRAB,"Casa Fresco, HSR: All",Madhuri K.L.,110244555131584115641,True,5,,0,a year ago,"{""dining_mode"": ""Dine in"", ""meal_type"": ""Dinner"", ""food"": 5, ""service_rating"": 5, ""atmosphere"": 5}"
"Casa Fresco, HSR: All-Day Dining & Café",080 4992 7445,"73, 27th Main Rd, Phase 3, 1st Sector, HSR Layout, Bengaluru, Karnataka 560102",12.9207539,77.650514,Restaurant,http://www.casafresco.in/,ChZDSUhNMG9nS0VJQ0FnTURBNFpEVGFnEAE,"Casa Fresco, HSR: All",Ida Kishore,102547121078795901587,True,5,,0,a year ago,"{""dining_mode"": ""Dine in"", ""meal_type"": ""Dinner"", ""price_per_person"": ""₹400–600"", ""food"": 4, ""service_rating"": 4, ""atmosphere"": 3}"
"Casa Fresco, HSR: All-Day Dining & Café",080 4992 7445,"73, 27th Main Rd, Phase 3, 1st Sector, HSR Layout, Bengaluru, Karnataka 560102",12.9207539,77.650514,Restaurant,http://www.casafresco.in/,ChdDSUhNMG9nS0VJQ0FnTURBb1ltbS13RRAB,"Casa Fresco, HSR: All",Arjun,108752234387820550625,True,5,Okay type,0,a year ago,"{""dining_mode"": ""Dine in"", ""food"": 3, ""service_rating"": 3, ""atmosphere"": 5}"
"Casa Fresco, HSR: All-Day Dining & Café",080 4992 7445,"73, 27th Main Rd, Phase 3, 1st Sector, HSR Layout, Bengaluru, Karnataka 560102",12.9207539,77.650514,Restaurant,http://www.casafresco.in/,ChdDSUhNMG9nS0VJQ0FnTURBd2VUVHlRRRAB,"Casa Fresco, HSR: All",Chill__happy,112281522082003631561,True,4,,0,a year ago,"{""service_rating"": 5, ""atmosphere"": 5}"
"Casa Fresco, HSR: All-Day Dining & Café",080 4992 7445,"73, 27th Main Rd, Phase 3, 1st Sector, HSR Layout, Bengaluru, Karnataka 560102",12.9207539,77.650514,Restaurant,http://www.casafresco.in/,ChdDSUhNMG9nS0VJQ0FnTURBdnJyVDl3RRAB,"Casa Fresco, HSR: All",Yogi Acharya,104100612435516226641,True,5,"This is an amazing food place. They have lots of options. The food presentation was wonderful. Even the staff were very nice. Karuna was one of the kind staff who assisted with our order. Kids liked each item they ordered starting from appetizer to the bubble tea! Only drawback is the parking space, as you need to park on the road. Overall wonderful place to hang out.",0,a year ago,"{""dining_mode"": ""Dine in"", ""meal_type"": ""Brunch"", ""price_per_person"": ""₹400–600"", ""food"": 5, ""service_rating"": 5, ""atmosphere"": 5, ""recommended_dishes"": ""Hash Browns""}"
"Casa Fresco, HSR: All-Day Dining & Café",080 4992 7445,"73, 27th Main Rd, Phase 3, 1st Sector, HSR Layout, Bengaluru, Karnataka 560102",12.9207539,77.650514,Restaurant,http://www.casafresco.in/,ChZDSUhNMG9nS0VJQ0FnTURBbnZUYk93EAE,"Casa Fresco, HSR: All",Bilinder Francis,118138069351506083234,False,5,"Karuna was helpful, good and the service was nice, especially the scrambled egg was nice. Only one issue if you are sitting outside is the flies.",0,a year ago,"{""food"": 5, ""service_rating"": 5, ""atmosphere"": 3}"
"Casa Fresco, HSR: All-Day Dining & Café",080 4992 7445,"73, 27th Main Rd, Phase 3, 1st Sector, HSR Layout, Bengaluru, Karnataka 560102",12.9207539,77.650514,Restaurant,http://www.casafresco.in/,ChdDSUhNMG9nS0VJQ0FnTURBN3FPVHZnRRAB,"Casa Fresco, HSR: All",Aman Raza,104650344171886272188,False,5,,0,a year ago,
"Casa Fresco, HSR: All-Day Dining & Café",080 4992 7445,"73, 27th Main Rd, Phase 3, 1st Sector, HSR Layout, Bengaluru, Karnataka 560102",12.9207539,77.650514,Restaurant,http://www.casafresco.in/,ChdDSUhNMG9nS0VJQ0FnTURBcHYtUzZ3RRAB,"Casa Fresco, HSR: All",Nagaraj Kamath,115922349904586687097,True,4,"Food was good, pancakes are really amazing. Even the Pasta and Paneer breakfast was good. Ordered one of the Sundae from their menu, it was not upto the mark- both taste wise and cost.",0,a year ago,"{""price_per_person"": ""₹400–600"", ""food"": 4, ""service_rating"": 5, ""atmosphere"": 4}"
"Casa Fresco, HSR: All-Day Dining & Café",080 4992 7445,"73, 27th Main Rd, Phase 3, 1st Sector, HSR Layout, Bengaluru, Karnataka 560102",12.9207539,77.650514,Restaurant,http://www.casafresco.in/,ChdDSUhNMG9nS0VJQ0FnTURBcHFuNXhBRRAB,"Casa Fresco, HSR: All",Koustav Mullick,108681723835134849398,True,5,"Wonderful food, special mention of the Himalayan noodles. Also amazing hospitality by Achumi.  This is one of our go to places every month, at least once.",0,a year ago,"{""food"": 5, ""service_rating"": 5, ""atmosphere"": 4}"
"Casa Fresco, HSR: All-Day Dining & Café",080 4992 7445,"73, 27th Main Rd, Phase 3, 1st Sector, HSR Layout, Bengaluru, Karnataka 560102",12.9207539,77.650514,Restaurant,http://www.casafresco.in/,ChdDSUhNMG9nS0VJQ0FnTURBeHFTRHNRRRAB,"Casa Fresco, HSR: All",Apoorva Khandelwal,110775659763671131380,False,1,"The staff is very rude. They won’t let two wheelers park in front of the cafe as they say only four wheelers should be parking in that area. Even though the parking spot was empty, they were still adamant that nearest parking spot is only for four wheelers not for two wheelers. The reason given by manager was to prioritise the convenience of Four wheelers customers over the ones who have two wheelers. This is next level discrimination by this cafe .. absolutely ridiculous!",0,a year ago,"{""service_rating"": 1, ""atmosphere"": 1}"
"Casa Fresco, HSR: All-Day Dining & Café",080 4992 7445,"73, 27th Main Rd, Phase 3, 1st Sector, HSR Layout, Bengaluru, Karnataka 560102",12.9207539,77.650514,Restaurant,http://www.casafresco.in/,ChZDSUhNMG9nS0VJQ0FnTURBNnUzQkZBEAE,"Casa Fresco, HSR: All",Bandana Bania,111840274032005490299,False,5,Food was very good and hospitality by Karuna was good.,0,a year ago,"{""dining_mode"": ""Dine in"", ""meal_type"": ""Brunch"", ""price_per_person"": ""₹400–600"", ""food"": 5, ""service_rating"": 5, ""atmosphere"": 5}"
"Casa Fresco, HSR: All-Day Dining & Café",080 4992 7445,"73, 27th Main Rd, Phase 3, 1st Sector, HSR Layout, Bengaluru, Karnataka 560102",12.9207539,77.650514,Restaurant,http://www.casafresco.in/,ChdDSUhNMG9nS0VJQ0FnTURBcXVXYXJRRRAB,"Casa Fresco, HSR: All",Tulika Srivastava,117625400573705420855,False,5,The taste and service is very good. Also it's a pet friendly place. Karuna serves us and she is very good at her job,0,a year ago,"{""meal_type"": ""Breakfast"", ""food"": 5, ""service_rating"": 5, ""atmosphere"": 5}"
"Casa Fresco, HSR: All-Day Dining & Café",080 4992 7445,"73, 27th Main Rd, Phase 3, 1st Sector, HSR Layout, Bengaluru, Karnataka 560102",12.9207539,77.650514,Restaurant,http://www.casafresco.in/,ChdDSUhNMG9nS0VJQ0FnTURBakxxeTF3RRAB,"Casa Fresco, HSR: All",Tanzeel Zargar,106718002716765422580,True,4,,0,a year ago,"{""food"": 4, ""service_rating"": 4, ""atmosphere"": 5}"
"Casa Fresco, HSR: All-Day Dining & Café",080 4992 7445,"73, 27th Main Rd, Phase 3, 1st Sector, HSR Layout, Bengaluru, Karnataka 560102",12.9207539,77.650514,Restaurant,http://www.casafresco.in/,ChdDSUhNMG9nS0VJQ0FnTURBcUpPY2hRRRAB,"Casa Fresco, HSR: All",Bhavana Singh,107648804688399768521,True,5,"Food, ambience and cheap in cost",0,a year ago,"{""food"": 5, ""service_rating"": 5, ""atmosphere"": 5}"
"Casa Fresco, HSR: All-Day Dining & Café",080 4992 7445,"73, 27th Main Rd, Phase 3, 1st Sector, HSR Layout, Bengaluru, Karnataka 560102",12.9207539,77.650514,Restaurant,http://www.casafresco.in/,ChdDSUhNMG9nS0VJQ0FnTUNBaS1QUnJnRRAB,"Casa Fresco, HSR: All",Rishabh Anchalia,109500639084207721155,True,4,,0,a year ago,"{""dining_mode"": ""Dine in"", ""meal_type"": ""Brunch"", ""price_per_person"": ""₹400–600"", ""food"": 4, ""service_rating"": 5, ""atmosphere"": 5}"
"Casa Fresco, HSR: All-Day Dining & Café",080 4992 7445,"73, 27th Main Rd, Phase 3, 1st Sector, HSR Layout, Bengaluru, Karnataka 560102",12.9207539,77.650514,Restaurant,http://www.casafresco.in/,ChdDSUhNMG9nS0VJQ0FnTUNBZzhPdzVnRRAB,"Casa Fresco, HSR: All",Jagappa Dhangar,100561892833734040608,False,1,Wsat food &sarves,0,a year ago,"{""dining_mode"": ""Delivery"", ""meal_type"": ""Dinner"", ""food"": 1, ""service_rating"": 1}"
"Casa Fresco, HSR: All-Day Dining & Café",080 4992 7445,"73, 27th Main Rd, Phase 3, 1st Sector, HSR Layout, Bengaluru, Karnataka 560102",12.9207539,77.650514,Restaurant,http://www.casafresco.in/,ChZDSUhNMG9nS0VJQ0FnTUNBcGNDeURnEAE,"Casa Fresco, HSR: All",Rahul Ravi,107055862497109646481,True,5,"Great food, good service by Karuna :)",0,a year ago,
"Casa Fresco, HSR: All-Day Dining & Café",080 4992 7445,"73, 27th Main Rd, Phase 3, 1st Sector, HSR Layout, Bengaluru, Karnataka 560102",12.9207539,77.650514,Restaurant,http://www.casafresco.in/,ChZDSUhNMG9nS0VJQ0FnTUNBeGVUTE53EAE,"Casa Fresco, HSR: All",Ranveer Nimbalkar,114296461233408375286,False,4,,0,a year ago,"{""food"": 5, ""service_rating"": 4, ""atmosphere"": 5}"
"Casa Fresco, HSR: All-Day Dining & Café",080 4992 7445,"73, 27th Main Rd, Phase 3, 1st Sector, HSR Layout, Bengaluru, Karnataka 560102",12.9207539,77.650514,Restaurant,http://www.casafresco.in/,ChZDSUhNMG9nS0VJQ0FnTUNBeGVTamNBEAE,"Casa Fresco, HSR: All",Asmitha Nairy,109246146174746246208,False,5,,0,a year ago,"{""food"": 5, ""service_rating"": 5, ""atmosphere"": 5}"
"Casa Fresco, HSR: All-Day Dining & Café",080 4992 7445,"73, 27th Main Rd, Phase 3, 1st Sector, HSR Layout, Bengaluru, Karnataka 560102",12.9207539,77.650514,Restaurant,http://www.casafresco.in/,ChdDSUhNMG9nS0VJQ0FnTUNBLWRTWTdRRRAB,"Casa Fresco, HSR: All",Shreya Poojary,116939340631299914385,False,5,"Excellent food and vibrant atmosphere. Achumi, our server, provided excellent service with a welcoming approach. Will definitely visit again!",0,a year ago,"{""food"": 5, ""service_rating"": 5, ""atmosphere"": 5}"
"Casa Fresco, HSR: All-Day Dining & Café",080 4992 7445,"73, 27th Main Rd, Phase 3, 1st Sector, HSR Layout, Bengaluru, Karnataka 560102",12.9207539,77.650514,Restaurant,http://www.casafresco.in/,ChZDSUhNMG9nS0VJQ0FnTUNBdWVfSkx3EAE,"Casa Fresco, HSR: All",gopal biswas,110527339849158103980,True,3,"Casa Fresco ,HSR Layout,  is an open-air cafe in HSR Layout,  Bengaluru.  Enjoyed  evening coffee  and snacks with my son. Good open air ambiance. Good coffee.  No dedicated parking area is available. Service is good.",0,a year ago,
"Casa Fresco, HSR: All-Day Dining & Café",080 4992 7445,"73, 27th Main Rd, Phase 3, 1st Sector, HSR Layout, Bengaluru, Karnataka 560102",12.9207539,77.650514,Restaurant,http://www.casafresco.in/,ChdDSUhNMG9nS0VJQ0FnTUNBdWF2SG53RRAB,"Casa Fresco, HSR: All",Avisha Samantaray,103061096299890834625,True,5,"Amazing food and very cozy place! Very friendly staff, Karuna and team were serving us well, also PET FRIENDLY !",0,a year ago,"{""food"": 5, ""service_rating"": 5, ""atmosphere"": 5}"
"Casa Fresco, HSR: All-Day Dining & Café",080 4992 7445,"73, 27th Main Rd, Phase 3, 1st Sector, HSR Layout, Bengaluru, Karnataka 560102",12.9207539,77.650514,Restaurant,http://www.casafresco.in/,ChZDSUhNMG9nS0VJQ0FnTUNBdVpMWExnEAE,"Casa Fresco, HSR: All",poonam choudhary,104675883945754444001,True,5,"Kim and everyone else around was super amazing, super efficient and super sweet ❤️",0,a year ago,"{""food"": 5, ""service_rating"": 5, ""atmosphere"": 5}"
"Casa Fresco, HSR: All-Day Dining & Café",080 4992 7445,"73, 27th Main Rd, Phase 3, 1st Sector, HSR Layout, Bengaluru, Karnataka 560102",12.9207539,77.650514,Restaurant,http://www.casafresco.in/,ChdDSUhNMG9nS0VJQ0FnTUNBMmJDUGpBRRAB,"Casa Fresco, HSR: All",Jahnavi P,118223492073901362778,False,1,Waiters took too long to serve. Found a worm in boba island. Too noisy.,0,a year ago,"{""dining_mode"": ""Dine in"", ""meal_type"": ""Lunch"", ""food"": 1, ""service_rating"": 1, ""atmosphere"": 1}"
"Casa Fresco, HSR: All-Day Dining & Café",080 4992 7445,"73, 27th Main Rd, Phase 3, 1st Sector, HSR Layout, Bengaluru, Karnataka 560102",12.9207539,77.650514,Restaurant,http://www.casafresco.in/,ChZDSUhNMG9nS0VJQ0FnTUNBbWJLNEtREAE,"Casa Fresco, HSR: All",Pratyush Sharma,116646731161563437658,True,5,Great place! Good food! Their guest manger Karuna was really helpful!,0,a year ago,"{""food"": 5, ""service_rating"": 5, ""atmosphere"": 4}"
"Casa Fresco, HSR: All-Day Dining & Café",080 4992 7445,"73, 27th Main Rd, Phase 3, 1st Sector, HSR Layout, Bengaluru, Karnataka 560102",12.9207539,77.650514,Restaurant,http://www.casafresco.in/,ChZDSUhNMG9nS0VJQ0FnTUNBbWRLell3EAE,"Casa Fresco, HSR: All",Joshua Danesh,105858550950721514295,False,5,Great place and good service from Karuna.,0,a year ago,"{""food"": 5, ""service_rating"": 5, ""atmosphere"": 5}"
"Casa Fresco, HSR: All-Day Dining & Café",080 4992 7445,"73, 27th Main Rd, Phase 3, 1st Sector, HSR Layout, Bengaluru, Karnataka 560102",12.9207539,77.650514,Restaurant,http://www.casafresco.in/,ChZDSUhNMG9nS0VJQ0FnTUNBNmJUclFnEAE,"Casa Fresco, HSR: All",Durga P,102546945790197916814,True,3,"We came on a Sunday morning and the day was just starting for them and practically empty. The outdoor seating had fans and it have a good ambience and comfort. They have an extensive menu that offers an all day dining and the breakfast combos.  We ordered a brioche french toast, scrambled eggs with broccoli and mushroom, an extra bacon , ginger tea and ginger lemon honey tea.  Starting with the good, the scrambled eggs was really delicious. You might have to tell them whether you want it more cooked as by default it comes a bit runny which may not be to everyone's liking. The bread served with the omelette was okay as it felt a bit hard .  The french toast didn't feel like a brioche but normal brown bread and it was also a bit drier than a regular one. The maple syrup served with it solves that issue though. The ginger chai was good.  The most disappointing part was the extra bacon which was very less for the 100 rupees you pay. When asked, they said they weigh 30gms for that price but it didn't feel that to be. It was barely a strip of bacon that they have given and that too overcooked and crispy. That was a huge disappointment.  Also the ginger honey lemon tea , even though I asked to be less sweet was still very sweet for my palate and it was just warm and not hot.  Overall, a very mixed feeling of dining having both excellent and average food.",0,a year ago,"{""dining_mode"": ""Dine in"", ""meal_type"": ""Breakfast"", ""price_per_person"": ""₹600–800"", ""food"": 4, ""service_rating"": 5, ""atmosphere"": 5}"
"Casa Fresco, HSR: All-Day Dining & Café",080 4992 7445,"73, 27th Main Rd, Phase 3, 1st Sector, HSR Layout, Bengaluru, Karnataka 560102",12.9207539,77.650514,Restaurant,http://www.casafresco.in/,ChZDSUhNMG9nS0VJQ0FnTUNBa2VPTEN3EAE,"Casa Fresco, HSR: All",nithusha matta,104218270367406197700,False,5,,0,a year ago,
"Casa Fresco, HSR: All-Day Dining & Café",080 4992 7445,"73, 27th Main Rd, Phase 3, 1st Sector, HSR Layout, Bengaluru, Karnataka 560102",12.9207539,77.650514,Restaurant,http://www.casafresco.in/,ChZDSUhNMG9nS0VJQ0FnTUNBd2ZfaVJnEAE,"Casa Fresco, HSR: All",sahitya sahitya,110767224101459661077,False,5,Food is very tasty and they have lot of variety. Karuna is very helpful in providing dishes at time. I will definitely visit again,0,a year ago,"{""dining_mode"": ""Dine in"", ""meal_type"": ""Other"", ""price_per_person"": ""₹1,000–1,200"", ""food"": 5, ""service_rating"": 5, ""atmosphere"": 5}"
"Casa Fresco, HSR: All-Day Dining & Café",080 4992 7445,"73, 27th Main Rd, Phase 3, 1st Sector, HSR Layout, Bengaluru, Karnataka 560102",12.9207539,77.650514,Restaurant,http://www.casafresco.in/,ChdDSUhNMG9nS0VJQ0FnTUNBZ2RYdjVRRRAB,"Casa Fresco, HSR: All",Priya B,101035698170384501002,False,5,Karuna was great service,0,a year ago,"{""dining_mode"": ""Dine in"", ""food"": 5, ""service_rating"": 5, ""atmosphere"": 5}"
"Casa Fresco, HSR: All-Day Dining & Café",080 4992 7445,"73, 27th Main Rd, Phase 3, 1st Sector, HSR Layout, Bengaluru, Karnataka 560102",12.9207539,77.650514,Restaurant,http://www.casafresco.in/,ChdDSUhNMG9nS0VJQ0FnTUNBX3RtNV9BRRAB,"Casa Fresco, HSR: All",Haripriya D,112235405839012680698,False,5,Karuni was very friendly and great service,0,a year ago,
"Casa Fresco, HSR: All-Day Dining & Café",080 4992 7445,"73, 27th Main Rd, Phase 3, 1st Sector, HSR Layout, Bengaluru, Karnataka 560102",12.9207539,77.650514,Restaurant,http://www.casafresco.in/,ChdDSUhNMG9nS0VJQ0FnTUNBdnJyOF9nRRAB,"Casa Fresco, HSR: All",Nishant Shukla,104261476714781926437,False,5,Pretty amazing in everything  Karuna's service was very quick and amazing!,0,a year ago,"{""dining_mode"": ""Dine in"", ""food"": 5, ""service_rating"": 5, ""atmosphere"": 5}"
"Casa Fresco, HSR: All-Day Dining & Café",080 4992 7445,"73, 27th Main Rd, Phase 3, 1st Sector, HSR Layout, Bengaluru, Karnataka 560102",12.9207539,77.650514,Restaurant,http://www.casafresco.in/,ChdDSUhNMG9nS0VJQ0FnTUNBbHF1VGhRRRAB,"Casa Fresco, HSR: All",Marva Faizal,100290547064943002110,False,5,We actually had a fun time eating from here. The momos and grilled chicken steak is a must try with barbecue sauce. And Karuna is the one who helped us discover this must try dishes. Surprising the price for few of the dishes over is not that expensive,0,a year ago,"{""food"": 5, ""service_rating"": 5, ""atmosphere"": 5}"
"Casa Fresco, HSR: All-Day Dining & Café",080 4992 7445,"73, 27th Main Rd, Phase 3, 1st Sector, HSR Layout, Bengaluru, Karnataka 560102",12.9207539,77.650514,Restaurant,http://www.casafresco.in/,ChZDSUhNMG9nS0VJQ0FnTUNBM1B2NkFREAE,"Casa Fresco, HSR: All",pratibha tomar,106739922392590133504,False,5,I love food here,0,a year ago,"{""dining_mode"": ""Dine in"", ""meal_type"": ""Brunch"", ""price_per_person"": ""₹400–600"", ""food"": 5, ""service_rating"": 5, ""atmosphere"": 4}"
"Casa Fresco, HSR: All-Day Dining & Café",080 4992 7445,"73, 27th Main Rd, Phase 3, 1st Sector, HSR Layout, Bengaluru, Karnataka 560102",12.9207539,77.650514,Restaurant,http://www.casafresco.in/,ChdDSUhNMG9nS0VJQ0FnTUNBaVBxNG1RRRAB,"Casa Fresco, HSR: All",surabhi varshney,111279417240170814040,False,4,,0,a year ago,"{""dining_mode"": ""Dine in"", ""meal_type"": ""Brunch"", ""price_per_person"": ""₹400–600"", ""food"": 4, ""service_rating"": 2, ""atmosphere"": 3, ""recommended_dishes"": ""Fries, Aglio E Olio Pasta"", ""vegetarian_recommendation"": ""Somewhat recommend""}"
"Casa Fresco, HSR: All-Day Dining & Café",080 4992 7445,"73, 27th Main Rd, Phase 3, 1st Sector, HSR Layout, Bengaluru, Karnataka 560102",12.9207539,77.650514,Restaurant,http://www.casafresco.in/,ChZDSUhNMG9nS0VJQ0FnSURfX191N013EAE,"Casa Fresco, HSR: All",sri hari,102884219729777656906,False,5,,0,a year ago,"{""dining_mode"": ""Dine in"", ""price_per_person"": ""₹200–400"", ""food"": 5, ""service_rating"": 5, ""atmosphere"": 5}"
"Casa Fresco, HSR: All-Day Dining & Café",080 4992 7445,"73, 27th Main Rd, Phase 3, 1st Sector, HSR Layout, Bengaluru, Karnataka 560102",12.9207539,77.650514,Restaurant,http://www.casafresco.in/,ChdDSUhNMG9nS0VJQ0FnSURfXzl1STd3RRAB,"Casa Fresco, HSR: All",hannah `,117306236601845878384,False,5,the food was good and karuna’s service was great,0,a year ago,"{""food"": 5, ""service_rating"": 5, ""atmosphere"": 5}"
"Casa Fresco, HSR: All-Day Dining & Café",080 4992 7445,"73, 27th Main Rd, Phase 3, 1st Sector, HSR Layout, Bengaluru, Karnataka 560102",12.9207539,77.650514,Restaurant,http://www.casafresco.in/,ChdDSUhNMG9nS0VJQ0FnSURfbjV1R19RRRAB,"Casa Fresco, HSR: All",chandrika k,114400437339236595948,False,4,Great food and great Ambience!Service was great by Kim.😊,0,a year ago,"{""food"": 5, ""service_rating"": 5, ""atmosphere"": 4}"
"Casa Fresco, HSR: All-Day Dining & Café",080 4992 7445,"73, 27th Main Rd, Phase 3, 1st Sector, HSR Layout, Bengaluru, Karnataka 560102",12.9207539,77.650514,Restaurant,http://www.casafresco.in/,ChZDSUhNMG9nS0VJQ0FnSURfcTdlOE9BEAE,"Casa Fresco, HSR: All",Kiran S,103682182684861323566,True,3,,0,a year ago,"{""food"": 5, ""service_rating"": 3, ""atmosphere"": 1}"
"Casa Fresco, HSR: All-Day Dining & Café",080 4992 7445,"73, 27th Main Rd, Phase 3, 1st Sector, HSR Layout, Bengaluru, Karnataka 560102",12.9207539,77.650514,Restaurant,http://www.casafresco.in/,ChdDSUhNMG9nS0VJQ0FnSURfdzV1a3Z3RRAB,"Casa Fresco, HSR: All",haque farazul,116778811119595141419,False,5,"Great vibe, special thanks to kim for the great service",0,a year ago,"{""food"": 5, ""service_rating"": 5, ""atmosphere"": 5}"
"Casa Fresco, HSR: All-Day Dining & Café",080 4992 7445,"73, 27th Main Rd, Phase 3, 1st Sector, HSR Layout, Bengaluru, Karnataka 560102",12.9207539,77.650514,Restaurant,http://www.casafresco.in/,ChZDSUhNMG9nS0VJQ0FnSURfZzduc2V3EAE,"Casa Fresco, HSR: All",Nikita Das,103349393467405697079,False,5,The good was really good and the hospitality by Karuna was really impressive.,0,a year ago,
"Casa Fresco, HSR: All-Day Dining & Café",080 4992 7445,"73, 27th Main Rd, Phase 3, 1st Sector, HSR Layout, Bengaluru, Karnataka 560102",12.9207539,77.650514,Restaurant,http://www.casafresco.in/,ChdDSUhNMG9nS0VJQ0FnSURfZ19LeGhBRRAB,"Casa Fresco, HSR: All",Gaurav Pandey,104836066519185121750,True,5,Amazing food and service at Casa Fresco HSR . Thank you Karuna for the amazing service!!,0,a year ago,"{""food"": 5, ""service_rating"": 5, ""atmosphere"": 5}"
"Casa Fresco, HSR: All-Day Dining & Café",080 4992 7445,"73, 27th Main Rd, Phase 3, 1st Sector, HSR Layout, Bengaluru, Karnataka 560102",12.9207539,77.650514,Restaurant,http://www.casafresco.in/,ChZDSUhNMG9nS0VJQ0FnSURfellmbkZ3EAE,"Casa Fresco, HSR: All",Anand Kotriwal,100515291475457882412,False,5,We went for sunday breakfast. They have wide variety of options to choose from. We tried Steamed momos 5/5 Paneer Bhurji breakfast 4.5/5 Belgian hot chocolate 5/5 (absolutely loved it) Country Burger 4/5  Karuna was very helpful in recommending  and provided top notch service.,0,a year ago,"{""food"": 5, ""service_rating"": 5, ""atmosphere"": 4}"
"Casa Fresco, HSR: All-Day Dining & Café",080 4992 7445,"73, 27th Main Rd, Phase 3, 1st Sector, HSR Layout, Bengaluru, Karnataka 560102",12.9207539,77.650514,Restaurant,http://www.casafresco.in/,ChdDSUhNMG9nS0VJQ0FnSURfLVlpdWlBRRAB,"Casa Fresco, HSR: All",padmaja behara,117936511347303585420,True,3,,0,a year ago,"{""dining_mode"": ""Dine in"", ""meal_type"": ""Other"", ""price_per_person"": ""₹200–400"", ""food"": 3, ""service_rating"": 4, ""atmosphere"": 3}"
"Casa Fresco, HSR: All-Day Dining & Café",080 4992 7445,"73, 27th Main Rd, Phase 3, 1st Sector, HSR Layout, Bengaluru, Karnataka 560102",12.9207539,77.650514,Restaurant,http://www.casafresco.in/,ChdDSUhNMG9nS0VJQ0FnSURfMmFDb3dRRRAB,"Casa Fresco, HSR: All",Mayank Arya,101870666423257667759,False,5,Karuna helped us a lot :),0,a year ago,"{""service_rating"": 5}"
"Casa Fresco, HSR: All-Day Dining & Café",080 4992 7445,"73, 27th Main Rd, Phase 3, 1st Sector, HSR Layout, Bengaluru, Karnataka 560102",12.9207539,77.650514,Restaurant,http://www.casafresco.in/,ChZDSUhNMG9nS0VJQ0FnSURfbWVIR1FREAE,"Casa Fresco, HSR: All",Dezlin Darly John,111238841643145753881,True,4,"Last night, my spouse and I visited Cafe Fresco in HSR Layout. The café had a pleasant ambiance and excellent customer service. We were attended to by Karuna, whose service was remarkably good. Although we waited for about 20 to 25 minutes, the dinner we ordered was excellent, and we enjoyed it.",0,a year ago,"{""dining_mode"": ""Dine in"", ""meal_type"": ""Dinner"", ""price_per_person"": ""₹400–600"", ""food"": 4, ""service_rating"": 5, ""atmosphere"": 5}"
"Casa Fresco, HSR: All-Day Dining & Café",080 4992 7445,"73, 27th Main Rd, Phase 3, 1st Sector, HSR Layout, Bengaluru, Karnataka 560102",12.9207539,77.650514,Restaurant,http://www.casafresco.in/,ChZDSUhNMG9nS0VJQ0FnSURfcWNMVlpREAE,"Casa Fresco, HSR: All",Rakesh Jujhar Singh,110545536820682664887,True,4,,0,a year ago,"{""dining_mode"": ""Dine in"", ""meal_type"": ""Breakfast"", ""price_per_person"": ""₹800–1,000"", ""parking_space"": ""Difficult to find parking""}"
"Casa Fresco, HSR: All-Day Dining & Café",080 4992 7445,"73, 27th Main Rd, Phase 3, 1st Sector, HSR Layout, Bengaluru, Karnataka 560102",12.9207539,77.650514,Restaurant,http://www.casafresco.in/,ChZDSUhNMG9nS0VJQ0FnSURfeVl2QWJREAE,"Casa Fresco, HSR: All",aayatna ak,116188657630211034201,False,5,,0,a year ago,
"Casa Fresco, HSR: All-Day Dining & Café",080 4992 7445,"73, 27th Main Rd, Phase 3, 1st Sector, HSR Layout, Bengaluru, Karnataka 560102",12.9207539,77.650514,Restaurant,http://www.casafresco.in/,ChZDSUhNMG9nS0VJQ0FnSURfZ1oyWk93EAE,"Casa Fresco, HSR: All",priyadarsini parida,102144093506431740199,False,5,Very nice place. Karuna was very good in providing the service.,0,a year ago,
"Casa Fresco, HSR: All-Day Dining & Café",080 4992 7445,"73, 27th Main Rd, Phase 3, 1st Sector, HSR Layout, Bengaluru, Karnataka 560102",12.9207539,77.650514,Restaurant,http://www.casafresco.in/,ChdDSUhNMG9nS0VJQ0FnSURfZ2NYZV9nRRAB,"Casa Fresco, HSR: All",Devyani gaikwad,109853676773841534831,True,5,Had great time at Casa Fresco. Had amazing serving experience with Karuna..... And Heart stays,0,a year ago,"{""food"": 5, ""service_rating"": 5, ""atmosphere"": 5}"
"Casa Fresco, HSR: All-Day Dining & Café",080 4992 7445,"73, 27th Main Rd, Phase 3, 1st Sector, HSR Layout, Bengaluru, Karnataka 560102",12.9207539,77.650514,Restaurant,http://www.casafresco.in/,ChZDSUhNMG9nS0VJQ0FnSURfanRPS1RnEAE,"Casa Fresco, HSR: All",Joy,111615532599165282419,True,5,"Very homely vibe, good portion sizes and Very friendly staff. It's located in a comparatively secluded area, so a nice change of pace.",0,a year ago,"{""dining_mode"": ""Dine in"", ""meal_type"": ""Dinner"", ""food"": 5, ""service_rating"": 5, ""atmosphere"": 5}"
"Casa Fresco, HSR: All-Day Dining & Café",080 4992 7445,"73, 27th Main Rd, Phase 3, 1st Sector, HSR Layout, Bengaluru, Karnataka 560102",12.9207539,77.650514,Restaurant,http://www.casafresco.in/,ChdDSUhNMG9nS0VJQ0FnSURfMXMzamt3RRAB,"Casa Fresco, HSR: All",Vishnu,113298328601506808572,True,1,"The oreo milkshake was so bland and i wasnt able to drink beyond one sip  The pizza tasted so bad, the base wasnt handmade, rather a hard biscuit like base which is available in super markets  The service was awful",0,a year ago,"{""dining_mode"": ""Dine in"", ""meal_type"": ""Dinner"", ""price_per_person"": ""₹400–600"", ""food"": 1, ""service_rating"": 2, ""atmosphere"": 2, ""vegetarian_recommendation"": ""Somewhat recommend"", ""vegetarian_offerings"": ""Vegetarian menu or section, Clearly labeled vegetarian dishes"", ""parking_space"": ""Plenty of parking"", ""parking_options"": ""Free parking lot""}"
"Casa Fresco, HSR: All-Day Dining & Café",080 4992 7445,"73, 27th Main Rd, Phase 3, 1st Sector, HSR Layout, Bengaluru, Karnataka 560102",12.9207539,77.650514,Restaurant,http://www.casafresco.in/,ChdDSUhNMG9nS0VJQ0FnSURfNnB6enl3RRAB,"Casa Fresco, HSR: All",Shreya Padgalwar,102710631922047397199,False,5,Very nice and cozy cafe to visit. Ordered white sauce pasta and cafe mocha. Both were very nice. Special thanks to Kim.,0,a year ago,"{""food"": 5, ""service_rating"": 5, ""atmosphere"": 5}"
"Casa Fresco, HSR: All-Day Dining & Café",080 4992 7445,"73, 27th Main Rd, Phase 3, 1st Sector, HSR Layout, Bengaluru, Karnataka 560102",12.9207539,77.650514,Restaurant,http://www.casafresco.in/,ChdDSUhNMG9nS0VJQ0FnSURfcXZmTGhnRRAB,"Casa Fresco, HSR: All",Bhargavi Chhangani,102988089578979684076,True,5,,0,a year ago,"{""food"": 5, ""service_rating"": 5, ""atmosphere"": 5}"
"Casa Fresco, HSR: All-Day Dining & Café",080 4992 7445,"73, 27th Main Rd, Phase 3, 1st Sector, HSR Layout, Bengaluru, Karnataka 560102",12.9207539,77.650514,Restaurant,http://www.casafresco.in/,ChdDSUhNMG9nS0VJQ0FnSURfZ3BYNjZRRRAB,"Casa Fresco, HSR: All",Vipul Sodhi,100418704123274784790,True,4,,0,a year ago,"{""meal_type"": ""Lunch"", ""price_per_person"": ""₹1,600–1,800"", ""food"": 3, ""service_rating"": 4, ""atmosphere"": 5}"
"Casa Fresco, HSR: All-Day Dining & Café",080 4992 7445,"73, 27th Main Rd, Phase 3, 1st Sector, HSR Layout, Bengaluru, Karnataka 560102",12.9207539,77.650514,Restaurant,http://www.casafresco.in/,ChdDSUhNMG9nS0VJQ0FnSURfM0xLQ3p3RRAB,"Casa Fresco, HSR: All",Satya Medha Inti,106484843377863126347,False,5,The place is amazing and food is delicious especially burger. Karuna has provided good service.,0,a year ago,"{""food"": 5, ""service_rating"": 5, ""atmosphere"": 5}"
"Casa Fresco, HSR: All-Day Dining & Café",080 4992 7445,"73, 27th Main Rd, Phase 3, 1st Sector, HSR Layout, Bengaluru, Karnataka 560102",12.9207539,77.650514,Restaurant,http://www.casafresco.in/,ChdDSUhNMG9nS0VJQ0FnSURfblBXb3pBRRAB,"Casa Fresco, HSR: All",Mebob Alom,101151426278211755694,False,5,,0,a year ago,"{""food"": 5, ""service_rating"": 5, ""atmosphere"": 5}"
"Casa Fresco, HSR: All-Day Dining & Café",080 4992 7445,"73, 27th Main Rd, Phase 3, 1st Sector, HSR Layout, Bengaluru, Karnataka 560102",12.9207539,77.650514,Restaurant,http://www.casafresco.in/,ChdDSUhNMG9nS0VJQ0FnSURfck5tcTd3RRAB,"Casa Fresco, HSR: All",Rahul Ranju tpz,105970130926682312785,False,5,,0,a year ago,"{""food"": 5, ""service_rating"": 5, ""atmosphere"": 5}"
"Casa Fresco, HSR: All-Day Dining & Café",080 4992 7445,"73, 27th Main Rd, Phase 3, 1st Sector, HSR Layout, Bengaluru, Karnataka 560102",12.9207539,77.650514,Restaurant,http://www.casafresco.in/,ChZDSUhNMG9nS0VJQ0FnSURfLU9HRU13EAE,"Casa Fresco, HSR: All",RASHI SINGH,101426046595250785532,False,5,,0,a year ago,"{""food"": 5, ""service_rating"": 5, ""atmosphere"": 5}"
"Casa Fresco, HSR: All-Day Dining & Café",080 4992 7445,"73, 27th Main Rd, Phase 3, 1st Sector, HSR Layout, Bengaluru, Karnataka 560102",12.9207539,77.650514,Restaurant,http://www.casafresco.in/,ChZDSUhNMG9nS0VJQ0FnSURfLU03dkJnEAE,"Casa Fresco, HSR: All",Smriti Pandey,116822150200249049588,False,5,Great food and Karuna was a great help with food suggestions.,0,a year ago,"{""food"": 5, ""service_rating"": 5, ""atmosphere"": 5}"
"Casa Fresco, HSR: All-Day Dining & Café",080 4992 7445,"73, 27th Main Rd, Phase 3, 1st Sector, HSR Layout, Bengaluru, Karnataka 560102",12.9207539,77.650514,Restaurant,http://www.casafresco.in/,ChdDSUhNMG9nS0VJQ0FnSURfLU5EWHdnRRAB,"Casa Fresco, HSR: All",Sneh Thakur,102585903248527256412,True,5,We were attended by Karuna and she is really sweet. Helped us in choosing good options of foods and drinks. Everything is yummy here with nice ambience and food.,0,a year ago,"{""dining_mode"": ""Dine in"", ""meal_type"": ""Brunch""}"
"Casa Fresco, HSR: All-Day Dining & Café",080 4992 7445,"73, 27th Main Rd, Phase 3, 1st Sector, HSR Layout, Bengaluru, Karnataka 560102",12.9207539,77.650514,Restaurant,http://www.casafresco.in/,ChZDSUhNMG9nS0VJQ0FnSURfdVBTZkF3EAE,"Casa Fresco, HSR: All",Gouranshu Grover,112934468088519362731,True,5,,0,a year ago,"{""dining_mode"": ""Dine in"", ""meal_type"": ""Dinner"", ""price_per_person"": ""₹400–600"", ""food"": 5, ""service_rating"": 5, ""atmosphere"": 5}"
"Casa Fresco, HSR: All-Day Dining & Café",080 4992 7445,"73, 27th Main Rd, Phase 3, 1st Sector, HSR Layout, Bengaluru, Karnataka 560102",12.9207539,77.650514,Restaurant,http://www.casafresco.in/,ChdDSUhNMG9nS0VJQ0FnSURfdUpTTmlBRRAB,"Casa Fresco, HSR: All",Arbazkhan Arbazkhan,101817269885074577701,False,1,,0,a year ago,
"Casa Fresco, HSR: All-Day Dining & Café",080 4992 7445,"73, 27th Main Rd, Phase 3, 1st Sector, HSR Layout, Bengaluru, Karnataka 560102",12.9207539,77.650514,Restaurant,http://www.casafresco.in/,ChdDSUhNMG9nS0VJQ0FnSURfMkxpMDhnRRAB,"Casa Fresco, HSR: All",Sharath Krishnan,108264016312668663545,True,3,Decent food. Drinks not that good,0,a year ago,"{""food"": 4, ""service_rating"": 3, ""atmosphere"": 3}"
"Casa Fresco, HSR: All-Day Dining & Café",080 4992 7445,"73, 27th Main Rd, Phase 3, 1st Sector, HSR Layout, Bengaluru, Karnataka 560102",12.9207539,77.650514,Restaurant,http://www.casafresco.in/,ChdDSUhNMG9nS0VJQ0FnSURfeU9Xb21nRRAB,"Casa Fresco, HSR: All",Priyesh Sharma,117917819722689941841,True,5,Fav cafe in Bengaluru. Must try - Lepcha Bhel!!,0,a year ago,"{""food"": 4, ""service_rating"": 5, ""atmosphere"": 5}"
"Casa Fresco, HSR: All-Day Dining & Café",080 4992 7445,"73, 27th Main Rd, Phase 3, 1st Sector, HSR Layout, Bengaluru, Karnataka 560102",12.9207539,77.650514,Restaurant,http://www.casafresco.in/,ChZDSUhNMG9nS0VJQ0FnSUNfMzVuVVpBEAE,"Casa Fresco, HSR: All",Jithin R.J.,108869597777170716525,True,4,"Cozy ambience, excellent service and food. This is my go to place for English breakfast and similar dishes. Cream of chicken soup is a must try. It gets crowded a lot so you need to have a little bit of patience with service. Parking gets difficult during peak hours.",0,a year ago,"{""dining_mode"": ""Dine in"", ""meal_type"": ""Dinner"", ""price_per_person"": ""₹1–200"", ""food"": 4, ""service_rating"": 4, ""atmosphere"": 4, ""recommended_dishes"": ""Hazelnut Cold Coffee"", ""parking_space"": ""Somewhat difficult to find parking"", ""parking_options"": ""Free street parking""}"
"Casa Fresco, HSR: All-Day Dining & Café",080 4992 7445,"73, 27th Main Rd, Phase 3, 1st Sector, HSR Layout, Bengaluru, Karnataka 560102",12.9207539,77.650514,Restaurant,http://www.casafresco.in/,ChZDSUhNMG9nS0VJQ0FnSUNfcC1MeEx3EAE,"Casa Fresco, HSR: All",sushmitha shetty,114451029189660758280,False,4,The food was really yum ! Special mention for Karuna for serving us better,0,a year ago,"{""dining_mode"": ""Dine in"", ""meal_type"": ""Other"", ""price_per_person"": ""₹400–600"", ""food"": 5, ""service_rating"": 4, ""atmosphere"": 4, ""recommended_dishes"": ""Hazelnut Cold Coffee""}"
"Casa Fresco, HSR: All-Day Dining & Café",080 4992 7445,"73, 27th Main Rd, Phase 3, 1st Sector, HSR Layout, Bengaluru, Karnataka 560102",12.9207539,77.650514,Restaurant,http://www.casafresco.in/,ChZDSUhNMG9nS0VJQ0FnSUNfeDhtZ1dnEAE,"Casa Fresco, HSR: All",Rudransh Bahuguna,113642985116344514778,False,5,"Karuna, Nice food and Good Service. keep it up",0,a year ago,"{""food"": 5, ""service_rating"": 5, ""atmosphere"": 5}"
"Casa Fresco, HSR: All-Day Dining & Café",080 4992 7445,"73, 27th Main Rd, Phase 3, 1st Sector, HSR Layout, Bengaluru, Karnataka 560102",12.9207539,77.650514,Restaurant,http://www.casafresco.in/,ChdDSUhNMG9nS0VJQ0FnSUNfaDdYN29RRRAB,"Casa Fresco, HSR: All",X C,110053450852780684045,True,5,Everything is good here only painful was mosquito 🦟 bites.,0,a year ago,"{""food"": 5, ""service_rating"": 5, ""atmosphere"": 4}"
"Casa Fresco, HSR: All-Day Dining & Café",080 4992 7445,"73, 27th Main Rd, Phase 3, 1st Sector, HSR Layout, Bengaluru, Karnataka 560102",12.9207539,77.650514,Restaurant,http://www.casafresco.in/,ChdDSUhNMG9nS0VJQ0FnSUNfLV82YnNRRRAB,"Casa Fresco, HSR: All",Mrunmayi S,104494496078875825239,False,5,,0,a year ago,"{""dining_mode"": ""Dine in"", ""meal_type"": ""Breakfast"", ""price_per_person"": ""₹400–600"", ""food"": 5, ""service_rating"": 5, ""atmosphere"": 5, ""recommended_dishes"": ""Hash Browns""}"
"Casa Fresco, HSR: All-Day Dining & Café",080 4992 7445,"73, 27th Main Rd, Phase 3, 1st Sector, HSR Layout, Bengaluru, Karnataka 560102",12.9207539,77.650514,Restaurant,http://www.casafresco.in/,ChZDSUhNMG9nS0VJQ0FnSUNfLTRxYWRREAE,"Casa Fresco, HSR: All",PRATIBHA,102585489698585065836,False,5,Kim dealing was really good,0,a year ago,"{""food"": 5, ""service_rating"": 5, ""atmosphere"": 5}"
"Casa Fresco, HSR: All-Day Dining & Café",080 4992 7445,"73, 27th Main Rd, Phase 3, 1st Sector, HSR Layout, Bengaluru, Karnataka 560102",12.9207539,77.650514,Restaurant,http://www.casafresco.in/,ChZDSUhNMG9nS0VJQ0FnSUNfdTg3aVh3EAE,"Casa Fresco, HSR: All",Shalmali Bhalerao,108231808046737534413,False,5,Karuna provided a great service!,0,a year ago,"{""dining_mode"": ""Dine in"", ""meal_type"": ""Breakfast"", ""price_per_person"": ""₹600–800"", ""food"": 5, ""service_rating"": 5, ""atmosphere"": 5}"
"Casa Fresco, HSR: All-Day Dining & Café",080 4992 7445,"73, 27th Main Rd, Phase 3, 1st Sector, HSR Layout, Bengaluru, Karnataka 560102",12.9207539,77.650514,Restaurant,http://www.casafresco.in/,ChdDSUhNMG9nS0VJQ0FnSUNfdTlLdWdRRRAB,"Casa Fresco, HSR: All",Sindhu Paduchuri,106529926751402057668,False,5,"Great ambiance, Karuna gave us excellent service",0,a year ago,
"Casa Fresco, HSR: All-Day Dining & Café",080 4992 7445,"73, 27th Main Rd, Phase 3, 1st Sector, HSR Layout, Bengaluru, Karnataka 560102",12.9207539,77.650514,Restaurant,http://www.casafresco.in/,ChZDSUhNMG9nS0VJQ0FnSUNfMi0yOU13EAE,"Casa Fresco, HSR: All",Ashif Panakkat,102701317886859440282,False,5,"Great inexpensive food. Achumi provided great, timely service.",0,a year ago,
"Casa Fresco, HSR: All-Day Dining & Café",080 4992 7445,"73, 27th Main Rd, Phase 3, 1st Sector, HSR Layout, Bengaluru, Karnataka 560102",12.9207539,77.650514,Restaurant,http://www.casafresco.in/,ChdDSUhNMG9nS0VJQ0FnSUNfMjlUSXZ3RRAB,"Casa Fresco, HSR: All",Ambika Akhoury,112223978182263158961,True,5,Phenomenal food and cozy vibe. Karuna was our server and did an absolutely fantastic job! Do breakfast here on sundays,0,a year ago,"{""dining_mode"": ""Dine in"", ""meal_type"": ""Brunch"", ""price_per_person"": ""₹400–600"", ""food"": 5, ""service_rating"": 5, ""atmosphere"": 5}"
"Casa Fresco, HSR: All-Day Dining & Café",080 4992 7445,"73, 27th Main Rd, Phase 3, 1st Sector, HSR Layout, Bengaluru, Karnataka 560102",12.9207539,77.650514,Restaurant,http://www.casafresco.in/,ChdDSUhNMG9nS0VJQ0FnSUNfMi1TeWdnRRAB,"Casa Fresco, HSR: All",Nishant Prabhakaran,117521802796879769623,False,5,Great pancakes! Karuna was a wonderful,0,a year ago,
"Casa Fresco, HSR: All-Day Dining & Café",080 4992 7445,"73, 27th Main Rd, Phase 3, 1st Sector, HSR Layout, Bengaluru, Karnataka 560102",12.9207539,77.650514,Restaurant,http://www.casafresco.in/,ChZDSUhNMG9nS0VJQ0FnSUNfbV82Q0dBEAE,"Casa Fresco, HSR: All",Monalisa Sengupta,117414068573166967159,True,5,Great food and service! Well hosted by Ms. Karuna! Food was delicious and the place has great vibes!,0,a year ago,"{""meal_type"": ""Brunch"", ""price_per_person"": ""₹200–400"", ""food"": 5, ""service_rating"": 5, ""atmosphere"": 5}"
"Casa Fresco, HSR: All-Day Dining & Café",080 4992 7445,"73, 27th Main Rd, Phase 3, 1st Sector, HSR Layout, Bengaluru, Karnataka 560102",12.9207539,77.650514,Restaurant,http://www.casafresco.in/,ChdDSUhNMG9nS0VJQ0FnSUNfbTU3ZnNBRRAB,"Casa Fresco, HSR: All",Amit B,102123867534686117402,True,2,"Ordered cold coffee and cappuccino. They took almost 20-30 mins to bring cappuccino. And that too got cold when brought. Also they were constantly asking to repeat order and cleaning table even when they could see some food is left. They ask us to leave as soon as we were done eating. I asked to let us sit for 10min more, they didn’t let us be there and asked to leave. Poor service and attitude. First time faced such thing at any cafe",0,a year ago,"{""dining_mode"": ""Dine in"", ""meal_type"": ""Other"", ""price_per_person"": ""₹200–400"", ""food"": 3, ""service_rating"": 1, ""atmosphere"": 4, ""parking_space"": ""Difficult to find parking"", ""parking_options"": ""Parking is unavailable""}"
"Casa Fresco, HSR: All-Day Dining & Café",080 4992 7445,"73, 27th Main Rd, Phase 3, 1st Sector, HSR Layout, Bengaluru, Karnataka 560102",12.9207539,77.650514,Restaurant,http://www.casafresco.in/,ChdDSUhNMG9nS0VJQ0FnSUNfNF9PZV9BRRAB,"Casa Fresco, HSR: All",devshree shrivastava,110284995720013653960,True,5,Probably the best food I have had in any cafe  in HSR. Th vibe is great and Karuna was really helpful. She took preferences and ensure there was not spice in the food I ordered. Going there again for sure,0,a year ago,"{""dining_mode"": ""Dine in"", ""meal_type"": ""Other"", ""price_per_person"": ""₹800–1,000"", ""food"": 5, ""service_rating"": 5, ""atmosphere"": 5, ""vegetarian_recommendation"": ""Highly recommend"", ""vegetarian_offerings"": ""Clearly labeled vegetarian dishes"", ""parking_space"": ""Difficult to find parking"", ""parking_options"": ""Parking is unavailable""}"
"Casa Fresco, HSR: All-Day Dining & Café",080 4992 7445,"73, 27th Main Rd, Phase 3, 1st Sector, HSR Layout, Bengaluru, Karnataka 560102",12.9207539,77.650514,Restaurant,http://www.casafresco.in/,ChdDSUhNMG9nS0VJQ0FnSUNfbzl5TnR3RRAB,"Casa Fresco, HSR: All",Govardhan Reddy,114788516703272731933,True,5,Best place in HSR for Italian food. Achumi is person who have really taken care of us by suggesting the good food items.,0,a year ago,"{""food"": 5, ""service_rating"": 5, ""atmosphere"": 5}"
"Casa Fresco, HSR: All-Day Dining & Café",080 4992 7445,"73, 27th Main Rd, Phase 3, 1st Sector, HSR Layout, Bengaluru, Karnataka 560102",12.9207539,77.650514,Restaurant,http://www.casafresco.in/,ChZDSUhNMG9nS0VJQ0FnSUNfZ19qREJ3EAE,"Casa Fresco, HSR: All",Anuradha SaiKrishna,101675909839453832931,False,5,Dining experience was good. Karuna served us well. Boba island was very good. Starters were also good.,0,a year ago,"{""dining_mode"": ""Dine in"", ""food"": 5, ""service_rating"": 5, ""atmosphere"": 5}"
"Casa Fresco, HSR: All-Day Dining & Café",080 4992 7445,"73, 27th Main Rd, Phase 3, 1st Sector, HSR Layout, Bengaluru, Karnataka 560102",12.9207539,77.650514,Restaurant,http://www.casafresco.in/,ChZDSUhNMG9nS0VJQ0FnSUNfdmFYUWZREAE,"Casa Fresco, HSR: All",Kishor Choudhari,101106429781300035533,False,5,,0,a year ago,"{""dining_mode"": ""Dine in"", ""meal_type"": ""Other"", ""price_per_person"": ""₹400–600""}"
"Casa Fresco, HSR: All-Day Dining & Café",080 4992 7445,"73, 27th Main Rd, Phase 3, 1st Sector, HSR Layout, Bengaluru, Karnataka 560102",12.9207539,77.650514,Restaurant,http://www.casafresco.in/,ChZDSUhNMG9nS0VJQ0FnSUNfM2MyY1lnEAE,"Casa Fresco, HSR: All",Vaishali Behere,108678492892749455312,False,5,Karuna has been an amazing host. Food and ambience was amazing,0,a year ago,"{""food"": 5, ""service_rating"": 5, ""atmosphere"": 5}"
"Casa Fresco, HSR: All-Day Dining & Café",080 4992 7445,"73, 27th Main Rd, Phase 3, 1st Sector, HSR Layout, Bengaluru, Karnataka 560102",12.9207539,77.650514,Restaurant,http://www.casafresco.in/,ChZDSUhNMG9nS0VJQ0FnSUNfbmU3TFl3EAE,"Casa Fresco, HSR: All",Varishika Dinesh,109825642032604106763,False,5,Good place and Ms.Achumi treated us well,0,a year ago,"{""meal_type"": ""Brunch"", ""price_per_person"": ""₹600–800""}"
"Casa Fresco, HSR: All-Day Dining & Café",080 4992 7445,"73, 27th Main Rd, Phase 3, 1st Sector, HSR Layout, Bengaluru, Karnataka 560102",12.9207539,77.650514,Restaurant,http://www.casafresco.in/,ChdDSUhNMG9nS0VJQ0FnSUNfaWZiZTNBRRAB,"Casa Fresco, HSR: All",Amrita Mohanty,107476265974249053511,True,4,The Aglio olio is worth a try also the red sauce pasta and the bubble tea,0,a year ago,"{""dining_mode"": ""Dine in"", ""meal_type"": ""Dinner"", ""price_per_person"": ""₹800–1,000"", ""food"": 4, ""service_rating"": 4, ""atmosphere"": 4, ""recommended_dishes"": ""Aglio E Olio Pasta""}"
"Casa Fresco, HSR: All-Day Dining & Café",080 4992 7445,"73, 27th Main Rd, Phase 3, 1st Sector, HSR Layout, Bengaluru, Karnataka 560102",12.9207539,77.650514,Restaurant,http://www.casafresco.in/,ChdDSUhNMG9nS0VJQ0FnSUNfZ2ZtVzJRRRAB,"Casa Fresco, HSR: All",Dipanwita Dhar,109957513542592269509,True,4,,0,a year ago,"{""dining_mode"": ""Dine in"", ""meal_type"": ""Breakfast"", ""price_per_person"": ""₹1,000–1,200""}"
"Casa Fresco, HSR: All-Day Dining & Café",080 4992 7445,"73, 27th Main Rd, Phase 3, 1st Sector, HSR Layout, Bengaluru, Karnataka 560102",12.9207539,77.650514,Restaurant,http://www.casafresco.in/,ChdDSUhNMG9nS0VJQ0FnSUNfLXJPZHRRRRAB,"Casa Fresco, HSR: All",likhithagowda ramesh,100271045444564711712,False,5,,0,a year ago,"{""food"": 5, ""service_rating"": 5, ""atmosphere"": 5}"
"Casa Fresco, HSR: All-Day Dining & Café",080 4992 7445,"73, 27th Main Rd, Phase 3, 1st Sector, HSR Layout, Bengaluru, Karnataka 560102",12.9207539,77.650514,Restaurant,http://www.casafresco.in/,ChZDSUhNMG9nS0VJQ0FnSUNfdXJINlRBEAE,"Casa Fresco, HSR: All",Ashish Ranjan,104773885262154667624,False,5,"""This café is a hidden gem! The warm and cozy ambiance creates the perfect setting to relax or catch up with friends. The staff is incredibly welcoming and attentive, making you feel at home. Their menu is a delightful blend of classic favorites and unique specialties, all prepared with care and attention to detail",0,a year ago,
"Casa Fresco, HSR: All-Day Dining & Café",080 4992 7445,"73, 27th Main Rd, Phase 3, 1st Sector, HSR Layout, Bengaluru, Karnataka 560102",12.9207539,77.650514,Restaurant,http://www.casafresco.in/,ChZDSUhNMG9nS0VJQ0FnSUNfMnBqMVBREAE,"Casa Fresco, HSR: All",Ayush,103063745068930422730,False,5,"""I recently visited Casa Fresco and had a wonderful experience! The ambiance was cozy and inviting, with comfortable seating and plenty of natural light. The service was top-notch, with friendly and attentive staff.  But the real star of the show was the food and drinks. I ordered the Alfredo Pasta, Veg Club Sandwich and a Paro bubble tea, and both were delicious.  Overall, I highly recommend Casa Fresco to anyone looking for a tasty and relaxing spot to grab a bite or meet with friends.""  - Ambiance: 5/5 - Service: 5/5 - Food/Drinks: 4.5/5 - Value: 4.5/5",0,a year ago,"{""dining_mode"": ""Dine in"", ""meal_type"": ""Brunch"", ""price_per_person"": ""₹600–800"", ""food"": 5, ""service_rating"": 5, ""atmosphere"": 5}"
"Casa Fresco, HSR: All-Day Dining & Café",080 4992 7445,"73, 27th Main Rd, Phase 3, 1st Sector, HSR Layout, Bengaluru, Karnataka 560102",12.9207539,77.650514,Restaurant,http://www.casafresco.in/,ChZDSUhNMG9nS0VJQ0FnSUNWNHR6N2NBEAE,"Casa Fresco, HSR: All",Rathna Kumar,115022324306313653548,False,4,chicken was vey dry edit after 1 year: food was good,0,Edited a year ago,"{""dining_mode"": ""Dine in"", ""meal_type"": ""Lunch"", ""price_per_person"": ""₹1,200–1,400"", ""food"": 4, ""service_rating"": 5, ""atmosphere"": 5}"
"Casa Fresco, HSR: All-Day Dining & Café",080 4992 7445,"73, 27th Main Rd, Phase 3, 1st Sector, HSR Layout, Bengaluru, Karnataka 560102",12.9207539,77.650514,Restaurant,http://www.casafresco.in/,ChZDSUhNMG9nS0VJQ0FnSUNfeXNiOFpBEAE,"Casa Fresco, HSR: All",Anish Thoppil,105775678626073986728,True,5,,0,a year ago,"{""food"": 5, ""service_rating"": 5, ""atmosphere"": 5}"
"Casa Fresco, HSR: All-Day Dining & Café",080 4992 7445,"73, 27th Main Rd, Phase 3, 1st Sector, HSR Layout, Bengaluru, Karnataka 560102",12.9207539,77.650514,Restaurant,http://www.casafresco.in/,ChdDSUhNMG9nS0VJQ0FnSUNfc29HQTh3RRAB,"Casa Fresco, HSR: All",PRIYA PRAJAPATI,108824781986492171515,True,5,"All in all, it's a good place and the food is delicious. Our host, Anjali was a great help today and she made our experience convenient.",0,a year ago,"{""dining_mode"": ""Delivery"", ""food"": 5, ""service_rating"": 5, ""atmosphere"": 5}"
"Casa Fresco, HSR: All-Day Dining & Café",080 4992 7445,"73, 27th Main Rd, Phase 3, 1st Sector, HSR Layout, Bengaluru, Karnataka 560102",12.9207539,77.650514,Restaurant,http://www.casafresco.in/,ChdDSUhNMG9nS0VJQ0FnSUNfc3Y3YW1RRRAB,"Casa Fresco, HSR: All",Preethi Rao,111422565609206579779,True,4,"Interesting menu,  decent food,  portion sizes are a bit on the smaller side.",0,a year ago,"{""dining_mode"": ""Dine in"", ""meal_type"": ""Dinner"", ""price_per_person"": ""₹600–800"", ""food"": 4, ""service_rating"": 4, ""atmosphere"": 5, ""vegetarian_recommendation"": ""Somewhat recommend"", ""vegetarian_offerings"": ""Vegetarian menu or section, Clearly labeled vegetarian dishes"", ""parking_space"": ""Somewhat difficult to find parking"", ""parking_options"": ""Free street parking""}"
"Casa Fresco, HSR: All-Day Dining & Café",080 4992 7445,"73, 27th Main Rd, Phase 3, 1st Sector, HSR Layout, Bengaluru, Karnataka 560102",12.9207539,77.650514,Restaurant,http://www.casafresco.in/,ChdDSUhNMG9nS0VJQ0FnSUNfb3U3M3h3RRAB,"Casa Fresco, HSR: All",anurag khandelwal,106519222041627636692,True,4,,0,a year ago,
"Casa Fresco, HSR: All-Day Dining & Café",080 4992 7445,"73, 27th Main Rd, Phase 3, 1st Sector, HSR Layout, Bengaluru, Karnataka 560102",12.9207539,77.650514,Restaurant,http://www.casafresco.in/,ChZDSUhNMG9nS0VJQ0FnSUNfb29idUdREAE,"Casa Fresco, HSR: All",Bhawana Bharadwaj,105088269601858510804,True,1,"Food quality is very below standard. I ordered pizza which was so thin crust that tasting like papad. Alfredo pasta had no cheese, it was only in maida. Paneer sandwich had just changed the definition of sandwich in the world, so big size vegetable like they full onion itself inside sandwich. Extremely unhappy, please raise your standards, already charging a lot. Won't recommend to anyone.",0,a year ago,"{""dining_mode"": ""Dine in"", ""meal_type"": ""Lunch"", ""price_per_person"": ""₹1,800–2,000"", ""food"": 1, ""service_rating"": 2, ""atmosphere"": 2}"
"Casa Fresco, HSR: All-Day Dining & Café",080 4992 7445,"73, 27th Main Rd, Phase 3, 1st Sector, HSR Layout, Bengaluru, Karnataka 560102",12.9207539,77.650514,Restaurant,http://www.casafresco.in/,ChdDSUhNMG9nS0VJQ0FnSUNfd3NLbW1BRRAB,"Casa Fresco, HSR: All",Varsha Nayak,115246581067134319573,True,5,Food was great. Service was also really good. Karuna was very helpful and polite.,0,a year ago,"{""food"": 5, ""service_rating"": 5, ""atmosphere"": 5}"
"Casa Fresco, HSR: All-Day Dining & Café",080 4992 7445,"73, 27th Main Rd, Phase 3, 1st Sector, HSR Layout, Bengaluru, Karnataka 560102",12.9207539,77.650514,Restaurant,http://www.casafresco.in/,ChZDSUhNMG9nS0VJQ0FnSUNfd3VUbWNnEAE,"Casa Fresco, HSR: All",Seena Sabu,115612586328091724967,True,5,Had a great experience. Karuna was really helpful to pick the best dishes I loved the tandoori chicken sandwich,0,a year ago,"{""food"": 4, ""service_rating"": 5, ""atmosphere"": 5}"
"Casa Fresco, HSR: All-Day Dining & Café",080 4992 7445,"73, 27th Main Rd, Phase 3, 1st Sector, HSR Layout, Bengaluru, Karnataka 560102",12.9207539,77.650514,Restaurant,http://www.casafresco.in/,ChZDSUhNMG9nS0VJQ0FnSUNfX01tVld3EAE,"Casa Fresco, HSR: All",Shivam Kumar,106119867831808210292,False,5,,0,a year ago,"{""dining_mode"": ""Dine in"", ""meal_type"": ""Dinner"", ""price_per_person"": ""₹400–600"", ""food"": 5, ""service_rating"": 5, ""atmosphere"": 5, ""recommended_dishes"": ""Hazelnut Cold Coffee""}"
"Casa Fresco, HSR: All-Day Dining & Café",080 4992 7445,"73, 27th Main Rd, Phase 3, 1st Sector, HSR Layout, Bengaluru, Karnataka 560102",12.9207539,77.650514,Restaurant,http://www.casafresco.in/,ChZDSUhNMG9nS0VJQ0FnSUNfbkp2Tk9nEAE,"Casa Fresco, HSR: All",Karan Singh,101869904099816046848,True,4,,0,a year ago,
"Casa Fresco, HSR: All-Day Dining & Café",080 4992 7445,"73, 27th Main Rd, Phase 3, 1st Sector, HSR Layout, Bengaluru, Karnataka 560102",12.9207539,77.650514,Restaurant,http://www.casafresco.in/,ChdDSUhNMG9nS0VJQ0FnSUNfbklELXJBRRAB,"Casa Fresco, HSR: All",Yugvijay Tiwari,100182768002850194574,True,5,It was goood,0,a year ago,"{""price_per_person"": ""₹2,000+"", ""food"": 5, ""service_rating"": 5, ""atmosphere"": 5}"
"Casa Fresco, HSR: All-Day Dining & Café",080 4992 7445,"73, 27th Main Rd, Phase 3, 1st Sector, HSR Layout, Bengaluru, Karnataka 560102",12.9207539,77.650514,Restaurant,http://www.casafresco.in/,ChdDSUhNMG9nS0VJQ0FnSUNfOUoyLTRRRRAB,"Casa Fresco, HSR: All",Aishwarya Venkatesh,106792113430414663773,True,4,,0,a year ago,"{""dining_mode"": ""Dine in"", ""meal_type"": ""Dinner"", ""price_per_person"": ""₹400–600"", ""food"": 4, ""service_rating"": 4, ""atmosphere"": 5, ""vegetarian_recommendation"": ""Highly recommend"", ""vegetarian_offerings"": ""Large vegetarian selection""}"
"Casa Fresco, HSR: All-Day Dining & Café",080 4992 7445,"73, 27th Main Rd, Phase 3, 1st Sector, HSR Layout, Bengaluru, Karnataka 560102",12.9207539,77.650514,Restaurant,http://www.casafresco.in/,ChZDSUhNMG9nS0VJQ0FnSUNfLUkzRVl3EAE,"Casa Fresco, HSR: All",Sayantan Banerjee,101255020740436046957,True,4,,0,a year ago,
"Casa Fresco, HSR: All-Day Dining & Café",080 4992 7445,"73, 27th Main Rd, Phase 3, 1st Sector, HSR Layout, Bengaluru, Karnataka 560102",12.9207539,77.650514,Restaurant,http://www.casafresco.in/,ChdDSUhNMG9nS0VJQ0FnSUNfMk5lemhnRRAB,"Casa Fresco, HSR: All",Tanish Garg,117920151042522215213,False,5,Jogita served us well. The food is great!,0,a year ago,"{""dining_mode"": ""Dine in"", ""meal_type"": ""Dinner"", ""food"": 5, ""service_rating"": 5, ""atmosphere"": 5}"
"Casa Fresco, HSR: All-Day Dining & Café",080 4992 7445,"73, 27th Main Rd, Phase 3, 1st Sector, HSR Layout, Bengaluru, Karnataka 560102",12.9207539,77.650514,Restaurant,http://www.casafresco.in/,ChdDSUhNMG9nS0VJQ0FnSUNfd0xYZC1BRRAB,"Casa Fresco, HSR: All",Jishnu Aji,110492929012227099276,False,1,"I had a really bad experience here. The food was average, and to make things worse, I found a fly in my ice cream. When I pointed it out to the staff, they didn’t respond, apologize, or offer any explanation. I visited based on the good reviews, but my experience was disappointing. Not sure if it was just a bad day or if this is the norm, but overall, it was a subpar experience. My visit was on January 11th, 2024, between 11:00 AM and 12:30 PM.",0,a year ago,"{""dining_mode"": ""Dine in"", ""meal_type"": ""Breakfast"", ""price_per_person"": ""₹200–400"", ""food"": 3, ""service_rating"": 1, ""atmosphere"": 2}"
"Casa Fresco, HSR: All-Day Dining & Café",080 4992 7445,"73, 27th Main Rd, Phase 3, 1st Sector, HSR Layout, Bengaluru, Karnataka 560102",12.9207539,77.650514,Restaurant,http://www.casafresco.in/,ChdDSUhNMG9nS0VJQ0FnSURmeC11Um1nRRAB,"Casa Fresco, HSR: All",Abhradeep Nag,108449820411582527552,False,5,,0,a year ago,"{""food"": 4, ""service_rating"": 5, ""atmosphere"": 5}"
"Casa Fresco, HSR: All-Day Dining & Café",080 4992 7445,"73, 27th Main Rd, Phase 3, 1st Sector, HSR Layout, Bengaluru, Karnataka 560102",12.9207539,77.650514,Restaurant,http://www.casafresco.in/,ChZDSUhNMG9nS0VJQ0FnSURmLV9QTmR3EAE,"Casa Fresco, HSR: All",Juber Ahmed,111724733756067030510,False,1,,0,a year ago,
"Casa Fresco, HSR: All-Day Dining & Café",080 4992 7445,"73, 27th Main Rd, Phase 3, 1st Sector, HSR Layout, Bengaluru, Karnataka 560102",12.9207539,77.650514,Restaurant,http://www.casafresco.in/,ChZDSUhNMG9nS0VJQ0FnSURmOGJUdUZ3EAE,"Casa Fresco, HSR: All",Sana Tabassum,105835605937773425510,True,4,It's a really cool place except that the service is very slow. Like it's really really slow.,0,a year ago,"{""dining_mode"": ""Dine in"", ""meal_type"": ""Dinner"", ""price_per_person"": ""₹200–400"", ""food"": 5, ""service_rating"": 2, ""atmosphere"": 5}"
"Casa Fresco, HSR: All-Day Dining & Café",080 4992 7445,"73, 27th Main Rd, Phase 3, 1st Sector, HSR Layout, Bengaluru, Karnataka 560102",12.9207539,77.650514,Restaurant,http://www.casafresco.in/,ChZDSUhNMG9nS0VJQ0FnSURmc2ZTeUR3EAE,"Casa Fresco, HSR: All",Himabindu Eddala,109081215605918241869,True,4,,0,a year ago,
"Casa Fresco, HSR: All-Day Dining & Café",080 4992 7445,"73, 27th Main Rd, Phase 3, 1st Sector, HSR Layout, Bengaluru, Karnataka 560102",12.9207539,77.650514,Restaurant,http://www.casafresco.in/,ChZDSUhNMG9nS0VJQ0FnSURmMXRYaFVREAE,"Casa Fresco, HSR: All",Vikram Mangalvedi,108988257301445265158,True,5,The place is very good. Food is also delicious. Staff are professional and good but little slow. Ambience is good.,0,a year ago,"{""meal_type"": ""Brunch"", ""price_per_person"": ""₹400–600"", ""food"": 5, ""service_rating"": 4, ""atmosphere"": 5, ""recommended_dishes"": ""chk Steamed Momos, Cheese Toast"", ""vegetarian_recommendation"": ""Somewhat recommend"", ""parking_options"": ""Free parking lot""}"
"Casa Fresco, HSR: All-Day Dining & Café",080 4992 7445,"73, 27th Main Rd, Phase 3, 1st Sector, HSR Layout, Bengaluru, Karnataka 560102",12.9207539,77.650514,Restaurant,http://www.casafresco.in/,ChZDSUhNMG9nS0VJQ0FnSURmMW9uN0NBEAE,"Casa Fresco, HSR: All",Hemanshu Vernenker,101230973779356377163,False,5,Casa fresco is a favourite lunch getaway for a delicious meal and quiet Deep chat. Achumi our guest manager took special care of our needs and suggested great vegetarian options. Will definitely revisit,0,a year ago,"{""dining_mode"": ""Dine in"", ""meal_type"": ""Lunch"", ""price_per_person"": ""₹800–1,000"", ""food"": 4, ""service_rating"": 5, ""atmosphere"": 4}"
"Casa Fresco, HSR: All-Day Dining & Café",080 4992 7445,"73, 27th Main Rd, Phase 3, 1st Sector, HSR Layout, Bengaluru, Karnataka 560102",12.9207539,77.650514,Restaurant,http://www.casafresco.in/,ChdDSUhNMG9nS0VJQ0FnSURmcXYzb3lRRRAB,"Casa Fresco, HSR: All",Sharanya #Sharanya,106356035967336929765,False,5,Good place to Visit with friends and family,0,a year ago,"{""meal_type"": ""Dinner"", ""price_per_person"": ""₹400–600"", ""food"": 5, ""service_rating"": 5, ""atmosphere"": 5, ""recommended_dishes"": ""Aglio E Olio Pasta""}"
"Casa Fresco, HSR: All-Day Dining & Café",080 4992 7445,"73, 27th Main Rd, Phase 3, 1st Sector, HSR Layout, Bengaluru, Karnataka 560102",12.9207539,77.650514,Restaurant,http://www.casafresco.in/,ChdDSUhNMG9nS0VJQ0FnSURmcXNxUWtRRRAB,"Casa Fresco, HSR: All",shubhars,113687816554975983981,True,3,,0,a year ago,
"Casa Fresco, HSR: All-Day Dining & Café",080 4992 7445,"73, 27th Main Rd, Phase 3, 1st Sector, HSR Layout, Bengaluru, Karnataka 560102",12.9207539,77.650514,Restaurant,http://www.casafresco.in/,ChdDSUhNMG9nS0VJQ0FnSURmc3NIcjB3RRAB,"Casa Fresco, HSR: All",Ashita,116971885294251584648,True,1,"We found a worm in our food. The waffles were so undercooked that the batter oozed out of it.  The place mostly uses ready to cook food and throws it together along with some veggies and such, they don't actually cook authentic dishes here.  It was a horrible experience.  We sent back out waffles first, then as we are the breakfast platter we found the worm, and the sandwich had some random sauces thrown together - making it taste odd.  I would never be going back here.  All the staff are in their early 20s and were kind, but it definitely felt like the place is not managed well.  Would never recommend.",0,a year ago,"{""food"": 1, ""service_rating"": 2, ""atmosphere"": 2}"
"Casa Fresco, HSR: All-Day Dining & Café",080 4992 7445,"73, 27th Main Rd, Phase 3, 1st Sector, HSR Layout, Bengaluru, Karnataka 560102",12.9207539,77.650514,Restaurant,http://www.casafresco.in/,ChdDSUhNMG9nS0VJQ0FnSURmOHV1NDFBRRAB,"Casa Fresco, HSR: All",Pooja Suvarna,101098546757745700002,False,5,,0,a year ago,"{""dining_mode"": ""Dine in"", ""meal_type"": ""Lunch"", ""price_per_person"": ""₹1,000–1,200"", ""food"": 5, ""service_rating"": 5, ""atmosphere"": 5}"
"Casa Fresco, HSR: All-Day Dining & Café",080 4992 7445,"73, 27th Main Rd, Phase 3, 1st Sector, HSR Layout, Bengaluru, Karnataka 560102",12.9207539,77.650514,Restaurant,http://www.casafresco.in/,ChdDSUhNMG9nS0VJQ0FnSURmOHFTTnFBRRAB,"Casa Fresco, HSR: All",Thripthi Shetty,116969104265070468897,False,5,,0,a year ago,"{""dining_mode"": ""Dine in"", ""meal_type"": ""Lunch"", ""price_per_person"": ""₹1,000–1,200"", ""food"": 5, ""service_rating"": 5, ""atmosphere"": 5}"
"Casa Fresco, HSR: All-Day Dining & Café",080 4992 7445,"73, 27th Main Rd, Phase 3, 1st Sector, HSR Layout, Bengaluru, Karnataka 560102",12.9207539,77.650514,Restaurant,http://www.casafresco.in/,ChdDSUhNMG9nS0VJQ0FnSURmOHNqbF93RRAB,"Casa Fresco, HSR: All",yogeshwari R,110509071994064341092,True,5,Best in town. You can feel the vibe !!!!!,0,a year ago,"{""food"": 5, ""service_rating"": 5, ""atmosphere"": 5}"
"Casa Fresco, HSR: All-Day Dining & Café",080 4992 7445,"73, 27th Main Rd, Phase 3, 1st Sector, HSR Layout, Bengaluru, Karnataka 560102",12.9207539,77.650514,Restaurant,http://www.casafresco.in/,ChRDSUhNMG9nS0VJQ0FnSURmMG90aBAB,"Casa Fresco, HSR: All",SHRUTI SINHA,109829760586835273110,False,2,,0,a year ago,
"Casa Fresco, HSR: All-Day Dining & Café",080 4992 7445,"73, 27th Main Rd, Phase 3, 1st Sector, HSR Layout, Bengaluru, Karnataka 560102",12.9207539,77.650514,Restaurant,http://www.casafresco.in/,ChZDSUhNMG9nS0VJQ0FnSURmbk8yT0hnEAE,"Casa Fresco, HSR: All",Emmanuel W,114252919570719132133,True,4,,0,a year ago,"{""dining_mode"": ""Dine in"", ""meal_type"": ""Other"", ""price_per_person"": ""₹400–600"", ""food"": 4, ""service_rating"": 3, ""atmosphere"": 4, ""recommended_dishes"": ""Cheese Balls"", ""vegetarian_recommendation"": ""Somewhat recommend"", ""vegetarian_offerings"": ""Clearly labeled vegetarian dishes"", ""dietary_restrictions"": ""They clear display dietary options"", ""parking_space"": ""Somewhat difficult to find parking"", ""parking_options"": ""Free street parking""}"
"Casa Fresco, HSR: All-Day Dining & Café",080 4992 7445,"73, 27th Main Rd, Phase 3, 1st Sector, HSR Layout, Bengaluru, Karnataka 560102",12.9207539,77.650514,Restaurant,http://www.casafresco.in/,ChZDSUhNMG9nS0VJQ0FnSURmOElYeUlnEAE,"Casa Fresco, HSR: All",pratiksha ratnaparkhi,115874743622038204406,False,3,Nice place! Didn’t like the pancakes Pasta was good Quite place,0,a year ago,"{""dining_mode"": ""Dine in"", ""meal_type"": ""Dinner"", ""price_per_person"": ""₹400–600"", ""food"": 3, ""service_rating"": 4, ""atmosphere"": 5}"
"Casa Fresco, HSR: All-Day Dining & Café",080 4992 7445,"73, 27th Main Rd, Phase 3, 1st Sector, HSR Layout, Bengaluru, Karnataka 560102",12.9207539,77.650514,Restaurant,http://www.casafresco.in/,ChZDSUhNMG9nS0VJQ0FnSUNmazRtN2VREAE,"Casa Fresco, HSR: All",saurav kumar,111874436614456624471,True,4,,0,a year ago,"{""meal_type"": ""Dinner"", ""price_per_person"": ""₹400–600"", ""food"": 3, ""service_rating"": 3, ""atmosphere"": 5, ""group_size"": ""3-4 people"", ""vegetarian_recommendation"": ""Somewhat recommend"", ""vegetarian_offerings"": ""Clearly labeled vegetarian dishes"", ""parking_space"": ""Somewhat difficult to find parking"", ""parking_options"": ""Free parking lot""}"
"Casa Fresco, HSR: All-Day Dining & Café",080 4992 7445,"73, 27th Main Rd, Phase 3, 1st Sector, HSR Layout, Bengaluru, Karnataka 560102",12.9207539,77.650514,Restaurant,http://www.casafresco.in/,ChdDSUhNMG9nS0VJQ0FnSUNmMVlTZGpRRRAB,"Casa Fresco, HSR: All",Medha Parashar,115276953279959666387,True,4,Food was really good. We ordered English breakfast Wonton lasagna They both were up to the mark Perfect cosy place with superb service,0,a year ago,"{""dining_mode"": ""Dine in"", ""meal_type"": ""Lunch"", ""price_per_person"": ""₹1,000–1,200"", ""food"": 4, ""service_rating"": 5, ""atmosphere"": 4}"
"Casa Fresco, HSR: All-Day Dining & Café",080 4992 7445,"73, 27th Main Rd, Phase 3, 1st Sector, HSR Layout, Bengaluru, Karnataka 560102",12.9207539,77.650514,Restaurant,http://www.casafresco.in/,ChZDSUhNMG9nS0VJQ0FnSUNmbGJYZUp3EAE,"Casa Fresco, HSR: All",Gautom Dutta,106775052851225321658,True,4,,0,a year ago,"{""food"": 3, ""service_rating"": 3, ""atmosphere"": 4}"
"Casa Fresco, HSR: All-Day Dining & Café",080 4992 7445,"73, 27th Main Rd, Phase 3, 1st Sector, HSR Layout, Bengaluru, Karnataka 560102",12.9207539,77.650514,Restaurant,http://www.casafresco.in/,ChdDSUhNMG9nS0VJQ0FnSUNmdWJ5d3FBRRAB,"Casa Fresco, HSR: All",Hemanth Sai Veluvolu,103047627051857207278,True,2,Food wasn't particularly good. Didn't really like any of the 5 appetizers that we tried. Service was average too - had to search for waitress for ordering and had to serve ourselves later. The open atmosphere was good initially but after dark we were swarmed by mosquitos.,0,a year ago,"{""price_per_person"": ""₹600–800"", ""food"": 2, ""service_rating"": 3, ""atmosphere"": 3}"
"Casa Fresco, HSR: All-Day Dining & Café",080 4992 7445,"73, 27th Main Rd, Phase 3, 1st Sector, HSR Layout, Bengaluru, Karnataka 560102",12.9207539,77.650514,Restaurant,http://www.casafresco.in/,ChZDSUhNMG9nS0VJQ0FnSUNmeWF6MUF3EAE,"Casa Fresco, HSR: All",Shuvankar Ghosh,113958563582966953902,False,1,Pathetic service...order from one table is getting served at another table...no coordination or professionalism...over hyped,0,a year ago,"{""dining_mode"": ""Dine in"", ""meal_type"": ""Lunch"", ""food"": 1, ""service_rating"": 1, ""atmosphere"": 3}"
"Casa Fresco, HSR: All-Day Dining & Café",080 4992 7445,"73, 27th Main Rd, Phase 3, 1st Sector, HSR Layout, Bengaluru, Karnataka 560102",12.9207539,77.650514,Restaurant,http://www.casafresco.in/,ChdDSUhNMG9nS0VJQ0FnSUNmaWR6OW5RRRAB,"Casa Fresco, HSR: All",Rachana A,118039992001975655116,True,4,,0,a year ago,"{""dining_mode"": ""Dine in"", ""meal_type"": ""Lunch"", ""price_per_person"": ""₹400–600"", ""food"": 4, ""service_rating"": 5, ""atmosphere"": 4}"
"Casa Fresco, HSR: All-Day Dining & Café",080 4992 7445,"73, 27th Main Rd, Phase 3, 1st Sector, HSR Layout, Bengaluru, Karnataka 560102",12.9207539,77.650514,Restaurant,http://www.casafresco.in/,ChZDSUhNMG9nS0VJQ0FnSUNmdnRtX2JnEAE,"Casa Fresco, HSR: All",Stephen Abraham,106311880083557829216,False,4,,0,a year ago,"{""food"": 5, ""service_rating"": 3, ""atmosphere"": 3}"
"Casa Fresco, HSR: All-Day Dining & Café",080 4992 7445,"73, 27th Main Rd, Phase 3, 1st Sector, HSR Layout, Bengaluru, Karnataka 560102",12.9207539,77.650514,Restaurant,http://www.casafresco.in/,ChdDSUhNMG9nS0VJQ0FnSUNmM3BTYnNnRRAB,"Casa Fresco, HSR: All",Amrita Mitra,101119653387205772210,True,4,The Japanese fluffy omlette was just fabulous. All dishes were extremely  fresh and had distinct taste.Ambience is exactly Sunday style -  sitting relaxed on outside benches and enjoying a lunch. Must visit.,0,a year ago,
"Casa Fresco, HSR: All-Day Dining & Café",080 4992 7445,"73, 27th Main Rd, Phase 3, 1st Sector, HSR Layout, Bengaluru, Karnataka 560102",12.9207539,77.650514,Restaurant,http://www.casafresco.in/,ChZDSUhNMG9nS0VJQ0FnSUNmOHVxMURBEAE,"Casa Fresco, HSR: All",Sruthy S,113518799046091291329,False,5,,0,a year ago,"{""food"": 4, ""service_rating"": 4, ""atmosphere"": 4}"
"Casa Fresco, HSR: All-Day Dining & Café",080 4992 7445,"73, 27th Main Rd, Phase 3, 1st Sector, HSR Layout, Bengaluru, Karnataka 560102",12.9207539,77.650514,Restaurant,http://www.casafresco.in/,ChZDSUhNMG9nS0VJQ0FnSUNmb3NDUGF3EAE,"Casa Fresco, HSR: All",Chandan kumar Rana,103514030450832212314,True,4,Nice place,0,a year ago,"{""food"": 4, ""service_rating"": 3, ""atmosphere"": 3}"
"Casa Fresco, HSR: All-Day Dining & Café",080 4992 7445,"73, 27th Main Rd, Phase 3, 1st Sector, HSR Layout, Bengaluru, Karnataka 560102",12.9207539,77.650514,Restaurant,http://www.casafresco.in/,ChdDSUhNMG9nS0VJQ0FnSUNmdktyeTVBRRAB,"Casa Fresco, HSR: All",Mukul Bhatia,101237480678385212263,True,3,,0,a year ago,"{""dining_mode"": ""Dine in"", ""meal_type"": ""Dinner"", ""price_per_person"": ""₹400–600"", ""food"": 3, ""service_rating"": 3, ""atmosphere"": 4}"
"Casa Fresco, HSR: All-Day Dining & Café",080 4992 7445,"73, 27th Main Rd, Phase 3, 1st Sector, HSR Layout, Bengaluru, Karnataka 560102",12.9207539,77.650514,Restaurant,http://www.casafresco.in/,ChdDSUhNMG9nS0VJQ0FnSUNmN0k3U3hBRRAB,"Casa Fresco, HSR: All",Ramesh Kalyankar,111576297452230390101,True,5,The atmosphere here is very good and the food taste is also good. The price is a bit ok. On weekends it could be a full house.,0,a year ago,"{""dining_mode"": ""Dine in"", ""meal_type"": ""Dinner"", ""price_per_person"": ""₹200–400"", ""food"": 5, ""service_rating"": 4, ""atmosphere"": 5, ""parking_space"": ""Somewhat difficult to find parking"", ""parking_options"": ""Free parking lot""}"
"Casa Fresco, HSR: All-Day Dining & Café",080 4992 7445,"73, 27th Main Rd, Phase 3, 1st Sector, HSR Layout, Bengaluru, Karnataka 560102",12.9207539,77.650514,Restaurant,http://www.casafresco.in/,ChZDSUhNMG9nS0VJQ0FnSUNmelB6d2FnEAE,"Casa Fresco, HSR: All",Saurav Sarkar,103539186368734976732,True,5,,0,a year ago,"{""dining_mode"": ""Dine in"", ""meal_type"": ""Brunch"", ""price_per_person"": ""₹600–800"", ""food"": 5, ""service_rating"": 5, ""atmosphere"": 5}"
"Casa Fresco, HSR: All-Day Dining & Café",080 4992 7445,"73, 27th Main Rd, Phase 3, 1st Sector, HSR Layout, Bengaluru, Karnataka 560102",12.9207539,77.650514,Restaurant,http://www.casafresco.in/,ChZDSUhNMG9nS0VJQ0FnSUNmdFBma09REAE,"Casa Fresco, HSR: All",Aditi Gupta,107760694572789597642,True,4,,0,a year ago,"{""food"": 3, ""service_rating"": 3, ""atmosphere"": 4}"
"Casa Fresco, HSR: All-Day Dining & Café",080 4992 7445,"73, 27th Main Rd, Phase 3, 1st Sector, HSR Layout, Bengaluru, Karnataka 560102",12.9207539,77.650514,Restaurant,http://www.casafresco.in/,ChZDSUhNMG9nS0VJQ0FnSUR2ejVtM09nEAE,"Casa Fresco, HSR: All",Vasudeo Upadhyay (VASU),104572406399982599019,True,4,,0,a year ago,"{""dining_mode"": ""Dine in"", ""meal_type"": ""Dinner"", ""price_per_person"": ""₹600–800"", ""food"": 4, ""service_rating"": 4, ""atmosphere"": 4, ""recommended_dishes"": ""Cheese Balls""}"
"Casa Fresco, HSR: All-Day Dining & Café",080 4992 7445,"73, 27th Main Rd, Phase 3, 1st Sector, HSR Layout, Bengaluru, Karnataka 560102",12.9207539,77.650514,Restaurant,http://www.casafresco.in/,ChZDSUhNMG9nS0VJQ0FnSUR2ejl5NlR3EAE,"Casa Fresco, HSR: All",Sang Bhargov,116481506840134475142,True,5,,0,a year ago,
"Casa Fresco, HSR: All-Day Dining & Café",080 4992 7445,"73, 27th Main Rd, Phase 3, 1st Sector, HSR Layout, Bengaluru, Karnataka 560102",12.9207539,77.650514,Restaurant,http://www.casafresco.in/,ChdDSUhNMG9nS0VJQ0FnSUR2eTZfdXpnRRAB,"Casa Fresco, HSR: All",Sachin N.P,116099784115547296718,True,5,,0,a year ago,"{""dining_mode"": ""Dine in"", ""meal_type"": ""Dinner"", ""price_per_person"": ""₹800–1,000"", ""food"": 5, ""service_rating"": 4, ""atmosphere"": 5}"
"Casa Fresco, HSR: All-Day Dining & Café",080 4992 7445,"73, 27th Main Rd, Phase 3, 1st Sector, HSR Layout, Bengaluru, Karnataka 560102",12.9207539,77.650514,Restaurant,http://www.casafresco.in/,ChdDSUhNMG9nS0VJQ0FnSUR2b196SWhnRRAB,"Casa Fresco, HSR: All",subhajit sinha,110285439330708207892,False,5,,0,a year ago,
"Casa Fresco, HSR: All-Day Dining & Café",080 4992 7445,"73, 27th Main Rd, Phase 3, 1st Sector, HSR Layout, Bengaluru, Karnataka 560102",12.9207539,77.650514,Restaurant,http://www.casafresco.in/,ChdDSUhNMG9nS0VJQ0FnSUR2by1TUnlnRRAB,"Casa Fresco, HSR: All",Nikhil Dhawan,111469826418903314863,True,4,Had a to waive for the longest time to get attention from any staff. Could have been a tought day maybe. Everything else was great,0,a year ago,"{""dining_mode"": ""Dine in"", ""meal_type"": ""Lunch"", ""price_per_person"": ""₹1,200–1,400"", ""food"": 4, ""service_rating"": 3, ""atmosphere"": 5}"
"Casa Fresco, HSR: All-Day Dining & Café",080 4992 7445,"73, 27th Main Rd, Phase 3, 1st Sector, HSR Layout, Bengaluru, Karnataka 560102",12.9207539,77.650514,Restaurant,http://www.casafresco.in/,ChdDSUhNMG9nS0VJQ0FnSUR2OWVpR29BRRAB,"Casa Fresco, HSR: All",SaiLakshmi G,117155133048340876628,True,3,,0,a year ago,"{""food"": 3, ""service_rating"": 3, ""atmosphere"": 4}"
"Casa Fresco, HSR: All-Day Dining & Café",080 4992 7445,"73, 27th Main Rd, Phase 3, 1st Sector, HSR Layout, Bengaluru, Karnataka 560102",12.9207539,77.650514,Restaurant,http://www.casafresco.in/,ChZDSUhNMG9nS0VJQ0FnSUN2azRyM1ZREAE,"Casa Fresco, HSR: All",Teju Chowdary,100626256089293411722,True,5,I went every Sunday The taste is very good and i just love the food,0,Edited a year ago,"{""dining_mode"": ""Dine in"", ""meal_type"": ""Breakfast"", ""price_per_person"": ""₹400–600"", ""food"": 5, ""service_rating"": 5, ""atmosphere"": 5, ""recommended_dishes"": ""Hazelnut Cold Coffee, Chicken Sandwich""}"
"Casa Fresco, HSR: All-Day Dining & Café",080 4992 7445,"73, 27th Main Rd, Phase 3, 1st Sector, HSR Layout, Bengaluru, Karnataka 560102",12.9207539,77.650514,Restaurant,http://www.casafresco.in/,ChdDSUhNMG9nS0VJQ0FnSUR2aGQtbmtnRRAB,"Casa Fresco, HSR: All",Saptasree Chaudhuri,111150688061761062525,True,4,,0,a year ago,"{""dining_mode"": ""Dine in"", ""meal_type"": ""Other"", ""price_per_person"": ""₹1–200"", ""food"": 3, ""service_rating"": 4, ""atmosphere"": 5}"
"Casa Fresco, HSR: All-Day Dining & Café",080 4992 7445,"73, 27th Main Rd, Phase 3, 1st Sector, HSR Layout, Bengaluru, Karnataka 560102",12.9207539,77.650514,Restaurant,http://www.casafresco.in/,ChZDSUhNMG9nS0VJQ0FnSUR2aFpMUkF3EAE,"Casa Fresco, HSR: All",Bibek Nembang,106539279275912716370,False,5,"A captivating place with friendly staff with good ambience , foods are in good quantity with a mouth watering display with good taste. Yummy foods !! definitely going to visit again .😍😘",0,a year ago,"{""food"": 5, ""service_rating"": 5, ""atmosphere"": 5}"
"Casa Fresco, HSR: All-Day Dining & Café",080 4992 7445,"73, 27th Main Rd, Phase 3, 1st Sector, HSR Layout, Bengaluru, Karnataka 560102",12.9207539,77.650514,Restaurant,http://www.casafresco.in/,ChdDSUhNMG9nS0VJQ0FnSUR2eVlHU25RRRAB,"Casa Fresco, HSR: All",Suhasini Arcot,107866393966885550151,True,3,,0,a year ago,"{""food"": 3, ""service_rating"": 3, ""atmosphere"": 4}"
"Casa Fresco, HSR: All-Day Dining & Café",080 4992 7445,"73, 27th Main Rd, Phase 3, 1st Sector, HSR Layout, Bengaluru, Karnataka 560102",12.9207539,77.650514,Restaurant,http://www.casafresco.in/,ChdDSUhNMG9nS0VJQ0FnSUR2OGFlYXhRRRAB,"Casa Fresco, HSR: All",Lovely runa Mondal,113144700911706680704,False,5,,0,a year ago,"{""food"": 5, ""service_rating"": 5, ""atmosphere"": 5}"
"Casa Fresco, HSR: All-Day Dining & Café",080 4992 7445,"73, 27th Main Rd, Phase 3, 1st Sector, HSR Layout, Bengaluru, Karnataka 560102",12.9207539,77.650514,Restaurant,http://www.casafresco.in/,ChdDSUhNMG9nS0VJQ0FnSUR2OGZ1UG1RRRAB,"Casa Fresco, HSR: All",Parkash Bhatta,116246698778150649847,False,5,,0,a year ago,"{""food"": 5, ""service_rating"": 5, ""atmosphere"": 5}"
"Casa Fresco, HSR: All-Day Dining & Café",080 4992 7445,"73, 27th Main Rd, Phase 3, 1st Sector, HSR Layout, Bengaluru, Karnataka 560102",12.9207539,77.650514,Restaurant,http://www.casafresco.in/,ChdDSUhNMG9nS0VJQ0FnSUR2OFpPSThnRRAB,"Casa Fresco, HSR: All",Youmika Limbu,118406879359652552452,False,5,,0,a year ago,"{""food"": 5, ""service_rating"": 5, ""atmosphere"": 5}"
"Casa Fresco, HSR: All-Day Dining & Café",080 4992 7445,"73, 27th Main Rd, Phase 3, 1st Sector, HSR Layout, Bengaluru, Karnataka 560102",12.9207539,77.650514,Restaurant,http://www.casafresco.in/,ChdDSUhNMG9nS0VJQ0FnSUR2b2FTZTZnRRAB,"Casa Fresco, HSR: All",Gokulraj G Kanagaraj,103352672718060516301,True,5,"I went here with my colleagues and found this place amazing. The food was great, the atmosphere amazing. The service could be better though",0,a year ago,"{""dining_mode"": ""Dine in"", ""meal_type"": ""Lunch"", ""price_per_person"": ""₹400–600"", ""food"": 5, ""service_rating"": 4, ""atmosphere"": 5, ""recommended_dishes"": ""Chicken Sandwich"", ""vegetarian_recommendation"": ""Somewhat recommend"", ""vegetarian_offerings"": ""Clearly labeled vegetarian dishes"", ""parking_space"": ""Somewhat difficult to find parking"", ""parking_options"": ""Free street parking""}"
"Casa Fresco, HSR: All-Day Dining & Café",080 4992 7445,"73, 27th Main Rd, Phase 3, 1st Sector, HSR Layout, Bengaluru, Karnataka 560102",12.9207539,77.650514,Restaurant,http://www.casafresco.in/,ChZDSUhNMG9nS0VJQ0FnSUN2eTl5aEhREAE,"Casa Fresco, HSR: All",Akash S,103619135028629808376,True,1,One of the waste Restaurant in HSR LAYOUT Please guys dont go and waste ur money and time No hygiene 🤮🤮 And the Idiot in the counter Showing his attitude towards Delivery boys,0,Edited a year ago,
"Casa Fresco, HSR: All-Day Dining & Café",080 4992 7445,"73, 27th Main Rd, Phase 3, 1st Sector, HSR Layout, Bengaluru, Karnataka 560102",12.9207539,77.650514,Restaurant,http://www.casafresco.in/,ChZDSUhNMG9nS0VJQ0FnSUR2NklPZ0lREAE,"Casa Fresco, HSR: All",Priyanka Singhal,104872297658555222062,False,5,,0,a year ago,"{""dining_mode"": ""Dine in"", ""meal_type"": ""Dinner"", ""food"": 5, ""service_rating"": 5, ""atmosphere"": 5}"
"Casa Fresco, HSR: All-Day Dining & Café",080 4992 7445,"73, 27th Main Rd, Phase 3, 1st Sector, HSR Layout, Bengaluru, Karnataka 560102",12.9207539,77.650514,Restaurant,http://www.casafresco.in/,ChZDSUhNMG9nS0VJQ0FnSUR2Nk0yV0lnEAE,"Casa Fresco, HSR: All",apoorva sikka,108011206663820770783,True,5,"A nice place to hangout, eat and chill💚 I have tried a couple of things like soups and chicken steak. Food is good but drinks can be improved!!! They are too sugary.",0,a year ago,"{""meal_type"": ""Other"", ""price_per_person"": ""₹1,000–1,200"", ""food"": 4, ""service_rating"": 3, ""atmosphere"": 5}"
"Casa Fresco, HSR: All-Day Dining & Café",080 4992 7445,"73, 27th Main Rd, Phase 3, 1st Sector, HSR Layout, Bengaluru, Karnataka 560102",12.9207539,77.650514,Restaurant,http://www.casafresco.in/,ChdDSUhNMG9nS0VJQ0FnSUR2NkxqTTdRRRAB,"Casa Fresco, HSR: All",Ankit Bamnote,107736214605254476902,False,1,,0,a year ago,
"Casa Fresco, HSR: All-Day Dining & Café",080 4992 7445,"73, 27th Main Rd, Phase 3, 1st Sector, HSR Layout, Bengaluru, Karnataka 560102",12.9207539,77.650514,Restaurant,http://www.casafresco.in/,ChZDSUhNMG9nS0VJQ0FnSUR2ME5YOVVBEAE,"Casa Fresco, HSR: All",Renuka Rana,101609074961000139462,True,4,,0,a year ago,"{""food"": 4, ""service_rating"": 4, ""atmosphere"": 4}"
"Casa Fresco, HSR: All-Day Dining & Café",080 4992 7445,"73, 27th Main Rd, Phase 3, 1st Sector, HSR Layout, Bengaluru, Karnataka 560102",12.9207539,77.650514,Restaurant,http://www.casafresco.in/,ChZDSUhNMG9nS0VJQ0FnSUN2Mzl6QmRREAE,"Casa Fresco, HSR: All",ramanujam09,112559615321336425907,True,5,Awesome and yummy!,0,a year ago,"{""food"": 5, ""service_rating"": 5, ""atmosphere"": 5}"
"Casa Fresco, HSR: All-Day Dining & Café",080 4992 7445,"73, 27th Main Rd, Phase 3, 1st Sector, HSR Layout, Bengaluru, Karnataka 560102",12.9207539,77.650514,Restaurant,http://www.casafresco.in/,ChdDSUhNMG9nS0VJQ0FnSUN2NzRHRDdBRRAB,"Casa Fresco, HSR: All",Jiwan Baral,109898655138200914944,True,3,"Very Good food, humble and courteous staff. No parking available, you have to find nearby street parking which is generally occupied. Over-crowded place and too much delay in getting our order. Looks like the kitchen is not capable enough for providing orders for a restaurant full.",0,a year ago,"{""dining_mode"": ""Dine in"", ""meal_type"": ""Dinner"", ""price_per_person"": ""₹600–800"", ""food"": 5, ""service_rating"": 4, ""atmosphere"": 3}"
"Casa Fresco, HSR: All-Day Dining & Café",080 4992 7445,"73, 27th Main Rd, Phase 3, 1st Sector, HSR Layout, Bengaluru, Karnataka 560102",12.9207539,77.650514,Restaurant,http://www.casafresco.in/,ChZDSUhNMG9nS0VJQ0FnSUN2aDhxZ2ZnEAE,"Casa Fresco, HSR: All",nikhil tiwari,103586259061296091057,True,5,,0,a year ago,"{""dining_mode"": ""Dine in"", ""meal_type"": ""Dinner"", ""price_per_person"": ""₹600–800"", ""food"": 5, ""service_rating"": 5, ""atmosphere"": 5}"
"Casa Fresco, HSR: All-Day Dining & Café",080 4992 7445,"73, 27th Main Rd, Phase 3, 1st Sector, HSR Layout, Bengaluru, Karnataka 560102",12.9207539,77.650514,Restaurant,http://www.casafresco.in/,ChZDSUhNMG9nS0VJQ0FnSUN2eTlxLVZ3EAE,"Casa Fresco, HSR: All",tushara u,117191819564032460290,False,5,,0,a year ago,
"Casa Fresco, HSR: All-Day Dining & Café",080 4992 7445,"73, 27th Main Rd, Phase 3, 1st Sector, HSR Layout, Bengaluru, Karnataka 560102",12.9207539,77.650514,Restaurant,http://www.casafresco.in/,ChZDSUhNMG9nS0VJQ0FnSUN2eS16Wk13EAE,"Casa Fresco, HSR: All",Prabhat Jena,111847102579104737754,False,1,,0,a year ago,"{""dining_mode"": ""Delivery"", ""meal_type"": ""Other"", ""food"": 2, ""service_rating"": 1, ""atmosphere"": 1}"
"Casa Fresco, HSR: All-Day Dining & Café",080 4992 7445,"73, 27th Main Rd, Phase 3, 1st Sector, HSR Layout, Bengaluru, Karnataka 560102",12.9207539,77.650514,Restaurant,http://www.casafresco.in/,ChZDSUhNMG9nS0VJQ0FnSUN2aTZyemZnEAE,"Casa Fresco, HSR: All",Anuradha Tripathi,111036720246854492496,False,1,"We ordered two dishes, but they were bland, cold, and left a bad aftertaste. Hoping it was just an off choice, we ordered three more dishes to give them another chance. Unfortunately, those were just as disappointing. Overall, a thoroughly underwhelming experience. Would not recommend.",0,a year ago,"{""food"": 1, ""service_rating"": 3, ""atmosphere"": 1}"
"Casa Fresco, HSR: All-Day Dining & Café",080 4992 7445,"73, 27th Main Rd, Phase 3, 1st Sector, HSR Layout, Bengaluru, Karnataka 560102",12.9207539,77.650514,Restaurant,http://www.casafresco.in/,ChdDSUhNMG9nS0VJQ0FnSUN2blplMV9BRRAB,"Casa Fresco, HSR: All",Sarangi Nambiar,112485822628483438688,False,1,,0,a year ago,"{""dining_mode"": ""Dine in"", ""meal_type"": ""Other"", ""price_per_person"": ""₹800–1,000"", ""food"": 1, ""service_rating"": 1, ""atmosphere"": 2}"
"Casa Fresco, HSR: All-Day Dining & Café",080 4992 7445,"73, 27th Main Rd, Phase 3, 1st Sector, HSR Layout, Bengaluru, Karnataka 560102",12.9207539,77.650514,Restaurant,http://www.casafresco.in/,ChZDSUhNMG9nS0VJQ0FnSUN2emNiSkd3EAE,"Casa Fresco, HSR: All",Kali Prakash,102546858611204270928,False,5,,0,a year ago,"{""food"": 5, ""service_rating"": 5, ""atmosphere"": 5}"
"Casa Fresco, HSR: All-Day Dining & Café",080 4992 7445,"73, 27th Main Rd, Phase 3, 1st Sector, HSR Layout, Bengaluru, Karnataka 560102",12.9207539,77.650514,Restaurant,http://www.casafresco.in/,ChZDSUhNMG9nS0VJQ0FnSUN2bWRIY0FnEAE,"Casa Fresco, HSR: All",Aamir Khan,115934253127509587306,False,1,Worst cold coffee I ever had in my life.,0,a year ago,"{""dining_mode"": ""Dine in"", ""meal_type"": ""Other"", ""price_per_person"": ""₹200–400"", ""food"": 1, ""service_rating"": 4, ""atmosphere"": 4}"
"Casa Fresco, HSR: All-Day Dining & Café",080 4992 7445,"73, 27th Main Rd, Phase 3, 1st Sector, HSR Layout, Bengaluru, Karnataka 560102",12.9207539,77.650514,Restaurant,http://www.casafresco.in/,ChdDSUhNMG9nS0VJQ0FnSUN2N3RpM2d3RRAB,"Casa Fresco, HSR: All",Sajna Vinod,111613234350226484138,True,1,,0,a year ago,
"Casa Fresco, HSR: All-Day Dining & Café",080 4992 7445,"73, 27th Main Rd, Phase 3, 1st Sector, HSR Layout, Bengaluru, Karnataka 560102",12.9207539,77.650514,Restaurant,http://www.casafresco.in/,ChdDSUhNMG9nS0VJQ0FnSUN2cnVPMGdRRRAB,"Casa Fresco, HSR: All",Prashant Singh,118278742785642064752,True,3,,0,a year ago,"{""dining_mode"": ""Dine in"", ""meal_type"": ""Brunch"", ""price_per_person"": ""₹200–400"", ""service_rating"": 1, ""atmosphere"": 4}"
"Casa Fresco, HSR: All-Day Dining & Café",080 4992 7445,"73, 27th Main Rd, Phase 3, 1st Sector, HSR Layout, Bengaluru, Karnataka 560102",12.9207539,77.650514,Restaurant,http://www.casafresco.in/,ChdDSUhNMG9nS0VJQ0FnSUN2LXVhaXB3RRAB,"Casa Fresco, HSR: All",surbhi rathi,105444136995842645427,False,1,"Didn’t like the food, i ordered shakes and its worst and very watery",0,a year ago,"{""dining_mode"": ""Dine in"", ""meal_type"": ""Lunch"", ""price_per_person"": ""₹200–400"", ""food"": 1, ""service_rating"": 4, ""atmosphere"": 4}"
"Casa Fresco, HSR: All-Day Dining & Café",080 4992 7445,"73, 27th Main Rd, Phase 3, 1st Sector, HSR Layout, Bengaluru, Karnataka 560102",12.9207539,77.650514,Restaurant,http://www.casafresco.in/,ChZDSUhNMG9nS0VJQ0FnSUN2LXRxTklREAE,"Casa Fresco, HSR: All",Snehal Desai,103361869311709248927,True,5,"Food, ambience & service... Everything is just perfect! Such a cute pretty beautiful cafe. I highly recommend to everyone!",0,a year ago,"{""meal_type"": ""Dinner"", ""price_per_person"": ""₹1,400–1,600"", ""food"": 5, ""service_rating"": 5, ""atmosphere"": 5, ""vegetarian_recommendation"": ""Highly recommend""}"
"Casa Fresco, HSR: All-Day Dining & Café",080 4992 7445,"73, 27th Main Rd, Phase 3, 1st Sector, HSR Layout, Bengaluru, Karnataka 560102",12.9207539,77.650514,Restaurant,http://www.casafresco.in/,ChdDSUhNMG9nS0VJQ0FnSUN2NnY3Z3RBRRAB,"Casa Fresco, HSR: All",Mridula Veronica Dass,117164062906970403935,True,5,A good Sunday Brunch cafe! Pet friendly too 🌻,0,a year ago,"{""dining_mode"": ""Dine in"", ""meal_type"": ""Brunch"", ""price_per_person"": ""₹600–800"", ""food"": 4, ""service_rating"": 4, ""atmosphere"": 4, ""recommended_dishes"": ""Hazelnut Cold Coffee"", ""vegetarian_recommendation"": ""Highly recommend"", ""parking_space"": ""Somewhat difficult to find parking""}"
"Casa Fresco, HSR: All-Day Dining & Café",080 4992 7445,"73, 27th Main Rd, Phase 3, 1st Sector, HSR Layout, Bengaluru, Karnataka 560102",12.9207539,77.650514,Restaurant,http://www.casafresco.in/,ChZDSUhNMG9nS0VJQ0FnSUN2ekppaFBREAE,"Casa Fresco, HSR: All",Shashank Sharma,102248718334493764288,False,3,,0,a year ago,
"Casa Fresco, HSR: All-Day Dining & Café",080 4992 7445,"73, 27th Main Rd, Phase 3, 1st Sector, HSR Layout, Bengaluru, Karnataka 560102",12.9207539,77.650514,Restaurant,http://www.casafresco.in/,ChdDSUhNMG9nS0VJQ0FnSUN2MUpPQ29RRRAB,"Casa Fresco, HSR: All",MOULYA P N,115352620579857322253,False,3,,0,a year ago,"{""dining_mode"": ""Dine in"", ""meal_type"": ""Breakfast"", ""price_per_person"": ""₹400–600"", ""food"": 3, ""service_rating"": 3, ""atmosphere"": 4}"
"Casa Fresco, HSR: All-Day Dining & Café",080 4992 7445,"73, 27th Main Rd, Phase 3, 1st Sector, HSR Layout, Bengaluru, Karnataka 560102",12.9207539,77.650514,Restaurant,http://www.casafresco.in/,ChdDSUhNMG9nS0VJQ0FnSUN2bEtlcTBRRRAB,"Casa Fresco, HSR: All",Swati Manuja,100678050563800818710,True,5,,0,a year ago,"{""food"": 4, ""service_rating"": 4, ""atmosphere"": 5}"
"Casa Fresco, HSR: All-Day Dining & Café",080 4992 7445,"73, 27th Main Rd, Phase 3, 1st Sector, HSR Layout, Bengaluru, Karnataka 560102",12.9207539,77.650514,Restaurant,http://www.casafresco.in/,ChdDSUhNMG9nS0VJQ0FnSUN2cEwyZXp3RRAB,"Casa Fresco, HSR: All",Roshan Salvi,112776753732192560528,True,2,"**Not the Best Brunch Spot**  Visited Casa Fresco HSR for brunch recently, and I must say, it did not live up to the hype. The ambiance is average and the food didn't impress me. Despite the positive reviews on Google, I found the overall experience mediocre at best. There are definitely better options around if you're looking for a satisfying brunch.",0,a year ago,"{""dining_mode"": ""Dine in"", ""meal_type"": ""Brunch"", ""food"": 1, ""service_rating"": 2, ""atmosphere"": 3}"
"Casa Fresco, HSR: All-Day Dining & Café",080 4992 7445,"73, 27th Main Rd, Phase 3, 1st Sector, HSR Layout, Bengaluru, Karnataka 560102",12.9207539,77.650514,Restaurant,http://www.casafresco.in/,ChZDSUhNMG9nS0VJQ0FnSUN2bU5LNUtBEAE,"Casa Fresco, HSR: All",Kunal Choukse,111219866965501503316,True,4,,0,a year ago,"{""dining_mode"": ""Dine in"", ""meal_type"": ""Brunch"", ""price_per_person"": ""₹2,000+"", ""recommended_dishes"": ""Cheese Balls""}"
"Casa Fresco, HSR: All-Day Dining & Café",080 4992 7445,"73, 27th Main Rd, Phase 3, 1st Sector, HSR Layout, Bengaluru, Karnataka 560102",12.9207539,77.650514,Restaurant,http://www.casafresco.in/,ChZDSUhNMG9nS0VJQ0FnSUN2eU5fNkJ3EAE,"Casa Fresco, HSR: All",Anusha Ullagaddi,115573302394520579392,True,3,,0,a year ago,"{""dining_mode"": ""Dine in"", ""meal_type"": ""Dinner"", ""price_per_person"": ""₹400–600"", ""food"": 3, ""service_rating"": 4, ""atmosphere"": 3}"
"Casa Fresco, HSR: All-Day Dining & Café",080 4992 7445,"73, 27th Main Rd, Phase 3, 1st Sector, HSR Layout, Bengaluru, Karnataka 560102",12.9207539,77.650514,Restaurant,http://www.casafresco.in/,ChZDSUhNMG9nS0VJQ0FnSUN2NFBLV0d3EAE,"Casa Fresco, HSR: All",stuti misra,106572748998586095889,True,5,,0,a year ago,"{""food"": 3, ""service_rating"": 4, ""atmosphere"": 5}"
"Casa Fresco, HSR: All-Day Dining & Café",080 4992 7445,"73, 27th Main Rd, Phase 3, 1st Sector, HSR Layout, Bengaluru, Karnataka 560102",12.9207539,77.650514,Restaurant,http://www.casafresco.in/,ChdDSUhNMG9nS0VJQ0FnSURQejhiMW1RRRAB,"Casa Fresco, HSR: All",Dnyaneshwari Patil,108164976189688701527,True,5,"The food here is good, we tried himalayan noodles, it was quite good. Also breakfast options are also nice here. Quite expensive",0,a year ago,"{""dining_mode"": ""Dine in"", ""meal_type"": ""Breakfast"", ""price_per_person"": ""₹400–600"", ""food"": 5, ""service_rating"": 4, ""atmosphere"": 5}"
"Casa Fresco, HSR: All-Day Dining & Café",080 4992 7445,"73, 27th Main Rd, Phase 3, 1st Sector, HSR Layout, Bengaluru, Karnataka 560102",12.9207539,77.650514,Restaurant,http://www.casafresco.in/,ChZDSUhNMG9nS0VJQ0FnSURQajczRlRnEAE,"Casa Fresco, HSR: All",Love Rawal,114081272398687113807,False,5,,0,a year ago,"{""food"": 5, ""service_rating"": 5, ""atmosphere"": 5}"
"Casa Fresco, HSR: All-Day Dining & Café",080 4992 7445,"73, 27th Main Rd, Phase 3, 1st Sector, HSR Layout, Bengaluru, Karnataka 560102",12.9207539,77.650514,Restaurant,http://www.casafresco.in/,ChZDSUhNMG9nS0VJQ0FnSURQajdXckh3EAE,"Casa Fresco, HSR: All",Aman Bisht,102091307918373076942,False,5,,0,a year ago,"{""food"": 5, ""service_rating"": 5, ""atmosphere"": 5}"
"Casa Fresco, HSR: All-Day Dining & Café",080 4992 7445,"73, 27th Main Rd, Phase 3, 1st Sector, HSR Layout, Bengaluru, Karnataka 560102",12.9207539,77.650514,Restaurant,http://www.casafresco.in/,ChZDSUhNMG9nS0VJQ0FnSURQLWN5SWJnEAE,"Casa Fresco, HSR: All",Moutushi Roy Sardar,110394753441876193449,True,5,"It’s an amazing place to hang out with friends and family. Food is awesome, service is awesome, atmosphere is also awesome .",0,Edited a year ago,"{""dining_mode"": ""Dine in"", ""meal_type"": ""Other"", ""price_per_person"": ""₹200–400"", ""food"": 5, ""service_rating"": 5, ""atmosphere"": 5}"
"Casa Fresco, HSR: All-Day Dining & Café",080 4992 7445,"73, 27th Main Rd, Phase 3, 1st Sector, HSR Layout, Bengaluru, Karnataka 560102",12.9207539,77.650514,Restaurant,http://www.casafresco.in/,ChdDSUhNMG9nS0VJQ0FnSURQczhibXNBRRAB,"Casa Fresco, HSR: All",Shayak Das,116796921005798728577,True,5,,0,a year ago,"{""dining_mode"": ""Dine in"", ""meal_type"": ""Dinner"", ""price_per_person"": ""₹600–800"", ""food"": 5, ""service_rating"": 5, ""atmosphere"": 5}"
"Casa Fresco, HSR: All-Day Dining & Café",080 4992 7445,"73, 27th Main Rd, Phase 3, 1st Sector, HSR Layout, Bengaluru, Karnataka 560102",12.9207539,77.650514,Restaurant,http://www.casafresco.in/,ChdDSUhNMG9nS0VJQ0FnSURQNF96UF93RRAB,"Casa Fresco, HSR: All",Lakshmi S,101279967974813412751,True,1,,0,a year ago,"{""meal_type"": ""Breakfast"", ""price_per_person"": ""₹200–400"", ""food"": 1, ""service_rating"": 4, ""atmosphere"": 4}"
"Casa Fresco, HSR: All-Day Dining & Café",080 4992 7445,"73, 27th Main Rd, Phase 3, 1st Sector, HSR Layout, Bengaluru, Karnataka 560102",12.9207539,77.650514,Restaurant,http://www.casafresco.in/,ChZDSUhNMG9nS0VJQ0FnSURQOVpENURnEAE,"Casa Fresco, HSR: All",Pradyumna Madan Dinni,100003367429013517163,True,4,,0,a year ago,"{""dining_mode"": ""Dine in"", ""meal_type"": ""Brunch"", ""price_per_person"": ""₹200–400"", ""food"": 4, ""service_rating"": 5, ""atmosphere"": 5}"
"Casa Fresco, HSR: All-Day Dining & Café",080 4992 7445,"73, 27th Main Rd, Phase 3, 1st Sector, HSR Layout, Bengaluru, Karnataka 560102",12.9207539,77.650514,Restaurant,http://www.casafresco.in/,ChZDSUhNMG9nS0VJQ0FnSURQbGNEREVnEAE,"Casa Fresco, HSR: All",Sujit Nair,102584459728597629084,True,3,"Quiet aesthetically pleasing cafe with good staff.. but I found the food very average. The chowmein, paneer and momos were too saucy.. the matcha boba tea was very good ..",0,a year ago,"{""dining_mode"": ""Dine in"", ""meal_type"": ""Lunch"", ""price_per_person"": ""₹400–600"", ""food"": 3, ""service_rating"": 4, ""atmosphere"": 4, ""vegetarian_recommendation"": ""Would not recommend"", ""parking_space"": ""Somewhat difficult to find parking""}"
"Casa Fresco, HSR: All-Day Dining & Café",080 4992 7445,"73, 27th Main Rd, Phase 3, 1st Sector, HSR Layout, Bengaluru, Karnataka 560102",12.9207539,77.650514,Restaurant,http://www.casafresco.in/,ChZDSUhNMG9nS0VJQ0FnSURQcWNYYU1BEAE,"Casa Fresco, HSR: All",Ramesh Iyer,108267719511745035433,True,5,,0,a year ago,"{""food"": 5, ""service_rating"": 5, ""atmosphere"": 5}"
"Casa Fresco, HSR: All-Day Dining & Café",080 4992 7445,"73, 27th Main Rd, Phase 3, 1st Sector, HSR Layout, Bengaluru, Karnataka 560102",12.9207539,77.650514,Restaurant,http://www.casafresco.in/,ChdDSUhNMG9nS0VJQ0FnSURQOGItc2tnRRAB,"Casa Fresco, HSR: All",Ume Salma M,117375482649757048903,False,5,,0,a year ago,"{""dining_mode"": ""Dine in"", ""meal_type"": ""Breakfast"", ""price_per_person"": ""₹600–800"", ""food"": 5, ""atmosphere"": 5}"
"Casa Fresco, HSR: All-Day Dining & Café",080 4992 7445,"73, 27th Main Rd, Phase 3, 1st Sector, HSR Layout, Bengaluru, Karnataka 560102",12.9207539,77.650514,Restaurant,http://www.casafresco.in/,ChdDSUhNMG9nS0VJQ0FnSURQOGFyVzdRRRAB,"Casa Fresco, HSR: All",anubhav shukla,108385021564379113317,True,3,,0,a year ago,
"Casa Fresco, HSR: All-Day Dining & Café",080 4992 7445,"73, 27th Main Rd, Phase 3, 1st Sector, HSR Layout, Bengaluru, Karnataka 560102",12.9207539,77.650514,Restaurant,http://www.casafresco.in/,ChZDSUhNMG9nS0VJQ0FnSURQMGZqTERREAE,"Casa Fresco, HSR: All",Sonia Rajput,116931682755027918267,True,3,,0,a year ago,"{""meal_type"": ""Breakfast"", ""food"": 3, ""service_rating"": 3, ""atmosphere"": 3}"
"Casa Fresco, HSR: All-Day Dining & Café",080 4992 7445,"73, 27th Main Rd, Phase 3, 1st Sector, HSR Layout, Bengaluru, Karnataka 560102",12.9207539,77.650514,Restaurant,http://www.casafresco.in/,ChZDSUhNMG9nS0VJQ0FnSURQMFlDYUxBEAE,"Casa Fresco, HSR: All",Snehasis P,110173263343091881883,True,5,Lovely cafe in HSR layout. Loved the ambiance. Staff are good and friendly. Best part is food. I tried Hazelnut flavoured Cappuccino it was amazing.They also serve some delicious momos.,0,a year ago,"{""dining_mode"": ""Dine in"", ""meal_type"": ""Other"", ""price_per_person"": ""₹400–600"", ""food"": 5, ""service_rating"": 5, ""atmosphere"": 5, ""parking_space"": ""Plenty of parking"", ""parking_options"": ""Free street parking""}"
"Casa Fresco, HSR: All-Day Dining & Café",080 4992 7445,"73, 27th Main Rd, Phase 3, 1st Sector, HSR Layout, Bengaluru, Karnataka 560102",12.9207539,77.650514,Restaurant,http://www.casafresco.in/,ChZDSUhNMG9nS0VJQ0FnSURQNFltSUh3EAE,"Casa Fresco, HSR: All",muzammil usman,112617386815565139641,True,4,,0,a year ago,"{""food"": 4, ""service_rating"": 5, ""atmosphere"": 5}"
"Casa Fresco, HSR: All-Day Dining & Café",080 4992 7445,"73, 27th Main Rd, Phase 3, 1st Sector, HSR Layout, Bengaluru, Karnataka 560102",12.9207539,77.650514,Restaurant,http://www.casafresco.in/,ChdDSUhNMG9nS0VJQ0FnSURQOXRtZHNnRRAB,"Casa Fresco, HSR: All",Anjana Swaminathan,110899370721762098142,True,4,"I ordered a coffee, and while it was decent, it was quite expensive. However, the atmosphere is excellent—perfect for hanging out with friends and relaxing. The only downside is the high prices.",0,a year ago,"{""dining_mode"": ""Dine in"", ""meal_type"": ""Other"", ""price_per_person"": ""₹1–200"", ""food"": 4, ""service_rating"": 5, ""atmosphere"": 5}"
"Casa Fresco, HSR: All-Day Dining & Café",080 4992 7445,"73, 27th Main Rd, Phase 3, 1st Sector, HSR Layout, Bengaluru, Karnataka 560102",12.9207539,77.650514,Restaurant,http://www.casafresco.in/,ChdDSUhNMG9nS0VJQ0FnSURQNG9qazRBRRAB,"Casa Fresco, HSR: All",bennet morais,107275435229239215290,True,5,,0,a year ago,"{""dining_mode"": ""Dine in"", ""meal_type"": ""Lunch"", ""price_per_person"": ""₹600–800"", ""food"": 5, ""service_rating"": 5, ""atmosphere"": 5}"
"Casa Fresco, HSR: All-Day Dining & Café",080 4992 7445,"73, 27th Main Rd, Phase 3, 1st Sector, HSR Layout, Bengaluru, Karnataka 560102",12.9207539,77.650514,Restaurant,http://www.casafresco.in/,ChZDSUhNMG9nS0VJQ0FnSURQb3I3OVFnEAE,"Casa Fresco, HSR: All",Lucy Tage,114590385441954200635,True,5,,0,a year ago,"{""food"": 5, ""service_rating"": 4, ""atmosphere"": 4}"
"Casa Fresco, HSR: All-Day Dining & Café",080 4992 7445,"73, 27th Main Rd, Phase 3, 1st Sector, HSR Layout, Bengaluru, Karnataka 560102",12.9207539,77.650514,Restaurant,http://www.casafresco.in/,ChdDSUhNMG9nS0VJQ0FnSURQd3Zfajh3RRAB,"Casa Fresco, HSR: All",Vidushi Rampuria,101440038335939500450,True,4,"Had Hazelnut boba coffee, not that great. Service is also quite slow.",0,a year ago,"{""dining_mode"": ""Dine in"", ""meal_type"": ""Other"", ""price_per_person"": ""₹200–400"", ""food"": 3, ""service_rating"": 3, ""atmosphere"": 4, ""vegetarian_recommendation"": ""Somewhat recommend"", ""vegetarian_offerings"": ""Clearly labeled vegetarian dishes"", ""parking_space"": ""Somewhat difficult to find parking""}"
"Casa Fresco, HSR: All-Day Dining & Café",080 4992 7445,"73, 27th Main Rd, Phase 3, 1st Sector, HSR Layout, Bengaluru, Karnataka 560102",12.9207539,77.650514,Restaurant,http://www.casafresco.in/,ChdDSUhNMG9nS0VJQ0FnSUMxN29mczBBRRAB,"Casa Fresco, HSR: All",Ashmitha Anil,105867182302580896319,True,5,,0,Edited a year ago,"{""dining_mode"": ""Dine in"", ""meal_type"": ""Brunch"", ""price_per_person"": ""₹600–800"", ""food"": 5, ""service_rating"": 3, ""atmosphere"": 5}"
"Casa Fresco, HSR: All-Day Dining & Café",080 4992 7445,"73, 27th Main Rd, Phase 3, 1st Sector, HSR Layout, Bengaluru, Karnataka 560102",12.9207539,77.650514,Restaurant,http://www.casafresco.in/,ChdDSUhNMG9nS0VJQ0FnSURQbElDNDBnRRAB,"Casa Fresco, HSR: All",Akshita Garg,109818962554288050504,True,5,,0,a year ago,"{""dining_mode"": ""Dine in"", ""meal_type"": ""Dinner"", ""price_per_person"": ""₹400–600"", ""food"": 5, ""service_rating"": 5, ""atmosphere"": 5, ""vegetarian_recommendation"": ""Highly recommend"", ""vegetarian_offerings"": ""Vegetarian menu or section, Clearly labeled vegetarian dishes""}"
"Casa Fresco, HSR: All-Day Dining & Café",080 4992 7445,"73, 27th Main Rd, Phase 3, 1st Sector, HSR Layout, Bengaluru, Karnataka 560102",12.9207539,77.650514,Restaurant,http://www.casafresco.in/,ChZDSUhNMG9nS0VJQ0FnSURQNU9MQk93EAE,"Casa Fresco, HSR: All",suresh jayan,110094920295385586202,True,5,,0,a year ago,"{""food"": 5, ""service_rating"": 5, ""atmosphere"": 5}"
"Casa Fresco, HSR: All-Day Dining & Café",080 4992 7445,"73, 27th Main Rd, Phase 3, 1st Sector, HSR Layout, Bengaluru, Karnataka 560102",12.9207539,77.650514,Restaurant,http://www.casafresco.in/,ChZDSUhNMG9nS0VJQ0FnSURQeEpucVl3EAE,"Casa Fresco, HSR: All",Mitesh Gupta,111169725759209660289,True,3,,0,a year ago,"{""dining_mode"": ""Dine in"", ""meal_type"": ""Dinner"", ""price_per_person"": ""₹600–800"", ""food"": 4, ""service_rating"": 2, ""atmosphere"": 4, ""parking_options"": ""Free street parking, Parking is unavailable""}"
"Casa Fresco, HSR: All-Day Dining & Café",080 4992 7445,"73, 27th Main Rd, Phase 3, 1st Sector, HSR Layout, Bengaluru, Karnataka 560102",12.9207539,77.650514,Restaurant,http://www.casafresco.in/,ChZDSUhNMG9nS0VJQ0FnSURQLVBMYUtREAE,"Casa Fresco, HSR: All",Vinutha R J,105416409804178011579,True,5,Good food .,0,a year ago,"{""dining_mode"": ""Dine in"", ""meal_type"": ""Dinner"", ""food"": 5, ""service_rating"": 4, ""atmosphere"": 2}"
"Casa Fresco, HSR: All-Day Dining & Café",080 4992 7445,"73, 27th Main Rd, Phase 3, 1st Sector, HSR Layout, Bengaluru, Karnataka 560102",12.9207539,77.650514,Restaurant,http://www.casafresco.in/,ChZDSUhNMG9nS0VJQ0FnSUNQbjcyS2Z3EAE,"Casa Fresco, HSR: All",umesh kns,102903596400072988353,False,5,,0,a year ago,"{""service_rating"": 5, ""atmosphere"": 5}"
"Casa Fresco, HSR: All-Day Dining & Café",080 4992 7445,"73, 27th Main Rd, Phase 3, 1st Sector, HSR Layout, Bengaluru, Karnataka 560102",12.9207539,77.650514,Restaurant,http://www.casafresco.in/,ChZDSUhNMG9nS0VJQ0FnSUNQcTRUWkpnEAE,"Casa Fresco, HSR: All",Prajakta!,105756630651673662922,True,3,"Been there. Not too difficult to find out. Great ambiance. Lovely outside seating which I prefer usually with the pleasant weather in Bangalore.  Service - there were literally 3 to 4 waiters both male and female standing near the counter with a clueless face. We ordered some hot water to drink as it was a bit cold outside and my throat was already hurting, but that girl first of all forgot to bring it totally. We waited for 10-15 mins before I called her again and told her which is then they brought it but after delegating it to someone else. Poor management and lack of interest or cluelessness.  The starter that my friend has ordered while waiting for me till I reach, even that wasn't served till I  had reached. It was served 10-15 mins after I reached. And it was just one potato-based starter. Main dish might have come in a timely way mostly as we tried their pizza. Basically the service is very slow and they really need to work on this. Although when going there for a long chit chat, this wouldn't be much of a problem.  Food - The potato-based starter (don't recall the name) was very oily. Had to use tissues at our end to take out the excess oil, the taste was okay okay. The chutney served along with it made it bearable to eat.  The pizza was delicious and hot. I enjoyed having it. It had a thin crust and fresh toppings.  The total cost that we paid for a Tea, one starter and a Pizza was somewhere around 800-850.  Overall a good cafe with overall average food quality for nearby people to hang out either if they've a lot of ""time"" to spend or won't be bothered with the slow service, as I don't think the cafe owner or the management team would read people's reviews and suggestions and then improve themselves. Haha Highly unlikely. So yeah that's pretty much it.",0,a year ago,"{""dining_mode"": ""Dine in"", ""meal_type"": ""Brunch"", ""price_per_person"": ""₹200–400"", ""food"": 4, ""service_rating"": 2, ""atmosphere"": 4, ""vegetarian_recommendation"": ""Somewhat recommend""}"
"Casa Fresco, HSR: All-Day Dining & Café",080 4992 7445,"73, 27th Main Rd, Phase 3, 1st Sector, HSR Layout, Bengaluru, Karnataka 560102",12.9207539,77.650514,Restaurant,http://www.casafresco.in/,ChZDSUhNMG9nS0VJQ0FnSUNQX1l2MVdREAE,"Casa Fresco, HSR: All",Aparna Kohad,116337684903013484962,True,4,"We had there Bruschetta, Alfredo Pasta, Nutella Waffles and a Boba Drink and Ice Tea.  Everything was tasty and delicious. However, I felt the waffles were undercooked, maybe due to the rush that this place has and high demand they didn’t cook properly.  But I will definitely recommend this place.",0,a year ago,"{""dining_mode"": ""Dine in"", ""meal_type"": ""Brunch"", ""price_per_person"": ""₹600–800"", ""food"": 4, ""service_rating"": 4, ""atmosphere"": 4, ""recommended_dishes"": ""Hazelnut Cold Coffee""}"
"Casa Fresco, HSR: All-Day Dining & Café",080 4992 7445,"73, 27th Main Rd, Phase 3, 1st Sector, HSR Layout, Bengaluru, Karnataka 560102",12.9207539,77.650514,Restaurant,http://www.casafresco.in/,ChdDSUhNMG9nS0VJQ0FnSUNQaGNIZjB3RRAB,"Casa Fresco, HSR: All",Maneela Rao,107789205344227806959,False,5,,0,a year ago,"{""food"": 5, ""service_rating"": 5, ""atmosphere"": 5}"
"Casa Fresco, HSR: All-Day Dining & Café",080 4992 7445,"73, 27th Main Rd, Phase 3, 1st Sector, HSR Layout, Bengaluru, Karnataka 560102",12.9207539,77.650514,Restaurant,http://www.casafresco.in/,ChdDSUhNMG9nS0VJQ0FnSUNQbWZUbHZnRRAB,"Casa Fresco, HSR: All",Apurva Kabra,104595295152044308487,True,3,,0,a year ago,"{""food"": 4, ""service_rating"": 3, ""atmosphere"": 4}"
"Casa Fresco, HSR: All-Day Dining & Café",080 4992 7445,"73, 27th Main Rd, Phase 3, 1st Sector, HSR Layout, Bengaluru, Karnataka 560102",12.9207539,77.650514,Restaurant,http://www.casafresco.in/,ChdDSUhNMG9nS0VJQ0FnSUNQd2NiQmtRRRAB,"Casa Fresco, HSR: All",Sourabh Chourasia,117802737536059563184,True,5,This is a cute cafe hidden in hsr. We ordered English breakfast. It was amazing. It is a pet friendly cafe.,0,a year ago,"{""dining_mode"": ""Dine in"", ""meal_type"": ""Breakfast"", ""price_per_person"": ""₹800–1,000"", ""food"": 5, ""service_rating"": 5, ""atmosphere"": 5, ""vegetarian_recommendation"": ""Highly recommend"", ""vegetarian_offerings"": ""Clearly labeled vegetarian dishes"", ""parking_space"": ""Somewhat difficult to find parking"", ""parking_options"": ""Free street parking"", ""kid_friendliness"": ""It is kid friendly.does not have any kids play area"", ""wheelchair_accessibility"": ""Yes""}"
"Casa Fresco, HSR: All-Day Dining & Café",080 4992 7445,"73, 27th Main Rd, Phase 3, 1st Sector, HSR Layout, Bengaluru, Karnataka 560102",12.9207539,77.650514,Restaurant,http://www.casafresco.in/,ChdDSUhNMG9nS0VJQ0FnSUNQLW9MMnR3RRAB,"Casa Fresco, HSR: All",Sakshi Mahajan,108454152771130939042,True,5,,0,a year ago,"{""food"": 5, ""service_rating"": 5, ""atmosphere"": 5}"
"Casa Fresco, HSR: All-Day Dining & Café",080 4992 7445,"73, 27th Main Rd, Phase 3, 1st Sector, HSR Layout, Bengaluru, Karnataka 560102",12.9207539,77.650514,Restaurant,http://www.casafresco.in/,ChZDSUhNMG9nS0VJQ0FnSUNQcXZ6VGJREAE,"Casa Fresco, HSR: All",niharika mathur,111639754938333936518,False,4,,0,a year ago,"{""food"": 4, ""service_rating"": 4, ""atmosphere"": 4}"
"Casa Fresco, HSR: All-Day Dining & Café",080 4992 7445,"73, 27th Main Rd, Phase 3, 1st Sector, HSR Layout, Bengaluru, Karnataka 560102",12.9207539,77.650514,Restaurant,http://www.casafresco.in/,ChZDSUhNMG9nS0VJQ0FnSUNQcktpSFl3EAE,"Casa Fresco, HSR: All",Abhishek Nath,112442600429437854601,True,3,,0,a year ago,
"Casa Fresco, HSR: All-Day Dining & Café",080 4992 7445,"73, 27th Main Rd, Phase 3, 1st Sector, HSR Layout, Bengaluru, Karnataka 560102",12.9207539,77.650514,Restaurant,http://www.casafresco.in/,ChdDSUhNMG9nS0VJQ0FnSUNQbUx2TXF3RRAB,"Casa Fresco, HSR: All",MADHURA S,114338658661838300820,True,3,,0,a year ago,"{""food"": 1, ""service_rating"": 3, ""atmosphere"": 3}"
"Casa Fresco, HSR: All-Day Dining & Café",080 4992 7445,"73, 27th Main Rd, Phase 3, 1st Sector, HSR Layout, Bengaluru, Karnataka 560102",12.9207539,77.650514,Restaurant,http://www.casafresco.in/,ChdDSUhNMG9nS0VJQ0FnSUNQZ1BMWTFRRRAB,"Casa Fresco, HSR: All",Saurabh Mittal,105222407480892072796,True,5,,0,a year ago,"{""dining_mode"": ""Dine in"", ""meal_type"": ""Dinner"", ""food"": 5, ""service_rating"": 5, ""atmosphere"": 5}"
"Casa Fresco, HSR: All-Day Dining & Café",080 4992 7445,"73, 27th Main Rd, Phase 3, 1st Sector, HSR Layout, Bengaluru, Karnataka 560102",12.9207539,77.650514,Restaurant,http://www.casafresco.in/,ChZDSUhNMG9nS0VJQ0FnSUQzMVpPbVBBEAE,"Casa Fresco, HSR: All",Amitrajit Bose,115934675953504119591,True,5,Very nice place for breakfast and brunch with open and greenery setting,0,a year ago,"{""price_per_person"": ""₹200–400"", ""food"": 3, ""service_rating"": 4, ""atmosphere"": 5, ""parking_space"": ""Somewhat difficult to find parking"", ""parking_options"": ""Free parking lot""}"
"Casa Fresco, HSR: All-Day Dining & Café",080 4992 7445,"73, 27th Main Rd, Phase 3, 1st Sector, HSR Layout, Bengaluru, Karnataka 560102",12.9207539,77.650514,Restaurant,http://www.casafresco.in/,ChZDSUhNMG9nS0VJQ0FnSUNuOEpUb01BEAE,"Casa Fresco, HSR: All",indra p,111604290082285334478,True,5,"Nice cafe with a lip smacking food for a relaxed weekend/after office dinner  Very cordial staffs(spl mention to Miss Kim)  Mrs.Neha(owner) is very customer friendly  You can also plan for a small gathering/birthday parties,they would plan it pretty well.  Highly recommend",0,Edited a year ago,"{""dining_mode"": ""Dine in"", ""meal_type"": ""Lunch"", ""price_per_person"": ""₹200–400"", ""food"": 5, ""service_rating"": 5, ""atmosphere"": 5}"
"Casa Fresco, HSR: All-Day Dining & Café",080 4992 7445,"73, 27th Main Rd, Phase 3, 1st Sector, HSR Layout, Bengaluru, Karnataka 560102",12.9207539,77.650514,Restaurant,http://www.casafresco.in/,ChdDSUhNMG9nS0VJQ0FnSUQzaFlqWTV3RRAB,"Casa Fresco, HSR: All",Arpon Handique,105116625798003266608,False,1,It is better to go to a service center. Go to a local shop. Your acquaintances will repair it well in the shop and will also deliver it quickly. All these people just waste time and do no work.,0,a year ago,"{""service_rating"": 1, ""atmosphere"": 1}"
"Casa Fresco, HSR: All-Day Dining & Café",080 4992 7445,"73, 27th Main Rd, Phase 3, 1st Sector, HSR Layout, Bengaluru, Karnataka 560102",12.9207539,77.650514,Restaurant,http://www.casafresco.in/,ChdDSUhNMG9nS0VJQ0FnSUQzd2ZIR3pBRRAB,"Casa Fresco, HSR: All",Susmitha Jayan,113511159157020730577,True,5,"Gives an excellent experience with its mouth watering food, delightful environment and top notch service. It has very cozy environment adds a comforting touch, makes it a perfect place to relax with friends/family. Perfect place for a casual meet up’s , dating or causal cafe hopping with comfort couches and good food .",0,a year ago,"{""dining_mode"": ""Dine in"", ""meal_type"": ""Dinner"", ""price_per_person"": ""₹1–200"", ""food"": 5, ""service_rating"": 5, ""atmosphere"": 5}"
"Casa Fresco, HSR: All-Day Dining & Café",080 4992 7445,"73, 27th Main Rd, Phase 3, 1st Sector, HSR Layout, Bengaluru, Karnataka 560102",12.9207539,77.650514,Restaurant,http://www.casafresco.in/,ChZDSUhNMG9nS0VJQ0FnSUQzZ1lqX2RBEAE,"Casa Fresco, HSR: All",Jyotiprakash Mohanty,117538883179878414556,True,5,,0,a year ago,"{""food"": 5, ""service_rating"": 5, ""atmosphere"": 5}"
"Casa Fresco, HSR: All-Day Dining & Café",080 4992 7445,"73, 27th Main Rd, Phase 3, 1st Sector, HSR Layout, Bengaluru, Karnataka 560102",12.9207539,77.650514,Restaurant,http://www.casafresco.in/,ChdDSUhNMG9nS0VJQ0FnSUQzOXNtTnZ3RRAB,"Casa Fresco, HSR: All",Roshni Thomas,105606773998491473141,False,3,,0,a year ago,
"Casa Fresco, HSR: All-Day Dining & Café",080 4992 7445,"73, 27th Main Rd, Phase 3, 1st Sector, HSR Layout, Bengaluru, Karnataka 560102",12.9207539,77.650514,Restaurant,http://www.casafresco.in/,ChZDSUhNMG9nS0VJQ0FnSUQzaHJIcVV3EAE,"Casa Fresco, HSR: All",sada nanda,113453641695945280260,True,4,,0,a year ago,"{""dining_mode"": ""Dine in"", ""meal_type"": ""Brunch"", ""price_per_person"": ""₹400–600"", ""vegetarian_recommendation"": ""Highly recommend"", ""vegetarian_offerings"": ""Large vegetarian selection""}"
"Casa Fresco, HSR: All-Day Dining & Café",080 4992 7445,"73, 27th Main Rd, Phase 3, 1st Sector, HSR Layout, Bengaluru, Karnataka 560102",12.9207539,77.650514,Restaurant,http://www.casafresco.in/,ChZDSUhNMG9nS0VJQ0FnSUQzbXJHMUd3EAE,"Casa Fresco, HSR: All",YOGESHK,117456652805804080237,False,4,"Crispy Corn old recipy was tasty, the new recipy is too bland or doesn't taste good.",0,a year ago,"{""food"": 4, ""service_rating"": 4, ""atmosphere"": 4}"
"Casa Fresco, HSR: All-Day Dining & Café",080 4992 7445,"73, 27th Main Rd, Phase 3, 1st Sector, HSR Layout, Bengaluru, Karnataka 560102",12.9207539,77.650514,Restaurant,http://www.casafresco.in/,ChdDSUhNMG9nS0VJQ0FnSUQzN0plZW93RRAB,"Casa Fresco, HSR: All",Dhanesh Nair,111297246087862126778,True,5,Good place for casual dining and meetups,0,a year ago,"{""dining_mode"": ""Dine in"", ""meal_type"": ""Other"", ""price_per_person"": ""₹200–400"", ""food"": 4, ""service_rating"": 5, ""atmosphere"": 4}"
"Casa Fresco, HSR: All-Day Dining & Café",080 4992 7445,"73, 27th Main Rd, Phase 3, 1st Sector, HSR Layout, Bengaluru, Karnataka 560102",12.9207539,77.650514,Restaurant,http://www.casafresco.in/,ChZDSUhNMG9nS0VJQ0FnSUQzdEw2NkFREAE,"Casa Fresco, HSR: All",Syed Shaz,113686080841546856191,True,5,,0,a year ago,"{""dining_mode"": ""Dine in"", ""meal_type"": ""Dinner"", ""price_per_person"": ""₹400–600"", ""food"": 4, ""service_rating"": 5, ""atmosphere"": 5}"
"Casa Fresco, HSR: All-Day Dining & Café",080 4992 7445,"73, 27th Main Rd, Phase 3, 1st Sector, HSR Layout, Bengaluru, Karnataka 560102",12.9207539,77.650514,Restaurant,http://www.casafresco.in/,ChZDSUhNMG9nS0VJQ0FnSUQzLUwzSVJnEAE,"Casa Fresco, HSR: All",surya shrivastava,109152923971326984509,True,5,,0,a year ago,"{""dining_mode"": ""Dine in"", ""meal_type"": ""Dinner"", ""price_per_person"": ""₹200–400"", ""food"": 5, ""service_rating"": 5, ""atmosphere"": 4, ""recommended_dishes"": ""Hash Browns""}"
"Casa Fresco, HSR: All-Day Dining & Café",080 4992 7445,"73, 27th Main Rd, Phase 3, 1st Sector, HSR Layout, Bengaluru, Karnataka 560102",12.9207539,77.650514,Restaurant,http://www.casafresco.in/,ChZDSUhNMG9nS0VJQ0FnSUQzaU1HZ2ZBEAE,"Casa Fresco, HSR: All",Aryan Singh,108696654283226345460,True,5,,0,a year ago,
"Casa Fresco, HSR: All-Day Dining & Café",080 4992 7445,"73, 27th Main Rd, Phase 3, 1st Sector, HSR Layout, Bengaluru, Karnataka 560102",12.9207539,77.650514,Restaurant,http://www.casafresco.in/,ChZDSUhNMG9nS0VJQ0FnSUQzd0kzd0ZnEAE,"Casa Fresco, HSR: All",Kanika,103098566076004047237,True,5,Good place with good food.,0,a year ago,"{""dining_mode"": ""Dine in"", ""meal_type"": ""Lunch"", ""price_per_person"": ""₹600–800"", ""food"": 5, ""service_rating"": 5, ""atmosphere"": 5}"
"Casa Fresco, HSR: All-Day Dining & Café",080 4992 7445,"73, 27th Main Rd, Phase 3, 1st Sector, HSR Layout, Bengaluru, Karnataka 560102",12.9207539,77.650514,Restaurant,http://www.casafresco.in/,ChdDSUhNMG9nS0VJQ0FnSUMzdC1LcTJ3RRAB,"Casa Fresco, HSR: All",Meenakshi Bhattacharya,109378850447470973750,True,5,,0,a year ago,"{""food"": 5, ""service_rating"": 5, ""atmosphere"": 5}"
"Casa Fresco, HSR: All-Day Dining & Café",080 4992 7445,"73, 27th Main Rd, Phase 3, 1st Sector, HSR Layout, Bengaluru, Karnataka 560102",12.9207539,77.650514,Restaurant,http://www.casafresco.in/,ChZDSUhNMG9nS0VJQ0FnSUMzMTU2eVhnEAE,"Casa Fresco, HSR: All",priyanka nayak,101604258601270633307,True,2,Ordered a burger it was very hard and the kitchen confirmed that it’s supposed to be like that  So don’t order burgers here,0,a year ago,"{""dining_mode"": ""Dine in"", ""meal_type"": ""Breakfast"", ""price_per_person"": ""₹200–400"", ""food"": 1, ""service_rating"": 3, ""atmosphere"": 5}"
"Casa Fresco, HSR: All-Day Dining & Café",080 4992 7445,"73, 27th Main Rd, Phase 3, 1st Sector, HSR Layout, Bengaluru, Karnataka 560102",12.9207539,77.650514,Restaurant,http://www.casafresco.in/,ChdDSUhNMG9nS0VJQ0FnSUMzNjl5Zm53RRAB,"Casa Fresco, HSR: All",Ariba Khan,117783770423670964898,True,5,Amazing place with cozy and warm ambiance,0,a year ago,"{""dining_mode"": ""Dine in"", ""meal_type"": ""Lunch"", ""price_per_person"": ""₹200–400"", ""food"": 5, ""service_rating"": 5, ""atmosphere"": 5}"
"Casa Fresco, HSR: All-Day Dining & Café",080 4992 7445,"73, 27th Main Rd, Phase 3, 1st Sector, HSR Layout, Bengaluru, Karnataka 560102",12.9207539,77.650514,Restaurant,http://www.casafresco.in/,ChZDSUhNMG9nS0VJQ0FnSUMzNWF6NGZBEAE,"Casa Fresco, HSR: All",Ishu Sagar,114865999649069175067,True,4,,0,a year ago,
"Casa Fresco, HSR: All-Day Dining & Café",080 4992 7445,"73, 27th Main Rd, Phase 3, 1st Sector, HSR Layout, Bengaluru, Karnataka 560102",12.9207539,77.650514,Restaurant,http://www.casafresco.in/,ChZDSUhNMG9nS0VJQ0FnSUMzNGFITFhnEAE,"Casa Fresco, HSR: All",Akanksha Pandey,113314309860983169544,False,5,"Excellent ambience, food and service. Great job by Karuna, she made it very smooth.",0,a year ago,"{""food"": 5, ""service_rating"": 5, ""atmosphere"": 5}"
"Casa Fresco, HSR: All-Day Dining & Café",080 4992 7445,"73, 27th Main Rd, Phase 3, 1st Sector, HSR Layout, Bengaluru, Karnataka 560102",12.9207539,77.650514,Restaurant,http://www.casafresco.in/,ChZDSUhNMG9nS0VJQ0FnSUMzb2ZIUGVBEAE,"Casa Fresco, HSR: All",ujwal j reddy,112700476224125622802,False,5,Nice staff response karuna,0,a year ago,"{""food"": 5, ""service_rating"": 5, ""atmosphere"": 5}"
"Casa Fresco, HSR: All-Day Dining & Café",080 4992 7445,"73, 27th Main Rd, Phase 3, 1st Sector, HSR Layout, Bengaluru, Karnataka 560102",12.9207539,77.650514,Restaurant,http://www.casafresco.in/,ChdDSUhNMG9nS0VJQ0FnSUMzZ1lyMGdnRRAB,"Casa Fresco, HSR: All",Prateek Mishra,100377640251104668350,True,4,"Very nice veg food taste. Specially Mushroom cream .. cold coffee and java thick coffee is same, java one is basically cold coffee with ice-cream so nothing new.. Momo was tasty.. nice place",0,a year ago,"{""dining_mode"": ""Dine in"", ""meal_type"": ""Dinner"", ""price_per_person"": ""₹400–600"", ""food"": 4, ""service_rating"": 4, ""atmosphere"": 4, ""vegetarian_recommendation"": ""Highly recommend"", ""vegetarian_offerings"": ""Clearly labeled vegetarian dishes"", ""vegetarian_options"": ""Veg items are written clearly.. food is tasty so i can go again.. you can go with ur date and family both"", ""parking_space"": ""Somewhat difficult to find parking"", ""parking_options"": ""Free street parking"", ""parking_notes"": ""Bit difficult to find parking specifically for 4 wheelers"", ""kid_friendliness"": ""You can go with family..""}"
"Casa Fresco, HSR: All-Day Dining & Café",080 4992 7445,"73, 27th Main Rd, Phase 3, 1st Sector, HSR Layout, Bengaluru, Karnataka 560102",12.9207539,77.650514,Restaurant,http://www.casafresco.in/,ChdDSUhNMG9nS0VJQ0FnSUMzenVmdXNnRRAB,"Casa Fresco, HSR: All",Tushar Patil,107280051608164352896,False,5,,0,a year ago,
"Casa Fresco, HSR: All-Day Dining & Café",080 4992 7445,"73, 27th Main Rd, Phase 3, 1st Sector, HSR Layout, Bengaluru, Karnataka 560102",12.9207539,77.650514,Restaurant,http://www.casafresco.in/,ChdDSUhNMG9nS0VJQ0FnSUMzOXNDWjdRRRAB,"Casa Fresco, HSR: All",Sonikaa Reddy,116972626606497705749,False,5,The sorrounding was osm and the serivice by Arun was also very nice Overall it was very good,0,a year ago,"{""food"": 5, ""service_rating"": 5, ""atmosphere"": 5}"
"Casa Fresco, HSR: All-Day Dining & Café",080 4992 7445,"73, 27th Main Rd, Phase 3, 1st Sector, HSR Layout, Bengaluru, Karnataka 560102",12.9207539,77.650514,Restaurant,http://www.casafresco.in/,ChdDSUhNMG9nS0VJQ0FnSUMzd3BMRmhRRRAB,"Casa Fresco, HSR: All",Shivshankar Podder,115014044960759694343,True,4,"We visited this popular cafe in HSR Layout last weekend. Since it was a weekend, we had to wait around 30 minutes for a table for two. The cafe offers outdoor seating that accommodates around 25-30 people, and the ambiance was pleasant.  After browsing the menu, we ordered a few dishes. Here’s what we tried, along with our personal ratings  1.Panko Paneer Poppers - 5/5 2.Moe’s Grilled Chicken - 3.5/5 3.English Breakfast - 2/5 4.Chicken Alfredo - 4/5  The service was a bit slow; we waited about 20-25 minutes for our food to arrive. The prices were reasonable, though not exactly budget-friendly.",0,a year ago,"{""dining_mode"": ""Dine in"", ""meal_type"": ""Brunch"", ""price_per_person"": ""₹800–1,000"", ""food"": 4, ""service_rating"": 3, ""atmosphere"": 4, ""vegetarian_recommendation"": ""Somewhat recommend"", ""vegetarian_offerings"": ""Vegetarian menu or section, Clearly labeled vegetarian dishes"", ""vegetarian_options"": ""They have a lot of vegetarian options"", ""parking_space"": ""Somewhat difficult to find parking"", ""parking_options"": ""Free street parking"", ""parking_notes"": ""No dedicated parking space. One has to find the parking spot in the street"", ""wheelchair_accessibility"": ""This place is wheelchair accessible""}"
"Casa Fresco, HSR: All-Day Dining & Café",080 4992 7445,"73, 27th Main Rd, Phase 3, 1st Sector, HSR Layout, Bengaluru, Karnataka 560102",12.9207539,77.650514,Restaurant,http://www.casafresco.in/,ChdDSUhNMG9nS0VJQ0FnSUMzOVB5SjZBRRAB,"Casa Fresco, HSR: All",Abhijeet,104904185990485727701,True,5,The good was extremely good. The service was great Kim was our server and she was extremely kind and very prompt. We loved every bit here. Thank you :),0,a year ago,"{""food"": 5, ""service_rating"": 5, ""atmosphere"": 5}"
"Casa Fresco, HSR: All-Day Dining & Café",080 4992 7445,"73, 27th Main Rd, Phase 3, 1st Sector, HSR Layout, Bengaluru, Karnataka 560102",12.9207539,77.650514,Restaurant,http://www.casafresco.in/,ChdDSUhNMG9nS0VJQ0FnSUMzNlBtRm93RRAB,"Casa Fresco, HSR: All",akky john,103162569383438476363,True,4,"We happened to go to this place for a quick coffee while we went to Artgram on a weekend. We loved the food. The hot chocolate was made from premium cocoa and not from cheap chocolate syrup,like most places. The smoked chicken pizza had this amazing flavor and a super thin crust. Even the whipped cream that came with nutella waffle was of good quality.  The waffle was eggless and had deep pockets. Loved it. Service was quick. The restroom was very neat.1 star less for the ambience. Overall a very good experience.",0,a year ago,"{""dining_mode"": ""Dine in"", ""meal_type"": ""Other"", ""price_per_person"": ""₹200–400"", ""food"": 5, ""service_rating"": 5, ""atmosphere"": 4, ""parking_space"": ""Plenty of parking"", ""parking_options"": ""Free street parking""}"
"Casa Fresco, HSR: All-Day Dining & Café",080 4992 7445,"73, 27th Main Rd, Phase 3, 1st Sector, HSR Layout, Bengaluru, Karnataka 560102",12.9207539,77.650514,Restaurant,http://www.casafresco.in/,ChdDSUhNMG9nS0VJQ0FnSURYMzZ1RXN3RRAB,"Casa Fresco, HSR: All",Annie Mascarenhas,118063156951543569645,True,5,Recently visited this place with our friends. Its really cosy ambience. Literal English breakfast in Bangalore. Loved it.,0,a year ago,"{""food"": 4, ""service_rating"": 4, ""atmosphere"": 5}"
"Casa Fresco, HSR: All-Day Dining & Café",080 4992 7445,"73, 27th Main Rd, Phase 3, 1st Sector, HSR Layout, Bengaluru, Karnataka 560102",12.9207539,77.650514,Restaurant,http://www.casafresco.in/,ChZDSUhNMG9nS0VJQ0FnSURYNzl5dGF3EAE,"Casa Fresco, HSR: All",Prakhar Dev Gupta,105045432093885685623,True,1,Really slow service. Food is average. Vibe is nothing extraordinary. Reviews are overrated,0,a year ago,"{""dining_mode"": ""Dine in"", ""meal_type"": ""Lunch"", ""price_per_person"": ""₹800–1,000"", ""food"": 2, ""service_rating"": 1, ""atmosphere"": 1}"
"Casa Fresco, HSR: All-Day Dining & Café",080 4992 7445,"73, 27th Main Rd, Phase 3, 1st Sector, HSR Layout, Bengaluru, Karnataka 560102",12.9207539,77.650514,Restaurant,http://www.casafresco.in/,ChdDSUhNMG9nS0VJQ0FnSURYbWJ5TjJRRRAB,"Casa Fresco, HSR: All",Supriti Ghosh,101584609018054128565,True,5,"I just loved the place, so do my furry baby. The ambience, food and staff was is so good and so friendly, they were constantly checking on us and especially my furry baby. I have been to many pet friendly café but honestly as of now this place has my heart. Strongly recommended.",0,a year ago,"{""food"": 5, ""service_rating"": 5, ""atmosphere"": 5}"
"Casa Fresco, HSR: All-Day Dining & Café",080 4992 7445,"73, 27th Main Rd, Phase 3, 1st Sector, HSR Layout, Bengaluru, Karnataka 560102",12.9207539,77.650514,Restaurant,http://www.casafresco.in/,ChdDSUhNMG9nS0VJQ0FnSURYa2NEZTFBRRAB,"Casa Fresco, HSR: All",Banu shree,101022597507414908847,True,4,Quiet and enjoyable atmosphere. Food was amazing. A bit slow service but manageable if you are accompanied by somebody.,0,a year ago,"{""dining_mode"": ""Dine in"", ""meal_type"": ""Dinner"", ""price_per_person"": ""₹400–600"", ""food"": 4, ""service_rating"": 4, ""atmosphere"": 4, ""vegetarian_recommendation"": ""Highly recommend"", ""vegetarian_offerings"": ""Large vegetarian selection"", ""parking_space"": ""Difficult to find parking"", ""wheelchair_accessibility"": ""Yes""}"
"Casa Fresco, HSR: All-Day Dining & Café",080 4992 7445,"73, 27th Main Rd, Phase 3, 1st Sector, HSR Layout, Bengaluru, Karnataka 560102",12.9207539,77.650514,Restaurant,http://www.casafresco.in/,ChZDSUhNMG9nS0VJQ0FnSURYcnJicldBEAE,"Casa Fresco, HSR: All",Mohit Singh,114993834776146197657,True,4,"Cafe Casa Fresco is an inviting open-air cafe that offers a cozy atmosphere. They provide an all-day breakfast menu with a variety of options, including vegetarian, egg, and non-vegetarian dishes. Their sandwiches are particularly noteworthy. The staff is friendly, and service is prompt. Overall, it's a charming little cafe that serves delicious food, making it a great spot for casual dining.",0,a year ago,"{""dining_mode"": ""Dine in"", ""meal_type"": ""Breakfast"", ""price_per_person"": ""₹400–600"", ""food"": 4, ""service_rating"": 5, ""atmosphere"": 4, ""parking_space"": ""Somewhat difficult to find parking"", ""parking_options"": ""Free street parking""}"
"Casa Fresco, HSR: All-Day Dining & Café",080 4992 7445,"73, 27th Main Rd, Phase 3, 1st Sector, HSR Layout, Bengaluru, Karnataka 560102",12.9207539,77.650514,Restaurant,http://www.casafresco.in/,ChdDSUhNMG9nS0VJQ0FnSURYbHJlV253RRAB,"Casa Fresco, HSR: All",Anusha Kunigiri,118054749608551273918,True,3,"The ambience is okay, but the food taste is average.",0,a year ago,"{""price_per_person"": ""₹200–400"", ""food"": 3, ""service_rating"": 4, ""atmosphere"": 4}"
"Casa Fresco, HSR: All-Day Dining & Café",080 4992 7445,"73, 27th Main Rd, Phase 3, 1st Sector, HSR Layout, Bengaluru, Karnataka 560102",12.9207539,77.650514,Restaurant,http://www.casafresco.in/,ChdDSUhNMG9nS0VJQ0FnSURYNW9QVmh3RRAB,"Casa Fresco, HSR: All",Akhil J,101897550328906595722,True,3,,0,a year ago,"{""food"": 4, ""service_rating"": 2, ""atmosphere"": 3}"
"Casa Fresco, HSR: All-Day Dining & Café",080 4992 7445,"73, 27th Main Rd, Phase 3, 1st Sector, HSR Layout, Bengaluru, Karnataka 560102",12.9207539,77.650514,Restaurant,http://www.casafresco.in/,ChZDSUhNMG9nS0VJQ0FnSURYLW9pTFd3EAE,"Casa Fresco, HSR: All",Ahana Chakraborty,109059668904998016022,True,3,"A cafe with pondicherry vibes in Bangalore serving breakfasts across the world .. very nice courtyard sitting arrangement .. it has elaborated menu  in snacks, appetizers, breakfasts, all day dining options.. we ordered Ramsey breakfast and English breakfast along with filter coffee (ice) .. both were good except sausages were extremely salty while ice coffee had too much sugar .. this place needs improvement in food.",0,a year ago,"{""dining_mode"": ""Dine in"", ""meal_type"": ""Breakfast"", ""price_per_person"": ""₹200–400"", ""food"": 2, ""service_rating"": 4, ""atmosphere"": 4, ""recommended_dishes"": ""Hash Browns"", ""parking_space"": ""Plenty of parking"", ""parking_options"": ""Free parking lot"", ""wheelchair_accessibility"": ""Accessible""}"
"Casa Fresco, HSR: All-Day Dining & Café",080 4992 7445,"73, 27th Main Rd, Phase 3, 1st Sector, HSR Layout, Bengaluru, Karnataka 560102",12.9207539,77.650514,Restaurant,http://www.casafresco.in/,ChdDSUhNMG9nS0VJQ0FnSURYb3NEYmh3RRAB,"Casa Fresco, HSR: All",Akshaya Vijayan,106344726119540434311,True,3,Tried Meo's Grilled Chicken❤️ & Peri Rooter Burger..  Great ambience👍.. Burger was not that great..But chicken flavour was good ✌️..,0,a year ago,"{""dining_mode"": ""Dine in"", ""food"": 3, ""service_rating"": 4, ""atmosphere"": 5}"
"Casa Fresco, HSR: All-Day Dining & Café",080 4992 7445,"73, 27th Main Rd, Phase 3, 1st Sector, HSR Layout, Bengaluru, Karnataka 560102",12.9207539,77.650514,Restaurant,http://www.casafresco.in/,ChdDSUhNMG9nS0VJQ0FnSURYbEo3cm1RRRAB,"Casa Fresco, HSR: All",Syed Waseem,106583114158672428000,False,5,Good service by Nagaraj and Raghu,0,a year ago,"{""food"": 5, ""service_rating"": 5, ""atmosphere"": 5}"
"Casa Fresco, HSR: All-Day Dining & Café",080 4992 7445,"73, 27th Main Rd, Phase 3, 1st Sector, HSR Layout, Bengaluru, Karnataka 560102",12.9207539,77.650514,Restaurant,http://www.casafresco.in/,ChdDSUhNMG9nS0VJQ0FnSURYcFBMdGt3RRAB,"Casa Fresco, HSR: All",Aditya Ranjan,101265892305098441113,True,5,One of the places you should try to experience a good English breakfast. Wouldn't recommend anything specific as every dish on their menu is worth trying.,0,a year ago,"{""dining_mode"": ""Dine in"", ""meal_type"": ""Breakfast"", ""price_per_person"": ""₹400–600"", ""food"": 5, ""service_rating"": 5, ""atmosphere"": 5, ""recommended_dishes"": ""Hazelnut Cold Coffee""}"
"Casa Fresco, HSR: All-Day Dining & Café",080 4992 7445,"73, 27th Main Rd, Phase 3, 1st Sector, HSR Layout, Bengaluru, Karnataka 560102",12.9207539,77.650514,Restaurant,http://www.casafresco.in/,ChZDSUhNMG9nS0VJQ0FnSURYc0xtdFBREAE,"Casa Fresco, HSR: All",Triveni Hogle,108026129347243588665,True,5,,0,a year ago,"{""food"": 5, ""service_rating"": 5, ""atmosphere"": 5}"
"Casa Fresco, HSR: All-Day Dining & Café",080 4992 7445,"73, 27th Main Rd, Phase 3, 1st Sector, HSR Layout, Bengaluru, Karnataka 560102",12.9207539,77.650514,Restaurant,http://www.casafresco.in/,ChdDSUhNMG9nS0VJQ0FnSURYd0xIOGxnRRAB,"Casa Fresco, HSR: All",Ankit Gautam,112004849937823732426,False,4,,0,a year ago,
"Casa Fresco, HSR: All-Day Dining & Café",080 4992 7445,"73, 27th Main Rd, Phase 3, 1st Sector, HSR Layout, Bengaluru, Karnataka 560102",12.9207539,77.650514,Restaurant,http://www.casafresco.in/,ChZDSUhNMG9nS0VJQ0FnSURYZ0ltbVZ3EAE,"Casa Fresco, HSR: All",Samyak Jain,117998862777007862340,True,5,Nice food. Good service. Atmosphere was also pretty good.,0,a year ago,"{""dining_mode"": ""Dine in"", ""meal_type"": ""Breakfast""}"
"Casa Fresco, HSR: All-Day Dining & Café",080 4992 7445,"73, 27th Main Rd, Phase 3, 1st Sector, HSR Layout, Bengaluru, Karnataka 560102",12.9207539,77.650514,Restaurant,http://www.casafresco.in/,ChdDSUhNMG9nS0VJQ0FnSURobFp2Nl93RRAB,"Casa Fresco, HSR: All",Buvana Ananth,111697529716092472376,True,5,"Nice cozy place, with friendly helpful staff. Just wish they had more dessert",0,Edited a year ago,"{""dining_mode"": ""Dine in"", ""meal_type"": ""Brunch"", ""price_per_person"": ""₹200–400"", ""food"": 4, ""service_rating"": 4, ""atmosphere"": 5}"
"Casa Fresco, HSR: All-Day Dining & Café",080 4992 7445,"73, 27th Main Rd, Phase 3, 1st Sector, HSR Layout, Bengaluru, Karnataka 560102",12.9207539,77.650514,Restaurant,http://www.casafresco.in/,ChZDSUhNMG9nS0VJQ0FnSUNYMTZQc1FREAE,"Casa Fresco, HSR: All",NIKHIL ADITYA,111808549802700574558,True,5,,0,a year ago,"{""dining_mode"": ""Dine in"", ""food"": 5, ""service_rating"": 5, ""atmosphere"": 5}"
"Casa Fresco, HSR: All-Day Dining & Café",080 4992 7445,"73, 27th Main Rd, Phase 3, 1st Sector, HSR Layout, Bengaluru, Karnataka 560102",12.9207539,77.650514,Restaurant,http://www.casafresco.in/,ChdDSUhNMG9nS0VJQ0FnSUNYaV96bndRRRAB,"Casa Fresco, HSR: All",Rajeswari Pai,114063452406007129897,True,5,,0,a year ago,"{""dining_mode"": ""Dine in"", ""meal_type"": ""Other"", ""price_per_person"": ""₹600–800"", ""food"": 5, ""service_rating"": 5, ""atmosphere"": 4}"
"Casa Fresco, HSR: All-Day Dining & Café",080 4992 7445,"73, 27th Main Rd, Phase 3, 1st Sector, HSR Layout, Bengaluru, Karnataka 560102",12.9207539,77.650514,Restaurant,http://www.casafresco.in/,ChZDSUhNMG9nS0VJQ0FnSUNYODczeEF3EAE,"Casa Fresco, HSR: All",Dintu George,107069375176545176053,True,5,,0,a year ago,"{""food"": 5, ""service_rating"": 5, ""atmosphere"": 5}"
"Casa Fresco, HSR: All-Day Dining & Café",080 4992 7445,"73, 27th Main Rd, Phase 3, 1st Sector, HSR Layout, Bengaluru, Karnataka 560102",12.9207539,77.650514,Restaurant,http://www.casafresco.in/,ChZDSUhNMG9nS0VJQ0FnSUNYdmRLSUNnEAE,"Casa Fresco, HSR: All",Sriharsha N,111554508511024198309,True,5,,0,a year ago,"{""food"": 4, ""service_rating"": 4, ""atmosphere"": 5}"
"Casa Fresco, HSR: All-Day Dining & Café",080 4992 7445,"73, 27th Main Rd, Phase 3, 1st Sector, HSR Layout, Bengaluru, Karnataka 560102",12.9207539,77.650514,Restaurant,http://www.casafresco.in/,ChdDSUhNMG9nS0VJQ0FnSUNYdmNDZ3pnRRAB,"Casa Fresco, HSR: All",Jugal Kishore Bharadwaj,116560325270517743360,True,5,Loved the ambience!,0,a year ago,"{""meal_type"": ""Lunch"", ""price_per_person"": ""₹400–600"", ""food"": 4, ""service_rating"": 4, ""atmosphere"": 5}"
"Casa Fresco, HSR: All-Day Dining & Café",080 4992 7445,"73, 27th Main Rd, Phase 3, 1st Sector, HSR Layout, Bengaluru, Karnataka 560102",12.9207539,77.650514,Restaurant,http://www.casafresco.in/,ChdDSUhNMG9nS0VJQ0FnSUNYM2M2RG93RRAB,"Casa Fresco, HSR: All",Tushima Bhatter,111520780519122670315,True,3,,0,a year ago,
"Casa Fresco, HSR: All-Day Dining & Café",080 4992 7445,"73, 27th Main Rd, Phase 3, 1st Sector, HSR Layout, Bengaluru, Karnataka 560102",12.9207539,77.650514,Restaurant,http://www.casafresco.in/,ChdDSUhNMG9nS0VJQ0FnSUNYblpEUDhnRRAB,"Casa Fresco, HSR: All",mukesh choudhary,109563148300544749478,True,4,,0,a year ago,"{""dining_mode"": ""Dine in""}"
"Casa Fresco, HSR: All-Day Dining & Café",080 4992 7445,"73, 27th Main Rd, Phase 3, 1st Sector, HSR Layout, Bengaluru, Karnataka 560102",12.9207539,77.650514,Restaurant,http://www.casafresco.in/,ChZDSUhNMG9nS0VJQ0FnSUNYeGVpSUhBEAE,"Casa Fresco, HSR: All",Namrata Gupta,101669186874103431287,True,4,,0,a year ago,"{""dining_mode"": ""Dine in"", ""meal_type"": ""Lunch"", ""price_per_person"": ""₹400–600"", ""food"": 4, ""service_rating"": 3, ""atmosphere"": 3}"
"Casa Fresco, HSR: All-Day Dining & Café",080 4992 7445,"73, 27th Main Rd, Phase 3, 1st Sector, HSR Layout, Bengaluru, Karnataka 560102",12.9207539,77.650514,Restaurant,http://www.casafresco.in/,ChZDSUhNMG9nS0VJQ0FnSUNYZ2MzTFpREAE,"Casa Fresco, HSR: All",Shuchita Mandan,117647965467292256868,True,5,"The food and ambience was so good..but they need to work on their sitting arrangements for rainy day, it was dripping rain all over which was very uncomfortable!",0,a year ago,"{""dining_mode"": ""Dine in"", ""meal_type"": ""Dinner""}"
"Casa Fresco, HSR: All-Day Dining & Café",080 4992 7445,"73, 27th Main Rd, Phase 3, 1st Sector, HSR Layout, Bengaluru, Karnataka 560102",12.9207539,77.650514,Restaurant,http://www.casafresco.in/,ChdDSUhNMG9nS0VJQ0FnSUNYdHVqODV3RRAB,"Casa Fresco, HSR: All",Subash Kp,110345065909863063823,True,5,"Incredible place for English food. Boba drinks were a pleasant surprise, if you want to hang out with friends and Boba teas.",0,a year ago,"{""dining_mode"": ""Dine in"", ""meal_type"": ""Lunch"", ""price_per_person"": ""₹600–800"", ""food"": 5, ""service_rating"": 5, ""atmosphere"": 4}"
"Casa Fresco, HSR: All-Day Dining & Café",080 4992 7445,"73, 27th Main Rd, Phase 3, 1st Sector, HSR Layout, Bengaluru, Karnataka 560102",12.9207539,77.650514,Restaurant,http://www.casafresco.in/,ChdDSUhNMG9nS0VJQ0FnSUNYMnNlQnFBRRAB,"Casa Fresco, HSR: All",Mukesh Desai,113992467150870363870,False,5,,0,a year ago,"{""dining_mode"": ""Dine in"", ""price_per_person"": ""₹400–600"", ""food"": 5, ""service_rating"": 5, ""atmosphere"": 5, ""recommended_dishes"": ""Hazelnut Cold Coffee, Mediterranean Pink Pasta"", ""vegetarian_recommendation"": ""Highly recommend"", ""vegetarian_offerings"": ""Clearly labeled vegetarian dishes""}"
"Casa Fresco, HSR: All-Day Dining & Café",080 4992 7445,"73, 27th Main Rd, Phase 3, 1st Sector, HSR Layout, Bengaluru, Karnataka 560102",12.9207539,77.650514,Restaurant,http://www.casafresco.in/,ChZDSUhNMG9nS0VJQ0FnSUNYb3BlTVp3EAE,"Casa Fresco, HSR: All",Aman Kumar,106720756400551432813,True,5,,0,a year ago,"{""dining_mode"": ""Dine in"", ""meal_type"": ""Lunch"", ""price_per_person"": ""₹600–800"", ""food"": 5, ""service_rating"": 5, ""atmosphere"": 5, ""recommended_dishes"": ""Fries""}"
"Casa Fresco, HSR: All-Day Dining & Café",080 4992 7445,"73, 27th Main Rd, Phase 3, 1st Sector, HSR Layout, Bengaluru, Karnataka 560102",12.9207539,77.650514,Restaurant,http://www.casafresco.in/,ChdDSUhNMG9nS0VJQ0FnSUNYZ3ItNzB3RRAB,"Casa Fresco, HSR: All",Pallav Sharan,104607813120458134228,True,5,One of best sizzler in Hsr. Also the ambience is nice and silent. Good place to hangout.,0,a year ago,"{""dining_mode"": ""Dine in"", ""meal_type"": ""Dinner"", ""food"": 5, ""service_rating"": 4, ""atmosphere"": 5}"
"Casa Fresco, HSR: All-Day Dining & Café",080 4992 7445,"73, 27th Main Rd, Phase 3, 1st Sector, HSR Layout, Bengaluru, Karnataka 560102",12.9207539,77.650514,Restaurant,http://www.casafresco.in/,ChdDSUhNMG9nS0VJQ0FnSUNYbEtMQjl3RRAB,"Casa Fresco, HSR: All",Ashish Achary,115582533665399253213,True,4,,0,a year ago,"{""dining_mode"": ""Dine in"", ""meal_type"": ""Dinner"", ""price_per_person"": ""₹1,600–1,800"", ""food"": 4, ""service_rating"": 4, ""atmosphere"": 4}"
"Casa Fresco, HSR: All-Day Dining & Café",080 4992 7445,"73, 27th Main Rd, Phase 3, 1st Sector, HSR Layout, Bengaluru, Karnataka 560102",12.9207539,77.650514,Restaurant,http://www.casafresco.in/,ChZDSUhNMG9nS0VJQ0FnSUNYeE51bFlREAE,"Casa Fresco, HSR: All",Nilin Ann,112433143140736256801,True,3,"Really nice ambience. Feels like a good peaceful all day breakfast restaurant. The food is all right for the price, we reqlly liked their hot chocolate it was very rich and tasty. Overall a good place for brunch vibes.",0,a year ago,"{""dining_mode"": ""Dine in"", ""meal_type"": ""Dinner"", ""price_per_person"": ""₹200–400"", ""food"": 3, ""service_rating"": 3, ""atmosphere"": 4}"
"Casa Fresco, HSR: All-Day Dining & Café",080 4992 7445,"73, 27th Main Rd, Phase 3, 1st Sector, HSR Layout, Bengaluru, Karnataka 560102",12.9207539,77.650514,Restaurant,http://www.casafresco.in/,ChZDSUhNMG9nS0VJQ0FnSUNYLUtPOVR3EAE,"Casa Fresco, HSR: All",Rituparna Sarma,117410501311636816525,True,4,,0,a year ago,"{""dining_mode"": ""Dine in"", ""meal_type"": ""Breakfast"", ""price_per_person"": ""₹400–600"", ""food"": 4, ""service_rating"": 4, ""atmosphere"": 4, ""recommended_dishes"": ""Hash Browns""}"
"Casa Fresco, HSR: All-Day Dining & Café",080 4992 7445,"73, 27th Main Rd, Phase 3, 1st Sector, HSR Layout, Bengaluru, Karnataka 560102",12.9207539,77.650514,Restaurant,http://www.casafresco.in/,ChZDSUhNMG9nS0VJQ0FnSUNYa0picktREAE,"Casa Fresco, HSR: All",Suchit Priyadarshi,103687766233255945038,True,4,"Visited here during afternoon for lunch with a friend. The day was pretty warm and when we reached seats were not available (which was acceptable as it was a holiday), but there was no proper area for waiting either we had to wait in the sun or stand very close to others who were waiting. Coming to the food we ordered a chicken starter with pasta and two drinks (banana shake and cold coffee), all the items were great. Although I felt there service was a bit slow. Vibe of the place is pretty good.",0,a year ago,"{""dining_mode"": ""Dine in"", ""meal_type"": ""Lunch"", ""price_per_person"": ""₹400–600"", ""food"": 4, ""service_rating"": 3, ""atmosphere"": 4}"
"Casa Fresco, HSR: All-Day Dining & Café",080 4992 7445,"73, 27th Main Rd, Phase 3, 1st Sector, HSR Layout, Bengaluru, Karnataka 560102",12.9207539,77.650514,Restaurant,http://www.casafresco.in/,ChdDSUhNMG9nS0VJQ0FnSURuNzhxdHpRRRAB,"Casa Fresco, HSR: All",Jayesh Bhat,107040814867976948984,True,5,,0,a year ago,"{""dining_mode"": ""Dine in"", ""meal_type"": ""Brunch"", ""food"": 5, ""service_rating"": 5, ""atmosphere"": 5}"
"Casa Fresco, HSR: All-Day Dining & Café",080 4992 7445,"73, 27th Main Rd, Phase 3, 1st Sector, HSR Layout, Bengaluru, Karnataka 560102",12.9207539,77.650514,Restaurant,http://www.casafresco.in/,ChdDSUhNMG9nS0VJQ0FnSURuMV9MSzVRRRAB,"Casa Fresco, HSR: All",Thomas Thomas,112694555881487470543,False,5,"Casa fresco serves fresh pizzas, and refreshing bubble teas. The cozy vibe, wide menu, and unique ambience make it a great spot for brunches! The prices are reasonable too!",0,a year ago,"{""food"": 5, ""service_rating"": 5, ""atmosphere"": 5}"
"Casa Fresco, HSR: All-Day Dining & Café",080 4992 7445,"73, 27th Main Rd, Phase 3, 1st Sector, HSR Layout, Bengaluru, Karnataka 560102",12.9207539,77.650514,Restaurant,http://www.casafresco.in/,ChdDSUhNMG9nS0VJQ0FnSURueDd2dXVRRRAB,"Casa Fresco, HSR: All",aditi ambastha,117311603591310647515,False,2,,0,a year ago,"{""food"": 2, ""service_rating"": 3, ""atmosphere"": 1}"
"Casa Fresco, HSR: All-Day Dining & Café",080 4992 7445,"73, 27th Main Rd, Phase 3, 1st Sector, HSR Layout, Bengaluru, Karnataka 560102",12.9207539,77.650514,Restaurant,http://www.casafresco.in/,ChdDSUhNMG9nS0VJQ0FnSURudTc3MnVRRRAB,"Casa Fresco, HSR: All",Rana Sarkar,113003953515268062961,False,5,"Cesa fresco serves a delightful mix of dishes including burgers,pasta,coffee.The cozy atmosphere,friendly service,and flavorful dishes make it a great spot for casual dining",0,a year ago,"{""dining_mode"": ""Dine in"", ""meal_type"": ""Breakfast"", ""price_per_person"": ""₹600–800"", ""food"": 5, ""service_rating"": 5, ""atmosphere"": 5, ""recommended_dishes"": ""Hazelnut Cold Coffee"", ""parking_space"": ""Plenty of parking"", ""parking_options"": ""Free street parking"", ""parking_notes"": ""Parking are avaiable here""}"
"Casa Fresco, HSR: All-Day Dining & Café",080 4992 7445,"73, 27th Main Rd, Phase 3, 1st Sector, HSR Layout, Bengaluru, Karnataka 560102",12.9207539,77.650514,Restaurant,http://www.casafresco.in/,ChdDSUhNMG9nS0VJQ0FnSURKdW9mTS1BRRAB,"Casa Fresco, HSR: All",Bhargavi A,103829478757288602041,True,5,,0,Edited a year ago,"{""food"": 5, ""service_rating"": 4, ""atmosphere"": 4}"
"Casa Fresco, HSR: All-Day Dining & Café",080 4992 7445,"73, 27th Main Rd, Phase 3, 1st Sector, HSR Layout, Bengaluru, Karnataka 560102",12.9207539,77.650514,Restaurant,http://www.casafresco.in/,ChZDSUhNMG9nS0VJQ0FnSURuemNxYVRnEAE,"Casa Fresco, HSR: All",Racheal Khongsai,116607024464709403581,False,5,Service 10/ 10 Food 9/ 10 Ambience 10/10 Recommended place 🥰👍,0,a year ago,"{""food"": 5, ""service_rating"": 5, ""atmosphere"": 5}"
"Casa Fresco, HSR: All-Day Dining & Café",080 4992 7445,"73, 27th Main Rd, Phase 3, 1st Sector, HSR Layout, Bengaluru, Karnataka 560102",12.9207539,77.650514,Restaurant,http://www.casafresco.in/,ChZDSUhNMG9nS0VJQ0FnSURuamJ5SEt3EAE,"Casa Fresco, HSR: All",Vivekanandan Ravindran (Vivek),104959412601080847872,True,5,,0,a year ago,"{""dining_mode"": ""Dine in"", ""meal_type"": ""Brunch"", ""price_per_person"": ""₹800–1,000"", ""food"": 5, ""service_rating"": 5, ""atmosphere"": 5}"
"Casa Fresco, HSR: All-Day Dining & Café",080 4992 7445,"73, 27th Main Rd, Phase 3, 1st Sector, HSR Layout, Bengaluru, Karnataka 560102",12.9207539,77.650514,Restaurant,http://www.casafresco.in/,ChdDSUhNMG9nS0VJQ0FnSURuOWJXRGhnRRAB,"Casa Fresco, HSR: All",gaurav tolani,115485146020561319541,True,4,,0,a year ago,"{""food"": 5, ""service_rating"": 3, ""atmosphere"": 4}"
"Casa Fresco, HSR: All-Day Dining & Café",080 4992 7445,"73, 27th Main Rd, Phase 3, 1st Sector, HSR Layout, Bengaluru, Karnataka 560102",12.9207539,77.650514,Restaurant,http://www.casafresco.in/,ChZDSUhNMG9nS0VJQ0FnSURudFpya01BEAE,"Casa Fresco, HSR: All",Kushal Kothari,104404816333128620358,True,4,,0,a year ago,
"Casa Fresco, HSR: All-Day Dining & Café",080 4992 7445,"73, 27th Main Rd, Phase 3, 1st Sector, HSR Layout, Bengaluru, Karnataka 560102",12.9207539,77.650514,Restaurant,http://www.casafresco.in/,ChdDSUhNMG9nS0VJQ0FnSURuaVpUbnN3RRAB,"Casa Fresco, HSR: All",Nikhil Agrawal,103899808966659128168,True,3,,0,a year ago,"{""dining_mode"": ""Dine in"", ""meal_type"": ""Brunch"", ""price_per_person"": ""₹400–600"", ""food"": 3, ""service_rating"": 2, ""atmosphere"": 3}"
"Casa Fresco, HSR: All-Day Dining & Café",080 4992 7445,"73, 27th Main Rd, Phase 3, 1st Sector, HSR Layout, Bengaluru, Karnataka 560102",12.9207539,77.650514,Restaurant,http://www.casafresco.in/,ChZDSUhNMG9nS0VJQ0FnSURuOGVLdFd3EAE,"Casa Fresco, HSR: All",Roshni Jaiswal,100917528786086927583,True,5,One of the best finds in Bangalore! Believe me I am a big time foodie and love trying different cafes but this is the best till date.  Cost wise and taste wise!,0,a year ago,"{""dining_mode"": ""Dine in"", ""meal_type"": ""Dinner"", ""price_per_person"": ""₹2,000+"", ""food"": 5, ""service_rating"": 5, ""atmosphere"": 5, ""vegetarian_recommendation"": ""Highly recommend"", ""vegetarian_offerings"": ""Large vegetarian selection""}"
"Casa Fresco, HSR: All-Day Dining & Café",080 4992 7445,"73, 27th Main Rd, Phase 3, 1st Sector, HSR Layout, Bengaluru, Karnataka 560102",12.9207539,77.650514,Restaurant,http://www.casafresco.in/,ChZDSUhNMG9nS0VJQ0FnSURuX282OWFnEAE,"Casa Fresco, HSR: All",Rajesh Joseph,110143839775747812046,True,3,"Food is okay and It's a pet friendly place. These are the only plus points. we took our dog too for lunch. Service is EXTREMELY slow. They don't look at any customers. You have to get up, walk up to them to get their attention! No point in calling or waving your hands.  We ordered a furry bowl for our dog (rice and boiled chicken bowl of rs. 200). They served it piping hot! No common sense on how to serve food for dogs. We requested them to make it cold and serve, and they took it back to the kitchen. We had to remind them 4 times to get it after 20 mins.  Every staff behaved in the same way (I am not sure if they are paid well?) and dont pay any attention to customers.  If you have plenty of time and patience this place will be ok.",0,a year ago,"{""dining_mode"": ""Dine in"", ""meal_type"": ""Lunch"", ""price_per_person"": ""₹400–600"", ""food"": 3, ""service_rating"": 1, ""atmosphere"": 3}"
"Casa Fresco, HSR: All-Day Dining & Café",080 4992 7445,"73, 27th Main Rd, Phase 3, 1st Sector, HSR Layout, Bengaluru, Karnataka 560102",12.9207539,77.650514,Restaurant,http://www.casafresco.in/,ChZDSUhNMG9nS0VJQ0FnSURuM3A3OUVnEAE,"Casa Fresco, HSR: All",Balaji V,104274413287530152262,True,2,"Had a cheese burger and Taro bubble tea. No flavour or taste in both. Burger bun was too thick and smelled of meat though it was a veggie burger, guess they grill it all in one grill. Boba in bubble tea wasn't chewy at all and felt like a ball made of another ingredient. Pretty overpriced for the food. It was very crowded but not sure why.",0,a year ago,"{""dining_mode"": ""Dine in"", ""meal_type"": ""Lunch"", ""price_per_person"": ""₹400–600"", ""food"": 2, ""service_rating"": 4, ""atmosphere"": 4}"
"Casa Fresco, HSR: All-Day Dining & Café",080 4992 7445,"73, 27th Main Rd, Phase 3, 1st Sector, HSR Layout, Bengaluru, Karnataka 560102",12.9207539,77.650514,Restaurant,http://www.casafresco.in/,ChZDSUhNMG9nS0VJQ0FnSURuMXRqS0h3EAE,"Casa Fresco, HSR: All",Midhun Krishnakumar,109480433341715459728,True,5,,0,a year ago,
"Casa Fresco, HSR: All-Day Dining & Café",080 4992 7445,"73, 27th Main Rd, Phase 3, 1st Sector, HSR Layout, Bengaluru, Karnataka 560102",12.9207539,77.650514,Restaurant,http://www.casafresco.in/,ChZDSUhNMG9nS0VJQ0FnSURucHZhU0hnEAE,"Casa Fresco, HSR: All",Soumya Sharma,116518057095623221161,False,1,The food is so bad and the boba is one of the worst things I’ve ever had,0,a year ago,
"Casa Fresco, HSR: All-Day Dining & Café",080 4992 7445,"73, 27th Main Rd, Phase 3, 1st Sector, HSR Layout, Bengaluru, Karnataka 560102",12.9207539,77.650514,Restaurant,http://www.casafresco.in/,ChZDSUhNMG9nS0VJQ0FnSURua3NpMWZ3EAE,"Casa Fresco, HSR: All",A Sunil,108583985722940251230,True,3,"The ambience is very good. The food cost is also reasonable. But the food taste is quite average. Specially the pizza. The dough was a little too soar for my liking. And lemon too was also a little bitter than usual. The service was ok. The staff was polite and attentive. Does not has a lot of parking space but  a couple of cars can park outside. Overall a good experience, I think if the taste can be improved it can easily get the 5 star. Thanks",0,a year ago,
"Casa Fresco, HSR: All-Day Dining & Café",080 4992 7445,"73, 27th Main Rd, Phase 3, 1st Sector, HSR Layout, Bengaluru, Karnataka 560102",12.9207539,77.650514,Restaurant,http://www.casafresco.in/,ChdDSUhNMG9nS0VJQ0FnSURuLU95UHNBRRAB,"Casa Fresco, HSR: All",Parth Mandhani,101932461200133833257,False,5,,0,a year ago,"{""food"": 5, ""service_rating"": 4, ""atmosphere"": 5}"
"Casa Fresco, HSR: All-Day Dining & Café",080 4992 7445,"73, 27th Main Rd, Phase 3, 1st Sector, HSR Layout, Bengaluru, Karnataka 560102",12.9207539,77.650514,Restaurant,http://www.casafresco.in/,ChZDSUhNMG9nS0VJQ0FnSURucUwyWkZREAE,"Casa Fresco, HSR: All",sushree swayangprava padhi,102551949639917456952,True,4,It was good and amazing.,0,a year ago,"{""dining_mode"": ""Dine in"", ""meal_type"": ""Brunch"", ""price_per_person"": ""₹800–1,000"", ""food"": 3, ""service_rating"": 4, ""atmosphere"": 5}"
"Casa Fresco, HSR: All-Day Dining & Café",080 4992 7445,"73, 27th Main Rd, Phase 3, 1st Sector, HSR Layout, Bengaluru, Karnataka 560102",12.9207539,77.650514,Restaurant,http://www.casafresco.in/,ChdDSUhNMG9nS0VJQ0FnSURuMFBqdDZBRRAB,"Casa Fresco, HSR: All",Shubham Kothari,114722103464608411560,False,2,"Food was okayish, and wait time was too high.",0,a year ago,"{""dining_mode"": ""Dine in"", ""meal_type"": ""Breakfast"", ""price_per_person"": ""₹600–800"", ""food"": 2, ""service_rating"": 2, ""atmosphere"": 5}"
"Casa Fresco, HSR: All-Day Dining & Café",080 4992 7445,"73, 27th Main Rd, Phase 3, 1st Sector, HSR Layout, Bengaluru, Karnataka 560102",12.9207539,77.650514,Restaurant,http://www.casafresco.in/,ChZDSUhNMG9nS0VJQ0FnSURuNE9XYlJnEAE,"Casa Fresco, HSR: All",Raghava Y,115506673214389266130,False,4,,0,a year ago,"{""food"": 4, ""service_rating"": 4, ""atmosphere"": 4}"
"Casa Fresco, HSR: All-Day Dining & Café",080 4992 7445,"73, 27th Main Rd, Phase 3, 1st Sector, HSR Layout, Bengaluru, Karnataka 560102",12.9207539,77.650514,Restaurant,http://www.casafresco.in/,ChdDSUhNMG9nS0VJQ0FnSUNuXzhLajhBRRAB,"Casa Fresco, HSR: All",Jack,107315469068120527511,True,5,,0,a year ago,"{""food"": 5, ""service_rating"": 5, ""atmosphere"": 5}"
"Casa Fresco, HSR: All-Day Dining & Café",080 4992 7445,"73, 27th Main Rd, Phase 3, 1st Sector, HSR Layout, Bengaluru, Karnataka 560102",12.9207539,77.650514,Restaurant,http://www.casafresco.in/,ChZDSUhNMG9nS0VJQ0FnSUNudjRUeUVnEAE,"Casa Fresco, HSR: All",Akshat Khare,113609823492409747241,True,5,Love boba frappe. Best thing is they are pet friendly,0,a year ago,"{""food"": 5, ""service_rating"": 5, ""atmosphere"": 5}"
"Casa Fresco, HSR: All-Day Dining & Café",080 4992 7445,"73, 27th Main Rd, Phase 3, 1st Sector, HSR Layout, Bengaluru, Karnataka 560102",12.9207539,77.650514,Restaurant,http://www.casafresco.in/,ChdDSUhNMG9nS0VJQ0FnSUNucDhISjJRRRAB,"Casa Fresco, HSR: All",Richa Sharma,102277713575530695031,True,3,,0,a year ago,
"Casa Fresco, HSR: All-Day Dining & Café",080 4992 7445,"73, 27th Main Rd, Phase 3, 1st Sector, HSR Layout, Bengaluru, Karnataka 560102",12.9207539,77.650514,Restaurant,http://www.casafresco.in/,ChZDSUhNMG9nS0VJQ0FnSUNuODQzMlBREAE,"Casa Fresco, HSR: All",shubh randhawa,108624138051064048115,False,5,,0,a year ago,"{""dining_mode"": ""Dine in"", ""meal_type"": ""Dinner"", ""food"": 5, ""service_rating"": 5, ""atmosphere"": 5}"
"Casa Fresco, HSR: All-Day Dining & Café",080 4992 7445,"73, 27th Main Rd, Phase 3, 1st Sector, HSR Layout, Bengaluru, Karnataka 560102",12.9207539,77.650514,Restaurant,http://www.casafresco.in/,ChZDSUhNMG9nS0VJQ0FnSUNubzlqckF3EAE,"Casa Fresco, HSR: All",Tejaswini,100241461493273915996,True,4,,0,a year ago,"{""price_per_person"": ""₹1–200"", ""food"": 4, ""service_rating"": 5, ""atmosphere"": 5, ""recommended_dishes"": ""Hash Browns""}"
"Casa Fresco, HSR: All-Day Dining & Café",080 4992 7445,"73, 27th Main Rd, Phase 3, 1st Sector, HSR Layout, Bengaluru, Karnataka 560102",12.9207539,77.650514,Restaurant,http://www.casafresco.in/,ChZDSUhNMG9nS0VJQ0FnSUNuN2VEalNnEAE,"Casa Fresco, HSR: All",Mahesh Mohandasan,102229438606387229567,True,4,Great atmosphere. Nicely setup but a little congested. Good food. Good service from staff. Moderately high pricing. No parking. Might be a bit difficult to find a proper street parking.,0,a year ago,"{""dining_mode"": ""Dine in"", ""meal_type"": ""Dinner"", ""price_per_person"": ""₹600–800"", ""food"": 4, ""service_rating"": 4, ""atmosphere"": 4, ""recommended_dishes"": ""Fries"", ""parking_space"": ""Difficult to find parking"", ""parking_options"": ""Free street parking, Parking is unavailable"", ""parking_notes"": ""No dedicated parking. Need to find Street parking.""}"
"Casa Fresco, HSR: All-Day Dining & Café",080 4992 7445,"73, 27th Main Rd, Phase 3, 1st Sector, HSR Layout, Bengaluru, Karnataka 560102",12.9207539,77.650514,Restaurant,http://www.casafresco.in/,ChdDSUhNMG9nS0VJQ0FnSUNuemFyZmpRRRAB,"Casa Fresco, HSR: All",Jyotika Rajpal,117014384017147861120,False,5,The food and ambience here is superb. It’s light on pocket yet no compromise with quality of food. I have been here few times. Their breakfast spread also looks amazing. Slow service on weekends and busy hours.,0,a year ago,"{""dining_mode"": ""Dine in"", ""meal_type"": ""Other"", ""price_per_person"": ""₹200–400"", ""food"": 5, ""service_rating"": 3, ""atmosphere"": 5}"
"Casa Fresco, HSR: All-Day Dining & Café",080 4992 7445,"73, 27th Main Rd, Phase 3, 1st Sector, HSR Layout, Bengaluru, Karnataka 560102",12.9207539,77.650514,Restaurant,http://www.casafresco.in/,ChdDSUhNMG9nS0VJQ0FnSUNuellycThRRRAB,"Casa Fresco, HSR: All",Tushar Salian,115620623030731735801,True,5,"A really good cafe tucked in the bylanes of HSR with ample food options, light music and a great place to chill & chat with friends.  We tried the American Cheese Burger, Lorenzo's Cradle pasta, Zesty Chicken Bytes which were all delicious and for drinks we tried the Strawberry Popping Boba & Kala Khatta Mojito which were thirst-quenching. Will surely recommend people to try out this cafe...",0,a year ago,"{""dining_mode"": ""Dine in"", ""price_per_person"": ""₹1,200–1,400"", ""food"": 5, ""service_rating"": 5, ""atmosphere"": 5}"
"Casa Fresco, HSR: All-Day Dining & Café",080 4992 7445,"73, 27th Main Rd, Phase 3, 1st Sector, HSR Layout, Bengaluru, Karnataka 560102",12.9207539,77.650514,Restaurant,http://www.casafresco.in/,ChdDSUhNMG9nS0VJQ0FnSUNuMVlIZ2dBRRAB,"Casa Fresco, HSR: All",Tejaswee Tej,107757098165434521796,True,2,"It was very unhygienic, from the chairs having hair on them, to a waiter chewing pan or gutka the whole time, even while serving food. Food was very average.",0,a year ago,"{""dining_mode"": ""Dine in"", ""food"": 2, ""service_rating"": 2, ""atmosphere"": 4}"
"Casa Fresco, HSR: All-Day Dining & Café",080 4992 7445,"73, 27th Main Rd, Phase 3, 1st Sector, HSR Layout, Bengaluru, Karnataka 560102",12.9207539,77.650514,Restaurant,http://www.casafresco.in/,ChdDSUhNMG9nS0VJQ0FnSUNuMWZEYzZBRRAB,"Casa Fresco, HSR: All",Abhinav Yellanki,115643952493138571651,True,4,"Had lemon tea and Himalayan chow mein, both are good.",0,a year ago,"{""dining_mode"": ""Dine in"", ""food"": 4, ""service_rating"": 4, ""atmosphere"": 5}"
"Casa Fresco, HSR: All-Day Dining & Café",080 4992 7445,"73, 27th Main Rd, Phase 3, 1st Sector, HSR Layout, Bengaluru, Karnataka 560102",12.9207539,77.650514,Restaurant,http://www.casafresco.in/,ChdDSUhNMG9nS0VJQ0FnSUNudWRlSXZnRRAB,"Casa Fresco, HSR: All",Chandni Ahuja,114301326687249264452,True,4,"The ambience of this cafe is a bliss. Very close to my place so I really enjoy coming here to chill and sip on some coffee and gossip with my friends.  The place is pretty cool and spacious. Gives a very fresh vibe for you to sit and work for a few hours.  Taste is good, and the quantity is actually worth the money you pay.  Overall, a pretty decent place to hangout with your friends, family, or even solo.",0,a year ago,"{""dining_mode"": ""Dine in"", ""meal_type"": ""Brunch"", ""food"": 5, ""service_rating"": 4, ""atmosphere"": 4, ""recommended_dishes"": ""Hazelnut Cold Coffee""}"
"Casa Fresco, HSR: All-Day Dining & Café",080 4992 7445,"73, 27th Main Rd, Phase 3, 1st Sector, HSR Layout, Bengaluru, Karnataka 560102",12.9207539,77.650514,Restaurant,http://www.casafresco.in/,ChdDSUhNMG9nS0VJQ0FnSUNuMXRUT3BnRRAB,"Casa Fresco, HSR: All",M k Entertainment,102233442611917452107,False,4,,0,a year ago,"{""dining_mode"": ""Take out"", ""meal_type"": ""Dinner"", ""price_per_person"": ""₹1–200"", ""food"": 5, ""service_rating"": 5, ""atmosphere"": 3}"
"Casa Fresco, HSR: All-Day Dining & Café",080 4992 7445,"73, 27th Main Rd, Phase 3, 1st Sector, HSR Layout, Bengaluru, Karnataka 560102",12.9207539,77.650514,Restaurant,http://www.casafresco.in/,ChZDSUhNMG9nS0VJQ0FnSUNucHVudEF3EAE,"Casa Fresco, HSR: All",abhishek anand,109326581818523684555,False,3,,0,a year ago,"{""dining_mode"": ""Dine in"", ""meal_type"": ""Brunch"", ""price_per_person"": ""₹1,400–1,600"", ""food"": 3, ""service_rating"": 4, ""atmosphere"": 4}"
"Casa Fresco, HSR: All-Day Dining & Café",080 4992 7445,"73, 27th Main Rd, Phase 3, 1st Sector, HSR Layout, Bengaluru, Karnataka 560102",12.9207539,77.650514,Restaurant,http://www.casafresco.in/,ChdDSUhNMG9nS0VJQ0FnSUNueXRQQ21RRRAB,"Casa Fresco, HSR: All",Mahalakshmi danaraddi,109352581626140964205,True,5,,0,a year ago,"{""dining_mode"": ""Dine in"", ""meal_type"": ""Other"", ""price_per_person"": ""₹1,200–1,400"", ""recommended_dishes"": ""Fries""}"
"Casa Fresco, HSR: All-Day Dining & Café",080 4992 7445,"73, 27th Main Rd, Phase 3, 1st Sector, HSR Layout, Bengaluru, Karnataka 560102",12.9207539,77.650514,Restaurant,http://www.casafresco.in/,ChZDSUhNMG9nS0VJQ0FnSUNuc3RlSFVnEAE,"Casa Fresco, HSR: All",Aarav,110344600302000206091,False,5,good food,0,a year ago,"{""food"": 5, ""service_rating"": 5, ""atmosphere"": 5}"
"Casa Fresco, HSR: All-Day Dining & Café",080 4992 7445,"73, 27th Main Rd, Phase 3, 1st Sector, HSR Layout, Bengaluru, Karnataka 560102",12.9207539,77.650514,Restaurant,http://www.casafresco.in/,ChZDSUhNMG9nS0VJQ0FnSUNua3NPaEd3EAE,"Casa Fresco, HSR: All",Puneeth Shekhar,113330463463806641893,True,3,,0,a year ago,"{""dining_mode"": ""Dine in"", ""meal_type"": ""Dinner"", ""price_per_person"": ""₹400–600"", ""food"": 3, ""service_rating"": 2, ""atmosphere"": 3, ""recommended_dishes"": ""Fries""}"
"Casa Fresco, HSR: All-Day Dining & Café",080 4992 7445,"73, 27th Main Rd, Phase 3, 1st Sector, HSR Layout, Bengaluru, Karnataka 560102",12.9207539,77.650514,Restaurant,http://www.casafresco.in/,ChdDSUhNMG9nS0VJQ0FnSUNubk9TRDV3RRAB,"Casa Fresco, HSR: All",Sampita Rakshit,104077961752744561783,True,4,The blueberry and strawberry bubble shakes are a must try,0,a year ago,"{""price_per_person"": ""₹600–800"", ""food"": 3, ""service_rating"": 3, ""atmosphere"": 4}"
"Casa Fresco, HSR: All-Day Dining & Café",080 4992 7445,"73, 27th Main Rd, Phase 3, 1st Sector, HSR Layout, Bengaluru, Karnataka 560102",12.9207539,77.650514,Restaurant,http://www.casafresco.in/,ChZDSUhNMG9nS0VJQ0FnSUNuN0tQb0xBEAE,"Casa Fresco, HSR: All",Vishal Bhaskar,110121082421401387320,True,5,,0,a year ago,"{""dining_mode"": ""Dine in"", ""meal_type"": ""Breakfast"", ""price_per_person"": ""₹400–600"", ""food"": 5, ""service_rating"": 4, ""atmosphere"": 5}"
"Casa Fresco, HSR: All-Day Dining & Café",080 4992 7445,"73, 27th Main Rd, Phase 3, 1st Sector, HSR Layout, Bengaluru, Karnataka 560102",12.9207539,77.650514,Restaurant,http://www.casafresco.in/,ChdDSUhNMG9nS0VJQ0FnSUNudEpiY3RBRRAB,"Casa Fresco, HSR: All",Mahima Shanbag,117436961094888432850,True,4,Food was amazing,0,a year ago,"{""dining_mode"": ""Dine in"", ""meal_type"": ""Breakfast"", ""price_per_person"": ""₹1,200–1,400"", ""food"": 5, ""service_rating"": 4, ""atmosphere"": 4, ""recommended_dishes"": ""Hash Browns""}"
"Casa Fresco, HSR: All-Day Dining & Café",080 4992 7445,"73, 27th Main Rd, Phase 3, 1st Sector, HSR Layout, Bengaluru, Karnataka 560102",12.9207539,77.650514,Restaurant,http://www.casafresco.in/,ChdDSUhNMG9nS0VJQ0FnSUNudUxPNXFnRRAB,"Casa Fresco, HSR: All",Shaurya Agarwal,104693319517182359372,False,5,Amazing food...good ambience.. Japanese Bubble Tea & Brownie could have been better... Some more flavours could be added to chilli cheese toast as it was quite plain... Mediterranean Pink Sauce Pasta & Jamie's Pizza is a must try here...,0,a year ago,"{""dining_mode"": ""Dine in"", ""meal_type"": ""Dinner"", ""price_per_person"": ""₹600–800"", ""food"": 5, ""service_rating"": 5, ""atmosphere"": 4, ""recommended_dishes"": ""Mediterranean Pink Pasta"", ""vegetarian_recommendation"": ""Highly recommend"", ""vegetarian_offerings"": ""Menu is all vegetarian""}"
"Casa Fresco, HSR: All-Day Dining & Café",080 4992 7445,"73, 27th Main Rd, Phase 3, 1st Sector, HSR Layout, Bengaluru, Karnataka 560102",12.9207539,77.650514,Restaurant,http://www.casafresco.in/,ChZDSUhNMG9nS0VJQ0FnSUNucVBPbFNBEAE,"Casa Fresco, HSR: All",Gunjan Iyer,117958378393093379551,True,5,Cool place for some good food in HSR. Parking is not impossible and chilled vibes,0,a year ago,"{""dining_mode"": ""Dine in"", ""meal_type"": ""Lunch"", ""price_per_person"": ""₹600–800"", ""food"": 5, ""service_rating"": 5, ""atmosphere"": 4, ""vegetarian_recommendation"": ""Highly recommend"", ""vegetarian_offerings"": ""Large vegetarian selection""}"
"Casa Fresco, HSR: All-Day Dining & Café",080 4992 7445,"73, 27th Main Rd, Phase 3, 1st Sector, HSR Layout, Bengaluru, Karnataka 560102",12.9207539,77.650514,Restaurant,http://www.casafresco.in/,ChZDSUhNMG9nS0VJQ0FnSURIb19LTUNREAE,"Casa Fresco, HSR: All",Prafulla Mahakud,100629830763088757906,False,5,Good vibe.,0,a year ago,"{""dining_mode"": ""Delivery"", ""meal_type"": ""Other"", ""price_per_person"": ""₹400–600"", ""food"": 4, ""service_rating"": 5, ""atmosphere"": 5}"
"Casa Fresco, HSR: All-Day Dining & Café",080 4992 7445,"73, 27th Main Rd, Phase 3, 1st Sector, HSR Layout, Bengaluru, Karnataka 560102",12.9207539,77.650514,Restaurant,http://www.casafresco.in/,ChdDSUhNMG9nS0VJQ0FnSURIemNTMmtBRRAB,"Casa Fresco, HSR: All",Rishabh Pal,117568977829169875242,True,5,"Best place to meet, quiet and peaceful environment you can enjoy your evening there",0,a year ago,"{""dining_mode"": ""Dine in"", ""meal_type"": ""Dinner"", ""price_per_person"": ""₹400–600"", ""food"": 4, ""service_rating"": 5, ""atmosphere"": 5}"
"Casa Fresco, HSR: All-Day Dining & Café",080 4992 7445,"73, 27th Main Rd, Phase 3, 1st Sector, HSR Layout, Bengaluru, Karnataka 560102",12.9207539,77.650514,Restaurant,http://www.casafresco.in/,ChdDSUhNMG9nS0VJQ0FnSURIbGN6VHhnRRAB,"Casa Fresco, HSR: All",Aditi Maheshwari,115922985751064191165,True,4,Food was good but service was slow,0,a year ago,"{""meal_type"": ""Brunch"", ""food"": 4, ""service_rating"": 2, ""atmosphere"": 4}"
"Casa Fresco, HSR: All-Day Dining & Café",080 4992 7445,"73, 27th Main Rd, Phase 3, 1st Sector, HSR Layout, Bengaluru, Karnataka 560102",12.9207539,77.650514,Restaurant,http://www.casafresco.in/,ChdDSUhNMG9nS0VJQ0FnSURIcGVlOS1BRRAB,"Casa Fresco, HSR: All",Manjunatha wipro,103816172538299718274,False,5,,0,a year ago,"{""food"": 5, ""service_rating"": 5, ""atmosphere"": 5}"
"Casa Fresco, HSR: All-Day Dining & Café",080 4992 7445,"73, 27th Main Rd, Phase 3, 1st Sector, HSR Layout, Bengaluru, Karnataka 560102",12.9207539,77.650514,Restaurant,http://www.casafresco.in/,ChdDSUhNMG9nS0VJQ0FnSURINmU2Vm53RRAB,"Casa Fresco, HSR: All",Harsh,108669139409031729059,True,5,,0,a year ago,"{""dining_mode"": ""Dine in"", ""meal_type"": ""Lunch""}"
"Casa Fresco, HSR: All-Day Dining & Café",080 4992 7445,"73, 27th Main Rd, Phase 3, 1st Sector, HSR Layout, Bengaluru, Karnataka 560102",12.9207539,77.650514,Restaurant,http://www.casafresco.in/,ChZDSUhNMG9nS0VJQ0FnSURIaVp1LURREAE,"Casa Fresco, HSR: All",HARSHA VARDHAN,104695559890843692964,False,5,,0,a year ago,"{""food"": 5, ""service_rating"": 5, ""atmosphere"": 5}"
"Casa Fresco, HSR: All-Day Dining & Café",080 4992 7445,"73, 27th Main Rd, Phase 3, 1st Sector, HSR Layout, Bengaluru, Karnataka 560102",12.9207539,77.650514,Restaurant,http://www.casafresco.in/,ChZDSUhNMG9nS0VJQ0FnSURId2NtR0dREAE,"Casa Fresco, HSR: All",Dhruv Agarwal,117177642766214605704,True,4,,0,a year ago,"{""dining_mode"": ""Dine in"", ""meal_type"": ""Other"", ""price_per_person"": ""₹400–600"", ""food"": 4, ""service_rating"": 4, ""atmosphere"": 4}"
"Casa Fresco, HSR: All-Day Dining & Café",080 4992 7445,"73, 27th Main Rd, Phase 3, 1st Sector, HSR Layout, Bengaluru, Karnataka 560102",12.9207539,77.650514,Restaurant,http://www.casafresco.in/,ChdDSUhNMG9nS0VJQ0FnSURId2VLRG1RRRAB,"Casa Fresco, HSR: All",SUMIT PATRA,102895385059691798550,False,3,Food was average.,0,a year ago,
"Casa Fresco, HSR: All-Day Dining & Café",080 4992 7445,"73, 27th Main Rd, Phase 3, 1st Sector, HSR Layout, Bengaluru, Karnataka 560102",12.9207539,77.650514,Restaurant,http://www.casafresco.in/,ChZDSUhNMG9nS0VJQ0FnSURIN3MzVmVREAE,"Casa Fresco, HSR: All",Sheela,103958738217493120094,True,5,Love this cozy place. Definitely coming here again,0,a year ago,"{""dining_mode"": ""Dine in"", ""meal_type"": ""Brunch"", ""price_per_person"": ""₹600–800"", ""food"": 5, ""service_rating"": 5, ""atmosphere"": 5, ""recommended_dishes"": ""Hazelnut Cold Coffee"", ""vegetarian_recommendation"": ""Highly recommend"", ""vegetarian_offerings"": ""Large vegetarian selection""}"
"Casa Fresco, HSR: All-Day Dining & Café",080 4992 7445,"73, 27th Main Rd, Phase 3, 1st Sector, HSR Layout, Bengaluru, Karnataka 560102",12.9207539,77.650514,Restaurant,http://www.casafresco.in/,ChZDSUhNMG9nS0VJQ0FnSURINXZIUWZnEAE,"Casa Fresco, HSR: All",Alok Kumar Mishra,115716796610924749584,True,5,,0,a year ago,
"Casa Fresco, HSR: All-Day Dining & Café",080 4992 7445,"73, 27th Main Rd, Phase 3, 1st Sector, HSR Layout, Bengaluru, Karnataka 560102",12.9207539,77.650514,Restaurant,http://www.casafresco.in/,ChZDSUhNMG9nS0VJQ0FnSURIcG9qNU5REAE,"Casa Fresco, HSR: All",Gauri Gunjal,100870524400655120867,True,5,,0,a year ago,"{""dining_mode"": ""Dine in"", ""meal_type"": ""Lunch"", ""price_per_person"": ""₹200–400"", ""food"": 3, ""service_rating"": 4, ""atmosphere"": 5, ""vegetarian_recommendation"": ""Somewhat recommend"", ""parking_space"": ""Plenty of parking"", ""parking_options"": ""Free parking lot""}"
"Casa Fresco, HSR: All-Day Dining & Café",080 4992 7445,"73, 27th Main Rd, Phase 3, 1st Sector, HSR Layout, Bengaluru, Karnataka 560102",12.9207539,77.650514,Restaurant,http://www.casafresco.in/,ChZDSUhNMG9nS0VJQ0FnSURIcU8zYkpREAE,"Casa Fresco, HSR: All",Erum Saeed,113087874835013389649,True,4,"Casa Fresco HSR provides a solid dining experience with a focus on fresh, quality ingredients. The restaurant has a casual, inviting atmosphere that is ideal for a relaxed meal with friends or family. The menu features a range of dishes that are both familiar and well-prepared, though the flavors, while good, don’t always stand out as particularly unique. The quality of the ingredients is evident, but the overall culinary experience might not be memorable for those seeking something distinctive.  Service at Casa Fresco is generally attentive and friendly, though it can be a bit slow during peak hours. The staff is knowledgeable and willing to make recommendations, adding a positive touch to the visit.  While Casa Fresco HSR doesn’t necessarily push culinary boundaries, it excels in providing a dependable and enjoyable meal. It’s a good option if you’re in the neighborhood and want a satisfying dining experience without any major surprises. For those looking for a reliable spot with fresh ingredients and a comfortable setting, Casa Fresco is worth considering, though it might not be the first choice for a special or adventurous dining occasion.",0,a year ago,"{""food"": 4, ""service_rating"": 4, ""atmosphere"": 4}"
"Casa Fresco, HSR: All-Day Dining & Café",080 4992 7445,"73, 27th Main Rd, Phase 3, 1st Sector, HSR Layout, Bengaluru, Karnataka 560102",12.9207539,77.650514,Restaurant,http://www.casafresco.in/,ChZDSUhNMG9nS0VJQ0FnSURIcExDNVFBEAE,"Casa Fresco, HSR: All",Sindhuri Rudraraju,118407271205903385954,True,4,,0,a year ago,"{""dining_mode"": ""Dine in"", ""meal_type"": ""Other"", ""price_per_person"": ""₹400–600""}"
"Casa Fresco, HSR: All-Day Dining & Café",080 4992 7445,"73, 27th Main Rd, Phase 3, 1st Sector, HSR Layout, Bengaluru, Karnataka 560102",12.9207539,77.650514,Restaurant,http://www.casafresco.in/,ChZDSUhNMG9nS0VJQ0FnSURIdUtMekFnEAE,"Casa Fresco, HSR: All",Abhishray Anant,100665953476505043807,True,5,,0,a year ago,"{""dining_mode"": ""Dine in"", ""meal_type"": ""Lunch"", ""price_per_person"": ""₹600–800"", ""food"": 5, ""service_rating"": 5, ""atmosphere"": 5}"
"Casa Fresco, HSR: All-Day Dining & Café",080 4992 7445,"73, 27th Main Rd, Phase 3, 1st Sector, HSR Layout, Bengaluru, Karnataka 560102",12.9207539,77.650514,Restaurant,http://www.casafresco.in/,ChdDSUhNMG9nS0VJQ0FnSURIMk4ySy1BRRAB,"Casa Fresco, HSR: All",Bidyut Telenga,103264278296229042746,True,5,Super,0,a year ago,"{""dining_mode"": ""Delivery"", ""meal_type"": ""Other"", ""price_per_person"": ""₹200–400"", ""food"": 5, ""service_rating"": 5, ""atmosphere"": 5}"
"Casa Fresco, HSR: All-Day Dining & Café",080 4992 7445,"73, 27th Main Rd, Phase 3, 1st Sector, HSR Layout, Bengaluru, Karnataka 560102",12.9207539,77.650514,Restaurant,http://www.casafresco.in/,ChZDSUhNMG9nS0VJQ0FnSURIb0pPRUxREAE,"Casa Fresco, HSR: All",TIRUVUR R MANJUNATH,107914090509616785836,True,4,Very good,0,a year ago,"{""food"": 4, ""service_rating"": 5, ""atmosphere"": 5}"
"Casa Fresco, HSR: All-Day Dining & Café",080 4992 7445,"73, 27th Main Rd, Phase 3, 1st Sector, HSR Layout, Bengaluru, Karnataka 560102",12.9207539,77.650514,Restaurant,http://www.casafresco.in/,ChZDSUhNMG9nS0VJQ0FnSUQ3aC1yRFlnEAE,"Casa Fresco, HSR: All",anjali sahu,112662512604733547509,True,4,"Food is good, quite place you can have chat with friends while you eat food, food is good, overall nice experience",0,Edited a year ago,"{""dining_mode"": ""Dine in"", ""meal_type"": ""Dinner"", ""price_per_person"": ""₹1,000–1,200"", ""food"": 4, ""service_rating"": 4, ""atmosphere"": 5, ""recommended_dishes"": ""Sizzling Brownie""}"
"Casa Fresco, HSR: All-Day Dining & Café",080 4992 7445,"73, 27th Main Rd, Phase 3, 1st Sector, HSR Layout, Bengaluru, Karnataka 560102",12.9207539,77.650514,Restaurant,http://www.casafresco.in/,ChZDSUhNMG9nS0VJQ0FnSUNIMjYtMlZBEAE,"Casa Fresco, HSR: All",Nitya Rajagopal,112252856673379980735,False,5,,0,a year ago,"{""food"": 4, ""service_rating"": 5, ""atmosphere"": 5}"
"Casa Fresco, HSR: All-Day Dining & Café",080 4992 7445,"73, 27th Main Rd, Phase 3, 1st Sector, HSR Layout, Bengaluru, Karnataka 560102",12.9207539,77.650514,Restaurant,http://www.casafresco.in/,ChdDSUhNMG9nS0VJQ0FnSUNIaTdXSzBBRRAB,"Casa Fresco, HSR: All",Vibhor Bhardwaj,116665624086455703519,False,3,,0,a year ago,"{""dining_mode"": ""Dine in"", ""meal_type"": ""Brunch"", ""price_per_person"": ""₹2,000+"", ""food"": 3, ""service_rating"": 3, ""atmosphere"": 4, ""recommended_dishes"": ""Hazelnut Cold Coffee""}"
"Casa Fresco, HSR: All-Day Dining & Café",080 4992 7445,"73, 27th Main Rd, Phase 3, 1st Sector, HSR Layout, Bengaluru, Karnataka 560102",12.9207539,77.650514,Restaurant,http://www.casafresco.in/,ChZDSUhNMG9nS0VJQ0FnSUNIczgtVE5REAE,"Casa Fresco, HSR: All",Himanshi Tanvani Choudhary,115012497600894971796,True,3,Food was average but I am disappointed by the way food was served. No plates unless asked for ...,0,a year ago,
"Casa Fresco, HSR: All-Day Dining & Café",080 4992 7445,"73, 27th Main Rd, Phase 3, 1st Sector, HSR Layout, Bengaluru, Karnataka 560102",12.9207539,77.650514,Restaurant,http://www.casafresco.in/,ChZDSUhNMG9nS0VJQ0FnSUNIby02SFV3EAE,"Casa Fresco, HSR: All",Anshada Kachroo,108508260914933641068,False,5,,0,a year ago,"{""dining_mode"": ""Dine in"", ""meal_type"": ""Lunch"", ""price_per_person"": ""₹600–800"", ""food"": 5, ""service_rating"": 5, ""atmosphere"": 5, ""recommended_dishes"": ""Pasta Bolognese Pasta Alfredo Sauce, Hash Browns, Sizzling Brownie, Hazelnut Cold Coffee, Mediterranean Pink Pasta""}"
"Casa Fresco, HSR: All-Day Dining & Café",080 4992 7445,"73, 27th Main Rd, Phase 3, 1st Sector, HSR Layout, Bengaluru, Karnataka 560102",12.9207539,77.650514,Restaurant,http://www.casafresco.in/,ChZDSUhNMG9nS0VJQ0FnSUNIdWRyX0VREAE,"Casa Fresco, HSR: All",Sweety Raj,102559214730363243932,True,5,,0,a year ago,"{""price_per_person"": ""₹1,400–1,600"", ""food"": 5, ""service_rating"": 5, ""atmosphere"": 4}"
"Casa Fresco, HSR: All-Day Dining & Café",080 4992 7445,"73, 27th Main Rd, Phase 3, 1st Sector, HSR Layout, Bengaluru, Karnataka 560102",12.9207539,77.650514,Restaurant,http://www.casafresco.in/,ChdDSUhNMG9nS0VJQ0FnSUNId1ozRG1RRRAB,"Casa Fresco, HSR: All",shailesh mayya,113934309849980298680,True,5,Great place...nice ambience....went along with my family....my pet had a lovely outing.... Food was great...staff were very courteous....please do visit,0,a year ago,"{""dining_mode"": ""Dine in"", ""meal_type"": ""Dinner"", ""price_per_person"": ""₹1,600–1,800"", ""food"": 5, ""service_rating"": 5, ""atmosphere"": 5}"
"Casa Fresco, HSR: All-Day Dining & Café",080 4992 7445,"73, 27th Main Rd, Phase 3, 1st Sector, HSR Layout, Bengaluru, Karnataka 560102",12.9207539,77.650514,Restaurant,http://www.casafresco.in/,ChZDSUhNMG9nS0VJQ0FnSUNIdnFhMGZBEAE,"Casa Fresco, HSR: All",Pushkar Gupta,109626299743416107678,True,5,When you are here do try their artisanal tea’s it’s great however food takes a lot of time to be served! Service is great but takes a lot of time. Should surely try with your partner!,0,a year ago,"{""dining_mode"": ""Dine in"", ""meal_type"": ""Other"", ""price_per_person"": ""₹800–1,000"", ""food"": 3, ""service_rating"": 3, ""atmosphere"": 5}"
"Casa Fresco, HSR: All-Day Dining & Café",080 4992 7445,"73, 27th Main Rd, Phase 3, 1st Sector, HSR Layout, Bengaluru, Karnataka 560102",12.9207539,77.650514,Restaurant,http://www.casafresco.in/,ChZDSUhNMG9nS0VJQ0FnSUNIN29XcVpBEAE,"Casa Fresco, HSR: All",Rashi Basavatia,104757712018564183457,False,4,It was good.,0,a year ago,"{""dining_mode"": ""Dine in"", ""meal_type"": ""Dinner"", ""price_per_person"": ""₹200–400"", ""vegetarian_recommendation"": ""Highly recommend""}"
"Casa Fresco, HSR: All-Day Dining & Café",080 4992 7445,"73, 27th Main Rd, Phase 3, 1st Sector, HSR Layout, Bengaluru, Karnataka 560102",12.9207539,77.650514,Restaurant,http://www.casafresco.in/,ChZDSUhNMG9nS0VJQ0FnSUNILXJLMkp3EAE,"Casa Fresco, HSR: All",Swati Sinha,104860287729061981379,False,5,We visited the Indiranagar one earlier. They have  a wide menu to choose from. Lovely food and courteous staffs.,0,a year ago,"{""dining_mode"": ""Dine in"", ""price_per_person"": ""₹200–400"", ""food"": 5, ""service_rating"": 5, ""atmosphere"": 5}"
"Casa Fresco, HSR: All-Day Dining & Café",080 4992 7445,"73, 27th Main Rd, Phase 3, 1st Sector, HSR Layout, Bengaluru, Karnataka 560102",12.9207539,77.650514,Restaurant,http://www.casafresco.in/,ChZDSUhNMG9nS0VJQ0FnSUNIbW9ESUhREAE,"Casa Fresco, HSR: All",Samyashikha Sahoo,102545323758815301059,True,5,,0,a year ago,"{""dining_mode"": ""Dine in"", ""meal_type"": ""Dinner"", ""price_per_person"": ""₹200–400"", ""food"": 5, ""service_rating"": 5, ""atmosphere"": 5}"
"Casa Fresco, HSR: All-Day Dining & Café",080 4992 7445,"73, 27th Main Rd, Phase 3, 1st Sector, HSR Layout, Bengaluru, Karnataka 560102",12.9207539,77.650514,Restaurant,http://www.casafresco.in/,ChZDSUhNMG9nS0VJQ0FnSUNIeW9uN1FnEAE,"Casa Fresco, HSR: All",ajay krisshan,115688040663134208416,True,4,"Food was pretty good. We ordered Hash Browns, Alfredo Pasta, American pan cake and watermelon detox mojito. Hash Browns and Alfredo pasta were pretty good. Pan cake was okayish and the mojito was not worth the money. The service was not up to the mark.",0,a year ago,"{""dining_mode"": ""Dine in"", ""meal_type"": ""Dinner"", ""price_per_person"": ""₹200–400"", ""food"": 4, ""service_rating"": 3, ""atmosphere"": 4, ""recommended_dishes"": ""Hash Browns"", ""vegetarian_recommendation"": ""Somewhat recommend"", ""vegetarian_offerings"": ""Large vegetarian selection""}"
"Casa Fresco, HSR: All-Day Dining & Café",080 4992 7445,"73, 27th Main Rd, Phase 3, 1st Sector, HSR Layout, Bengaluru, Karnataka 560102",12.9207539,77.650514,Restaurant,http://www.casafresco.in/,ChdDSUhNMG9nS0VJQ0FnSUNIc3FpWGpRRRAB,"Casa Fresco, HSR: All",Aanchal Maheshwari,114148504233419242715,True,2,"We went here for brunch on a Sunday, the food was not worth it - everything lacked salt in it and tasted bland. I took my baby (3 month+) there, its not stroller friendly and there is loud music as well, would not recommend to go with kids here. Although service was prompt and we found free street car parking in the lane nearby.",0,a year ago,"{""dining_mode"": ""Dine in"", ""meal_type"": ""Brunch"", ""price_per_person"": ""₹400–600"", ""food"": 1, ""service_rating"": 5, ""atmosphere"": 2, ""parking_space"": ""Somewhat difficult to find parking"", ""parking_options"": ""Free street parking""}"
"Casa Fresco, HSR: All-Day Dining & Café",080 4992 7445,"73, 27th Main Rd, Phase 3, 1st Sector, HSR Layout, Bengaluru, Karnataka 560102",12.9207539,77.650514,Restaurant,http://www.casafresco.in/,ChZDSUhNMG9nS0VJQ0FnSUNIMHY2a0p3EAE,"Casa Fresco, HSR: All",RAGHAVENDRA RAAGU,114917114701744633222,True,5,,0,a year ago,"{""food"": 5, ""service_rating"": 5, ""atmosphere"": 5}"
"Casa Fresco, HSR: All-Day Dining & Café",080 4992 7445,"73, 27th Main Rd, Phase 3, 1st Sector, HSR Layout, Bengaluru, Karnataka 560102",12.9207539,77.650514,Restaurant,http://www.casafresco.in/,ChZDSUhNMG9nS0VJQ0FnSUNIck15RVVnEAE,"Casa Fresco, HSR: All",sunil kumar,117073062868327327443,True,5,,0,a year ago,"{""food"": 5, ""service_rating"": 5, ""atmosphere"": 5}"
"Casa Fresco, HSR: All-Day Dining & Café",080 4992 7445,"73, 27th Main Rd, Phase 3, 1st Sector, HSR Layout, Bengaluru, Karnataka 560102",12.9207539,77.650514,Restaurant,http://www.casafresco.in/,ChZDSUhNMG9nS0VJQ0FnSUNIOExfZ1JREAE,"Casa Fresco, HSR: All",Pranav Ananthaswamy,103842813909756537300,False,5,,0,a year ago,"{""dining_mode"": ""Dine in"", ""meal_type"": ""Lunch"", ""price_per_person"": ""₹800–1,000"", ""food"": 5, ""service_rating"": 5, ""atmosphere"": 5, ""recommended_dishes"": ""Hazelnut Cold Coffee""}"
"Casa Fresco, HSR: All-Day Dining & Café",080 4992 7445,"73, 27th Main Rd, Phase 3, 1st Sector, HSR Layout, Bengaluru, Karnataka 560102",12.9207539,77.650514,Restaurant,http://www.casafresco.in/,ChdDSUhNMG9nS0VJQ0FnSUNIOEtUc2xnRRAB,"Casa Fresco, HSR: All",Bhavya Mallik,112604011611082594793,False,3,,0,a year ago,"{""food"": 2, ""service_rating"": 2, ""atmosphere"": 4}"
"Casa Fresco, HSR: All-Day Dining & Café",080 4992 7445,"73, 27th Main Rd, Phase 3, 1st Sector, HSR Layout, Bengaluru, Karnataka 560102",12.9207539,77.650514,Restaurant,http://www.casafresco.in/,ChdDSUhNMG9nS0VJQ0FnSUQ3NjlESGpnRRAB,"Casa Fresco, HSR: All",Jhahnvi Dg,116510735553047207099,False,4,,0,a year ago,
"Casa Fresco, HSR: All-Day Dining & Café",080 4992 7445,"73, 27th Main Rd, Phase 3, 1st Sector, HSR Layout, Bengaluru, Karnataka 560102",12.9207539,77.650514,Restaurant,http://www.casafresco.in/,ChZDSUhNMG9nS0VJQ0FnSUQ3Zzc3NEZnEAE,"Casa Fresco, HSR: All",Saurav Dungarwal,110939693388627783707,False,5,,0,a year ago,
"Casa Fresco, HSR: All-Day Dining & Café",080 4992 7445,"73, 27th Main Rd, Phase 3, 1st Sector, HSR Layout, Bengaluru, Karnataka 560102",12.9207539,77.650514,Restaurant,http://www.casafresco.in/,ChdDSUhNMG9nS0VJQ0FnSUQ3ellpLW5nRRAB,"Casa Fresco, HSR: All",Sabari Ramkumar,118376101771320889046,True,5,,0,a year ago,"{""dining_mode"": ""Dine in"", ""meal_type"": ""Lunch"", ""price_per_person"": ""₹400–600"", ""food"": 5, ""service_rating"": 5, ""atmosphere"": 5, ""recommended_dishes"": ""Hazelnut Cold Coffee""}"
"Casa Fresco, HSR: All-Day Dining & Café",080 4992 7445,"73, 27th Main Rd, Phase 3, 1st Sector, HSR Layout, Bengaluru, Karnataka 560102",12.9207539,77.650514,Restaurant,http://www.casafresco.in/,ChZDSUhNMG9nS0VJQ0FnSUQ3NWVqOWJBEAE,"Casa Fresco, HSR: All",Pratap_fitness,116347784050113700984,True,1,"I am sitting at Casa Fresco right now with my wife, 8 month old baby and a dog. We are coming here for more than 2 years And today getting one of the worst service i have ever received anywhere.  I will never suggest anyone to come here. I parked my car at the front only after checking with their staff and they said we can definitely park without any problem. But after parking when my wife started to have her food, the same staff came at our table and asked my wife to move the car while she was having her food. My wife had to leave her food in the middle and go out to move the car which was parked with the consent of the staff members. They don’t have basic etiquette of customer service.",0,a year ago,"{""service_rating"": 1}"
"Casa Fresco, HSR: All-Day Dining & Café",080 4992 7445,"73, 27th Main Rd, Phase 3, 1st Sector, HSR Layout, Bengaluru, Karnataka 560102",12.9207539,77.650514,Restaurant,http://www.casafresco.in/,ChZDSUhNMG9nS0VJQ0FnSUQ3NW95a1B3EAE,"Casa Fresco, HSR: All",GANESHAN P,106609816599058746437,False,5,,0,a year ago,
"Casa Fresco, HSR: All-Day Dining & Café",080 4992 7445,"73, 27th Main Rd, Phase 3, 1st Sector, HSR Layout, Bengaluru, Karnataka 560102",12.9207539,77.650514,Restaurant,http://www.casafresco.in/,ChZDSUhNMG9nS0VJQ0FnSUQ3LXRTNFdBEAE,"Casa Fresco, HSR: All",Deeksha Reddy,117719206936095801644,True,5,The service is a little slow but the food is good but nothing too excellent. The ambience is fine except when it rains and there are mosquitoes.,0,a year ago,"{""price_per_person"": ""₹600–800"", ""food"": 4, ""service_rating"": 3, ""atmosphere"": 4}"
"Casa Fresco, HSR: All-Day Dining & Café",080 4992 7445,"73, 27th Main Rd, Phase 3, 1st Sector, HSR Layout, Bengaluru, Karnataka 560102",12.9207539,77.650514,Restaurant,http://www.casafresco.in/,ChdDSUhNMG9nS0VJQ0FnSUQ3bkl5SnJRRRAB,"Casa Fresco, HSR: All",Shrish DattaRoy,113027272135379727865,False,5,,0,a year ago,
"Casa Fresco, HSR: All-Day Dining & Café",080 4992 7445,"73, 27th Main Rd, Phase 3, 1st Sector, HSR Layout, Bengaluru, Karnataka 560102",12.9207539,77.650514,Restaurant,http://www.casafresco.in/,ChZDSUhNMG9nS0VJQ0FnSUQ3bk5pSklnEAE,"Casa Fresco, HSR: All",Padmavathi V,111562414995377638739,False,5,Excellent,0,a year ago,"{""food"": 5, ""service_rating"": 5, ""atmosphere"": 5}"
"Casa Fresco, HSR: All-Day Dining & Café",080 4992 7445,"73, 27th Main Rd, Phase 3, 1st Sector, HSR Layout, Bengaluru, Karnataka 560102",12.9207539,77.650514,Restaurant,http://www.casafresco.in/,ChdDSUhNMG9nS0VJQ0FnSUQ3bk1qMTR3RRAB,"Casa Fresco, HSR: All",Aryan,111757098891051362517,False,5,,0,a year ago,"{""dining_mode"": ""Dine in"", ""meal_type"": ""Lunch"", ""food"": 5, ""service_rating"": 5, ""atmosphere"": 5, ""recommended_dishes"": ""Pasta Bolognese Pasta Alfredo Sauce, Sizzling Brownie""}"
"Casa Fresco, HSR: All-Day Dining & Café",080 4992 7445,"73, 27th Main Rd, Phase 3, 1st Sector, HSR Layout, Bengaluru, Karnataka 560102",12.9207539,77.650514,Restaurant,http://www.casafresco.in/,ChZDSUhNMG9nS0VJQ0FnSUQ3c09tME9REAE,"Casa Fresco, HSR: All",Ankeet G,115767124996269294541,True,4,"Very calm, green, place in HSR.  Be aware that parking is a pain, the area around the restaurant is not very clean.",0,a year ago,"{""dining_mode"": ""Dine in"", ""meal_type"": ""Breakfast"", ""price_per_person"": ""₹400–600"", ""food"": 4, ""service_rating"": 4, ""atmosphere"": 5, ""vegetarian_recommendation"": ""Somewhat recommend"", ""parking_space"": ""Difficult to find parking"", ""parking_options"": ""Free street parking""}"
"Casa Fresco, HSR: All-Day Dining & Café",080 4992 7445,"73, 27th Main Rd, Phase 3, 1st Sector, HSR Layout, Bengaluru, Karnataka 560102",12.9207539,77.650514,Restaurant,http://www.casafresco.in/,ChdDSUhNMG9nS0VJQ0FnSUM3bjd1RjJRRRAB,"Casa Fresco, HSR: All",papia chatterjee,117011182066454800338,True,5,,0,a year ago,"{""dining_mode"": ""Dine in"", ""food"": 5, ""service_rating"": 5}"
"Casa Fresco, HSR: All-Day Dining & Café",080 4992 7445,"73, 27th Main Rd, Phase 3, 1st Sector, HSR Layout, Bengaluru, Karnataka 560102",12.9207539,77.650514,Restaurant,http://www.casafresco.in/,ChdDSUhNMG9nS0VJQ0FnSUM3cjdQa19RRRAB,"Casa Fresco, HSR: All",Jamila B,114234157006882669459,True,4,Nice cosy open place for English Breakfast!,0,a year ago,"{""dining_mode"": ""Dine in"", ""meal_type"": ""Brunch"", ""food"": 4, ""service_rating"": 3, ""atmosphere"": 4}"
"Casa Fresco, HSR: All-Day Dining & Café",080 4992 7445,"73, 27th Main Rd, Phase 3, 1st Sector, HSR Layout, Bengaluru, Karnataka 560102",12.9207539,77.650514,Restaurant,http://www.casafresco.in/,ChZDSUhNMG9nS0VJQ0FnSUM3NTZYVklnEAE,"Casa Fresco, HSR: All",Hemant Prajapat,104498342696513505183,False,5,,0,a year ago,"{""food"": 5, ""service_rating"": 5, ""atmosphere"": 5}"
"Casa Fresco, HSR: All-Day Dining & Café",080 4992 7445,"73, 27th Main Rd, Phase 3, 1st Sector, HSR Layout, Bengaluru, Karnataka 560102",12.9207539,77.650514,Restaurant,http://www.casafresco.in/,ChdDSUhNMG9nS0VJQ0FnSUM3cDVqQ25BRRAB,"Casa Fresco, HSR: All",Vedansh Bansal,116663792828978018420,True,5,,0,a year ago,"{""dining_mode"": ""Dine in"", ""meal_type"": ""Dinner"", ""price_per_person"": ""₹400–600"", ""food"": 5, ""service_rating"": 4, ""atmosphere"": 5}"
"Casa Fresco, HSR: All-Day Dining & Café",080 4992 7445,"73, 27th Main Rd, Phase 3, 1st Sector, HSR Layout, Bengaluru, Karnataka 560102",12.9207539,77.650514,Restaurant,http://www.casafresco.in/,ChdDSUhNMG9nS0VJQ0FnSUM3dGRPXzRBRRAB,"Casa Fresco, HSR: All",Pallavi Gupta,104454768135995069270,True,4,,0,a year ago,"{""dining_mode"": ""Dine in"", ""meal_type"": ""Dinner"", ""price_per_person"": ""₹200–400"", ""food"": 4, ""service_rating"": 4, ""atmosphere"": 4}"
"Casa Fresco, HSR: All-Day Dining & Café",080 4992 7445,"73, 27th Main Rd, Phase 3, 1st Sector, HSR Layout, Bengaluru, Karnataka 560102",12.9207539,77.650514,Restaurant,http://www.casafresco.in/,ChdDSUhNMG9nS0VJQ0FnSUM3cGVfTG9nRRAB,"Casa Fresco, HSR: All",Aswathy Philip,107716993679360893865,True,4,,0,a year ago,"{""dining_mode"": ""Dine in"", ""meal_type"": ""Brunch"", ""price_per_person"": ""₹1,200–1,400"", ""food"": 4, ""service_rating"": 5, ""atmosphere"": 5}"
"Casa Fresco, HSR: All-Day Dining & Café",080 4992 7445,"73, 27th Main Rd, Phase 3, 1st Sector, HSR Layout, Bengaluru, Karnataka 560102",12.9207539,77.650514,Restaurant,http://www.casafresco.in/,ChdDSUhNMG9nS0VJQ0FnSUM3cGJtSmhRRRAB,"Casa Fresco, HSR: All",Gitanjali Deka,110716131084847229700,False,5,,0,a year ago,"{""food"": 5, ""atmosphere"": 5}"
"Casa Fresco, HSR: All-Day Dining & Café",080 4992 7445,"73, 27th Main Rd, Phase 3, 1st Sector, HSR Layout, Bengaluru, Karnataka 560102",12.9207539,77.650514,Restaurant,http://www.casafresco.in/,ChZDSUhNMG9nS0VJQ0FnSUM3cWNYSGF3EAE,"Casa Fresco, HSR: All",Priyank Nagar,108277742740202358486,True,3,,0,a year ago,"{""food"": 2, ""service_rating"": 4, ""atmosphere"": 5}"
"Casa Fresco, HSR: All-Day Dining & Café",080 4992 7445,"73, 27th Main Rd, Phase 3, 1st Sector, HSR Layout, Bengaluru, Karnataka 560102",12.9207539,77.650514,Restaurant,http://www.casafresco.in/,ChdDSUhNMG9nS0VJQ0FnSUM3eWNXR19BRRAB,"Casa Fresco, HSR: All",debarpita chell,102977101304918678033,True,5,,0,a year ago,"{""food"": 5, ""service_rating"": 5, ""atmosphere"": 5}"
"Casa Fresco, HSR: All-Day Dining & Café",080 4992 7445,"73, 27th Main Rd, Phase 3, 1st Sector, HSR Layout, Bengaluru, Karnataka 560102",12.9207539,77.650514,Restaurant,http://www.casafresco.in/,ChZDSUhNMG9nS0VJQ0FnSUM3bHJMMmZnEAE,"Casa Fresco, HSR: All",AJAY KUMAR,116919824253501248516,True,3,,0,a year ago,"{""food"": 3, ""service_rating"": 1, ""atmosphere"": 3}"
"Casa Fresco, HSR: All-Day Dining & Café",080 4992 7445,"73, 27th Main Rd, Phase 3, 1st Sector, HSR Layout, Bengaluru, Karnataka 560102",12.9207539,77.650514,Restaurant,http://www.casafresco.in/,ChZDSUhNMG9nS0VJQ0FnSUM3NXNTRVp3EAE,"Casa Fresco, HSR: All",Aman Singh,115099519009822233031,True,5,"Great new place , nice brunch menu and the coffee was particularly nice. But the momos were a little flat and the the bruschetta too. Pancakes were really amazing as was the pasta.",0,a year ago,"{""dining_mode"": ""Dine in"", ""meal_type"": ""Brunch"", ""price_per_person"": ""₹400–600"", ""food"": 5, ""service_rating"": 4, ""atmosphere"": 4}"
"Casa Fresco, HSR: All-Day Dining & Café",080 4992 7445,"73, 27th Main Rd, Phase 3, 1st Sector, HSR Layout, Bengaluru, Karnataka 560102",12.9207539,77.650514,Restaurant,http://www.casafresco.in/,ChdDSUhNMG9nS0VJQ0FnSUM3eXBUanpBRRAB,"Casa Fresco, HSR: All",amit singh,111313769451282597357,True,3,Slow service,0,a year ago,"{""food"": 3, ""service_rating"": 3, ""atmosphere"": 4}"
"Casa Fresco, HSR: All-Day Dining & Café",080 4992 7445,"73, 27th Main Rd, Phase 3, 1st Sector, HSR Layout, Bengaluru, Karnataka 560102",12.9207539,77.650514,Restaurant,http://www.casafresco.in/,ChdDSUhNMG9nS0VJQ0FnSUM3dk5qZDJ3RRAB,"Casa Fresco, HSR: All",multi -T,113413009128180597100,True,5,,0,a year ago,"{""dining_mode"": ""Dine in"", ""meal_type"": ""Dinner"", ""price_per_person"": ""₹800–1,000"", ""food"": 5, ""service_rating"": 4, ""atmosphere"": 5, ""recommended_dishes"": ""Hazelnut Cold Coffee, Fries"", ""vegetarian_recommendation"": ""Highly recommend"", ""vegetarian_offerings"": ""Vegetarian menu or section""}"
"Casa Fresco, HSR: All-Day Dining & Café",080 4992 7445,"73, 27th Main Rd, Phase 3, 1st Sector, HSR Layout, Bengaluru, Karnataka 560102",12.9207539,77.650514,Restaurant,http://www.casafresco.in/,ChdDSUhNMG9nS0VJQ0FnSUM3eEs2dDRnRRAB,"Casa Fresco, HSR: All",Relta Viona,115201340299315926748,True,5,A cozy place in HSR to have brunch. The food is good and reasonable. I liked their honey chilli potatoes,0,a year ago,"{""food"": 4, ""service_rating"": 4, ""atmosphere"": 5}"
"Casa Fresco, HSR: All-Day Dining & Café",080 4992 7445,"73, 27th Main Rd, Phase 3, 1st Sector, HSR Layout, Bengaluru, Karnataka 560102",12.9207539,77.650514,Restaurant,http://www.casafresco.in/,ChZDSUhNMG9nS0VJQ0FnSUM3bU9xMVZBEAE,"Casa Fresco, HSR: All",Gowri V,100823420808521128384,True,4,,0,a year ago,"{""dining_mode"": ""Dine in"", ""meal_type"": ""Dinner"", ""price_per_person"": ""₹200–400"", ""food"": 4, ""service_rating"": 3, ""atmosphere"": 3, ""recommended_dishes"": ""Pasta Bolognese Pasta Alfredo Sauce""}"
"Casa Fresco, HSR: All-Day Dining & Café",080 4992 7445,"73, 27th Main Rd, Phase 3, 1st Sector, HSR Layout, Bengaluru, Karnataka 560102",12.9207539,77.650514,Restaurant,http://www.casafresco.in/,ChdDSUhNMG9nS0VJQ0FnSUM3aUlMSnBRRRAB,"Casa Fresco, HSR: All",Sumit Banga,102743389429928339357,True,5,,0,a year ago,
"Casa Fresco, HSR: All-Day Dining & Café",080 4992 7445,"73, 27th Main Rd, Phase 3, 1st Sector, HSR Layout, Bengaluru, Karnataka 560102",12.9207539,77.650514,Restaurant,http://www.casafresco.in/,ChdDSUhNMG9nS0VJQ0FnSUM3c0tMaW93RRAB,"Casa Fresco, HSR: All",Rahul Singh,112818298944321024698,False,5,,0,a year ago,"{""food"": 5, ""service_rating"": 5, ""atmosphere"": 5}"
"Casa Fresco, HSR: All-Day Dining & Café",080 4992 7445,"73, 27th Main Rd, Phase 3, 1st Sector, HSR Layout, Bengaluru, Karnataka 560102",12.9207539,77.650514,Restaurant,http://www.casafresco.in/,ChdDSUhNMG9nS0VJQ0FnSUM3a04tZnV3RRAB,"Casa Fresco, HSR: All",UR3105 AAA,115236239581654299815,True,5,,0,a year ago,"{""food"": 5, ""service_rating"": 5, ""atmosphere"": 5}"
"Casa Fresco, HSR: All-Day Dining & Café",080 4992 7445,"73, 27th Main Rd, Phase 3, 1st Sector, HSR Layout, Bengaluru, Karnataka 560102",12.9207539,77.650514,Restaurant,http://www.casafresco.in/,ChdDSUhNMG9nS0VJQ0FnSUM3b0lQWDd3RRAB,"Casa Fresco, HSR: All",Hirdesh Gupta,106895165822831835460,True,5,,0,a year ago,
"Casa Fresco, HSR: All-Day Dining & Café",080 4992 7445,"73, 27th Main Rd, Phase 3, 1st Sector, HSR Layout, Bengaluru, Karnataka 560102",12.9207539,77.650514,Restaurant,http://www.casafresco.in/,ChZDSUhNMG9nS0VJQ0FnSURiaThXcWJBEAE,"Casa Fresco, HSR: All",Amit Thakur,100927802502832932605,True,4,,0,a year ago,
"Casa Fresco, HSR: All-Day Dining & Café",080 4992 7445,"73, 27th Main Rd, Phase 3, 1st Sector, HSR Layout, Bengaluru, Karnataka 560102",12.9207539,77.650514,Restaurant,http://www.casafresco.in/,ChdDSUhNMG9nS0VJQ0FnSURidmZpc29BRRAB,"Casa Fresco, HSR: All",Sandhya Gurumurthy,115988678575588328744,False,5,Good food with very much neat dining,0,a year ago,"{""food"": 5, ""service_rating"": 5, ""atmosphere"": 5}"
"Casa Fresco, HSR: All-Day Dining & Café",080 4992 7445,"73, 27th Main Rd, Phase 3, 1st Sector, HSR Layout, Bengaluru, Karnataka 560102",12.9207539,77.650514,Restaurant,http://www.casafresco.in/,ChdDSUhNMG9nS0VJQ0FnSURidVl6czVBRRAB,"Casa Fresco, HSR: All",Spoorti M Kulkarni,105908508148080684867,False,5,,0,a year ago,
"Casa Fresco, HSR: All-Day Dining & Café",080 4992 7445,"73, 27th Main Rd, Phase 3, 1st Sector, HSR Layout, Bengaluru, Karnataka 560102",12.9207539,77.650514,Restaurant,http://www.casafresco.in/,ChZDSUhNMG9nS0VJQ0FnSURiN3ZTNlJBEAE,"Casa Fresco, HSR: All",Ajay Bhati,105457528177187418593,True,4,"Decent ambience, friendly staff and delicious burgers. No parking space available which might be a problem for people with cars.",0,a year ago,"{""dining_mode"": ""Dine in"", ""meal_type"": ""Dinner"", ""price_per_person"": ""₹200–400"", ""food"": 4, ""service_rating"": 4, ""atmosphere"": 4}"
"Casa Fresco, HSR: All-Day Dining & Café",080 4992 7445,"73, 27th Main Rd, Phase 3, 1st Sector, HSR Layout, Bengaluru, Karnataka 560102",12.9207539,77.650514,Restaurant,http://www.casafresco.in/,ChdDSUhNMG9nS0VJQ0FnSURibHBfLTdnRRAB,"Casa Fresco, HSR: All",Abhishek Hiremath,102821078127301639571,False,5,,0,a year ago,"{""dining_mode"": ""Dine in"", ""meal_type"": ""Brunch"", ""price_per_person"": ""₹800–1,000"", ""food"": 5, ""service_rating"": 5, ""atmosphere"": 5}"
"Casa Fresco, HSR: All-Day Dining & Café",080 4992 7445,"73, 27th Main Rd, Phase 3, 1st Sector, HSR Layout, Bengaluru, Karnataka 560102",12.9207539,77.650514,Restaurant,http://www.casafresco.in/,ChdDSUhNMG9nS0VJQ0FnSURibHFyLW5BRRAB,"Casa Fresco, HSR: All",Oshi Chopra,102957147392604037791,True,5,,0,a year ago,"{""dining_mode"": ""Dine in"", ""meal_type"": ""Dinner"", ""price_per_person"": ""₹400–600"", ""food"": 5, ""service_rating"": 5, ""atmosphere"": 5, ""vegetarian_recommendation"": ""Highly recommend""}"
"Casa Fresco, HSR: All-Day Dining & Café",080 4992 7445,"73, 27th Main Rd, Phase 3, 1st Sector, HSR Layout, Bengaluru, Karnataka 560102",12.9207539,77.650514,Restaurant,http://www.casafresco.in/,ChdDSUhNMG9nS0VJQ0FnSURiNnByamt3RRAB,"Casa Fresco, HSR: All",shreyansh Khemesara,118270394988182436995,False,5,"Amazinggg place, amazingg service, very polite staff and food is superrr tastyyy too. Thoroughly enjoyed both the visits I had.",0,a year ago,"{""dining_mode"": ""Dine in"", ""meal_type"": ""Dinner"", ""price_per_person"": ""₹200–400"", ""food"": 5, ""service_rating"": 5, ""atmosphere"": 5, ""recommended_dishes"": ""Sizzling Brownie"", ""vegetarian_recommendation"": ""Highly recommend"", ""vegetarian_offerings"": ""Clearly labeled vegetarian dishes""}"
"Casa Fresco, HSR: All-Day Dining & Café",080 4992 7445,"73, 27th Main Rd, Phase 3, 1st Sector, HSR Layout, Bengaluru, Karnataka 560102",12.9207539,77.650514,Restaurant,http://www.casafresco.in/,ChZDSUhNMG9nS0VJQ0FnSURiNHBiblFnEAE,"Casa Fresco, HSR: All",Rajesh S,113933658976832990037,True,4,"The food was above average. The atmosphere was good, above average. Service could be improved.",0,a year ago,"{""dining_mode"": ""Dine in"", ""meal_type"": ""Dinner"", ""price_per_person"": ""₹600–800"", ""food"": 4, ""service_rating"": 3, ""atmosphere"": 4}"
"Casa Fresco, HSR: All-Day Dining & Café",080 4992 7445,"73, 27th Main Rd, Phase 3, 1st Sector, HSR Layout, Bengaluru, Karnataka 560102",12.9207539,77.650514,Restaurant,http://www.casafresco.in/,ChdDSUhNMG9nS0VJQ0FnSURib3BuZjB3RRAB,"Casa Fresco, HSR: All",sushmita shenoy,110747745514084863271,True,5,,0,a year ago,"{""food"": 5, ""service_rating"": 5, ""atmosphere"": 5}"
"Casa Fresco, HSR: All-Day Dining & Café",080 4992 7445,"73, 27th Main Rd, Phase 3, 1st Sector, HSR Layout, Bengaluru, Karnataka 560102",12.9207539,77.650514,Restaurant,http://www.casafresco.in/,ChdDSUhNMG9nS0VJQ0FnSURidkl1dHlnRRAB,"Casa Fresco, HSR: All",Kamalesh BC,103943232638539307544,True,5,Nice casual dining place at HSR layout. Love their pastas and appetizers. Pet friendly as well,0,a year ago,"{""dining_mode"": ""Dine in"", ""meal_type"": ""Lunch"", ""price_per_person"": ""₹400–600"", ""food"": 4, ""service_rating"": 5, ""atmosphere"": 4, ""recommended_dishes"": ""Hash Browns""}"
"Casa Fresco, HSR: All-Day Dining & Café",080 4992 7445,"73, 27th Main Rd, Phase 3, 1st Sector, HSR Layout, Bengaluru, Karnataka 560102",12.9207539,77.650514,Restaurant,http://www.casafresco.in/,ChZDSUhNMG9nS0VJQ0FnSURidE1qR0hnEAE,"Casa Fresco, HSR: All",Anitha Reddy,118115192946712547134,True,5,"Loved the whole experience and the menu, the momos dipped in peri peri sauce gave such a kick. One of the places I want to go again and again for sure!",0,a year ago,"{""dining_mode"": ""Dine in"", ""meal_type"": ""Lunch"", ""price_per_person"": ""₹400–600"", ""food"": 5, ""service_rating"": 5, ""atmosphere"": 5}"
"Casa Fresco, HSR: All-Day Dining & Café",080 4992 7445,"73, 27th Main Rd, Phase 3, 1st Sector, HSR Layout, Bengaluru, Karnataka 560102",12.9207539,77.650514,Restaurant,http://www.casafresco.in/,ChZDSUhNMG9nS0VJQ0FnSURibE5uVlV3EAE,"Casa Fresco, HSR: All",Vettri Raghul,102041174098169302327,True,5,,0,a year ago,"{""meal_type"": ""Dinner"", ""price_per_person"": ""₹200–400"", ""food"": 5, ""service_rating"": 5, ""atmosphere"": 4}"
"Casa Fresco, HSR: All-Day Dining & Café",080 4992 7445,"73, 27th Main Rd, Phase 3, 1st Sector, HSR Layout, Bengaluru, Karnataka 560102",12.9207539,77.650514,Restaurant,http://www.casafresco.in/,ChdDSUhNMG9nS0VJQ0FnSURibE9LRHNnRRAB,"Casa Fresco, HSR: All",Sweta Rath,113491331956763601579,True,5,"It is such a beautiful space! Especially perfect for a brunch. The service and food, both are amassing.",0,a year ago,"{""dining_mode"": ""Dine in"", ""meal_type"": ""Brunch"", ""price_per_person"": ""₹200–400"", ""food"": 5, ""service_rating"": 5, ""atmosphere"": 5}"
"Casa Fresco, HSR: All-Day Dining & Café",080 4992 7445,"73, 27th Main Rd, Phase 3, 1st Sector, HSR Layout, Bengaluru, Karnataka 560102",12.9207539,77.650514,Restaurant,http://www.casafresco.in/,ChdDSUhNMG9nS0VJQ0FnSURiNU1xTi1nRRAB,"Casa Fresco, HSR: All",Melissa carie,108190464039061808110,False,1,"The chocolate brownie eggless tasted like flour / maida , I can homecook better . Terribly trained female staff , my phone had less signal so upi payment was not working, I asked them if I could use the store wifi for payment thay lied to my face saying they dont have wifi when I can see the wifi box. I asked if I could get hotspot for a second to pay they said they dont own phones ?? Like what the hell? Fortunately my friend paid from the image I managed to send to her after 20 mins of struggle . Terrible experience would not visit again. The only saving factor was the ambience",0,a year ago,"{""meal_type"": ""Brunch"", ""price_per_person"": ""₹200–400"", ""food"": 1, ""service_rating"": 1, ""atmosphere"": 5}"
"Casa Fresco, HSR: All-Day Dining & Café",080 4992 7445,"73, 27th Main Rd, Phase 3, 1st Sector, HSR Layout, Bengaluru, Karnataka 560102",12.9207539,77.650514,Restaurant,http://www.casafresco.in/,ChZDSUhNMG9nS0VJQ0FnSUNiOTRIeFF3EAE,"Casa Fresco, HSR: All",Loni Mishra,117023691453713482658,True,3,It's like any other cafe. The same kind of food. The outdoor sitting is good,0,a year ago,
"Casa Fresco, HSR: All-Day Dining & Café",080 4992 7445,"73, 27th Main Rd, Phase 3, 1st Sector, HSR Layout, Bengaluru, Karnataka 560102",12.9207539,77.650514,Restaurant,http://www.casafresco.in/,ChdDSUhNMG9nS0VJQ0FnSUNiNTViNi1nRRAB,"Casa Fresco, HSR: All",Akash Agrawal,105052250844063586650,True,4,Great place to hang out.. food and ambience is nice..especially for evenings/night. Service is bit slow.,0,a year ago,"{""dining_mode"": ""Dine in"", ""meal_type"": ""Dinner"", ""price_per_person"": ""₹400–600"", ""food"": 4, ""service_rating"": 3, ""atmosphere"": 5}"
"Casa Fresco, HSR: All-Day Dining & Café",080 4992 7445,"73, 27th Main Rd, Phase 3, 1st Sector, HSR Layout, Bengaluru, Karnataka 560102",12.9207539,77.650514,Restaurant,http://www.casafresco.in/,ChdDSUhNMG9nS0VJQ0FnSUNieDhfVm5nRRAB,"Casa Fresco, HSR: All",Joshua Saginal,107912364591074689711,False,4,,0,a year ago,"{""food"": 4, ""service_rating"": 4, ""atmosphere"": 4}"
"Casa Fresco, HSR: All-Day Dining & Café",080 4992 7445,"73, 27th Main Rd, Phase 3, 1st Sector, HSR Layout, Bengaluru, Karnataka 560102",12.9207539,77.650514,Restaurant,http://www.casafresco.in/,ChZDSUhNMG9nS0VJQ0FnSUNieWVlZGFnEAE,"Casa Fresco, HSR: All",Neha Hanagandi,106962306675478253087,True,5,,0,Edited a year ago,"{""dining_mode"": ""Dine in"", ""meal_type"": ""Brunch"", ""price_per_person"": ""₹800–1,000"", ""food"": 5, ""service_rating"": 5, ""atmosphere"": 5, ""vegetarian_recommendation"": ""Highly recommend"", ""vegetarian_offerings"": ""Clearly labeled vegetarian dishes"", ""vegetarian_options"": ""The miller's pizza is good. The bubble frappe was good""}"
"Casa Fresco, HSR: All-Day Dining & Café",080 4992 7445,"73, 27th Main Rd, Phase 3, 1st Sector, HSR Layout, Bengaluru, Karnataka 560102",12.9207539,77.650514,Restaurant,http://www.casafresco.in/,ChdDSUhNMG9nS0VJQ0FnSUNieWNLcDhBRRAB,"Casa Fresco, HSR: All",sourav suman,114188227691221095732,True,5,,0,a year ago,"{""dining_mode"": ""Dine in"", ""meal_type"": ""Lunch"", ""price_per_person"": ""₹200–400"", ""food"": 5, ""service_rating"": 5, ""atmosphere"": 5}"
"Casa Fresco, HSR: All-Day Dining & Café",080 4992 7445,"73, 27th Main Rd, Phase 3, 1st Sector, HSR Layout, Bengaluru, Karnataka 560102",12.9207539,77.650514,Restaurant,http://www.casafresco.in/,ChdDSUhNMG9nS0VJQ0FnSUNidnYybnhRRRAB,"Casa Fresco, HSR: All",Saksham bansal,110774272105305673816,False,4,,0,a year ago,"{""price_per_person"": ""₹800–1,000"", ""food"": 4, ""service_rating"": 5, ""atmosphere"": 4}"
"Casa Fresco, HSR: All-Day Dining & Café",080 4992 7445,"73, 27th Main Rd, Phase 3, 1st Sector, HSR Layout, Bengaluru, Karnataka 560102",12.9207539,77.650514,Restaurant,http://www.casafresco.in/,ChdDSUhNMG9nS0VJQ0FnSUNidnEzZnJ3RRAB,"Casa Fresco, HSR: All",RAHUL DHAWAN,108004128770403389841,True,5,Food is good and ambiance is also very good. Must try place.,0,a year ago,"{""dining_mode"": ""Dine in"", ""meal_type"": ""Other"", ""price_per_person"": ""₹800–1,000"", ""food"": 5, ""service_rating"": 5, ""atmosphere"": 5, ""recommended_dishes"": ""Fries"", ""vegetarian_recommendation"": ""Highly recommend"", ""vegetarian_offerings"": ""Clearly labeled vegetarian dishes"", ""vegetarian_options"": ""Good amount of veg options available in pasta and sandwich""}"
"Casa Fresco, HSR: All-Day Dining & Café",080 4992 7445,"73, 27th Main Rd, Phase 3, 1st Sector, HSR Layout, Bengaluru, Karnataka 560102",12.9207539,77.650514,Restaurant,http://www.casafresco.in/,ChZDSUhNMG9nS0VJQ0FnSUNienJXakdREAE,"Casa Fresco, HSR: All",S N,107967793635497317839,True,5,,0,a year ago,
"Casa Fresco, HSR: All-Day Dining & Café",080 4992 7445,"73, 27th Main Rd, Phase 3, 1st Sector, HSR Layout, Bengaluru, Karnataka 560102",12.9207539,77.650514,Restaurant,http://www.casafresco.in/,ChZDSUhNMG9nS0VJQ0FnSUNiLXFXUVBBEAE,"Casa Fresco, HSR: All",Karuna Rao,112084838480265488105,True,4,"The 5WH  When we went - Thursday afternoon for lunch.  What we had - paneer sizzler, chicken sizzler, cold coffee and detox beverage. Sizzlers were top notch but the beverages were bad and cold coffee seemed to be made out of spoilt milk or yoghurt based as it had a smoothie like texture which was not appetising. The Detox drink was also very weird in terms of taste.  Why we went - a quick lunch date during work and it served well. Service was quick enough for us to enter and exit in an hour  Where we sat - table by cutlery desk. Had the perfect view of the entire place  Who served - The waiters were cordial and well informed. They dint seem overly enthusiastic though  How it felt - Great experience but for the beverages.",0,a year ago,"{""food"": 3, ""service_rating"": 4, ""atmosphere"": 5}"
"Casa Fresco, HSR: All-Day Dining & Café",080 4992 7445,"73, 27th Main Rd, Phase 3, 1st Sector, HSR Layout, Bengaluru, Karnataka 560102",12.9207539,77.650514,Restaurant,http://www.casafresco.in/,ChdDSUhNMG9nS0VJQ0FnSUNiLXR5dDZ3RRAB,"Casa Fresco, HSR: All",Akhil Sajeev,103027831479935033454,False,5,,0,a year ago,
"Casa Fresco, HSR: All-Day Dining & Café",080 4992 7445,"73, 27th Main Rd, Phase 3, 1st Sector, HSR Layout, Bengaluru, Karnataka 560102",12.9207539,77.650514,Restaurant,http://www.casafresco.in/,ChdDSUhNMG9nS0VJQ0FnSUNiMHVMM2xnRRAB,"Casa Fresco, HSR: All",Rohit Koul,100428263355615252599,True,4,,0,a year ago,"{""food"": 4, ""service_rating"": 4, ""atmosphere"": 4}"
"Casa Fresco, HSR: All-Day Dining & Café",080 4992 7445,"73, 27th Main Rd, Phase 3, 1st Sector, HSR Layout, Bengaluru, Karnataka 560102",12.9207539,77.650514,Restaurant,http://www.casafresco.in/,ChdDSUhNMG9nS0VJQ0FnSUNiNHZHVHlBRRAB,"Casa Fresco, HSR: All",Jawahar Lal,106722378230863842104,True,4,,0,a year ago,"{""food"": 5, ""service_rating"": 3, ""atmosphere"": 5}"
"Casa Fresco, HSR: All-Day Dining & Café",080 4992 7445,"73, 27th Main Rd, Phase 3, 1st Sector, HSR Layout, Bengaluru, Karnataka 560102",12.9207539,77.650514,Restaurant,http://www.casafresco.in/,ChdDSUhNMG9nS0VJQ0FnSUNiek1yM2pBRRAB,"Casa Fresco, HSR: All",ashwini kini,106453449878328629375,True,5,,0,a year ago,"{""dining_mode"": ""Dine in"", ""meal_type"": ""Brunch"", ""price_per_person"": ""₹400–600"", ""food"": 5, ""service_rating"": 4, ""atmosphere"": 4, ""recommended_dishes"": ""Hazelnut Cold Coffee""}"
"Casa Fresco, HSR: All-Day Dining & Café",080 4992 7445,"73, 27th Main Rd, Phase 3, 1st Sector, HSR Layout, Bengaluru, Karnataka 560102",12.9207539,77.650514,Restaurant,http://www.casafresco.in/,ChZDSUhNMG9nS0VJQ0FnSUNibElXSWF3EAE,"Casa Fresco, HSR: All",Sreya Das,101293932016082352857,True,4,,0,a year ago,
"Casa Fresco, HSR: All-Day Dining & Café",080 4992 7445,"73, 27th Main Rd, Phase 3, 1st Sector, HSR Layout, Bengaluru, Karnataka 560102",12.9207539,77.650514,Restaurant,http://www.casafresco.in/,ChZDSUhNMG9nS0VJQ0FnSUNibVB1REJnEAE,"Casa Fresco, HSR: All",shashank pushp,109590988826684190840,True,5,,0,a year ago,
"Casa Fresco, HSR: All-Day Dining & Café",080 4992 7445,"73, 27th Main Rd, Phase 3, 1st Sector, HSR Layout, Bengaluru, Karnataka 560102",12.9207539,77.650514,Restaurant,http://www.casafresco.in/,ChdDSUhNMG9nS0VJQ0FnSUNic1BfU3R3RRAB,"Casa Fresco, HSR: All",Shibani Shashin,108832686958896109317,True,5,,0,a year ago,"{""food"": 4, ""service_rating"": 2, ""atmosphere"": 5}"
"Casa Fresco, HSR: All-Day Dining & Café",080 4992 7445,"73, 27th Main Rd, Phase 3, 1st Sector, HSR Layout, Bengaluru, Karnataka 560102",12.9207539,77.650514,Restaurant,http://www.casafresco.in/,ChdDSUhNMG9nS0VJQ0FnSUNiME5YdDJ3RRAB,"Casa Fresco, HSR: All",Gaurav Sharma,106526121053318338003,True,4,"Good clean place , boba tea is awesome. The tree inside , greenery and space is good.  Parking is easy nearby.",0,a year ago,"{""food"": 4, ""service_rating"": 3, ""atmosphere"": 4}"
"Casa Fresco, HSR: All-Day Dining & Café",080 4992 7445,"73, 27th Main Rd, Phase 3, 1st Sector, HSR Layout, Bengaluru, Karnataka 560102",12.9207539,77.650514,Restaurant,http://www.casafresco.in/,ChdDSUhNMG9nS0VJQ0FnSURyMzlIRzhnRRAB,"Casa Fresco, HSR: All",Vikas Bhoomolla,107334560996351978584,True,4,,0,a year ago,"{""dining_mode"": ""Dine in"", ""meal_type"": ""Brunch"", ""price_per_person"": ""₹1,400–1,600"", ""food"": 4, ""service_rating"": 3, ""atmosphere"": 3}"
"Casa Fresco, HSR: All-Day Dining & Café",080 4992 7445,"73, 27th Main Rd, Phase 3, 1st Sector, HSR Layout, Bengaluru, Karnataka 560102",12.9207539,77.650514,Restaurant,http://www.casafresco.in/,ChZDSUhNMG9nS0VJQ0FnSURyMzhpWllBEAE,"Casa Fresco, HSR: All",ABHISHEK HIREMATH,108943123116760609466,False,5,,0,a year ago,"{""dining_mode"": ""Dine in"", ""meal_type"": ""Brunch"", ""price_per_person"": ""₹400–600"", ""food"": 5, ""service_rating"": 5, ""atmosphere"": 5}"
"Casa Fresco, HSR: All-Day Dining & Café",080 4992 7445,"73, 27th Main Rd, Phase 3, 1st Sector, HSR Layout, Bengaluru, Karnataka 560102",12.9207539,77.650514,Restaurant,http://www.casafresco.in/,ChdDSUhNMG9nS0VJQ0FnSURyei02WW1BRRAB,"Casa Fresco, HSR: All",Lets be honest,116785947343537744785,True,2,Don't order paneer based dishes. Their paneer is like rubber and very stale.  It doesn't even feel like paneer. It is like rubber.,0,a year ago,"{""dining_mode"": ""Dine in"", ""meal_type"": ""Breakfast"", ""price_per_person"": ""₹600–800"", ""food"": 2, ""service_rating"": 5, ""atmosphere"": 5}"
"Casa Fresco, HSR: All-Day Dining & Café",080 4992 7445,"73, 27th Main Rd, Phase 3, 1st Sector, HSR Layout, Bengaluru, Karnataka 560102",12.9207539,77.650514,Restaurant,http://www.casafresco.in/,ChdDSUhNMG9nS0VJQ0FnSURyOTZxeGhRRRAB,"Casa Fresco, HSR: All",Anshuman Tiwari,110755463204576878117,False,5,,0,a year ago,
"Casa Fresco, HSR: All-Day Dining & Café",080 4992 7445,"73, 27th Main Rd, Phase 3, 1st Sector, HSR Layout, Bengaluru, Karnataka 560102",12.9207539,77.650514,Restaurant,http://www.casafresco.in/,ChdDSUhNMG9nS0VJQ0FnSURyMTRDTmpRRRAB,"Casa Fresco, HSR: All",JOH By YCPL,109914570533325060149,True,4,"Nice place with simple ambience, good food, okay service. Great place for quick bites",0,a year ago,"{""dining_mode"": ""Dine in"", ""meal_type"": ""Dinner"", ""price_per_person"": ""₹600–800"", ""food"": 4, ""service_rating"": 3, ""atmosphere"": 5, ""vegetarian_recommendation"": ""Somewhat recommend"", ""vegetarian_offerings"": ""Vegetarian menu or section""}"
"Casa Fresco, HSR: All-Day Dining & Café",080 4992 7445,"73, 27th Main Rd, Phase 3, 1st Sector, HSR Layout, Bengaluru, Karnataka 560102",12.9207539,77.650514,Restaurant,http://www.casafresco.in/,ChZDSUhNMG9nS0VJQ0FnSURyNHVLLUtREAE,"Casa Fresco, HSR: All",Nidhi Mittal,112180841462816671503,True,4,"It was an amazing evening in Casa fresco we had ordered sizzler,chilli panner,noodles , boba and hazelnut coffee , all the dishes was tasty only the chilli panner sauce was very sour but yes environment was soothing",0,a year ago,"{""food"": 4, ""service_rating"": 4, ""atmosphere"": 3}"
"Casa Fresco, HSR: All-Day Dining & Café",080 4992 7445,"73, 27th Main Rd, Phase 3, 1st Sector, HSR Layout, Bengaluru, Karnataka 560102",12.9207539,77.650514,Restaurant,http://www.casafresco.in/,ChdDSUhNMG9nS0VJQ0FnSURyd3JyNDNBRRAB,"Casa Fresco, HSR: All",Samarpita Panda,118356952684662679898,True,5,"Cozy place to spend time with friends, really liked the vibe.",0,a year ago,"{""dining_mode"": ""Dine in"", ""meal_type"": ""Other"", ""food"": 5, ""service_rating"": 5, ""atmosphere"": 5}"
"Casa Fresco, HSR: All-Day Dining & Café",080 4992 7445,"73, 27th Main Rd, Phase 3, 1st Sector, HSR Layout, Bengaluru, Karnataka 560102",12.9207539,77.650514,Restaurant,http://www.casafresco.in/,ChZDSUhNMG9nS0VJQ0FnSURyaEtEREVREAE,"Casa Fresco, HSR: All",Mohammed Aslam Shaikh,114912823220209473364,False,5,,0,a year ago,
"Casa Fresco, HSR: All-Day Dining & Café",080 4992 7445,"73, 27th Main Rd, Phase 3, 1st Sector, HSR Layout, Bengaluru, Karnataka 560102",12.9207539,77.650514,Restaurant,http://www.casafresco.in/,ChdDSUhNMG9nS0VJQ0FnSURycU5xOTJnRRAB,"Casa Fresco, HSR: All",Rajat Tripathi,113004115680399125648,True,4,We have been to Casa Fresco a few times. We find this place as a good cafe for hangouts. Staff is welcoming and the music is not unnecessarily loud. They have good variety of veg and non-veg food. The found the food decent.  We have been there couple of times for coffee. I really appreciate their sitting area. This is a pet friendly cafe which is one of the best things.,0,a year ago,"{""dining_mode"": ""Dine in"", ""meal_type"": ""Dinner"", ""price_per_person"": ""₹400–600"", ""food"": 4, ""service_rating"": 4, ""atmosphere"": 5, ""recommended_dishes"": ""Hash Browns"", ""parking_space"": ""Plenty of parking"", ""parking_options"": ""Free street parking""}"
"Casa Fresco, HSR: All-Day Dining & Café",080 4992 7445,"73, 27th Main Rd, Phase 3, 1st Sector, HSR Layout, Bengaluru, Karnataka 560102",12.9207539,77.650514,Restaurant,http://www.casafresco.in/,ChdDSUhNMG9nS0VJQ0FnSURyMEszWXZ3RRAB,"Casa Fresco, HSR: All",Chestha Sharma,101755594429149563670,False,1,"I’m writing this review based on my recent visit to this place The food here is pathetic! Ordered white sauce pasta and oreo shake which require basic preparations but I tell you, these guys couldn’t even deliver the bare minimum quality in that. Sauce was dilute and shake was bad in taste P.S. there seating is not adult friendly. Very weird chairs Please go at your own risk",0,a year ago,"{""dining_mode"": ""Dine in"", ""meal_type"": ""Dinner"", ""price_per_person"": ""₹600–800"", ""food"": 1, ""service_rating"": 4, ""atmosphere"": 3}"
"Casa Fresco, HSR: All-Day Dining & Café",080 4992 7445,"73, 27th Main Rd, Phase 3, 1st Sector, HSR Layout, Bengaluru, Karnataka 560102",12.9207539,77.650514,Restaurant,http://www.casafresco.in/,ChZDSUhNMG9nS0VJQ0FnSUNyXzQ3YllnEAE,"Casa Fresco, HSR: All",Abhishek Kumar,113823318175169865622,True,5,"This is one of the best all day breakfast places I have been to, in and around HSR.",0,a year ago,"{""dining_mode"": ""Dine in"", ""meal_type"": ""Brunch"", ""price_per_person"": ""₹400–600"", ""food"": 5, ""service_rating"": 5, ""atmosphere"": 5, ""recommended_dishes"": ""Hash Browns"", ""parking_space"": ""Plenty of parking"", ""parking_options"": ""Free street parking""}"
"Casa Fresco, HSR: All-Day Dining & Café",080 4992 7445,"73, 27th Main Rd, Phase 3, 1st Sector, HSR Layout, Bengaluru, Karnataka 560102",12.9207539,77.650514,Restaurant,http://www.casafresco.in/,ChdDSUhNMG9nS0VJQ0FnSUNybTliXzB3RRAB,"Casa Fresco, HSR: All",varun sharma,101707143453755731004,True,5,"It’s a nice cozy place to spend an evening. Overall food is good. I had some Caribbean sandwich which was spicy, but good. Must visit once. Oh do try their hazelnut cold coffee and hot chocolate too!!",0,a year ago,"{""meal_type"": ""Other"", ""price_per_person"": ""₹2,000+"", ""food"": 5, ""service_rating"": 5, ""atmosphere"": 5}"
"Casa Fresco, HSR: All-Day Dining & Café",080 4992 7445,"73, 27th Main Rd, Phase 3, 1st Sector, HSR Layout, Bengaluru, Karnataka 560102",12.9207539,77.650514,Restaurant,http://www.casafresco.in/,ChdDSUhNMG9nS0VJQ0FnSUNyMWVETm1nRRAB,"Casa Fresco, HSR: All",Ruchi Sharma,114307343089612595472,False,4,,0,a year ago,"{""food"": 4, ""service_rating"": 3, ""atmosphere"": 4}"
"Casa Fresco, HSR: All-Day Dining & Café",080 4992 7445,"73, 27th Main Rd, Phase 3, 1st Sector, HSR Layout, Bengaluru, Karnataka 560102",12.9207539,77.650514,Restaurant,http://www.casafresco.in/,ChdDSUhNMG9nS0VJQ0FnSUNyeFlHSzFBRRAB,"Casa Fresco, HSR: All",Vinod. C,108907695261587560465,True,5,,0,a year ago,"{""food"": 5, ""service_rating"": 5, ""atmosphere"": 5}"
"Casa Fresco, HSR: All-Day Dining & Café",080 4992 7445,"73, 27th Main Rd, Phase 3, 1st Sector, HSR Layout, Bengaluru, Karnataka 560102",12.9207539,77.650514,Restaurant,http://www.casafresco.in/,ChdDSUhNMG9nS0VJQ0FnSUNyOGEtVTB3RRAB,"Casa Fresco, HSR: All",Saksham,100220548681245486209,True,4,Food wasn’t good. Coffee was fine. There is limited parking. Service is a little slow.,0,a year ago,
"Casa Fresco, HSR: All-Day Dining & Café",080 4992 7445,"73, 27th Main Rd, Phase 3, 1st Sector, HSR Layout, Bengaluru, Karnataka 560102",12.9207539,77.650514,Restaurant,http://www.casafresco.in/,ChZDSUhNMG9nS0VJQ0FnSUNyMGIzNUZREAE,"Casa Fresco, HSR: All",Das Rahul,109650473908486304427,True,3,,0,a year ago,"{""food"": 2, ""service_rating"": 3, ""atmosphere"": 3}"
"Casa Fresco, HSR: All-Day Dining & Café",080 4992 7445,"73, 27th Main Rd, Phase 3, 1st Sector, HSR Layout, Bengaluru, Karnataka 560102",12.9207539,77.650514,Restaurant,http://www.casafresco.in/,ChZDSUhNMG9nS0VJQ0FnSUNya2N6aUJREAE,"Casa Fresco, HSR: All",Diptajeet Datta,118383802140735643115,True,3,"The ambience and service are good.  In terms of food options, it's just like any other cafe. An improvement would be the introduction of some fish-related items and some healthy options where the item is grilled, instead of fried.  The chicken in rosemary chicken should be softer. The cheese content in chicken cheese balls should me a little bit more.",0,a year ago,"{""food"": 3, ""service_rating"": 4, ""atmosphere"": 4}"
"Casa Fresco, HSR: All-Day Dining & Café",080 4992 7445,"73, 27th Main Rd, Phase 3, 1st Sector, HSR Layout, Bengaluru, Karnataka 560102",12.9207539,77.650514,Restaurant,http://www.casafresco.in/,ChZDSUhNMG9nS0VJQ0FnSUNydnFpamJREAE,"Casa Fresco, HSR: All",dhananjay krishna,109289617154620531980,False,2,We have ordered chicken Caesar salad and it was really very bad. The salad seems to have some kind of mustard and the croutons was soggy. It seemed like they did not even toasted the bread. They just cut it and put it over the salad.,0,a year ago,"{""dining_mode"": ""Dine in"", ""food"": 2, ""service_rating"": 3, ""atmosphere"": 4}"
"Casa Fresco, HSR: All-Day Dining & Café",080 4992 7445,"73, 27th Main Rd, Phase 3, 1st Sector, HSR Layout, Bengaluru, Karnataka 560102",12.9207539,77.650514,Restaurant,http://www.casafresco.in/,ChZDSUhNMG9nS0VJQ0FnSUNydnZDQld3EAE,"Casa Fresco, HSR: All",dhananjay krishna,101516005387190217234,True,2,,0,a year ago,"{""food"": 1, ""service_rating"": 2, ""atmosphere"": 4}"
"Casa Fresco, HSR: All-Day Dining & Café",080 4992 7445,"73, 27th Main Rd, Phase 3, 1st Sector, HSR Layout, Bengaluru, Karnataka 560102",12.9207539,77.650514,Restaurant,http://www.casafresco.in/,ChdDSUhNMG9nS0VJQ0FnSUNyM3BPLW93RRAB,"Casa Fresco, HSR: All",Aakash Mohta,115013438095315683309,True,4,Good food and ambience,0,a year ago,"{""food"": 3, ""service_rating"": 3, ""atmosphere"": 4}"
"Casa Fresco, HSR: All-Day Dining & Café",080 4992 7445,"73, 27th Main Rd, Phase 3, 1st Sector, HSR Layout, Bengaluru, Karnataka 560102",12.9207539,77.650514,Restaurant,http://www.casafresco.in/,ChdDSUhNMG9nS0VJQ0FnSUNyM29MRXZnRRAB,"Casa Fresco, HSR: All",raksha koppal,116595003664445259823,False,5,Service was a little slow other than that the taste was good… but quantity could be better.,0,a year ago,"{""dining_mode"": ""Dine in"", ""meal_type"": ""Brunch"", ""price_per_person"": ""₹400–600"", ""food"": 4, ""service_rating"": 3, ""atmosphere"": 5}"
"Casa Fresco, HSR: All-Day Dining & Café",080 4992 7445,"73, 27th Main Rd, Phase 3, 1st Sector, HSR Layout, Bengaluru, Karnataka 560102",12.9207539,77.650514,Restaurant,http://www.casafresco.in/,ChZDSUhNMG9nS0VJQ0FnSUNybXNERVJBEAE,"Casa Fresco, HSR: All",Rana Shiba,100008752871429885709,True,5,"If you’re looking to indulge in yummy Italian thin crust pizza admits a beautiful lively green ambience . Then this restaurant is your go to place . They even have all day menu . The staff is friendly .  Must try - Picante Paneer pizza , Jamie’s pizza .",0,a year ago,"{""dining_mode"": ""Dine in"", ""meal_type"": ""Lunch"", ""price_per_person"": ""₹200–400"", ""food"": 5, ""service_rating"": 5, ""atmosphere"": 5}"
"Casa Fresco, HSR: All-Day Dining & Café",080 4992 7445,"73, 27th Main Rd, Phase 3, 1st Sector, HSR Layout, Bengaluru, Karnataka 560102",12.9207539,77.650514,Restaurant,http://www.casafresco.in/,ChZDSUhNMG9nS0VJQ0FnSUNyNnAyQ1dnEAE,"Casa Fresco, HSR: All",sushma naganur,110737235314590850105,True,5,,0,a year ago,
"Casa Fresco, HSR: All-Day Dining & Café",080 4992 7445,"73, 27th Main Rd, Phase 3, 1st Sector, HSR Layout, Bengaluru, Karnataka 560102",12.9207539,77.650514,Restaurant,http://www.casafresco.in/,ChZDSUhNMG9nS0VJQ0FnSUNyc3JXSVpBEAE,"Casa Fresco, HSR: All",Sriharsha S,110441349330627849711,True,2,"I have no issue with the Food, but I don't understand why customers can't park in front of the cafe when there is parking available. Staff says its reserved for the manager. I agree if it's occupied but when its empty also they don't let you park and argue.",0,a year ago,"{""food"": 4, ""service_rating"": 2, ""atmosphere"": 3}"
"Casa Fresco, HSR: All-Day Dining & Café",080 4992 7445,"73, 27th Main Rd, Phase 3, 1st Sector, HSR Layout, Bengaluru, Karnataka 560102",12.9207539,77.650514,Restaurant,http://www.casafresco.in/,ChZDSUhNMG9nS0VJQ0FnSUNyckphWUxBEAE,"Casa Fresco, HSR: All",Shreya Srivastava,111349199770001300406,True,4,Nice taste of food,0,a year ago,"{""dining_mode"": ""Dine in"", ""meal_type"": ""Dinner"", ""price_per_person"": ""₹800–1,000"", ""food"": 5, ""service_rating"": 4, ""atmosphere"": 5}"
"Casa Fresco, HSR: All-Day Dining & Café",080 4992 7445,"73, 27th Main Rd, Phase 3, 1st Sector, HSR Layout, Bengaluru, Karnataka 560102",12.9207539,77.650514,Restaurant,http://www.casafresco.in/,ChdDSUhNMG9nS0VJQ0FnSUNyak9TOTJBRRAB,"Casa Fresco, HSR: All",deep sengupta,101289138952821576502,True,5,Really good place to eat especially with our furry child,0,a year ago,"{""food"": 4, ""service_rating"": 5, ""atmosphere"": 5}"
"Casa Fresco, HSR: All-Day Dining & Café",080 4992 7445,"73, 27th Main Rd, Phase 3, 1st Sector, HSR Layout, Bengaluru, Karnataka 560102",12.9207539,77.650514,Restaurant,http://www.casafresco.in/,ChdDSUhNMG9nS0VJQ0FnSUR4a1lieDlBRRAB,"Casa Fresco, HSR: All",Iffath Aiyaz,111566943255160342624,True,5,"This cafe is in a beautifully bunglow … With  a peaceful & pleasant atmosphere.. The pizzas are must try over here ,,,the taste of millers delight pizza was soo delicious ...not forget to try picante paneer pizza it was lipsmacking was craving for more 😍😍 Friendly staff as well 👍🏻..highly recommend..",0,Edited a year ago,"{""food"": 5, ""service_rating"": 5, ""atmosphere"": 5}"
"Casa Fresco, HSR: All-Day Dining & Café",080 4992 7445,"73, 27th Main Rd, Phase 3, 1st Sector, HSR Layout, Bengaluru, Karnataka 560102",12.9207539,77.650514,Restaurant,http://www.casafresco.in/,ChZDSUhNMG9nS0VJQ0FnSUNycElQdUpnEAE,"Casa Fresco, HSR: All",Sasmita Parida,110477763673409682616,True,3,,0,a year ago,"{""food"": 3, ""service_rating"": 3, ""atmosphere"": 3}"
"Casa Fresco, HSR: All-Day Dining & Café",080 4992 7445,"73, 27th Main Rd, Phase 3, 1st Sector, HSR Layout, Bengaluru, Karnataka 560102",12.9207539,77.650514,Restaurant,http://www.casafresco.in/,ChZDSUhNMG9nS0VJQ0FnSURMdjRLQ0tREAE,"Casa Fresco, HSR: All",Sidharth Sundaram,115200146780276717512,True,5,"Absolutely loved the place. This cute little place that's not too hard to find.  Went for brunch, and had a solid english breakfast here. :)",0,a year ago,"{""dining_mode"": ""Dine in"", ""meal_type"": ""Brunch"", ""food"": 5, ""service_rating"": 5, ""atmosphere"": 5}"
"Casa Fresco, HSR: All-Day Dining & Café",080 4992 7445,"73, 27th Main Rd, Phase 3, 1st Sector, HSR Layout, Bengaluru, Karnataka 560102",12.9207539,77.650514,Restaurant,http://www.casafresco.in/,ChZDSUhNMG9nS0VJQ0FnSURwOGVxYkt3EAE,"Casa Fresco, HSR: All",chandni,100344159473636364469,True,3,"It's a bful outdoor (3 tables indoor as well) cafe, where we dined for breakfast. We had english breakfast with pancakes. Pancakes tasted very good, sauteed vegetables were lil strongly salted and peppered. The ambience was good, and also it is pet friendly..they have pet menu as well. Ginger tea was very good!  One heads up! The hospitality is not that great. Also, I have been there couple of times now, and have seen that the staffs are not always available for your order when seated outside. you have to really call them. If there was a button or a bell for help that would have been much easier.",0,Edited a year ago,"{""dining_mode"": ""Dine in"", ""meal_type"": ""Breakfast"", ""price_per_person"": ""₹200–400"", ""food"": 3, ""service_rating"": 2, ""atmosphere"": 4}"
"Casa Fresco, HSR: All-Day Dining & Café",080 4992 7445,"73, 27th Main Rd, Phase 3, 1st Sector, HSR Layout, Bengaluru, Karnataka 560102",12.9207539,77.650514,Restaurant,http://www.casafresco.in/,ChdDSUhNMG9nS0VJQ0FnSURMcjhUMW1nRRAB,"Casa Fresco, HSR: All",Priyanka Limbu,103188971059182059682,False,5,This cafe offers delicious food and a cozy atmosphere.The staff is friendly and the menu has a great variety.its a perfect spot for a relaxing meal or casual meal or a coffee break.,0,a year ago,"{""food"": 5, ""service_rating"": 5, ""atmosphere"": 5}"
"Casa Fresco, HSR: All-Day Dining & Café",080 4992 7445,"73, 27th Main Rd, Phase 3, 1st Sector, HSR Layout, Bengaluru, Karnataka 560102",12.9207539,77.650514,Restaurant,http://www.casafresco.in/,ChdDSUhNMG9nS0VJQ0FnSURMOTRfc3Z3RRAB,"Casa Fresco, HSR: All",Ambar Kakkar,115247025292394700884,True,2,"The food here was very average. Got the English breakfast, omelette and the pancakes. The English breakfast the vegetables were cold, the sausages were not well done, the baked beans were cold. The pancakes were the only good thing here. Overall disappointed. The only saving grace is the atmosphere and the vibe",0,a year ago,"{""food"": 2, ""service_rating"": 3, ""atmosphere"": 4}"
"Casa Fresco, HSR: All-Day Dining & Café",080 4992 7445,"73, 27th Main Rd, Phase 3, 1st Sector, HSR Layout, Bengaluru, Karnataka 560102",12.9207539,77.650514,Restaurant,http://www.casafresco.in/,ChdDSUhNMG9nS0VJQ0FnSURMaDh5WXV3RRAB,"Casa Fresco, HSR: All",DR.Bhavani V Physio,104336789274627075711,True,5,,0,a year ago,
"Casa Fresco, HSR: All-Day Dining & Café",080 4992 7445,"73, 27th Main Rd, Phase 3, 1st Sector, HSR Layout, Bengaluru, Karnataka 560102",12.9207539,77.650514,Restaurant,http://www.casafresco.in/,ChZDSUhNMG9nS0VJQ0FnSURMLV9Ud0ZREAE,"Casa Fresco, HSR: All",Nawang Tamang,114534255725652062338,False,5,Service are very good ! And food are also very delicious… we have vist in the another branch in Indiranagar  both place is awesome and very good…….❤️ The  taste of the food and drinks are similarly same and love the both place❤️‍🩹  You need to visit both place you will feel very comfortable  and you will feel better 💐,0,a year ago,"{""food"": 5, ""service_rating"": 5, ""atmosphere"": 5}"
"Casa Fresco, HSR: All-Day Dining & Café",080 4992 7445,"73, 27th Main Rd, Phase 3, 1st Sector, HSR Layout, Bengaluru, Karnataka 560102",12.9207539,77.650514,Restaurant,http://www.casafresco.in/,ChZDSUhNMG9nS0VJQ0FnSURMeThmUlVREAE,"Casa Fresco, HSR: All",Kabita Kothari,108422691746574379586,True,4,,0,a year ago,"{""dining_mode"": ""Dine in"", ""meal_type"": ""Other"", ""price_per_person"": ""₹200–400"", ""food"": 4, ""service_rating"": 4, ""atmosphere"": 4}"
"Casa Fresco, HSR: All-Day Dining & Café",080 4992 7445,"73, 27th Main Rd, Phase 3, 1st Sector, HSR Layout, Bengaluru, Karnataka 560102",12.9207539,77.650514,Restaurant,http://www.casafresco.in/,ChdDSUhNMG9nS0VJQ0FnSURMbzZfTDFnRRAB,"Casa Fresco, HSR: All",Nitika Chandra,106507696016934781220,True,5,,0,a year ago,"{""dining_mode"": ""Dine in"", ""meal_type"": ""Dinner"", ""price_per_person"": ""₹600–800"", ""food"": 5, ""service_rating"": 4, ""atmosphere"": 4}"
"Casa Fresco, HSR: All-Day Dining & Café",080 4992 7445,"73, 27th Main Rd, Phase 3, 1st Sector, HSR Layout, Bengaluru, Karnataka 560102",12.9207539,77.650514,Restaurant,http://www.casafresco.in/,ChZDSUhNMG9nS0VJQ0FnSURMdzdlU01nEAE,"Casa Fresco, HSR: All",aishwarya.jayaraman2899,116786334190503307645,False,4,Food was great and could improve on presentation. Service could be better.,0,a year ago,"{""dining_mode"": ""Dine in"", ""meal_type"": ""Brunch"", ""food"": 4, ""service_rating"": 3, ""atmosphere"": 4}"
"Casa Fresco, HSR: All-Day Dining & Café",080 4992 7445,"73, 27th Main Rd, Phase 3, 1st Sector, HSR Layout, Bengaluru, Karnataka 560102",12.9207539,77.650514,Restaurant,http://www.casafresco.in/,ChZDSUhNMG9nS0VJQ0FnSURMd19Pa093EAE,"Casa Fresco, HSR: All",Vaisakh Poyyeri,101745078606187998566,False,5,,0,a year ago,"{""dining_mode"": ""Dine in"", ""meal_type"": ""Brunch"", ""price_per_person"": ""₹800–1,000"", ""food"": 5, ""service_rating"": 5, ""atmosphere"": 5}"
"Casa Fresco, HSR: All-Day Dining & Café",080 4992 7445,"73, 27th Main Rd, Phase 3, 1st Sector, HSR Layout, Bengaluru, Karnataka 560102",12.9207539,77.650514,Restaurant,http://www.casafresco.in/,ChZDSUhNMG9nS0VJQ0FnSURMN2FYamNREAE,"Casa Fresco, HSR: All",The Foodlander,118171413127467152622,True,3,"Great Ambience, slow musics and nice staffs.  Florentine Pizza - 4.5 / 5  Santiago Paneer Sandwich - 3 / 5  Zesty Chicken Bytes - 2.5 / 5  Didn’t allow us to use laptop on a weekend, that was surprising.  Overall experience was good.",0,a year ago,"{""dining_mode"": ""Dine in"", ""meal_type"": ""Dinner"", ""price_per_person"": ""₹200–400"", ""food"": 3, ""service_rating"": 5, ""atmosphere"": 5}"
"Casa Fresco, HSR: All-Day Dining & Café",080 4992 7445,"73, 27th Main Rd, Phase 3, 1st Sector, HSR Layout, Bengaluru, Karnataka 560102",12.9207539,77.650514,Restaurant,http://www.casafresco.in/,ChdDSUhNMG9nS0VJQ0FnSURMallXenpBRRAB,"Casa Fresco, HSR: All",Arnab Batabyal,105784098370719870792,True,5,"The place is nice, a little bit out of sunlight. Food took time. Quality is ok.",0,a year ago,"{""food"": 4, ""service_rating"": 3, ""atmosphere"": 2}"
"Casa Fresco, HSR: All-Day Dining & Café",080 4992 7445,"73, 27th Main Rd, Phase 3, 1st Sector, HSR Layout, Bengaluru, Karnataka 560102",12.9207539,77.650514,Restaurant,http://www.casafresco.in/,ChdDSUhNMG9nS0VJQ0FnSURMbFk2VzRBRRAB,"Casa Fresco, HSR: All",Poulomi Banerjee,109229809760161547631,True,4,,0,a year ago,"{""food"": 4, ""service_rating"": 4, ""atmosphere"": 4}"
"Casa Fresco, HSR: All-Day Dining & Café",080 4992 7445,"73, 27th Main Rd, Phase 3, 1st Sector, HSR Layout, Bengaluru, Karnataka 560102",12.9207539,77.650514,Restaurant,http://www.casafresco.in/,ChdDSUhNMG9nS0VJQ0FnSURMaFpHdXh3RRAB,"Casa Fresco, HSR: All",Aswathy Joshy,105876360273132472880,True,5,,0,a year ago,"{""food"": 5, ""service_rating"": 5, ""atmosphere"": 5}"
"Casa Fresco, HSR: All-Day Dining & Café",080 4992 7445,"73, 27th Main Rd, Phase 3, 1st Sector, HSR Layout, Bengaluru, Karnataka 560102",12.9207539,77.650514,Restaurant,http://www.casafresco.in/,ChZDSUhNMG9nS0VJQ0FnSURMdnRfY2VnEAE,"Casa Fresco, HSR: All",Mathews T A,112136634257365673686,True,5,,0,a year ago,"{""food"": 5, ""service_rating"": 5, ""atmosphere"": 5}"
"Casa Fresco, HSR: All-Day Dining & Café",080 4992 7445,"73, 27th Main Rd, Phase 3, 1st Sector, HSR Layout, Bengaluru, Karnataka 560102",12.9207539,77.650514,Restaurant,http://www.casafresco.in/,ChZDSUhNMG9nS0VJQ0FnSURMcm9hLUtREAE,"Casa Fresco, HSR: All",Sanju Sah,102623357662900691594,True,4,Good food with good ambience,0,a year ago,"{""dining_mode"": ""Dine in"", ""meal_type"": ""Brunch"", ""price_per_person"": ""₹600–800"", ""food"": 4, ""service_rating"": 4, ""atmosphere"": 4}"
"Casa Fresco, HSR: All-Day Dining & Café",080 4992 7445,"73, 27th Main Rd, Phase 3, 1st Sector, HSR Layout, Bengaluru, Karnataka 560102",12.9207539,77.650514,Restaurant,http://www.casafresco.in/,ChZDSUhNMG9nS0VJQ0FnSURManA3TmVBEAE,"Casa Fresco, HSR: All",Ketan Jaiswal,117713868506707711933,True,5,Have been here a couple of times with friends and family.. Absolutely love their Lhasa Thunder Sizzler.. Can go here over and over again just for these sizzler’s. The honey chilly potatoes and pasta were yummy too.. Also love the ambience of this place.. got that old Portugal bungalow vibe and the management certainly have good taste of music.. The staff is also very polite and courteous and the location is convenient too..,0,a year ago,"{""dining_mode"": ""Dine in"", ""meal_type"": ""Brunch"", ""price_per_person"": ""₹200–400"", ""food"": 5, ""service_rating"": 5, ""atmosphere"": 5, ""kid_friendliness"": ""I have seen quite a few family coming with kids""}"
"Casa Fresco, HSR: All-Day Dining & Café",080 4992 7445,"73, 27th Main Rd, Phase 3, 1st Sector, HSR Layout, Bengaluru, Karnataka 560102",12.9207539,77.650514,Restaurant,http://www.casafresco.in/,ChZDSUhNMG9nS0VJQ0FnSURMbHVQQllREAE,"Casa Fresco, HSR: All",Izzy Agencies,110107221353309238530,True,3,"We had been there for dinner. The quality of the food was just normal. The service is very slow and not upto the mark. Having a lot of people to serve, still the service wasn't satisfactory after paying the price for the food. Sizzler was not worth the money as there was just a single piece of chicken and a lot of noodles and vegetables.  They also allowed pets inside the restaurant. The waiters were touching the pet and then serving the customers with the same hands which is so unhygienic for the people who are eating the food.  I do not recommend this place for the unhygienic way of serving food coz this may lead to different kinds of diseases.",0,a year ago,"{""dining_mode"": ""Dine in"", ""meal_type"": ""Dinner"", ""price_per_person"": ""₹200–400"", ""food"": 3, ""service_rating"": 2, ""atmosphere"": 3}"
"Casa Fresco, HSR: All-Day Dining & Café",080 4992 7445,"73, 27th Main Rd, Phase 3, 1st Sector, HSR Layout, Bengaluru, Karnataka 560102",12.9207539,77.650514,Restaurant,http://www.casafresco.in/,ChdDSUhNMG9nS0VJQ0FnSURMd3N2RzFBRRAB,"Casa Fresco, HSR: All",Neeraj K,101316636896204285251,True,5,Small place but really good. Nothing to complaint about. Not a foodie so cannot guarantee about the originality of the dishes. Taste wise it was all good.,0,a year ago,"{""dining_mode"": ""Dine in"", ""meal_type"": ""Dinner"", ""price_per_person"": ""₹1,000–1,200"", ""food"": 5, ""service_rating"": 5, ""atmosphere"": 5, ""vegetarian_recommendation"": ""Highly recommend"", ""vegetarian_offerings"": ""Vegetarian menu or section"", ""vegetarian_options"": ""Decent veg options also""}"
"Casa Fresco, HSR: All-Day Dining & Café",080 4992 7445,"73, 27th Main Rd, Phase 3, 1st Sector, HSR Layout, Bengaluru, Karnataka 560102",12.9207539,77.650514,Restaurant,http://www.casafresco.in/,ChdDSUhNMG9nS0VJQ0FnSURMbUptVDVnRRAB,"Casa Fresco, HSR: All",Swekcha Sahai,103237976239131186033,True,3,It was okay.,0,a year ago,"{""dining_mode"": ""Dine in"", ""meal_type"": ""Breakfast"", ""price_per_person"": ""₹600–800""}"
"Casa Fresco, HSR: All-Day Dining & Café",080 4992 7445,"73, 27th Main Rd, Phase 3, 1st Sector, HSR Layout, Bengaluru, Karnataka 560102",12.9207539,77.650514,Restaurant,http://www.casafresco.in/,ChZDSUhNMG9nS0VJQ0FnSUNMNTVpb1JBEAE,"Casa Fresco, HSR: All",Akhro Meks,116844833481595471149,False,1,Worst place ever,0,a year ago,"{""food"": 1, ""service_rating"": 1, ""atmosphere"": 1}"
"Casa Fresco, HSR: All-Day Dining & Café",080 4992 7445,"73, 27th Main Rd, Phase 3, 1st Sector, HSR Layout, Bengaluru, Karnataka 560102",12.9207539,77.650514,Restaurant,http://www.casafresco.in/,ChZDSUhNMG9nS0VJQ0FnSUNMcC1Pb1JBEAE,"Casa Fresco, HSR: All",krishan kumar Agrawal,104507864348355933335,True,5,"If you like casual dining spots with a wide variety of dishes, then Casa Fresco is your go to place! Located near 27th main road, it is in an independent colonial style bungalow. They have covered courtyard seating, but the rooftop was not operational when we visited. The food here is delicious, we tried mexican fries, aglio olio pasta, wok & smoke platter and a few beverages. The vibe was good, with greenery all around.",0,a year ago,"{""food"": 5, ""service_rating"": 5, ""atmosphere"": 5}"
"Casa Fresco, HSR: All-Day Dining & Café",080 4992 7445,"73, 27th Main Rd, Phase 3, 1st Sector, HSR Layout, Bengaluru, Karnataka 560102",12.9207539,77.650514,Restaurant,http://www.casafresco.in/,ChZDSUhNMG9nS0VJQ0FnSUNMeDlIZmVBEAE,"Casa Fresco, HSR: All",Minal Sarda,107715826008248258604,False,5,,0,a year ago,
"Casa Fresco, HSR: All-Day Dining & Café",080 4992 7445,"73, 27th Main Rd, Phase 3, 1st Sector, HSR Layout, Bengaluru, Karnataka 560102",12.9207539,77.650514,Restaurant,http://www.casafresco.in/,ChdDSUhNMG9nS0VJQ0FnSUNMeThQQzhRRRAB,"Casa Fresco, HSR: All",utkarsh gupta,106664879149798366881,True,5,Ramsay scrambled eggs is something to die for 😋,0,a year ago,"{""food"": 5, ""service_rating"": 5, ""atmosphere"": 5}"
"Casa Fresco, HSR: All-Day Dining & Café",080 4992 7445,"73, 27th Main Rd, Phase 3, 1st Sector, HSR Layout, Bengaluru, Karnataka 560102",12.9207539,77.650514,Restaurant,http://www.casafresco.in/,ChdDSUhNMG9nS0VJQ0FnSUNMa19qYXJnRRAB,"Casa Fresco, HSR: All",Deepak Behera,115757480828381290277,True,4,"Food is good, service is decent.  Outdoor atmosphere is great but thats the problem also... because mosquitos 🦟... although they have mosquito 🦟  coils everywhere but its ineffective...",0,a year ago,"{""dining_mode"": ""Dine in"", ""meal_type"": ""Dinner"", ""price_per_person"": ""₹400–600"", ""food"": 4, ""service_rating"": 4, ""atmosphere"": 4}"
"Casa Fresco, HSR: All-Day Dining & Café",080 4992 7445,"73, 27th Main Rd, Phase 3, 1st Sector, HSR Layout, Bengaluru, Karnataka 560102",12.9207539,77.650514,Restaurant,http://www.casafresco.in/,ChZDSUhNMG9nS0VJQ0FnSUNMdzRqZ093EAE,"Casa Fresco, HSR: All",Smitha Aradhya,109164955311518087627,False,5,"Have been to casa fresco in hsr layout a few times. The food here is both healthy and delicious. I have tried most dishes including pizzas, burger, steaks and pastas. The ambience is charming with fairy lights and a tree inside the restaurant. Is usually packed on weekends, so weekday evening is a good time to visit.",0,a year ago,"{""food"": 5, ""service_rating"": 5, ""atmosphere"": 5}"
"Casa Fresco, HSR: All-Day Dining & Café",080 4992 7445,"73, 27th Main Rd, Phase 3, 1st Sector, HSR Layout, Bengaluru, Karnataka 560102",12.9207539,77.650514,Restaurant,http://www.casafresco.in/,ChZDSUhNMG9nS0VJQ0FnSUNMcGR5dVlBEAE,"Casa Fresco, HSR: All",manish kumar,107431949962713782255,False,1,Cappuccino has hardly coffee in it.,0,a year ago,"{""food"": 1, ""service_rating"": 1, ""atmosphere"": 3}"
"Casa Fresco, HSR: All-Day Dining & Café",080 4992 7445,"73, 27th Main Rd, Phase 3, 1st Sector, HSR Layout, Bengaluru, Karnataka 560102",12.9207539,77.650514,Restaurant,http://www.casafresco.in/,ChdDSUhNMG9nS0VJQ0FnSUNMeGNHcl93RRAB,"Casa Fresco, HSR: All",Karthikeyan N,107838999657243956321,False,2,We didn’t experience a good service. The taste of the food is not that good to ignore the experience of the service. Not a comeback place for us.,0,a year ago,"{""dining_mode"": ""Dine in"", ""meal_type"": ""Dinner"", ""price_per_person"": ""₹800–1,000"", ""food"": 3, ""service_rating"": 1, ""atmosphere"": 4}"
"Casa Fresco, HSR: All-Day Dining & Café",080 4992 7445,"73, 27th Main Rd, Phase 3, 1st Sector, HSR Layout, Bengaluru, Karnataka 560102",12.9207539,77.650514,Restaurant,http://www.casafresco.in/,ChdDSUhNMG9nS0VJQ0FnSUNMMGFIX3pnRRAB,"Casa Fresco, HSR: All",Arun Ramadas,102556571786859338611,False,4,,0,a year ago,"{""food"": 3, ""service_rating"": 3, ""atmosphere"": 4}"
"Casa Fresco, HSR: All-Day Dining & Café",080 4992 7445,"73, 27th Main Rd, Phase 3, 1st Sector, HSR Layout, Bengaluru, Karnataka 560102",12.9207539,77.650514,Restaurant,http://www.casafresco.in/,ChZDSUhNMG9nS0VJQ0FnSUNMdnV6MWN3EAE,"Casa Fresco, HSR: All",Narendra Kumar R,110656886102555371449,True,4,,0,a year ago,"{""dining_mode"": ""Dine in"", ""meal_type"": ""Other"", ""price_per_person"": ""₹600–800"", ""food"": 4, ""service_rating"": 4, ""atmosphere"": 5, ""vegetarian_recommendation"": ""Somewhat recommend""}"
"Casa Fresco, HSR: All-Day Dining & Café",080 4992 7445,"73, 27th Main Rd, Phase 3, 1st Sector, HSR Layout, Bengaluru, Karnataka 560102",12.9207539,77.650514,Restaurant,http://www.casafresco.in/,ChZDSUhNMG9nS0VJQ0FnSUNMNXZMQUh3EAE,"Casa Fresco, HSR: All",Shraddha Bhagat,114731066860281253965,False,4,,0,a year ago,"{""food"": 4, ""service_rating"": 4, ""atmosphere"": 5}"
"Casa Fresco, HSR: All-Day Dining & Café",080 4992 7445,"73, 27th Main Rd, Phase 3, 1st Sector, HSR Layout, Bengaluru, Karnataka 560102",12.9207539,77.650514,Restaurant,http://www.casafresco.in/,ChZDSUhNMG9nS0VJQ0FnSUNMdW9Pc2JREAE,"Casa Fresco, HSR: All",ganesh thirthahalli. k s,110026916922546414861,True,5,,0,a year ago,"{""food"": 5, ""service_rating"": 5, ""atmosphere"": 5}"
"Casa Fresco, HSR: All-Day Dining & Café",080 4992 7445,"73, 27th Main Rd, Phase 3, 1st Sector, HSR Layout, Bengaluru, Karnataka 560102",12.9207539,77.650514,Restaurant,http://www.casafresco.in/,ChZDSUhNMG9nS0VJQ0FnSUNMdXJUMFFREAE,"Casa Fresco, HSR: All",Reddy Anand,107362900855879511572,False,5,,0,a year ago,
"Casa Fresco, HSR: All-Day Dining & Café",080 4992 7445,"73, 27th Main Rd, Phase 3, 1st Sector, HSR Layout, Bengaluru, Karnataka 560102",12.9207539,77.650514,Restaurant,http://www.casafresco.in/,ChZDSUhNMG9nS0VJQ0FnSUNMMnRLOE9REAE,"Casa Fresco, HSR: All",Tejaswi Buddharaju,113739395126287769940,True,4,,0,a year ago,"{""food"": 4, ""service_rating"": 4, ""atmosphere"": 4}"
"Casa Fresco, HSR: All-Day Dining & Café",080 4992 7445,"73, 27th Main Rd, Phase 3, 1st Sector, HSR Layout, Bengaluru, Karnataka 560102",12.9207539,77.650514,Restaurant,http://www.casafresco.in/,ChZDSUhNMG9nS0VJQ0FnSUNMNnFiMkpREAE,"Casa Fresco, HSR: All",Yashi Mishra,105006373429729254695,True,5,"Food is good, kurkure momos, Himalayan chowmein, jhalmuri, french toast, pancakes are all time favourites. It's pet friendly, good ambience.",0,a year ago,"{""dining_mode"": ""Dine in"", ""meal_type"": ""Dinner"", ""price_per_person"": ""₹400–600"", ""food"": 5, ""service_rating"": 4, ""atmosphere"": 4, ""vegetarian_recommendation"": ""Highly recommend"", ""vegetarian_offerings"": ""Large vegetarian selection""}"
"Casa Fresco, HSR: All-Day Dining & Café",080 4992 7445,"73, 27th Main Rd, Phase 3, 1st Sector, HSR Layout, Bengaluru, Karnataka 560102",12.9207539,77.650514,Restaurant,http://www.casafresco.in/,ChZDSUhNMG9nS0VJQ0FnSUNMNHJiN0RREAE,"Casa Fresco, HSR: All",Avanish Kumar Mishra,111772317075525156279,True,4,"Food is really good , We experienced little Delay and Mosquito Bite is complimentary :)",0,a year ago,"{""dining_mode"": ""Dine in"", ""meal_type"": ""Breakfast"", ""price_per_person"": ""₹600–800"", ""food"": 4, ""service_rating"": 3, ""atmosphere"": 3, ""vegetarian_recommendation"": ""Somewhat recommend"", ""vegetarian_offerings"": ""Large vegetarian selection""}"
"Casa Fresco, HSR: All-Day Dining & Café",080 4992 7445,"73, 27th Main Rd, Phase 3, 1st Sector, HSR Layout, Bengaluru, Karnataka 560102",12.9207539,77.650514,Restaurant,http://www.casafresco.in/,ChZDSUhNMG9nS0VJQ0FnSUNMbkxmc2RBEAE,"Casa Fresco, HSR: All",Mohit Prajapati,105299900148815268337,False,4,,0,a year ago,"{""food"": 4, ""service_rating"": 4, ""atmosphere"": 4}"
"Casa Fresco, HSR: All-Day Dining & Café",080 4992 7445,"73, 27th Main Rd, Phase 3, 1st Sector, HSR Layout, Bengaluru, Karnataka 560102",12.9207539,77.650514,Restaurant,http://www.casafresco.in/,ChdDSUhNMG9nS0VJQ0FnSUNMckttM3FnRRAB,"Casa Fresco, HSR: All",vinay,105375227024264437712,True,4,,0,a year ago,"{""dining_mode"": ""Dine in"", ""price_per_person"": ""₹600–800"", ""food"": 4, ""service_rating"": 5, ""atmosphere"": 4}"
"Casa Fresco, HSR: All-Day Dining & Café",080 4992 7445,"73, 27th Main Rd, Phase 3, 1st Sector, HSR Layout, Bengaluru, Karnataka 560102",12.9207539,77.650514,Restaurant,http://www.casafresco.in/,ChZDSUhNMG9nS0VJQ0FnSUNMcE9tMU13EAE,"Casa Fresco, HSR: All",Shruti Vijay Kumar,107483223378555511603,True,4,"The cafe is located in the middle of HSR and it’s really pretty. Would recommend this cafe to hang out. The food was pretty good but the iced americano was disgusting. Absolutely disgusting and I physically squirmed after every sip. But the burger, pasta, fries and thai curry were amazing. Loved the food overall.",0,a year ago,"{""dining_mode"": ""Dine in"", ""meal_type"": ""Brunch"", ""price_per_person"": ""₹400–600"", ""food"": 4, ""service_rating"": 5, ""atmosphere"": 5}"
"Casa Fresco, HSR: All-Day Dining & Café",080 4992 7445,"73, 27th Main Rd, Phase 3, 1st Sector, HSR Layout, Bengaluru, Karnataka 560102",12.9207539,77.650514,Restaurant,http://www.casafresco.in/,ChdDSUhNMG9nS0VJQ0FnSUNMcElhM2pnRRAB,"Casa Fresco, HSR: All",pravesh parashar,111303414971129580315,True,1,,0,a year ago,"{""dining_mode"": ""Dine in"", ""meal_type"": ""Breakfast"", ""price_per_person"": ""₹1,200–1,400"", ""food"": 1, ""service_rating"": 1, ""atmosphere"": 1}"
"Casa Fresco, HSR: All-Day Dining & Café",080 4992 7445,"73, 27th Main Rd, Phase 3, 1st Sector, HSR Layout, Bengaluru, Karnataka 560102",12.9207539,77.650514,Restaurant,http://www.casafresco.in/,ChZDSUhNMG9nS0VJQ0FnSUNMeU5QSWRREAE,"Casa Fresco, HSR: All",Babu Kudagi,111564228140752891384,False,5,,0,a year ago,"{""food"": 5, ""service_rating"": 5, ""atmosphere"": 5}"
"Casa Fresco, HSR: All-Day Dining & Café",080 4992 7445,"73, 27th Main Rd, Phase 3, 1st Sector, HSR Layout, Bengaluru, Karnataka 560102",12.9207539,77.650514,Restaurant,http://www.casafresco.in/,ChdDSUhNMG9nS0VJQ0FnSUR6bFBqdzJBRRAB,"Casa Fresco, HSR: All",Aakriti Sharma,116976534124700822951,True,5,"For trying out the special bubble tea and American pancakes recently I went to this place and this is a hidden gem in HSR layout. The ambience gives Goa vibes with the natural lush green space which makes the cafe more beautiful and soothing. You should visit this place for enjoying the vibe or opt for work from cafe or meeting old frnds to do some chit chat. For all the purpose cafe gives cool and calm vibe. A must visit place to try out pancakes, bubble tea and Pasta.",0,Edited a year ago,"{""food"": 5, ""service_rating"": 5, ""atmosphere"": 5}"
"Casa Fresco, HSR: All-Day Dining & Café",080 4992 7445,"73, 27th Main Rd, Phase 3, 1st Sector, HSR Layout, Bengaluru, Karnataka 560102",12.9207539,77.650514,Restaurant,http://www.casafresco.in/,ChdDSUhNMG9nS0VJQ0FnSUR6Nzd6SWpBRRAB,"Casa Fresco, HSR: All",divya gupta,113946964721283737349,True,5,"Nestled within a charming bungalow, Casa Fresco offers a serene ambience with greenery. The menu surprised me with a delightful variety of dishes; my favs here are pastas & thin crust pizzas. Their street food and bubble teas are also a must try! The servers are extremely polite & welcoming. The pricing is quite reasonable. It tends to get a little crowded on weekends, so best time to visit will be on a weekday evening for dinner.",0,a year ago,"{""dining_mode"": ""Dine in"", ""meal_type"": ""Dinner"", ""food"": 5, ""service_rating"": 5, ""atmosphere"": 5}"
"Casa Fresco, HSR: All-Day Dining & Café",080 4992 7445,"73, 27th Main Rd, Phase 3, 1st Sector, HSR Layout, Bengaluru, Karnataka 560102",12.9207539,77.650514,Restaurant,http://www.casafresco.in/,ChZDSUhNMG9nS0VJQ0FnSUR6OTZQWFpnEAE,"Casa Fresco, HSR: All",Sriram,103024912854664762834,True,3,"The Food itself is pretty alright, not very good but not bad either. The female staff here was very polite and reciprocative,  however, I couldn't say the same about the male staff as although they were polite too, they had a bit of reluctance with serving and a bit slow with responding to our requests too, with that in consideration the overall experience was still on the better side. Another thing you need to keep in mind is the flies could pose an issue depending on your preferences.",0,a year ago,"{""dining_mode"": ""Dine in"", ""meal_type"": ""Lunch"", ""price_per_person"": ""₹200–400"", ""food"": 3, ""service_rating"": 3, ""atmosphere"": 2}"
"Casa Fresco, HSR: All-Day Dining & Café",080 4992 7445,"73, 27th Main Rd, Phase 3, 1st Sector, HSR Layout, Bengaluru, Karnataka 560102",12.9207539,77.650514,Restaurant,http://www.casafresco.in/,ChZDSUhNMG9nS0VJQ0FnSUR6MTlmb05BEAE,"Casa Fresco, HSR: All",Akashdeep Shukla,110215255661053289190,True,5,"although it was not open by the time i reached there, I still trust their service because of indiranagar branch",0,a year ago,"{""food"": 5, ""service_rating"": 5, ""atmosphere"": 5}"
"Casa Fresco, HSR: All-Day Dining & Café",080 4992 7445,"73, 27th Main Rd, Phase 3, 1st Sector, HSR Layout, Bengaluru, Karnataka 560102",12.9207539,77.650514,Restaurant,http://www.casafresco.in/,ChdDSUhNMG9nS0VJQ0FnSUR6cmFfTXJRRRAB,"Casa Fresco, HSR: All",Vishtasp Meherhomji,110796656426708601348,True,5,,0,a year ago,"{""dining_mode"": ""Dine in"", ""meal_type"": ""Brunch"", ""price_per_person"": ""₹200–400"", ""food"": 5, ""service_rating"": 4, ""atmosphere"": 5}"
"Casa Fresco, HSR: All-Day Dining & Café",080 4992 7445,"73, 27th Main Rd, Phase 3, 1st Sector, HSR Layout, Bengaluru, Karnataka 560102",12.9207539,77.650514,Restaurant,http://www.casafresco.in/,ChZDSUhNMG9nS0VJQ0FnSUR6NWRYeGNnEAE,"Casa Fresco, HSR: All",adgyr g,109000553524062508485,True,5,,0,a year ago,"{""food"": 5, ""service_rating"": 5, ""atmosphere"": 5}"
"Casa Fresco, HSR: All-Day Dining & Café",080 4992 7445,"73, 27th Main Rd, Phase 3, 1st Sector, HSR Layout, Bengaluru, Karnataka 560102",12.9207539,77.650514,Restaurant,http://www.casafresco.in/,ChdDSUhNMG9nS0VJQ0FnSUR6eFlmd2hnRRAB,"Casa Fresco, HSR: All",Vignesh Rajendran,111928861320022566202,True,3,,0,a year ago,"{""dining_mode"": ""Dine in"", ""meal_type"": ""Dinner"", ""price_per_person"": ""₹400–600"", ""food"": 3, ""service_rating"": 3, ""atmosphere"": 3}"
"Casa Fresco, HSR: All-Day Dining & Café",080 4992 7445,"73, 27th Main Rd, Phase 3, 1st Sector, HSR Layout, Bengaluru, Karnataka 560102",12.9207539,77.650514,Restaurant,http://www.casafresco.in/,ChZDSUhNMG9nS0VJQ0FnSUR6d2ZmWkxREAE,"Casa Fresco, HSR: All",AKS SEVEN,100149538690841466605,True,5,,0,a year ago,"{""dining_mode"": ""Dine in"", ""meal_type"": ""Brunch"", ""food"": 5, ""service_rating"": 5, ""atmosphere"": 5}"
"Casa Fresco, HSR: All-Day Dining & Café",080 4992 7445,"73, 27th Main Rd, Phase 3, 1st Sector, HSR Layout, Bengaluru, Karnataka 560102",12.9207539,77.650514,Restaurant,http://www.casafresco.in/,ChdDSUhNMG9nS0VJQ0FnSUNEbmFlSHdnRRAB,"Casa Fresco, HSR: All",Anindita Bhattacharyya,106832374593111250822,False,3,Very friendly place to hang out with pets ..lovely ambience and decor ..food quality is great,0,Edited a year ago,"{""dining_mode"": ""Dine in"", ""meal_type"": ""Dinner"", ""price_per_person"": ""₹400–600"", ""food"": 3, ""service_rating"": 2, ""atmosphere"": 3}"
"Casa Fresco, HSR: All-Day Dining & Café",080 4992 7445,"73, 27th Main Rd, Phase 3, 1st Sector, HSR Layout, Bengaluru, Karnataka 560102",12.9207539,77.650514,Restaurant,http://www.casafresco.in/,ChZDSUhNMG9nS0VJQ0FnSUR6Z1p6TUNREAE,"Casa Fresco, HSR: All",Kumar Anand,114788974960997754209,False,5,,0,a year ago,"{""dining_mode"": ""Dine in"", ""meal_type"": ""Brunch"", ""price_per_person"": ""₹1,000–1,200""}"
"Casa Fresco, HSR: All-Day Dining & Café",080 4992 7445,"73, 27th Main Rd, Phase 3, 1st Sector, HSR Layout, Bengaluru, Karnataka 560102",12.9207539,77.650514,Restaurant,http://www.casafresco.in/,ChZDSUhNMG9nS0VJQ0FnSUR6N3RyVUJnEAE,"Casa Fresco, HSR: All",karishma panjwani,110759729630477527205,False,5,I have been to the place quite a few times now for Brunch and High Tea And at both times the menu is super great. Healthy and delicious at the same time. It's a wide spread altogether.,0,a year ago,"{""dining_mode"": ""Dine in"", ""meal_type"": ""Brunch"", ""price_per_person"": ""₹800–1,000"", ""food"": 5, ""service_rating"": 5, ""atmosphere"": 5, ""recommended_dishes"": ""Fries"", ""vegetarian_recommendation"": ""Highly recommend"", ""vegetarian_offerings"": ""Clearly labeled vegetarian dishes""}"
"Casa Fresco, HSR: All-Day Dining & Café",080 4992 7445,"73, 27th Main Rd, Phase 3, 1st Sector, HSR Layout, Bengaluru, Karnataka 560102",12.9207539,77.650514,Restaurant,http://www.casafresco.in/,ChdDSUhNMG9nS0VJQ0FnSUR6bXFHR3lBRRAB,"Casa Fresco, HSR: All",Adarsh Pathak,103404272207507213165,True,5,,0,a year ago,
"Casa Fresco, HSR: All-Day Dining & Café",080 4992 7445,"73, 27th Main Rd, Phase 3, 1st Sector, HSR Layout, Bengaluru, Karnataka 560102",12.9207539,77.650514,Restaurant,http://www.casafresco.in/,ChdDSUhNMG9nS0VJQ0FnSUR6X091ZHpRRRAB,"Casa Fresco, HSR: All",pavan pavu,104525564337670494644,True,4,Best food,0,a year ago,"{""dining_mode"": ""Dine in"", ""meal_type"": ""Dinner"", ""price_per_person"": ""₹1,400–1,600"", ""food"": 5, ""service_rating"": 4, ""atmosphere"": 4}"
"Casa Fresco, HSR: All-Day Dining & Café",080 4992 7445,"73, 27th Main Rd, Phase 3, 1st Sector, HSR Layout, Bengaluru, Karnataka 560102",12.9207539,77.650514,Restaurant,http://www.casafresco.in/,ChZDSUhNMG9nS0VJQ0FnSUR6ektURktBEAE,"Casa Fresco, HSR: All",Komal Mehta,109095578439179130931,True,5,,0,a year ago,
"Casa Fresco, HSR: All-Day Dining & Café",080 4992 7445,"73, 27th Main Rd, Phase 3, 1st Sector, HSR Layout, Bengaluru, Karnataka 560102",12.9207539,77.650514,Restaurant,http://www.casafresco.in/,ChZDSUhNMG9nS0VJQ0FnSUR6cEpUZUZBEAE,"Casa Fresco, HSR: All",Swati Sondhi,101420441385394095769,True,5,visited this cafe and was super amazed to see the ambience and food both. the courtyard seating is really aesthetic and gives Goan vibe.  I really liked the thai curry platter and sizzler here and you must try their souffle omlette which is so unique and I love ved the bubble tea as well. must try place...,0,a year ago,"{""food"": 5, ""service_rating"": 5, ""atmosphere"": 5}"
"Casa Fresco, HSR: All-Day Dining & Café",080 4992 7445,"73, 27th Main Rd, Phase 3, 1st Sector, HSR Layout, Bengaluru, Karnataka 560102",12.9207539,77.650514,Restaurant,http://www.casafresco.in/,ChZDSUhNMG9nS0VJQ0FnSUR6aU03Y09BEAE,"Casa Fresco, HSR: All",Adeel Jafri,113798446216644662585,True,4,,0,a year ago,"{""dining_mode"": ""Dine in"", ""meal_type"": ""Dinner"", ""food"": 4, ""service_rating"": 4, ""atmosphere"": 5}"
"Casa Fresco, HSR: All-Day Dining & Café",080 4992 7445,"73, 27th Main Rd, Phase 3, 1st Sector, HSR Layout, Bengaluru, Karnataka 560102",12.9207539,77.650514,Restaurant,http://www.casafresco.in/,ChZDSUhNMG9nS0VJQ0FnSUN6XzZybUtnEAE,"Casa Fresco, HSR: All",Amrith Kaur,107503272903219648178,False,5,Loved Black coffee here,0,a year ago,"{""meal_type"": ""Brunch"", ""price_per_person"": ""₹200–400"", ""food"": 5, ""service_rating"": 5, ""atmosphere"": 5}"
"Casa Fresco, HSR: All-Day Dining & Café",080 4992 7445,"73, 27th Main Rd, Phase 3, 1st Sector, HSR Layout, Bengaluru, Karnataka 560102",12.9207539,77.650514,Restaurant,http://www.casafresco.in/,ChZDSUhNMG9nS0VJQ0FnSUN6aDZtdmJ3EAE,"Casa Fresco, HSR: All",Priyanka Shukla,103099317071592120644,True,5,"Absolutely loved my experience at Cafe Freshco! The menu offers an incredible variety of delicious dishes, each prepared with fresh and high-quality ingredients. The Watermelon Feta Salad was a refreshing start, with a perfect balance of sweet and savory flavors. The Mediterranean Pink Pasta was creamy and packed with rich, vibrant flavors that transported my taste buds straight to the Mediterranean coast. The Himalayan Chowmein was a delightful surprise, bursting with unique spices and perfectly cooked noodles.The ambience of Cafe Freshco is equally impressive. The soothing decor and calm, inviting atmosphere make it a perfect spot to relax and enjoy a meal.  Whether you're there for a quick bite or a leisurely lunch, you'll find the environment both comfortable and charming. Highly recommend this place for anyone looking to enjoy a great meal in a serene setting!",0,a year ago,"{""dining_mode"": ""Dine in"", ""meal_type"": ""Lunch"", ""price_per_person"": ""₹400–600"", ""food"": 5, ""service_rating"": 5, ""atmosphere"": 5, ""recommended_dishes"": ""Hazelnut Cold Coffee, Pasta Bolognese Pasta Alfredo Sauce, Belgian Waffles"", ""vegetarian_recommendation"": ""Highly recommend"", ""vegetarian_offerings"": ""Large vegetarian selection""}"
"Casa Fresco, HSR: All-Day Dining & Café",080 4992 7445,"73, 27th Main Rd, Phase 3, 1st Sector, HSR Layout, Bengaluru, Karnataka 560102",12.9207539,77.650514,Restaurant,http://www.casafresco.in/,ChdDSUhNMG9nS0VJQ0FnSUN6MjdxajFRRRAB,"Casa Fresco, HSR: All",K. Mohiuddin Farooqui,111518546503291552154,True,5,"Casa Fresco in HSR Layout is a charming cafe that offers a delightful escape from the hustle and bustle of Bangalore. With its cozy ambiance and a menu that caters to both breakfast enthusiasts and pizza lovers, this place is a must-visit.  Dishes I tried!!  1. **English Breakfast** - The English breakfast at Casa Fresco is a hearty affair. It includes perfectly cooked eggs, crispy bacon, sautéed mushrooms, grilled tomatoes, and toast. It's a great way to start your day on a delicious note.  2. **Big Ben Breakfast** - The Big Ben breakfast is a standout choice for those with a bigger appetite. It comes with a generous portion of eggs, sausages, baked beans, hash browns, and toast. The flavors are well-balanced, and it's a satisfying meal that keeps you full for hours.  3. **Florentine Pizza** - The Florentine pizza is a delightful fusion of flavors. Topped with fresh spinach, creamy ricotta, mozzarella, and a hint of garlic, this pizza is both light and flavorful. The crust is perfectly crispy, and the ingredients are fresh and well-balanced.",0,a year ago,"{""dining_mode"": ""Dine in"", ""meal_type"": ""Lunch"", ""food"": 5, ""service_rating"": 5, ""atmosphere"": 5}"
"Casa Fresco, HSR: All-Day Dining & Café",080 4992 7445,"73, 27th Main Rd, Phase 3, 1st Sector, HSR Layout, Bengaluru, Karnataka 560102",12.9207539,77.650514,Restaurant,http://www.casafresco.in/,ChdDSUhNMG9nS0VJQ0FnSUN6bmEtVXF3RRAB,"Casa Fresco, HSR: All",Srikanth Narayan,112537171546771170870,True,3,,0,a year ago,"{""food"": 3, ""service_rating"": 3, ""atmosphere"": 3}"
"Casa Fresco, HSR: All-Day Dining & Café",080 4992 7445,"73, 27th Main Rd, Phase 3, 1st Sector, HSR Layout, Bengaluru, Karnataka 560102",12.9207539,77.650514,Restaurant,http://www.casafresco.in/,ChdDSUhNMG9nS0VJQ0FnSUN6MllibXFBRRAB,"Casa Fresco, HSR: All",Saurabh Pathak,108391218201277537993,True,5,,0,a year ago,
"Casa Fresco, HSR: All-Day Dining & Café",080 4992 7445,"73, 27th Main Rd, Phase 3, 1st Sector, HSR Layout, Bengaluru, Karnataka 560102",12.9207539,77.650514,Restaurant,http://www.casafresco.in/,ChdDSUhNMG9nS0VJQ0FnSUN6MmFMcmpnRRAB,"Casa Fresco, HSR: All",prachee srivastava,103372396617595062549,True,2,"We went for breakfast on Sunday , the place is definitely popular as almost all the tables were full. It took a while to order as the staff was quite busy , some were new so didn't understand the order much. Food took a really really long time to come , I felt the portion size was small as compared to pricing. The menu is quite extensive , good variety but doesn't translate on plate. Was disappointing , maybe brunch might be a better option . Not sure if I'll try again , the rating is quite deceptive . It's definitely not a 4 star place for breakfast.",0,a year ago,"{""dining_mode"": ""Dine in"", ""meal_type"": ""Breakfast"", ""price_per_person"": ""₹400–600"", ""food"": 3, ""service_rating"": 1, ""atmosphere"": 2}"
"Casa Fresco, HSR: All-Day Dining & Café",080 4992 7445,"73, 27th Main Rd, Phase 3, 1st Sector, HSR Layout, Bengaluru, Karnataka 560102",12.9207539,77.650514,Restaurant,http://www.casafresco.in/,ChdDSUhNMG9nS0VJQ0FnSUN6N283aHJ3RRAB,"Casa Fresco, HSR: All",sudheer m jain,103093786009968805289,True,5,ಅವೆಸೋಮೇ food,0,a year ago,"{""food"": 5, ""service_rating"": 5, ""atmosphere"": 5, ""recommended_dishes"": ""Hazelnut Cold Coffee""}"
"Casa Fresco, HSR: All-Day Dining & Café",080 4992 7445,"73, 27th Main Rd, Phase 3, 1st Sector, HSR Layout, Bengaluru, Karnataka 560102",12.9207539,77.650514,Restaurant,http://www.casafresco.in/,ChZDSUhNMG9nS0VJQ0FnSUN6cnBLaVNREAE,"Casa Fresco, HSR: All",Amit Sedai,116848784454626208458,True,5,,0,a year ago,"{""dining_mode"": ""Dine in"", ""meal_type"": ""Lunch"", ""price_per_person"": ""₹400–600"", ""food"": 5, ""service_rating"": 4, ""atmosphere"": 5, ""recommended_dishes"": ""Fries"", ""vegetarian_recommendation"": ""Somewhat recommend"", ""vegetarian_offerings"": ""Vegetarian menu or section, Clearly labeled vegetarian dishes""}"
"Casa Fresco, HSR: All-Day Dining & Café",080 4992 7445,"73, 27th Main Rd, Phase 3, 1st Sector, HSR Layout, Bengaluru, Karnataka 560102",12.9207539,77.650514,Restaurant,http://www.casafresco.in/,ChdDSUhNMG9nS0VJQ0FnSUN6cHNHS29RRRAB,"Casa Fresco, HSR: All",Viral Kanzariya,116892685680269957042,True,4,"Small cafe with good food. There were too many flies and mosquitoes around, needs more cleanliness and maintenance. Boba tea and hot chocolate were average. Apart from that, pasta was delicious!",0,a year ago,"{""dining_mode"": ""Dine in"", ""meal_type"": ""Dinner"", ""price_per_person"": ""₹600–800"", ""food"": 4, ""service_rating"": 4, ""atmosphere"": 3}"
"Casa Fresco, HSR: All-Day Dining & Café",080 4992 7445,"73, 27th Main Rd, Phase 3, 1st Sector, HSR Layout, Bengaluru, Karnataka 560102",12.9207539,77.650514,Restaurant,http://www.casafresco.in/,ChZDSUhNMG9nS0VJQ0FnSUN6Nm9YbmZ3EAE,"Casa Fresco, HSR: All",Sam C,115166414541759363798,False,5,Ambience and food was so good,0,a year ago,"{""dining_mode"": ""Dine in"", ""meal_type"": ""Dinner"", ""price_per_person"": ""₹400–600"", ""food"": 5, ""service_rating"": 5, ""atmosphere"": 5, ""recommended_dishes"": ""Fries""}"
"Casa Fresco, HSR: All-Day Dining & Café",080 4992 7445,"73, 27th Main Rd, Phase 3, 1st Sector, HSR Layout, Bengaluru, Karnataka 560102",12.9207539,77.650514,Restaurant,http://www.casafresco.in/,ChdDSUhNMG9nS0VJQ0FnSUN6dk1UM2tnRRAB,"Casa Fresco, HSR: All",Vedanjali Srivastava,109363064799065269126,True,5,Best english breakfast available in bengaluru. Absolutely loved the food and ambience here and this being a pet friendly place is cherry on the cake,0,a year ago,"{""dining_mode"": ""Dine in"", ""meal_type"": ""Brunch"", ""food"": 5, ""service_rating"": 5, ""atmosphere"": 5}"
"Casa Fresco, HSR: All-Day Dining & Café",080 4992 7445,"73, 27th Main Rd, Phase 3, 1st Sector, HSR Layout, Bengaluru, Karnataka 560102",12.9207539,77.650514,Restaurant,http://www.casafresco.in/,ChZDSUhNMG9nS0VJQ0FnSUN6bkpmall3EAE,"Casa Fresco, HSR: All",Gouri Gindi,106721436964160816018,True,3,,0,a year ago,"{""dining_mode"": ""Dine in"", ""meal_type"": ""Other"", ""price_per_person"": ""₹800–1,000"", ""food"": 3, ""service_rating"": 3, ""atmosphere"": 4, ""vegetarian_recommendation"": ""Somewhat recommend""}"
"Casa Fresco, HSR: All-Day Dining & Café",080 4992 7445,"73, 27th Main Rd, Phase 3, 1st Sector, HSR Layout, Bengaluru, Karnataka 560102",12.9207539,77.650514,Restaurant,http://www.casafresco.in/,ChZDSUhNMG9nS0VJQ0FnSUN6N0ltTVlnEAE,"Casa Fresco, HSR: All",kirito yui,100937876501704217736,True,4,,0,a year ago,
"Casa Fresco, HSR: All-Day Dining & Café",080 4992 7445,"73, 27th Main Rd, Phase 3, 1st Sector, HSR Layout, Bengaluru, Karnataka 560102",12.9207539,77.650514,Restaurant,http://www.casafresco.in/,ChdDSUhNMG9nS0VJQ0FnSUN6ek0tRHRRRRAB,"Casa Fresco, HSR: All",dibya singh,109011720115781152880,True,2,We ordered full English breakfast..it was cold and didn't feel fresh also... Not recommend..,0,a year ago,"{""dining_mode"": ""Dine in"", ""meal_type"": ""Breakfast"", ""price_per_person"": ""₹400–600"", ""food"": 1, ""service_rating"": 1, ""atmosphere"": 4}"
"Casa Fresco, HSR: All-Day Dining & Café",080 4992 7445,"73, 27th Main Rd, Phase 3, 1st Sector, HSR Layout, Bengaluru, Karnataka 560102",12.9207539,77.650514,Restaurant,http://www.casafresco.in/,ChdDSUhNMG9nS0VJQ0FnSUN6akpPbG5BRRAB,"Casa Fresco, HSR: All",Prakash Samantaray,117079801443769064148,True,5,,0,a year ago,
"Casa Fresco, HSR: All-Day Dining & Café",080 4992 7445,"73, 27th Main Rd, Phase 3, 1st Sector, HSR Layout, Bengaluru, Karnataka 560102",12.9207539,77.650514,Restaurant,http://www.casafresco.in/,ChdDSUhNMG9nS0VJQ0FnSUN6aktHeDdRRRAB,"Casa Fresco, HSR: All",Vaibhav Gupta,100048582363936505037,True,3,Food was disappointing. Ambiance was petty okay,0,a year ago,"{""food"": 3, ""service_rating"": 4, ""atmosphere"": 5}"
"Casa Fresco, HSR: All-Day Dining & Café",080 4992 7445,"73, 27th Main Rd, Phase 3, 1st Sector, HSR Layout, Bengaluru, Karnataka 560102",12.9207539,77.650514,Restaurant,http://www.casafresco.in/,ChdDSUhNMG9nS0VJQ0FnSUN6c0xUNWd3RRAB,"Casa Fresco, HSR: All",Vishnu Madhavan,110397511699542165277,True,5,,0,a year ago,"{""food"": 5, ""service_rating"": 4, ""atmosphere"": 5}"
"Casa Fresco, HSR: All-Day Dining & Café",080 4992 7445,"73, 27th Main Rd, Phase 3, 1st Sector, HSR Layout, Bengaluru, Karnataka 560102",12.9207539,77.650514,Restaurant,http://www.casafresco.in/,ChZDSUhNMG9nS0VJQ0FnSUN6Z05Pd1V3EAE,"Casa Fresco, HSR: All",Sukesh Ram,107849369641944351314,False,5,,0,a year ago,"{""food"": 5, ""service_rating"": 5, ""atmosphere"": 5}"
"Casa Fresco, HSR: All-Day Dining & Café",080 4992 7445,"73, 27th Main Rd, Phase 3, 1st Sector, HSR Layout, Bengaluru, Karnataka 560102",12.9207539,77.650514,Restaurant,http://www.casafresco.in/,ChZDSUhNMG9nS0VJQ0FnSURUejdDQ1RREAE,"Casa Fresco, HSR: All",Ulles Rr,107339875268897670582,False,5,,0,a year ago,"{""food"": 5, ""service_rating"": 5, ""atmosphere"": 5}"
"Casa Fresco, HSR: All-Day Dining & Café",080 4992 7445,"73, 27th Main Rd, Phase 3, 1st Sector, HSR Layout, Bengaluru, Karnataka 560102",12.9207539,77.650514,Restaurant,http://www.casafresco.in/,ChZDSUhNMG9nS0VJQ0FnSURUaDlyQkVnEAE,"Casa Fresco, HSR: All",The Green Room,113122691686590273188,True,4,Food is good and ambience is ok but the staff was quite unresponsive and mostly engaged in talking among themselves.,0,a year ago,"{""dining_mode"": ""Dine in"", ""meal_type"": ""Other"", ""price_per_person"": ""₹200–400"", ""food"": 5, ""service_rating"": 2, ""atmosphere"": 3, ""recommended_dishes"": ""Hazelnut Cold Coffee""}"
"Casa Fresco, HSR: All-Day Dining & Café",080 4992 7445,"73, 27th Main Rd, Phase 3, 1st Sector, HSR Layout, Bengaluru, Karnataka 560102",12.9207539,77.650514,Restaurant,http://www.casafresco.in/,ChZDSUhNMG9nS0VJQ0FnSURULS16SFZ3EAE,"Casa Fresco, HSR: All",Lavanya MR,116739595960872323801,False,5,,0,a year ago,"{""food"": 5, ""service_rating"": 5, ""atmosphere"": 5}"
"Casa Fresco, HSR: All-Day Dining & Café",080 4992 7445,"73, 27th Main Rd, Phase 3, 1st Sector, HSR Layout, Bengaluru, Karnataka 560102",12.9207539,77.650514,Restaurant,http://www.casafresco.in/,ChdDSUhNMG9nS0VJQ0FnSURUMjRtV2pnRRAB,"Casa Fresco, HSR: All",Choihoi Vaiphei,100104440570884901525,False,5,,0,a year ago,"{""food"": 5, ""service_rating"": 5, ""atmosphere"": 4}"
"Casa Fresco, HSR: All-Day Dining & Café",080 4992 7445,"73, 27th Main Rd, Phase 3, 1st Sector, HSR Layout, Bengaluru, Karnataka 560102",12.9207539,77.650514,Restaurant,http://www.casafresco.in/,ChZDSUhNMG9nS0VJQ0FnSURUbTdyaUJnEAE,"Casa Fresco, HSR: All",Shiva Malla,106439201501141932377,False,5,,0,a year ago,"{""food"": 5, ""service_rating"": 5, ""atmosphere"": 5}"
"Casa Fresco, HSR: All-Day Dining & Café",080 4992 7445,"73, 27th Main Rd, Phase 3, 1st Sector, HSR Layout, Bengaluru, Karnataka 560102",12.9207539,77.650514,Restaurant,http://www.casafresco.in/,ChdDSUhNMG9nS0VJQ0FnSURUNjl2c3VnRRAB,"Casa Fresco, HSR: All",Umuangpu Pamngai,107467970523663170403,False,5,,0,a year ago,"{""food"": 5, ""service_rating"": 5, ""atmosphere"": 5}"
"Casa Fresco, HSR: All-Day Dining & Café",080 4992 7445,"73, 27th Main Rd, Phase 3, 1st Sector, HSR Layout, Bengaluru, Karnataka 560102",12.9207539,77.650514,Restaurant,http://www.casafresco.in/,ChZDSUhNMG9nS0VJQ0FnSURUMDYtTEFREAE,"Casa Fresco, HSR: All",Monisha Pujar,104641113098039485512,True,5,,0,a year ago,"{""food"": 5, ""service_rating"": 5, ""atmosphere"": 5}"
"Casa Fresco, HSR: All-Day Dining & Café",080 4992 7445,"73, 27th Main Rd, Phase 3, 1st Sector, HSR Layout, Bengaluru, Karnataka 560102",12.9207539,77.650514,Restaurant,http://www.casafresco.in/,ChdDSUhNMG9nS0VJQ0FnSURUazYzUnBnRRAB,"Casa Fresco, HSR: All",Badal Mangar,106053649122357057165,False,5,,0,a year ago,"{""food"": 5, ""service_rating"": 4, ""atmosphere"": 3}"
"Casa Fresco, HSR: All-Day Dining & Café",080 4992 7445,"73, 27th Main Rd, Phase 3, 1st Sector, HSR Layout, Bengaluru, Karnataka 560102",12.9207539,77.650514,Restaurant,http://www.casafresco.in/,ChZDSUhNMG9nS0VJQ0FnSURUazRxbUxREAE,"Casa Fresco, HSR: All",Mukesh Desai,115980785588283396047,False,5,One off the best place to spend time with family We will be back soon 💜,0,a year ago,"{""dining_mode"": ""Dine in"", ""meal_type"": ""Brunch"", ""price_per_person"": ""₹600–800"", ""food"": 5, ""service_rating"": 5, ""atmosphere"": 5, ""vegetarian_recommendation"": ""Highly recommend"", ""vegetarian_offerings"": ""Clearly labeled vegetarian dishes""}"
"Casa Fresco, HSR: All-Day Dining & Café",080 4992 7445,"73, 27th Main Rd, Phase 3, 1st Sector, HSR Layout, Bengaluru, Karnataka 560102",12.9207539,77.650514,Restaurant,http://www.casafresco.in/,ChdDSUhNMG9nS0VJQ0FnSURUNDVhUXBnRRAB,"Casa Fresco, HSR: All",Ashish Senapati,104590351727660238205,True,5,Great place to chill with friends and family..Highly recommended !!!,0,a year ago,"{""food"": 5, ""service_rating"": 5, ""atmosphere"": 5}"
"Casa Fresco, HSR: All-Day Dining & Café",080 4992 7445,"73, 27th Main Rd, Phase 3, 1st Sector, HSR Layout, Bengaluru, Karnataka 560102",12.9207539,77.650514,Restaurant,http://www.casafresco.in/,ChZDSUhNMG9nS0VJQ0FnSURUNDlxNlRREAE,"Casa Fresco, HSR: All",Soraj Kumar,107029537268653109905,False,5,,0,a year ago,"{""food"": 5, ""service_rating"": 5, ""atmosphere"": 5}"
"Casa Fresco, HSR: All-Day Dining & Café",080 4992 7445,"73, 27th Main Rd, Phase 3, 1st Sector, HSR Layout, Bengaluru, Karnataka 560102",12.9207539,77.650514,Restaurant,http://www.casafresco.in/,ChdDSUhNMG9nS0VJQ0FnSURUNDlLZHlnRRAB,"Casa Fresco, HSR: All",guruprasad g,117670613716857639629,True,5,"Wonderful ambience, friendly staff excellent food, I would highly recommend this place.",0,a year ago,"{""food"": 5, ""service_rating"": 5, ""atmosphere"": 5}"
"Casa Fresco, HSR: All-Day Dining & Café",080 4992 7445,"73, 27th Main Rd, Phase 3, 1st Sector, HSR Layout, Bengaluru, Karnataka 560102",12.9207539,77.650514,Restaurant,http://www.casafresco.in/,ChZDSUhNMG9nS0VJQ0FnSURUbzUteVZ3EAE,"Casa Fresco, HSR: All",Mohit Jain,116796313227153850742,False,5,,0,a year ago,"{""food"": 5, ""service_rating"": 5, ""atmosphere"": 5}"
"Casa Fresco, HSR: All-Day Dining & Café",080 4992 7445,"73, 27th Main Rd, Phase 3, 1st Sector, HSR Layout, Bengaluru, Karnataka 560102",12.9207539,77.650514,Restaurant,http://www.casafresco.in/,ChZDSUhNMG9nS0VJQ0FnSURUb19mTUJnEAE,"Casa Fresco, HSR: All",Aman Suri,101899012710674030367,False,5,,0,a year ago,"{""food"": 5, ""service_rating"": 5, ""atmosphere"": 5}"
"Casa Fresco, HSR: All-Day Dining & Café",080 4992 7445,"73, 27th Main Rd, Phase 3, 1st Sector, HSR Layout, Bengaluru, Karnataka 560102",12.9207539,77.650514,Restaurant,http://www.casafresco.in/,ChZDSUhNMG9nS0VJQ0FnSURUbzV2QkxBEAE,"Casa Fresco, HSR: All",RAMU THALARI,110356185731842925477,False,5,Good,0,a year ago,"{""food"": 5, ""service_rating"": 5, ""atmosphere"": 5}"
"Casa Fresco, HSR: All-Day Dining & Café",080 4992 7445,"73, 27th Main Rd, Phase 3, 1st Sector, HSR Layout, Bengaluru, Karnataka 560102",12.9207539,77.650514,Restaurant,http://www.casafresco.in/,ChdDSUhNMG9nS0VJQ0FnSURUbzh2YXV3RRAB,"Casa Fresco, HSR: All",Sukbir Tamang,108477061900453098457,False,5,,0,a year ago,"{""food"": 5, ""service_rating"": 5, ""atmosphere"": 5}"
"Casa Fresco, HSR: All-Day Dining & Café",080 4992 7445,"73, 27th Main Rd, Phase 3, 1st Sector, HSR Layout, Bengaluru, Karnataka 560102",12.9207539,77.650514,Restaurant,http://www.casafresco.in/,ChdDSUhNMG9nS0VJQ0FnSURUbzdQWG13RRAB,"Casa Fresco, HSR: All",Nirajan Xettry,106698073930868434064,False,5,,0,a year ago,"{""food"": 5, ""service_rating"": 5, ""atmosphere"": 5}"
"Casa Fresco, HSR: All-Day Dining & Café",080 4992 7445,"73, 27th Main Rd, Phase 3, 1st Sector, HSR Layout, Bengaluru, Karnataka 560102",12.9207539,77.650514,Restaurant,http://www.casafresco.in/,ChdDSUhNMG9nS0VJQ0FnSURUcmZtVnp3RRAB,"Casa Fresco, HSR: All",adesh Darjy,113146344268958955184,False,5,,0,a year ago,"{""food"": 5, ""service_rating"": 5, ""atmosphere"": 5}"
"Casa Fresco, HSR: All-Day Dining & Café",080 4992 7445,"73, 27th Main Rd, Phase 3, 1st Sector, HSR Layout, Bengaluru, Karnataka 560102",12.9207539,77.650514,Restaurant,http://www.casafresco.in/,ChZDSUhNMG9nS0VJQ0FnSURUbGJybE9BEAE,"Casa Fresco, HSR: All",Sanchit Goyal,107635445149520410313,True,1,Takes 40 minutes for a burger meanwhile you can look at others recieving orders and enjoying it,0,a year ago,"{""dining_mode"": ""Dine in"", ""meal_type"": ""Lunch"", ""price_per_person"": ""₹400–600"", ""service_rating"": 1}"
"Casa Fresco, HSR: All-Day Dining & Café",080 4992 7445,"73, 27th Main Rd, Phase 3, 1st Sector, HSR Layout, Bengaluru, Karnataka 560102",12.9207539,77.650514,Restaurant,http://www.casafresco.in/,ChZDSUhNMG9nS0VJQ0FnSURUaGZuUE53EAE,"Casa Fresco, HSR: All",Rimu Mishra,113209270558453401686,False,4,,0,a year ago,
"Casa Fresco, HSR: All-Day Dining & Café",080 4992 7445,"73, 27th Main Rd, Phase 3, 1st Sector, HSR Layout, Bengaluru, Karnataka 560102",12.9207539,77.650514,Restaurant,http://www.casafresco.in/,ChZDSUhNMG9nS0VJQ0FnSURUcWFYbEVnEAE,"Casa Fresco, HSR: All",Saghya Mangar,112697326378655494417,False,5,,0,a year ago,
"Casa Fresco, HSR: All-Day Dining & Café",080 4992 7445,"73, 27th Main Rd, Phase 3, 1st Sector, HSR Layout, Bengaluru, Karnataka 560102",12.9207539,77.650514,Restaurant,http://www.casafresco.in/,ChdDSUhNMG9nS0VJQ0FnSURUeWQtU3B3RRAB,"Casa Fresco, HSR: All",Avil LAKKI,105867228251981575889,False,5,Awesome,0,a year ago,
"Casa Fresco, HSR: All-Day Dining & Café",080 4992 7445,"73, 27th Main Rd, Phase 3, 1st Sector, HSR Layout, Bengaluru, Karnataka 560102",12.9207539,77.650514,Restaurant,http://www.casafresco.in/,ChdDSUhNMG9nS0VJQ0FnSURUeVpqcG9nRRAB,"Casa Fresco, HSR: All",Abhishek Sarki,101697883292107840230,False,5,,0,a year ago,"{""dining_mode"": ""Dine in"", ""meal_type"": ""Breakfast"", ""food"": 5, ""service_rating"": 5, ""atmosphere"": 5}"
"Casa Fresco, HSR: All-Day Dining & Café",080 4992 7445,"73, 27th Main Rd, Phase 3, 1st Sector, HSR Layout, Bengaluru, Karnataka 560102",12.9207539,77.650514,Restaurant,http://www.casafresco.in/,ChZDSUhNMG9nS0VJQ0FnSURUaWVtTUdREAE,"Casa Fresco, HSR: All",Karthik.ramaswamy Karthik.ramaswamy,102220530506603735167,False,5,,0,a year ago,"{""food"": 5, ""service_rating"": 5, ""atmosphere"": 5}"
"Casa Fresco, HSR: All-Day Dining & Café",080 4992 7445,"73, 27th Main Rd, Phase 3, 1st Sector, HSR Layout, Bengaluru, Karnataka 560102",12.9207539,77.650514,Restaurant,http://www.casafresco.in/,ChdDSUhNMG9nS0VJQ0FnSURUc2FHQ3VBRRAB,"Casa Fresco, HSR: All",Reshma Jayanth,103380556216808595437,True,3,"I and my friend visited this restaurant today. ""Starter crispy corn was superb. Alfredo pasta was average, not so great. Better pastas(taste wise) are available outside. Boba tea was good, paneer sizzler was average, it was spicy too. Belgian hot chocolate was also average, had better hot chocolate in other places. Flies are found in our table😞 maintenance and cleanliness required more",0,a year ago,"{""dining_mode"": ""Dine in"", ""meal_type"": ""Lunch"", ""food"": 3, ""service_rating"": 4, ""atmosphere"": 4}"
"Casa Fresco, HSR: All-Day Dining & Café",080 4992 7445,"73, 27th Main Rd, Phase 3, 1st Sector, HSR Layout, Bengaluru, Karnataka 560102",12.9207539,77.650514,Restaurant,http://www.casafresco.in/,ChdDSUhNMG9nS0VJQ0FnSURUenVqcDZnRRAB,"Casa Fresco, HSR: All",Mani Krishna,106778205940723705291,False,5,"Food is top notch, service takes a bit of time as it is packed on weekends",0,a year ago,"{""meal_type"": ""Breakfast"", ""price_per_person"": ""₹400–600"", ""food"": 5, ""service_rating"": 4, ""atmosphere"": 4}"
"Casa Fresco, HSR: All-Day Dining & Café",080 4992 7445,"73, 27th Main Rd, Phase 3, 1st Sector, HSR Layout, Bengaluru, Karnataka 560102",12.9207539,77.650514,Restaurant,http://www.casafresco.in/,ChdDSUhNMG9nS0VJQ0FnSURUem9qMGlnRRAB,"Casa Fresco, HSR: All",Suresh N,110281141603496888460,False,5,Lovely place for brunch,0,a year ago,"{""meal_type"": ""Brunch"", ""price_per_person"": ""₹200–400"", ""food"": 5, ""service_rating"": 4, ""atmosphere"": 5}"
"Casa Fresco, HSR: All-Day Dining & Café",080 4992 7445,"73, 27th Main Rd, Phase 3, 1st Sector, HSR Layout, Bengaluru, Karnataka 560102",12.9207539,77.650514,Restaurant,http://www.casafresco.in/,ChdDSUhNMG9nS0VJQ0FnSURUaHI3Z3p3RRAB,"Casa Fresco, HSR: All",Sonali Sona,101443002896703127185,False,5,Good,0,a year ago,"{""meal_type"": ""Dinner"", ""price_per_person"": ""₹400–600"", ""food"": 5, ""service_rating"": 5, ""atmosphere"": 5, ""recommended_dishes"": ""Pasta Bolognese Pasta Alfredo Sauce, Hash Browns""}"
"Casa Fresco, HSR: All-Day Dining & Café",080 4992 7445,"73, 27th Main Rd, Phase 3, 1st Sector, HSR Layout, Bengaluru, Karnataka 560102",12.9207539,77.650514,Restaurant,http://www.casafresco.in/,ChdDSUhNMG9nS0VJQ0FnSURUaG82ZHRnRRAB,"Casa Fresco, HSR: All",Saraswati Kumari,103829334538487288230,False,5,,0,a year ago,"{""meal_type"": ""Breakfast"", ""price_per_person"": ""₹200–400"", ""recommended_dishes"": ""Belgian Waffles""}"
"Casa Fresco, HSR: All-Day Dining & Café",080 4992 7445,"73, 27th Main Rd, Phase 3, 1st Sector, HSR Layout, Bengaluru, Karnataka 560102",12.9207539,77.650514,Restaurant,http://www.casafresco.in/,ChZDSUhNMG9nS0VJQ0FnSURUM0t5eEJ3EAE,"Casa Fresco, HSR: All",Devanshi Targhotra,110909685745134646600,False,1,,0,a year ago,
"Casa Fresco, HSR: All-Day Dining & Café",080 4992 7445,"73, 27th Main Rd, Phase 3, 1st Sector, HSR Layout, Bengaluru, Karnataka 560102",12.9207539,77.650514,Restaurant,http://www.casafresco.in/,ChZDSUhNMG9nS0VJQ0FnSURUbUozZFBBEAE,"Casa Fresco, HSR: All",Zitz Kyle,105366559670775801350,True,4,,0,a year ago,
"Casa Fresco, HSR: All-Day Dining & Café",080 4992 7445,"73, 27th Main Rd, Phase 3, 1st Sector, HSR Layout, Bengaluru, Karnataka 560102",12.9207539,77.650514,Restaurant,http://www.casafresco.in/,ChdDSUhNMG9nS0VJQ0FnSURUNExIZTRnRRAB,"Casa Fresco, HSR: All",Sunita Tamang,104116888226031532417,False,5,,0,a year ago,"{""dining_mode"": ""Dine in"", ""meal_type"": ""Dinner"", ""price_per_person"": ""₹200–400"", ""food"": 5, ""service_rating"": 4, ""atmosphere"": 5}"
"Casa Fresco, HSR: All-Day Dining & Café",080 4992 7445,"73, 27th Main Rd, Phase 3, 1st Sector, HSR Layout, Bengaluru, Karnataka 560102",12.9207539,77.650514,Restaurant,http://www.casafresco.in/,ChdDSUhNMG9nS0VJQ0FnSURUb1BfV19BRRAB,"Casa Fresco, HSR: All",Omkar Rai,117133898660991303451,False,5,,0,a year ago,"{""food"": 5, ""service_rating"": 5, ""atmosphere"": 5}"
"Casa Fresco, HSR: All-Day Dining & Café",080 4992 7445,"73, 27th Main Rd, Phase 3, 1st Sector, HSR Layout, Bengaluru, Karnataka 560102",12.9207539,77.650514,Restaurant,http://www.casafresco.in/,ChdDSUhNMG9nS0VJQ0FnSURUb04tcW5BRRAB,"Casa Fresco, HSR: All",Nani Nani,107585984237056411114,False,5,,0,a year ago,"{""meal_type"": ""Breakfast"", ""price_per_person"": ""₹400–600"", ""food"": 5, ""service_rating"": 5, ""atmosphere"": 5}"
"Casa Fresco, HSR: All-Day Dining & Café",080 4992 7445,"73, 27th Main Rd, Phase 3, 1st Sector, HSR Layout, Bengaluru, Karnataka 560102",12.9207539,77.650514,Restaurant,http://www.casafresco.in/,ChZDSUhNMG9nS0VJQ0FnSURUb01qV1FBEAE,"Casa Fresco, HSR: All",Darshan Panchal,116822433462961391886,True,5,,0,a year ago,
"Casa Fresco, HSR: All-Day Dining & Café",080 4992 7445,"73, 27th Main Rd, Phase 3, 1st Sector, HSR Layout, Bengaluru, Karnataka 560102",12.9207539,77.650514,Restaurant,http://www.casafresco.in/,ChdDSUhNMG9nS0VJQ0FnSUNUXzh1b3p3RRAB,"Casa Fresco, HSR: All",Anjali Sharma,108363483605271562404,False,4,,0,a year ago,"{""dining_mode"": ""Dine in"", ""meal_type"": ""Brunch"", ""price_per_person"": ""₹800–1,000""}"
"Casa Fresco, HSR: All-Day Dining & Café",080 4992 7445,"73, 27th Main Rd, Phase 3, 1st Sector, HSR Layout, Bengaluru, Karnataka 560102",12.9207539,77.650514,Restaurant,http://www.casafresco.in/,ChdDSUhNMG9nS0VJQ0FnSUNUbjd5RGl3RRAB,"Casa Fresco, HSR: All",Meghana Muskan,101128933287709545403,True,3,Food was average for the price.,0,a year ago,"{""food"": 2, ""service_rating"": 3, ""atmosphere"": 3}"
"Casa Fresco, HSR: All-Day Dining & Café",080 4992 7445,"73, 27th Main Rd, Phase 3, 1st Sector, HSR Layout, Bengaluru, Karnataka 560102",12.9207539,77.650514,Restaurant,http://www.casafresco.in/,ChdDSUhNMG9nS0VJQ0FnSUNUNzZHb21RRRAB,"Casa Fresco, HSR: All",Sajesh J,117319734554758580652,True,4,,0,a year ago,"{""food"": 4, ""service_rating"": 3, ""atmosphere"": 4}"
"Casa Fresco, HSR: All-Day Dining & Café",080 4992 7445,"73, 27th Main Rd, Phase 3, 1st Sector, HSR Layout, Bengaluru, Karnataka 560102",12.9207539,77.650514,Restaurant,http://www.casafresco.in/,ChdDSUhNMG9nS0VJQ0FnSUNUMTZqVzZnRRAB,"Casa Fresco, HSR: All",Dr. Priya Balani,116786039833397319852,True,4,The ambience was very good and the atmosphere was pleasant. Food was also good.,0,a year ago,"{""food"": 4, ""service_rating"": 4, ""atmosphere"": 5}"
"Casa Fresco, HSR: All-Day Dining & Café",080 4992 7445,"73, 27th Main Rd, Phase 3, 1st Sector, HSR Layout, Bengaluru, Karnataka 560102",12.9207539,77.650514,Restaurant,http://www.casafresco.in/,ChdDSUhNMG9nS0VJQ0FnSUNUeDdLNTBBRRAB,"Casa Fresco, HSR: All",Swati Priyadarshini,104442433793702600896,False,2,,0,a year ago,
"Casa Fresco, HSR: All-Day Dining & Café",080 4992 7445,"73, 27th Main Rd, Phase 3, 1st Sector, HSR Layout, Bengaluru, Karnataka 560102",12.9207539,77.650514,Restaurant,http://www.casafresco.in/,ChZDSUhNMG9nS0VJQ0FnSUNUdThUZmJREAE,"Casa Fresco, HSR: All",Krithika Kumar,114390569070683384252,True,5,,0,a year ago,
"Casa Fresco, HSR: All-Day Dining & Café",080 4992 7445,"73, 27th Main Rd, Phase 3, 1st Sector, HSR Layout, Bengaluru, Karnataka 560102",12.9207539,77.650514,Restaurant,http://www.casafresco.in/,ChZDSUhNMG9nS0VJQ0FnSUNUMl9HLU5REAE,"Casa Fresco, HSR: All",shivaiah s,112106789120414471828,False,5,,0,a year ago,
"Casa Fresco, HSR: All-Day Dining & Café",080 4992 7445,"73, 27th Main Rd, Phase 3, 1st Sector, HSR Layout, Bengaluru, Karnataka 560102",12.9207539,77.650514,Restaurant,http://www.casafresco.in/,ChdDSUhNMG9nS0VJQ0FnSUNUbV9YbHlnRRAB,"Casa Fresco, HSR: All",josim drx josim drx,115014204738484499329,False,5,,0,a year ago,"{""meal_type"": ""Dinner"", ""price_per_person"": ""₹400–600"", ""recommended_dishes"": ""Pasta Bolognese Pasta Alfredo Sauce""}"
"Casa Fresco, HSR: All-Day Dining & Café",080 4992 7445,"73, 27th Main Rd, Phase 3, 1st Sector, HSR Layout, Bengaluru, Karnataka 560102",12.9207539,77.650514,Restaurant,http://www.casafresco.in/,ChdDSUhNMG9nS0VJQ0FnSUNUbTliTDVBRRAB,"Casa Fresco, HSR: All",Gauri yogi show,101264113194119486937,False,5,,0,a year ago,"{""dining_mode"": ""Delivery"", ""meal_type"": ""Dinner"", ""price_per_person"": ""₹400–600"", ""food"": 5, ""service_rating"": 5, ""atmosphere"": 5}"
"Casa Fresco, HSR: All-Day Dining & Café",080 4992 7445,"73, 27th Main Rd, Phase 3, 1st Sector, HSR Layout, Bengaluru, Karnataka 560102",12.9207539,77.650514,Restaurant,http://www.casafresco.in/,ChdDSUhNMG9nS0VJQ0FnSUNUbS1ha3R3RRAB,"Casa Fresco, HSR: All",ajay Sharma,112072712997166948272,False,5,,0,a year ago,"{""dining_mode"": ""Dine in"", ""meal_type"": ""Lunch"", ""food"": 5, ""service_rating"": 5, ""atmosphere"": 5}"
"Casa Fresco, HSR: All-Day Dining & Café",080 4992 7445,"73, 27th Main Rd, Phase 3, 1st Sector, HSR Layout, Bengaluru, Karnataka 560102",12.9207539,77.650514,Restaurant,http://www.casafresco.in/,ChZDSUhNMG9nS0VJQ0FnSUNUbTdyQWRBEAE,"Casa Fresco, HSR: All",Pooja Sanghvi,105967277460960827997,False,5,,0,a year ago,"{""meal_type"": ""Brunch"", ""food"": 5, ""service_rating"": 5, ""atmosphere"": 5}"
"Casa Fresco, HSR: All-Day Dining & Café",080 4992 7445,"73, 27th Main Rd, Phase 3, 1st Sector, HSR Layout, Bengaluru, Karnataka 560102",12.9207539,77.650514,Restaurant,http://www.casafresco.in/,ChdDSUhNMG9nS0VJQ0FnSUNUNjhMal9nRRAB,"Casa Fresco, HSR: All",Alekh Pathak,114780969263021108290,True,3,,0,a year ago,"{""food"": 3, ""service_rating"": 3, ""atmosphere"": 3}"
"Casa Fresco, HSR: All-Day Dining & Café",080 4992 7445,"73, 27th Main Rd, Phase 3, 1st Sector, HSR Layout, Bengaluru, Karnataka 560102",12.9207539,77.650514,Restaurant,http://www.casafresco.in/,ChdDSUhNMG9nS0VJQ0FnSUNUcTVHSHVnRRAB,"Casa Fresco, HSR: All",Bhavish,103809855938014687455,True,2,,0,a year ago,
"Casa Fresco, HSR: All-Day Dining & Café",080 4992 7445,"73, 27th Main Rd, Phase 3, 1st Sector, HSR Layout, Bengaluru, Karnataka 560102",12.9207539,77.650514,Restaurant,http://www.casafresco.in/,ChZDSUhNMG9nS0VJQ0FnSUNUNDdUU093EAE,"Casa Fresco, HSR: All",Sahil Bathla,101413622508910925882,True,4,Food was nice. Had pasta and a few drinks . Overall nice place,0,a year ago,"{""dining_mode"": ""Dine in"", ""meal_type"": ""Lunch"", ""price_per_person"": ""₹200–400"", ""food"": 4, ""service_rating"": 3, ""atmosphere"": 4}"
"Casa Fresco, HSR: All-Day Dining & Café",080 4992 7445,"73, 27th Main Rd, Phase 3, 1st Sector, HSR Layout, Bengaluru, Karnataka 560102",12.9207539,77.650514,Restaurant,http://www.casafresco.in/,ChdDSUhNMG9nS0VJQ0FnSUNUb19lTGx3RRAB,"Casa Fresco, HSR: All",Amrita Mukherjee,115978732176896429209,True,4,,0,a year ago,"{""dining_mode"": ""Dine in"", ""meal_type"": ""Lunch"", ""price_per_person"": ""₹400–600"", ""food"": 4, ""service_rating"": 4, ""atmosphere"": 5}"
"Casa Fresco, HSR: All-Day Dining & Café",080 4992 7445,"73, 27th Main Rd, Phase 3, 1st Sector, HSR Layout, Bengaluru, Karnataka 560102",12.9207539,77.650514,Restaurant,http://www.casafresco.in/,ChZDSUhNMG9nS0VJQ0FnSUNUbzdQd0ZBEAE,"Casa Fresco, HSR: All",pragya maheshwari,118010265946529766587,False,1,"Worst cold coffee, brownie and bubble tea I have tasted. Cold coffee was all water",0,a year ago,
"Casa Fresco, HSR: All-Day Dining & Café",080 4992 7445,"73, 27th Main Rd, Phase 3, 1st Sector, HSR Layout, Bengaluru, Karnataka 560102",12.9207539,77.650514,Restaurant,http://www.casafresco.in/,ChdDSUhNMG9nS0VJQ0FnSUNUbzZxZl9BRRAB,"Casa Fresco, HSR: All",SudiRishu,106892221960010686165,True,4,Kaala Khatta Mojito & Green Apple Mojito were okay. Mediterranean pasta was good.  The place offers open seating with a touch of plants and nature within it.,0,a year ago,"{""dining_mode"": ""Dine in"", ""meal_type"": ""Dinner"", ""price_per_person"": ""₹200–400"", ""food"": 4, ""service_rating"": 3, ""atmosphere"": 4}"
"Casa Fresco, HSR: All-Day Dining & Café",080 4992 7445,"73, 27th Main Rd, Phase 3, 1st Sector, HSR Layout, Bengaluru, Karnataka 560102",12.9207539,77.650514,Restaurant,http://www.casafresco.in/,ChdDSUhNMG9nS0VJQ0FnSUNUZzluMWtnRRAB,"Casa Fresco, HSR: All",Deepika Ugrappa,102795298312341596105,False,1,,0,a year ago,"{""food"": 1, ""service_rating"": 1, ""atmosphere"": 1}"
"Casa Fresco, HSR: All-Day Dining & Café",080 4992 7445,"73, 27th Main Rd, Phase 3, 1st Sector, HSR Layout, Bengaluru, Karnataka 560102",12.9207539,77.650514,Restaurant,http://www.casafresco.in/,ChdDSUhNMG9nS0VJQ0FnSUNUX2QtN2lnRRAB,"Casa Fresco, HSR: All",Anirudh Gargi,114356388386066046007,True,4,"Small little cafe in middle of HSR. Prices a little on higher side - filter coffee at 100/-.  Place is under shade, clean, tidy and ample distance between tables.  Not much parking for 4 wheelers around.  Food was nice and fresh. English breakfast was wholesome.",0,a year ago,"{""dining_mode"": ""Dine in"", ""meal_type"": ""Breakfast"", ""price_per_person"": ""₹200–400"", ""food"": 5, ""service_rating"": 4, ""atmosphere"": 5}"
"Casa Fresco, HSR: All-Day Dining & Café",080 4992 7445,"73, 27th Main Rd, Phase 3, 1st Sector, HSR Layout, Bengaluru, Karnataka 560102",12.9207539,77.650514,Restaurant,http://www.casafresco.in/,ChdDSUhNMG9nS0VJQ0FnSUNUX2NTaG1BRRAB,"Casa Fresco, HSR: All",Kusuma D,116808515279195385047,False,5,,0,a year ago,
"Casa Fresco, HSR: All-Day Dining & Café",080 4992 7445,"73, 27th Main Rd, Phase 3, 1st Sector, HSR Layout, Bengaluru, Karnataka 560102",12.9207539,77.650514,Restaurant,http://www.casafresco.in/,ChdDSUhNMG9nS0VJQ0FnSUNUMWFic3lnRRAB,"Casa Fresco, HSR: All",Vamsi Naidu,100611490831816119621,True,4,,0,a year ago,"{""dining_mode"": ""Dine in"", ""meal_type"": ""Other"", ""price_per_person"": ""₹600–800"", ""food"": 4, ""service_rating"": 4, ""atmosphere"": 5, ""recommended_dishes"": ""Hazelnut Cold Coffee, Fries""}"
"Casa Fresco, HSR: All-Day Dining & Café",080 4992 7445,"73, 27th Main Rd, Phase 3, 1st Sector, HSR Layout, Bengaluru, Karnataka 560102",12.9207539,77.650514,Restaurant,http://www.casafresco.in/,ChZDSUhNMG9nS0VJQ0FnSUNUMWJqZE5nEAE,"Casa Fresco, HSR: All",Vishal Dito,115340919572860333126,False,5,,0,a year ago,"{""dining_mode"": ""Dine in"", ""meal_type"": ""Brunch"", ""price_per_person"": ""₹600–800"", ""food"": 5, ""service_rating"": 5, ""atmosphere"": 5}"
"Casa Fresco, HSR: All-Day Dining & Café",080 4992 7445,"73, 27th Main Rd, Phase 3, 1st Sector, HSR Layout, Bengaluru, Karnataka 560102",12.9207539,77.650514,Restaurant,http://www.casafresco.in/,ChdDSUhNMG9nS0VJQ0FnSUNUMUxtMDdRRRAB,"Casa Fresco, HSR: All",Anandita Sharma,111851932818318412969,True,1,"We had ordered Italian. Omelette and Aglio olip pasta. Both were pathetic! Too much oil. It was inedible. When we had asked them to remake the dish, they literally went in and came back with the same plate. I know this because that plate had a mark and I recognised it immediately.  Not a spam. I visited with my dad last to last Thursday or Friday, don't remember. But the first week of May and both our experiences were horrible. I hated it. If their owner deny this review, there is nothing I can do about it. They aren't willing to improve then. I highly recommend them to focus on the kind of food their chef makes.  P.SI have also attached a picture of my dad at their cafe just for your references.",0,Edited a year ago,"{""dining_mode"": ""Dine in"", ""meal_type"": ""Dinner"", ""price_per_person"": ""₹400–600"", ""food"": 1, ""service_rating"": 1, ""atmosphere"": 3}"
"Casa Fresco, HSR: All-Day Dining & Café",080 4992 7445,"73, 27th Main Rd, Phase 3, 1st Sector, HSR Layout, Bengaluru, Karnataka 560102",12.9207539,77.650514,Restaurant,http://www.casafresco.in/,ChZDSUhNMG9nS0VJQ0FnSUNUbXN2bVJnEAE,"Casa Fresco, HSR: All",Ujjwal Rana,112826734241376686949,True,4,,0,a year ago,"{""food"": 5, ""service_rating"": 4, ""atmosphere"": 4}"
"Casa Fresco, HSR: All-Day Dining & Café",080 4992 7445,"73, 27th Main Rd, Phase 3, 1st Sector, HSR Layout, Bengaluru, Karnataka 560102",12.9207539,77.650514,Restaurant,http://www.casafresco.in/,ChdDSUhNMG9nS0VJQ0FnSUNUc3RMU3hRRRAB,"Casa Fresco, HSR: All",Umang Chamaria,102779326253213556500,True,4,,0,a year ago,"{""food"": 4, ""service_rating"": 4, ""atmosphere"": 4}"
"Casa Fresco, HSR: All-Day Dining & Café",080 4992 7445,"73, 27th Main Rd, Phase 3, 1st Sector, HSR Layout, Bengaluru, Karnataka 560102",12.9207539,77.650514,Restaurant,http://www.casafresco.in/,ChZDSUhNMG9nS0VJQ0FnSURWMF9fd1JREAE,"Casa Fresco, HSR: All",Ram Sewaa,110547263397625483924,False,5,,0,Edited a year ago,"{""meal_type"": ""Dinner"", ""food"": 5, ""service_rating"": 2, ""atmosphere"": 5}"
"Casa Fresco, HSR: All-Day Dining & Café",080 4992 7445,"73, 27th Main Rd, Phase 3, 1st Sector, HSR Layout, Bengaluru, Karnataka 560102",12.9207539,77.650514,Restaurant,http://www.casafresco.in/,ChZDSUhNMG9nS0VJQ0FnSUNUNHRhVGRnEAE,"Casa Fresco, HSR: All",Jenifer,116131562848907313314,False,5,One of the best cafes in HSR! The ambience is perfect for a cosy date or brunch with friends or even dine alone. I really like the options on the menu and service. We have gone back multiple times to this place and tagged our friends along too.,0,a year ago,"{""dining_mode"": ""Dine in"", ""meal_type"": ""Brunch"", ""price_per_person"": ""₹800–1,000"", ""food"": 5, ""service_rating"": 5, ""atmosphere"": 5}"
"Casa Fresco, HSR: All-Day Dining & Café",080 4992 7445,"73, 27th Main Rd, Phase 3, 1st Sector, HSR Layout, Bengaluru, Karnataka 560102",12.9207539,77.650514,Restaurant,http://www.casafresco.in/,ChdDSUhNMG9nS0VJQ0FnSUNUM08zU2tBRRAB,"Casa Fresco, HSR: All",Shushmita Mahendra,109755514292181541281,True,1,,0,a year ago,
"Casa Fresco, HSR: All-Day Dining & Café",080 4992 7445,"73, 27th Main Rd, Phase 3, 1st Sector, HSR Layout, Bengaluru, Karnataka 560102",12.9207539,77.650514,Restaurant,http://www.casafresco.in/,ChdDSUhNMG9nS0VJQ0FnSUNUcFBfOGt3RRAB,"Casa Fresco, HSR: All",Mannavan J,101069275561452813919,False,4,,0,a year ago,"{""dining_mode"": ""Dine in"", ""meal_type"": ""Lunch"", ""price_per_person"": ""₹200–400"", ""food"": 4, ""service_rating"": 3, ""atmosphere"": 3}"
"Casa Fresco, HSR: All-Day Dining & Café",080 4992 7445,"73, 27th Main Rd, Phase 3, 1st Sector, HSR Layout, Bengaluru, Karnataka 560102",12.9207539,77.650514,Restaurant,http://www.casafresco.in/,ChZDSUhNMG9nS0VJQ0FnSUNUcUtqNllnEAE,"Casa Fresco, HSR: All",Suneha Dubey,112433864350607957098,True,4,,0,a year ago,"{""food"": 4, ""service_rating"": 4, ""atmosphere"": 4}"
"Casa Fresco, HSR: All-Day Dining & Café",080 4992 7445,"73, 27th Main Rd, Phase 3, 1st Sector, HSR Layout, Bengaluru, Karnataka 560102",12.9207539,77.650514,Restaurant,http://www.casafresco.in/,ChZDSUhNMG9nS0VJQ0FnSUNUcVBDZUd3EAE,"Casa Fresco, HSR: All",suneha dubey,103720391232118560402,False,4,,0,a year ago,"{""food"": 4, ""service_rating"": 4, ""atmosphere"": 4}"
"Casa Fresco, HSR: All-Day Dining & Café",080 4992 7445,"73, 27th Main Rd, Phase 3, 1st Sector, HSR Layout, Bengaluru, Karnataka 560102",12.9207539,77.650514,Restaurant,http://www.casafresco.in/,ChZDSUhNMG9nS0VJQ0FnSUNUd0tqZVV3EAE,"Casa Fresco, HSR: All",kiara mangla,104112009662455487983,False,5,,0,a year ago,"{""meal_type"": ""Dinner"", ""price_per_person"": ""₹400–600"", ""food"": 5, ""service_rating"": 5, ""atmosphere"": 5, ""recommended_dishes"": ""Hazelnut Cold Coffee""}"
"Casa Fresco, HSR: All-Day Dining & Café",080 4992 7445,"73, 27th Main Rd, Phase 3, 1st Sector, HSR Layout, Bengaluru, Karnataka 560102",12.9207539,77.650514,Restaurant,http://www.casafresco.in/,ChZDSUhNMG9nS0VJQ0FnSURqczhlLU93EAE,"Casa Fresco, HSR: All",Ramu Dus,108538419691149319459,False,5,,0,a year ago,"{""food"": 5, ""service_rating"": 5, ""atmosphere"": 5}"
"Casa Fresco, HSR: All-Day Dining & Café",080 4992 7445,"73, 27th Main Rd, Phase 3, 1st Sector, HSR Layout, Bengaluru, Karnataka 560102",12.9207539,77.650514,Restaurant,http://www.casafresco.in/,ChdDSUhNMG9nS0VJQ0FnSURqczhMem9BRRAB,"Casa Fresco, HSR: All",Ajith R,103831713190265670470,False,5,,0,2 years ago,"{""food"": 5, ""service_rating"": 5, ""atmosphere"": 5}"
"Casa Fresco, HSR: All-Day Dining & Café",080 4992 7445,"73, 27th Main Rd, Phase 3, 1st Sector, HSR Layout, Bengaluru, Karnataka 560102",12.9207539,77.650514,Restaurant,http://www.casafresco.in/,ChZDSUhNMG9nS0VJQ0FnSURqczhLRUtnEAE,"Casa Fresco, HSR: All",Ramu Sandhya,115843721660756000442,False,5,,0,2 years ago,"{""food"": 5, ""service_rating"": 5, ""atmosphere"": 5}"
"Casa Fresco, HSR: All-Day Dining & Café",080 4992 7445,"73, 27th Main Rd, Phase 3, 1st Sector, HSR Layout, Bengaluru, Karnataka 560102",12.9207539,77.650514,Restaurant,http://www.casafresco.in/,ChZDSUhNMG9nS0VJQ0FnSUNGdVl2bWN3EAE,"Casa Fresco, HSR: All",Anurag,104533722498471233620,False,1,Not recommended at all. Below average Chai and food. No parking. Not recommended.,0,Edited 2 years ago,"{""food"": 1, ""service_rating"": 1, ""atmosphere"": 1}"
"Casa Fresco, HSR: All-Day Dining & Café",080 4992 7445,"73, 27th Main Rd, Phase 3, 1st Sector, HSR Layout, Bengaluru, Karnataka 560102",12.9207539,77.650514,Restaurant,http://www.casafresco.in/,ChdDSUhNMG9nS0VJQ0FnSURqaFlPNS1RRRAB,"Casa Fresco, HSR: All",Chandra Shekar,102864977500619294216,True,5,,0,2 years ago,"{""food"": 4, ""service_rating"": 4, ""atmosphere"": 4}"
"Casa Fresco, HSR: All-Day Dining & Café",080 4992 7445,"73, 27th Main Rd, Phase 3, 1st Sector, HSR Layout, Bengaluru, Karnataka 560102",12.9207539,77.650514,Restaurant,http://www.casafresco.in/,ChdDSUhNMG9nS0VJQ0FnSURqaGE3OWxBRRAB,"Casa Fresco, HSR: All",Pougudai. Pougudai kamei.,111707385541405096273,False,5,"I visited here again for the second time and it looks like they have done some renovation, so the place has become prettier and much more comfortable for customers. The food as usual was good and the service was nice too",0,2 years ago,"{""dining_mode"": ""Dine in"", ""food"": 5, ""service_rating"": 5, ""atmosphere"": 5}"
"Casa Fresco, HSR: All-Day Dining & Café",080 4992 7445,"73, 27th Main Rd, Phase 3, 1st Sector, HSR Layout, Bengaluru, Karnataka 560102",12.9207539,77.650514,Restaurant,http://www.casafresco.in/,ChdDSUhNMG9nS0VJQ0FnSURqc1lEYXNBRRAB,"Casa Fresco, HSR: All",Ashes Wong,105286943703066938241,False,5,"It’s a great place to catch up with friends or for a family outing. If you looking for nice, fresh, affordable food and some great beverages. The must rise here include pizzas and the himalayan chow mein and the cold coffee. We really enjoyed our time here.",0,2 years ago,"{""food"": 5, ""service_rating"": 5, ""atmosphere"": 5}"
"Casa Fresco, HSR: All-Day Dining & Café",080 4992 7445,"73, 27th Main Rd, Phase 3, 1st Sector, HSR Layout, Bengaluru, Karnataka 560102",12.9207539,77.650514,Restaurant,http://www.casafresco.in/,ChdDSUhNMG9nS0VJQ0FnSURqa2R6WjdBRRAB,"Casa Fresco, HSR: All",Sandeep Nema,117768545126611571971,True,3,"Sounds more of a fancy name with average experience. Food, was ok and took considerable time to be served. Severely short of the front end team to cater to the number of seats. They do have vegetarian options, though limited. Mostly English breakfast place.",0,2 years ago,"{""dining_mode"": ""Dine in"", ""meal_type"": ""Brunch"", ""price_per_person"": ""₹200–400"", ""food"": 3, ""service_rating"": 3, ""atmosphere"": 3}"
"Casa Fresco, HSR: All-Day Dining & Café",080 4992 7445,"73, 27th Main Rd, Phase 3, 1st Sector, HSR Layout, Bengaluru, Karnataka 560102",12.9207539,77.650514,Restaurant,http://www.casafresco.in/,ChdDSUhNMG9nS0VJQ0FnSURqN3V6cW13RRAB,"Casa Fresco, HSR: All",Kanak Pegu,100313915798086047768,False,5,Food is good,0,2 years ago,"{""food"": 5, ""service_rating"": 5, ""atmosphere"": 5}"
"Casa Fresco, HSR: All-Day Dining & Café",080 4992 7445,"73, 27th Main Rd, Phase 3, 1st Sector, HSR Layout, Bengaluru, Karnataka 560102",12.9207539,77.650514,Restaurant,http://www.casafresco.in/,ChZDSUhNMG9nS0VJQ0FnSURqNHBfQUxREAE,"Casa Fresco, HSR: All",Ligy Lewis,117523403617983599903,False,2,The wait to attend the customer is never ending. Food came in late. No one around to check on . Service can be better,0,2 years ago,"{""meal_type"": ""Breakfast"", ""food"": 4, ""service_rating"": 1, ""atmosphere"": 4}"
"Casa Fresco, HSR: All-Day Dining & Café",080 4992 7445,"73, 27th Main Rd, Phase 3, 1st Sector, HSR Layout, Bengaluru, Karnataka 560102",12.9207539,77.650514,Restaurant,http://www.casafresco.in/,ChdDSUhNMG9nS0VJQ0FnSURqcEpqTi13RRAB,"Casa Fresco, HSR: All",Nitin Mali,100200703912743100621,True,4,cozy & lovely place to hangout with good food & coffee,0,2 years ago,"{""food"": 4, ""service_rating"": 5, ""atmosphere"": 5}"
