restaurant_name,phone,address,latitude,longitude,place_type,website,review_id,place_name,reviewer_name,reviewer_id,local_guide,rating,review_text,likes,date,attributes
Glen's Bakehouse (HSR Layout),095137 34879,"2337, SECTOR 1, HSR Layout 17th Cross, 24th Main Rd, Bengaluru, Karnataka 560102",12.9120508,77.6482099,Bakery and Cake Shop,,Ci9DQUlRQUNvZENodHljRjlvT2xSQlRUTk9XbTE0VmpsV2ExQmxMV0Z5ZVU1UFlsRRAB,Glen's Bakehouse (HSR Layout),Meghali Bhoge,108481112099495458176,True,4,,0,2 days ago,"{""dining_mode"": ""Dine in"", ""meal_type"": ""Brunch"", ""noise_level"": ""Quiet, easy to talk""}"
Glen's Bakehouse (HSR Layout),095137 34879,"2337, SECTOR 1, HSR Layout 17th Cross, 24th Main Rd, Bengaluru, Karnataka 560102",12.9120508,77.6482099,Bakery and Cake Shop,,Ci9DQUlRQUNvZENodHljRjlvT21WamJWRjRlVlExU25CWVRqWnJVMHBmWDBGeExYYxAB,Glen's Bakehouse (HSR Layout),ARJUN GUPTA,108953844852487820684,True,4,,0,3 days ago,"{""food"": 4, ""service_rating"": 4, ""atmosphere"": 5}"
Glen's Bakehouse (HSR Layout),095137 34879,"2337, SECTOR 1, HSR Layout 17th Cross, 24th Main Rd, Bengaluru, Karnataka 560102",12.9120508,77.6482099,Bakery and Cake Shop,,Ci9DQUlRQUNvZENodHljRjlvT25kS1pGQjBiWGRmUTFOT2VXTlVVbHBaYUZocmJVRRAB,Glen's Bakehouse (HSR Layout),Survi Agarwal,112071790485726968952,True,4,We just went there for coffee. That was not up to the mark. Had a lot better coffee.,0,3 days ago,"{""dining_mode"": ""Dine in"", ""meal_type"": ""Other"", ""price_per_person"": ""₹200–400"", ""food"": 3, ""service_rating"": 4, ""atmosphere"": 5, ""noise_level"": ""Very quiet"", ""vegetarian_recommendation"": ""Somewhat recommend"", ""vegetarian_offerings"": ""Clearly labeled vegetarian dishes"", ""parking_space"": ""Somewhat difficult to find parking"", ""parking_options"": ""Free street parking"", ""kid_friendliness"": ""Yes""}"
Glen's Bakehouse (HSR Layout),095137 34879,"2337, SECTOR 1, HSR Layout 17th Cross, 24th Main Rd, Bengaluru, Karnataka 560102",12.9120508,77.6482099,Bakery and Cake Shop,,Ci9DQUlRQUNvZENodHljRjlvT21SMk5FdENPRmRsTjB4dWMycGFRVzF4YlZOQkxWRRAB,Glen's Bakehouse (HSR Layout),Ayush Singh,107833570968160334339,True,5,,0,4 days ago,"{""meal_type"": ""Dinner"", ""price_per_person"": ""₹1,000–1,200"", ""food"": 5, ""service_rating"": 5, ""atmosphere"": 5, ""noise_level"": ""Quiet, easy to talk""}"
Glen's Bakehouse (HSR Layout),095137 34879,"2337, SECTOR 1, HSR Layout 17th Cross, 24th Main Rd, Bengaluru, Karnataka 560102",12.9120508,77.6482099,Bakery and Cake Shop,,ChZDSUhNMG9nS0VJQ0FnSUNod2RyM1BBEAE,Glen's Bakehouse (HSR Layout),Ranjit PD,102289345224127301625,True,4,"Good peaceful place with cafe like ambience. Service was slow and they  misplaced our order paper. Food quality is excellent. The tiny stone like croissant didn't make a good fit with rest of the items on plate, the big croissant on bakery is fluffy though. Visited this place couple of times later but service is still slow. Food is good. 22.03.2024 : Tried citrus chicken it was delicious. Service is still slow. No improvement in service 08.06.2025 01.05.2026 there are some changes in menu for good.",0,Edited 5 days ago,"{""dining_mode"": ""Dine in"", ""meal_type"": ""Breakfast"", ""price_per_person"": ""₹600–800"", ""food"": 4, ""service_rating"": 1, ""atmosphere"": 4, ""noise_level"": ""Moderate noise"", ""vegetarian_recommendation"": ""Somewhat recommend"", ""vegetarian_offerings"": ""Vegetarian menu or section"", ""parking_space"": ""Difficult to find parking"", ""kid_friendliness"": ""Yes"", ""wheelchair_accessibility"": ""No""}"
Glen's Bakehouse (HSR Layout),095137 34879,"2337, SECTOR 1, HSR Layout 17th Cross, 24th Main Rd, Bengaluru, Karnataka 560102",12.9120508,77.6482099,Bakery and Cake Shop,,Ci9DQUlRQUNvZENodHljRjlvT2s5NU5tSktkWE5EVGxOUk1FSlBlbGhWYlZaZk5HYxAB,Glen's Bakehouse (HSR Layout),Akella Madhav,108670605890819779487,False,4,,0,6 days ago,"{""food"": 4, ""service_rating"": 3, ""atmosphere"": 4}"
Glen's Bakehouse (HSR Layout),095137 34879,"2337, SECTOR 1, HSR Layout 17th Cross, 24th Main Rd, Bengaluru, Karnataka 560102",12.9120508,77.6482099,Bakery and Cake Shop,,Ci9DQUlRQUNvZENodHljRjlvT21aTFFtOUJZMm93T1dGUE5FTmFNM0Z1VmtoM09IYxAB,Glen's Bakehouse (HSR Layout),Vibha,100126434474599167259,True,5,"Tried boba drink, pancakes & tarts🧋🥞 Boba was decent, pancakes were good—but the tarts stole the show 🫶🏻",0,6 days ago,"{""dining_mode"": ""Dine in"", ""meal_type"": ""Other"", ""price_per_person"": ""₹200–400"", ""food"": 4, ""service_rating"": 4, ""atmosphere"": 5, ""noise_level"": ""Quiet, easy to talk""}"
Glen's Bakehouse (HSR Layout),095137 34879,"2337, SECTOR 1, HSR Layout 17th Cross, 24th Main Rd, Bengaluru, Karnataka 560102",12.9120508,77.6482099,Bakery and Cake Shop,,Ci9DQUlRQUNvZENodHljRjlvT21veFgweDRNVVpMWTNseFp5MUVYME5QYUc1Q1YzYxAB,Glen's Bakehouse (HSR Layout),Thashwin Monnappa,107128687816663287052,True,5,,0,a week ago,"{""dining_mode"": ""Take out"", ""meal_type"": ""Dinner"", ""price_per_person"": ""₹200–400"", ""food"": 4, ""service_rating"": 4, ""atmosphere"": 4, ""noise_level"": ""Moderate noise""}"
Glen's Bakehouse (HSR Layout),095137 34879,"2337, SECTOR 1, HSR Layout 17th Cross, 24th Main Rd, Bengaluru, Karnataka 560102",12.9120508,77.6482099,Bakery and Cake Shop,,Ci9DQUlRQUNvZENodHljRjlvT2xKVlVUUldVa1V0WjFaclNGRk5jMWd3WlhWWWFrRRAB,Glen's Bakehouse (HSR Layout),Phaneesh deexith,111313822776255031181,False,1,,0,a week ago,"{""dining_mode"": ""Take out"", ""meal_type"": ""Other"", ""food"": 1, ""service_rating"": 1, ""atmosphere"": 2}"
Glen's Bakehouse (HSR Layout),095137 34879,"2337, SECTOR 1, HSR Layout 17th Cross, 24th Main Rd, Bengaluru, Karnataka 560102",12.9120508,77.6482099,Bakery and Cake Shop,,Ci9DQUlRQUNvZENodHljRjlvT2paNlVHNU1XVXhpU0ZvNVdtOUpXbUp2VkZaSU1GRRAB,Glen's Bakehouse (HSR Layout),Manaswi Chintapenta,111032271273824828688,False,5,,0,a week ago,"{""dining_mode"": ""Dine in"", ""meal_type"": ""Other"", ""price_per_person"": ""₹200–400"", ""food"": 5, ""service_rating"": 5, ""atmosphere"": 5, ""noise_level"": ""Quiet, easy to talk"", ""vegetarian_recommendation"": ""Highly recommend"", ""vegetarian_offerings"": ""Large vegetarian selection"", ""parking_space"": ""Not sure""}"
Glen's Bakehouse (HSR Layout),095137 34879,"2337, SECTOR 1, HSR Layout 17th Cross, 24th Main Rd, Bengaluru, Karnataka 560102",12.9120508,77.6482099,Bakery and Cake Shop,,Ci9DQUlRQUNvZENodHljRjlvT21GbWNURkxjVGhNT0VSYVgyMHRlamhMVUZWV1RYYxAB,Glen's Bakehouse (HSR Layout),Akash Mishra,116270377616081293324,True,4,,0,a week ago,
Glen's Bakehouse (HSR Layout),095137 34879,"2337, SECTOR 1, HSR Layout 17th Cross, 24th Main Rd, Bengaluru, Karnataka 560102",12.9120508,77.6482099,Bakery and Cake Shop,,Ci9DQUlRQUNvZENodHljRjlvT2pCVGVIWmFOSGRMWjE5a01FVTNWRlZOTVVKd1VFRRAB,Glen's Bakehouse (HSR Layout),Shivam Kumar Singh,110447147076470480344,True,1,,0,a week ago,
Glen's Bakehouse (HSR Layout),095137 34879,"2337, SECTOR 1, HSR Layout 17th Cross, 24th Main Rd, Bengaluru, Karnataka 560102",12.9120508,77.6482099,Bakery and Cake Shop,,Ci9DQUlRQUNvZENodHljRjlvT2t0ZmFIVjJhR0YzWTBWcFZYTkRNV3Q2ZDBWSVRsRRAB,Glen's Bakehouse (HSR Layout),hanabi ishimiya,108915385453773892169,True,5,,0,Edited a week ago,"{""dining_mode"": ""Dine in"", ""meal_type"": ""Brunch"", ""price_per_person"": ""₹800–1,000"", ""food"": 5, ""service_rating"": 3, ""atmosphere"": 4, ""noise_level"": ""Moderate noise"", ""vegetarian_recommendation"": ""Somewhat recommend"", ""vegetarian_offerings"": ""Vegetarian menu or section"", ""parking_space"": ""Somewhat difficult to find parking""}"
Glen's Bakehouse (HSR Layout),095137 34879,"2337, SECTOR 1, HSR Layout 17th Cross, 24th Main Rd, Bengaluru, Karnataka 560102",12.9120508,77.6482099,Bakery and Cake Shop,,Ci9DQUlRQUNvZENodHljRjlvT2xkQ1NYSlFla295TUVGMlEyaHhSVlZoY0dSNFVsRRAB,Glen's Bakehouse (HSR Layout),Sachin SPK,110845482837250229560,True,5,"Yes located right at the centre of HSR, a cute cozy house, Serves the typical glens menu, always a good 'go to' place for desserts",0,a week ago,"{""dining_mode"": ""Dine in"", ""meal_type"": ""Lunch"", ""price_per_person"": ""₹200–400"", ""food"": 5, ""service_rating"": 5, ""atmosphere"": 5}"
Glen's Bakehouse (HSR Layout),095137 34879,"2337, SECTOR 1, HSR Layout 17th Cross, 24th Main Rd, Bengaluru, Karnataka 560102",12.9120508,77.6482099,Bakery and Cake Shop,,Ci9DQUlRQUNvZENodHljRjlvT2tNNWFHMU1ibEE0T0V4UmRtNDROR1JvUzNKSmExRRAB,Glen's Bakehouse (HSR Layout),Shimona Paul,114781305718513360946,True,5,Love it ! Good for English breakfast and bakery items,0,2 weeks ago,"{""food"": 5, ""service_rating"": 5, ""atmosphere"": 5}"
Glen's Bakehouse (HSR Layout),095137 34879,"2337, SECTOR 1, HSR Layout 17th Cross, 24th Main Rd, Bengaluru, Karnataka 560102",12.9120508,77.6482099,Bakery and Cake Shop,,Ci9DQUlRQUNvZENodHljRjlvT2pkSFEwOXZRM1pWTXpWQlgzQXhha05QT1hkd1UyYxAB,Glen's Bakehouse (HSR Layout),Vishal Arora,112576232319544265024,True,5,,0,2 weeks ago,"{""food"": 5, ""service_rating"": 4, ""atmosphere"": 4}"
Glen's Bakehouse (HSR Layout),095137 34879,"2337, SECTOR 1, HSR Layout 17th Cross, 24th Main Rd, Bengaluru, Karnataka 560102",12.9120508,77.6482099,Bakery and Cake Shop,,Ci9DQUlRQUNvZENodHljRjlvT21Zd1ltdDJibEZKWlVkNkxURldWVFpKYWtsdWFXYxAB,Glen's Bakehouse (HSR Layout),Sayuj,110116363850927909461,True,5,Excellent cakes and shakes. It's also in a quiet place and the atmosphere was really good.,0,2 weeks ago,"{""dining_mode"": ""Dine in"", ""meal_type"": ""Other"", ""price_per_person"": ""₹400–600"", ""food"": 5, ""service_rating"": 4, ""atmosphere"": 4, ""noise_level"": ""Moderate noise""}"
Glen's Bakehouse (HSR Layout),095137 34879,"2337, SECTOR 1, HSR Layout 17th Cross, 24th Main Rd, Bengaluru, Karnataka 560102",12.9120508,77.6482099,Bakery and Cake Shop,,Ci9DQUlRQUNvZENodHljRjlvT21kU05HMWhUazVMV1Y5dlZXeGZWVzUwV1ZCaWNrRRAB,Glen's Bakehouse (HSR Layout),Varun Karri,107807817313204008967,True,5,,0,2 weeks ago,"{""dining_mode"": ""Dine in"", ""meal_type"": ""Dinner"", ""price_per_person"": ""₹400–600"", ""food"": 5, ""service_rating"": 4, ""atmosphere"": 4}"
Glen's Bakehouse (HSR Layout),095137 34879,"2337, SECTOR 1, HSR Layout 17th Cross, 24th Main Rd, Bengaluru, Karnataka 560102",12.9120508,77.6482099,Bakery and Cake Shop,,Ci9DQUlRQUNvZENodHljRjlvT2tFM1VGaDVTR0ZXYVc1aE5FNW9RM1ZhYUc4MVJIYxAB,Glen's Bakehouse (HSR Layout),Waseemah Kasim,104809261591790711382,False,5,,0,2 weeks ago,
Glen's Bakehouse (HSR Layout),095137 34879,"2337, SECTOR 1, HSR Layout 17th Cross, 24th Main Rd, Bengaluru, Karnataka 560102",12.9120508,77.6482099,Bakery and Cake Shop,,Ci9DQUlRQUNvZENodHljRjlvT2s1dFlURXljM0ZtY0ZKR1prdHBhVTFxWW0xcFFuYxAB,Glen's Bakehouse (HSR Layout),chandni soorej,103416560575177821460,True,5,,0,2 weeks ago,"{""food"": 5, ""service_rating"": 3, ""atmosphere"": 3}"
Glen's Bakehouse (HSR Layout),095137 34879,"2337, SECTOR 1, HSR Layout 17th Cross, 24th Main Rd, Bengaluru, Karnataka 560102",12.9120508,77.6482099,Bakery and Cake Shop,,Ci9DQUlRQUNvZENodHljRjlvT20wdExXMHROVTlOVURaM2JtTnpXV0YxVXpZelgyYxAB,Glen's Bakehouse (HSR Layout),Aparna P V BCR313,102197415678259639513,False,5,Loved it! Red velvet cupcake and garlic bread are must-tries. Glen’s signature coffee and cappuccino were great too.,0,2 weeks ago,"{""dining_mode"": ""Dine in"", ""meal_type"": ""Other"", ""price_per_person"": ""₹200–400"", ""food"": 5, ""service_rating"": 5, ""atmosphere"": 5, ""vegetarian_recommendation"": ""Highly recommend""}"
Glen's Bakehouse (HSR Layout),095137 34879,"2337, SECTOR 1, HSR Layout 17th Cross, 24th Main Rd, Bengaluru, Karnataka 560102",12.9120508,77.6482099,Bakery and Cake Shop,,ChZDSUhNMG9nS0VJQ0FnSUNmeWRXZUVREAE,Glen's Bakehouse (HSR Layout),Tithi Nayak,111165576557038152286,True,5,"A lovely place to hang out and enjoy some delicious treats! The cupcakes, croissants, and pizzas are absolutely amazing — everything tastes fresh and really well made. If you’re a fan of baked goodies, you’ll definitely love this place.  The coffee is also quite good, making it a perfect spot to relax. The overall vibe is cozy and pleasant, great for a chill hangout with friends. Definitely worth visiting when you’re in the mood for good food and good company!",0,Edited 2 weeks ago,"{""dining_mode"": ""Dine in"", ""meal_type"": ""Other"", ""price_per_person"": ""₹400–600"", ""food"": 5, ""service_rating"": 4, ""atmosphere"": 4, ""recommended_dishes"": ""Mini Cupcakes and Tarts, Red Velvet Cupcake Eggless, Garlic Bread, Garlic Bread with Cheese, Mushroom Puff, Croissant Sandwich"", ""noise_level"": ""Moderate noise"", ""vegetarian_recommendation"": ""Somewhat recommend"", ""vegetarian_offerings"": ""Vegetarian menu or section"", ""parking_space"": ""Somewhat difficult to find parking"", ""parking_options"": ""Free street parking""}"
Glen's Bakehouse (HSR Layout),095137 34879,"2337, SECTOR 1, HSR Layout 17th Cross, 24th Main Rd, Bengaluru, Karnataka 560102",12.9120508,77.6482099,Bakery and Cake Shop,,Ci9DQUlRQUNvZENodHljRjlvT21aRFR6ZGtaazVTUVdSblVHNTJNVzlOWkVkaFpuYxAB,Glen's Bakehouse (HSR Layout),Shiva Pradhan,103499717811817354817,True,4,,0,2 weeks ago,"{""dining_mode"": ""Take out"", ""meal_type"": ""Other"", ""price_per_person"": ""₹400–600"", ""food"": 4, ""service_rating"": 4, ""atmosphere"": 4, ""noise_level"": ""Moderate noise""}"
Glen's Bakehouse (HSR Layout),095137 34879,"2337, SECTOR 1, HSR Layout 17th Cross, 24th Main Rd, Bengaluru, Karnataka 560102",12.9120508,77.6482099,Bakery and Cake Shop,,Ci9DQUlRQUNvZENodHljRjlvT21oV05VaHpOblJYYVMwM2JsOXZUbVZEYWpKVmJsRRAB,Glen's Bakehouse (HSR Layout),Marvan Thayyil,103922456301223209207,True,5,,0,2 weeks ago,"{""food"": 5, ""service_rating"": 5, ""atmosphere"": 4}"
Glen's Bakehouse (HSR Layout),095137 34879,"2337, SECTOR 1, HSR Layout 17th Cross, 24th Main Rd, Bengaluru, Karnataka 560102",12.9120508,77.6482099,Bakery and Cake Shop,,Ci9DQUlRQUNvZENodHljRjlvT2xadFoycEdNbHB0VWtjM1RXUTFlR0pLTTA1WFdIYxAB,Glen's Bakehouse (HSR Layout),pooja shetty,107022734005399050213,True,5,Good experience,0,3 weeks ago,"{""food"": 5, ""service_rating"": 4, ""atmosphere"": 4}"
Glen's Bakehouse (HSR Layout),095137 34879,"2337, SECTOR 1, HSR Layout 17th Cross, 24th Main Rd, Bengaluru, Karnataka 560102",12.9120508,77.6482099,Bakery and Cake Shop,,Ci9DQUlRQUNvZENodHljRjlvT2tGak5qaDNNa1J6Ym1Wck9UZGZkRlppZUMxWFoyYxAB,Glen's Bakehouse (HSR Layout),Karthik N,103520816131172922183,True,3,Usually overpriced for the taste,0,3 weeks ago,"{""dining_mode"": ""Dine in"", ""meal_type"": ""Other"", ""price_per_person"": ""₹200–400"", ""food"": 3, ""service_rating"": 3, ""atmosphere"": 3, ""noise_level"": ""Loud, but you can still talk""}"
Glen's Bakehouse (HSR Layout),095137 34879,"2337, SECTOR 1, HSR Layout 17th Cross, 24th Main Rd, Bengaluru, Karnataka 560102",12.9120508,77.6482099,Bakery and Cake Shop,,Ci9DQUlRQUNvZENodHljRjlvT25salUzcE5Xa3N0ZWxRNFFsWjRkR1I2U0ZVeVYzYxAB,Glen's Bakehouse (HSR Layout),Sulabh Jain,112662673184104457797,True,5,,0,3 weeks ago,
Glen's Bakehouse (HSR Layout),095137 34879,"2337, SECTOR 1, HSR Layout 17th Cross, 24th Main Rd, Bengaluru, Karnataka 560102",12.9120508,77.6482099,Bakery and Cake Shop,,Ci9DQUlRQUNvZENodHljRjlvT25wNlgwUTRPVUZDYVU5TlRXdHhSMEUyWWtaMkxWRRAB,Glen's Bakehouse (HSR Layout),Apurva Reddy,101432179989116169584,True,4,,0,3 weeks ago,"{""dining_mode"": ""Dine in"", ""meal_type"": ""Breakfast"", ""price_per_person"": ""₹400–600"", ""food"": 3, ""service_rating"": 4, ""atmosphere"": 4, ""recommended_dishes"": ""Donuts""}"
Glen's Bakehouse (HSR Layout),095137 34879,"2337, SECTOR 1, HSR Layout 17th Cross, 24th Main Rd, Bengaluru, Karnataka 560102",12.9120508,77.6482099,Bakery and Cake Shop,,Ci9DQUlRQUNvZENodHljRjlvT25KMGJXVlljMjFEZW05TmVWQmtNRVJxVGtOMk0xRRAB,Glen's Bakehouse (HSR Layout),PRIYENKA H V,103597663045436151986,True,5,,0,3 weeks ago,"{""dining_mode"": ""Dine in"", ""meal_type"": ""Dinner"", ""price_per_person"": ""₹800–1,000"", ""food"": 4, ""service_rating"": 4, ""atmosphere"": 4, ""recommended_dishes"": ""Chicken Lasagna, Blueberry Signaturecheesecake, Red Velvet Cake, Cheesecake""}"
Glen's Bakehouse (HSR Layout),095137 34879,"2337, SECTOR 1, HSR Layout 17th Cross, 24th Main Rd, Bengaluru, Karnataka 560102",12.9120508,77.6482099,Bakery and Cake Shop,,Ci9DQUlRQUNvZENodHljRjlvT2xSWU5XVXlVRTVtTm00MkxVZHBVbGxhY0dGNGJsRRAB,Glen's Bakehouse (HSR Layout),Manas Das,104811921602621371847,True,5,"I’ve been visiting Glen’s for the past 3 years, and it still makes me happy to come back every single time. There’s something really special about this place that keeps drawing me in again and again.  The ambience is lovely, the vibe is warm and welcoming, and the food is amazing once you know what to order. If you have a sweet tooth like I do, you’re definitely going to love this place.",0,3 weeks ago,"{""food"": 5, ""service_rating"": 5, ""atmosphere"": 5}"
Glen's Bakehouse (HSR Layout),095137 34879,"2337, SECTOR 1, HSR Layout 17th Cross, 24th Main Rd, Bengaluru, Karnataka 560102",12.9120508,77.6482099,Bakery and Cake Shop,,Ci9DQUlRQUNvZENodHljRjlvT20wd1YyaDBjVGRQUVRkTVNtRmpXRmcwYldkMWFHYxAB,Glen's Bakehouse (HSR Layout),M R,115887110491342274670,True,4,Go to place for weekend coffee and croissants…,0,3 weeks ago,"{""dining_mode"": ""Dine in"", ""meal_type"": ""Dinner"", ""price_per_person"": ""₹200–400"", ""food"": 5, ""service_rating"": 5, ""atmosphere"": 4, ""noise_level"": ""Loud, but you can still talk"", ""vegetarian_recommendation"": ""Highly recommend"", ""parking_space"": ""Somewhat difficult to find parking"", ""parking_options"": ""Free parking lot, Free street parking""}"
Glen's Bakehouse (HSR Layout),095137 34879,"2337, SECTOR 1, HSR Layout 17th Cross, 24th Main Rd, Bengaluru, Karnataka 560102",12.9120508,77.6482099,Bakery and Cake Shop,,Ci9DQUlRQUNvZENodHljRjlvT2tSVmRYTm9TVEZ5Tm1NNWRXOTFVMlF6VTBSWVFYYxAB,Glen's Bakehouse (HSR Layout),rimi p,112577428191939702141,False,5,The eclair was only 60 and quite tasty would visit again,0,3 weeks ago,"{""dining_mode"": ""Dine in"", ""meal_type"": ""Other"", ""price_per_person"": ""₹1–200"", ""food"": 5, ""service_rating"": 5, ""atmosphere"": 5, ""noise_level"": ""Loud, but you can still talk""}"
Glen's Bakehouse (HSR Layout),095137 34879,"2337, SECTOR 1, HSR Layout 17th Cross, 24th Main Rd, Bengaluru, Karnataka 560102",12.9120508,77.6482099,Bakery and Cake Shop,,Ci9DQUlRQUNvZENodHljRjlvT2tGbFVETnhSVzlTWVZwMWREUkRielp5U1RNMFpuYxAB,Glen's Bakehouse (HSR Layout),Ajit M,101254240449258016869,True,3,,0,3 weeks ago,"{""food"": 3, ""service_rating"": 3, ""atmosphere"": 3}"
Glen's Bakehouse (HSR Layout),095137 34879,"2337, SECTOR 1, HSR Layout 17th Cross, 24th Main Rd, Bengaluru, Karnataka 560102",12.9120508,77.6482099,Bakery and Cake Shop,,Ci9DQUlRQUNvZENodHljRjlvT2pGeFdqQm9kMWRZTjFVeFprOUljV051VUVsWVdrRRAB,Glen's Bakehouse (HSR Layout),Rasheed Usmani,112725364697555123712,True,5,,0,3 weeks ago,"{""food"": 5, ""service_rating"": 5, ""atmosphere"": 5}"
Glen's Bakehouse (HSR Layout),095137 34879,"2337, SECTOR 1, HSR Layout 17th Cross, 24th Main Rd, Bengaluru, Karnataka 560102",12.9120508,77.6482099,Bakery and Cake Shop,,Ci9DQUlRQUNvZENodHljRjlvT25CUVdYTjRXVXhwYTFsR1J6WnROVFl0TFZGWmJFRRAB,Glen's Bakehouse (HSR Layout),sandeep kumar,105384346750659984207,False,5,,0,3 weeks ago,"{""food"": 5, ""service_rating"": 5, ""atmosphere"": 5}"
Glen's Bakehouse (HSR Layout),095137 34879,"2337, SECTOR 1, HSR Layout 17th Cross, 24th Main Rd, Bengaluru, Karnataka 560102",12.9120508,77.6482099,Bakery and Cake Shop,,Ci9DQUlRQUNvZENodHljRjlvT25CS1VXeEJRMkUxYTBKVk9HdFZlWEV3U0RRMU9YYxAB,Glen's Bakehouse (HSR Layout),Rahmath khan,104476448971684275279,True,4,,0,4 weeks ago,
Glen's Bakehouse (HSR Layout),095137 34879,"2337, SECTOR 1, HSR Layout 17th Cross, 24th Main Rd, Bengaluru, Karnataka 560102",12.9120508,77.6482099,Bakery and Cake Shop,,Ci9DQUlRQUNvZENodHljRjlvT25BeVpXbFZjVmQxT1ZWbmRHVTBZamhTYm1WUldrRRAB,Glen's Bakehouse (HSR Layout),Afsha Shakeel,114961181022638490039,False,2,,0,4 weeks ago,"{""dining_mode"": ""Dine in"", ""price_per_person"": ""₹600–800"", ""food"": 4, ""service_rating"": 3, ""atmosphere"": 4, ""noise_level"": ""Quiet, easy to talk""}"
Glen's Bakehouse (HSR Layout),095137 34879,"2337, SECTOR 1, HSR Layout 17th Cross, 24th Main Rd, Bengaluru, Karnataka 560102",12.9120508,77.6482099,Bakery and Cake Shop,,Ci9DQUlRQUNvZENodHljRjlvT2tWWk5qSXpXWFJwWTJrMGVrVldZVFZRZEdReFdXYxAB,Glen's Bakehouse (HSR Layout),Monora. B,103347747920982856956,True,4,"We had pizza and cheesecake quality was good ,,,we liked it 🙌",0,a month ago,"{""food"": 4, ""service_rating"": 4, ""atmosphere"": 4}"
Glen's Bakehouse (HSR Layout),095137 34879,"2337, SECTOR 1, HSR Layout 17th Cross, 24th Main Rd, Bengaluru, Karnataka 560102",12.9120508,77.6482099,Bakery and Cake Shop,,Ci9DQUlRQUNvZENodHljRjlvT21kU09IZHlhRzVmVDNOZlV6ZGFWVzVqUVU1SVJWRRAB,Glen's Bakehouse (HSR Layout),Jyothish Ramachandran,101760766635902590026,True,5,nice place and good food too,0,a month ago,"{""food"": 5, ""service_rating"": 5, ""atmosphere"": 5}"
Glen's Bakehouse (HSR Layout),095137 34879,"2337, SECTOR 1, HSR Layout 17th Cross, 24th Main Rd, Bengaluru, Karnataka 560102",12.9120508,77.6482099,Bakery and Cake Shop,,Ci9DQUlRQUNvZENodHljRjlvT2t0dlJ6WlNjRVJwWTNBd1EzbE1hVkZrZFVGWVEwRRAB,Glen's Bakehouse (HSR Layout),Kalyani Prasad,111714682509474859034,False,1,"I visited Glen’s Bakehouse today around 5 PM and had ordered  a caramel cupcake, a red velvet cupcake, and a carrot cheesecake. During billing, there was a mix-up and the wrong item was charged. We completely understand that such errors are human and can happen anywhere. However, when we politely asked for a correction, the experience that followed was quite disappointing. The staff member handling the billing seemed disinterested and came across as rude, even arguing while making the correction. It felt unnecessary and uncomfortable, especially when we were simply requesting a fix for a genuine mistake. We visit places like this to have a relaxed and pleasant time, and interactions like these can really affect the overall experience.",0,a month ago,"{""dining_mode"": ""Dine in"", ""meal_type"": ""Other"", ""price_per_person"": ""₹200–400"", ""food"": 4, ""service_rating"": 1, ""atmosphere"": 5}"
Glen's Bakehouse (HSR Layout),095137 34879,"2337, SECTOR 1, HSR Layout 17th Cross, 24th Main Rd, Bengaluru, Karnataka 560102",12.9120508,77.6482099,Bakery and Cake Shop,,Ci9DQUlRQUNvZENodHljRjlvT2pscGVFNDRZM2xsZUZjeFMwTmhka1l5TWpJemIwRRAB,Glen's Bakehouse (HSR Layout),Sunita Shee,104865434280401866715,True,2,,0,a month ago,"{""dining_mode"": ""Dine in"", ""meal_type"": ""Dinner"", ""price_per_person"": ""₹400–600"", ""food"": 2, ""service_rating"": 3, ""atmosphere"": 4, ""wait_time"": ""10-30 min""}"
Glen's Bakehouse (HSR Layout),095137 34879,"2337, SECTOR 1, HSR Layout 17th Cross, 24th Main Rd, Bengaluru, Karnataka 560102",12.9120508,77.6482099,Bakery and Cake Shop,,Ci9DQUlRQUNvZENodHljRjlvT2tWS1FqRktlbEprY2sxQ1Z6bHlZV1UxTjBOV1ZGRRAB,Glen's Bakehouse (HSR Layout),Shreya K,102098503101871978398,True,2,"The place is small and claustrophobic. No ac no fan in this summer, too bad. And service was really bad, service people were ignoring despite calling, saying wait wait. I have been to other glen in different locations, but never experienced this kind of service and ambience issue. Disappointed ☹️",0,a month ago,"{""dining_mode"": ""Dine in"", ""meal_type"": ""Lunch"", ""price_per_person"": ""₹200–400"", ""food"": 5, ""service_rating"": 1, ""atmosphere"": 1, ""wait_time"": ""No wait""}"
Glen's Bakehouse (HSR Layout),095137 34879,"2337, SECTOR 1, HSR Layout 17th Cross, 24th Main Rd, Bengaluru, Karnataka 560102",12.9120508,77.6482099,Bakery and Cake Shop,,Ci9DQUlRQUNvZENodHljRjlvT2xjNVRTMHdSVmRhZFZKblMwVkVhVmswVEhaMWJHYxAB,Glen's Bakehouse (HSR Layout),Bobjan Tadipatri,104513844686230067339,True,5,,0,a month ago,"{""dining_mode"": ""Dine in"", ""meal_type"": ""Other"", ""price_per_person"": ""₹200–400"", ""food"": 5, ""service_rating"": 4, ""atmosphere"": 5, ""wait_time"": ""Up to 10 min""}"
Glen's Bakehouse (HSR Layout),095137 34879,"2337, SECTOR 1, HSR Layout 17th Cross, 24th Main Rd, Bengaluru, Karnataka 560102",12.9120508,77.6482099,Bakery and Cake Shop,,Ci9DQUlRQUNvZENodHljRjlvT201R2MxUTVkbTloUW1jMFQzaFJPRmsxYlc1MmFuYxAB,Glen's Bakehouse (HSR Layout),Sutheerth M,110747524525647716844,True,3,,0,a month ago,"{""dining_mode"": ""Dine in"", ""meal_type"": ""Dinner"", ""price_per_person"": ""₹200–400"", ""food"": 3, ""service_rating"": 3, ""atmosphere"": 4, ""wait_time"": ""No wait""}"
Glen's Bakehouse (HSR Layout),095137 34879,"2337, SECTOR 1, HSR Layout 17th Cross, 24th Main Rd, Bengaluru, Karnataka 560102",12.9120508,77.6482099,Bakery and Cake Shop,,Ci9DQUlRQUNvZENodHljRjlvT25GTGFEQjBNbWhmYTA1UkxUTTNkSEppUzFRMGFsRRAB,Glen's Bakehouse (HSR Layout),Suvetha Gowtham,109661562905061483040,True,5,,0,a month ago,"{""food"": 5, ""service_rating"": 5, ""atmosphere"": 5}"
Glen's Bakehouse (HSR Layout),095137 34879,"2337, SECTOR 1, HSR Layout 17th Cross, 24th Main Rd, Bengaluru, Karnataka 560102",12.9120508,77.6482099,Bakery and Cake Shop,,Ci9DQUlRQUNvZENodHljRjlvT21WcWJtVTRSRUV4VW14U1dqTjFRbDgzUTI0MlowRRAB,Glen's Bakehouse (HSR Layout),Vaishnavi,117980345476348248510,False,4,"Best hot chocolate and signature hot coffee, and perfect outdoorsy sit out✨",0,a month ago,"{""dining_mode"": ""Dine in"", ""meal_type"": ""Dinner"", ""food"": 3, ""service_rating"": 4, ""atmosphere"": 5}"
Glen's Bakehouse (HSR Layout),095137 34879,"2337, SECTOR 1, HSR Layout 17th Cross, 24th Main Rd, Bengaluru, Karnataka 560102",12.9120508,77.6482099,Bakery and Cake Shop,,Ci9DQUlRQUNvZENodHljRjlvT25wRGRHNUlOSEpDYkhRNU9VcGFXbnBuU1RZMVlsRRAB,Glen's Bakehouse (HSR Layout),Suma S.S,100688325569438562707,True,2,"Worst experience I’ve had at any Glen’s Bakehouse—the chocolate croissant was rock hard and painful to chew, and the pizzas were horrible, nothing tasted fresh.",0,a month ago,"{""food"": 2, ""service_rating"": 2, ""atmosphere"": 4}"
Glen's Bakehouse (HSR Layout),095137 34879,"2337, SECTOR 1, HSR Layout 17th Cross, 24th Main Rd, Bengaluru, Karnataka 560102",12.9120508,77.6482099,Bakery and Cake Shop,,Ci9DQUlRQUNvZENodHljRjlvT20xNldXaFpTVVkwUTA1UlpVeFdhVUp3UmxCd1IxRRAB,Glen's Bakehouse (HSR Layout),Kanchan Kumari,109403791743296804803,False,1,I wanted to give minus rating but I don't have option. Service is too bad 👎 to bring 1 item staff is taking 1hour.  And crowd is also too less..  Staff is very rood,0,a month ago,"{""food"": 1, ""service_rating"": 1, ""atmosphere"": 1}"
Glen's Bakehouse (HSR Layout),095137 34879,"2337, SECTOR 1, HSR Layout 17th Cross, 24th Main Rd, Bengaluru, Karnataka 560102",12.9120508,77.6482099,Bakery and Cake Shop,,Ci9DQUlRQUNvZENodHljRjlvT2xkdk5VVnJlVFF4Y25kbVQwaE9TMWxuVDNOemFFRRAB,Glen's Bakehouse (HSR Layout),J AS,110336073898683281291,False,1,Worst packing ever!! All the cupcakes were merged,0,a month ago,
Glen's Bakehouse (HSR Layout),095137 34879,"2337, SECTOR 1, HSR Layout 17th Cross, 24th Main Rd, Bengaluru, Karnataka 560102",12.9120508,77.6482099,Bakery and Cake Shop,,Ci9DQUlRQUNvZENodHljRjlvT25kUmNsVmZTa3RHZWpjelYzQnZha2xoWlVGSE1tYxAB,Glen's Bakehouse (HSR Layout),Deepak Vn,113530966245434194289,False,5,,0,a month ago,"{""dining_mode"": ""Dine in"", ""meal_type"": ""Dinner"", ""food"": 5, ""service_rating"": 5, ""atmosphere"": 5, ""noise_level"": ""Quiet, easy to talk""}"
Glen's Bakehouse (HSR Layout),095137 34879,"2337, SECTOR 1, HSR Layout 17th Cross, 24th Main Rd, Bengaluru, Karnataka 560102",12.9120508,77.6482099,Bakery and Cake Shop,,Ci9DQUlRQUNvZENodHljRjlvT2kwNWIwbE1jelJwY0VaU1FXZEJSblZtTTBKSlowRRAB,Glen's Bakehouse (HSR Layout),Anudeep Reddy,101050550607487130097,True,5,,0,a month ago,"{""dining_mode"": ""Take out"", ""meal_type"": ""Other"", ""price_per_person"": ""₹200–400"", ""food"": 5, ""service_rating"": 5, ""atmosphere"": 5}"
Glen's Bakehouse (HSR Layout),095137 34879,"2337, SECTOR 1, HSR Layout 17th Cross, 24th Main Rd, Bengaluru, Karnataka 560102",12.9120508,77.6482099,Bakery and Cake Shop,,Ci9DQUlRQUNvZENodHljRjlvT2tOU00xUTBYMU5EUWswemJqWXpaRVU1Y2xWbldtYxAB,Glen's Bakehouse (HSR Layout),karthik manikanta,115686887550493411533,True,3,,0,a month ago,"{""food"": 3, ""service_rating"": 3, ""atmosphere"": 4}"
Glen's Bakehouse (HSR Layout),095137 34879,"2337, SECTOR 1, HSR Layout 17th Cross, 24th Main Rd, Bengaluru, Karnataka 560102",12.9120508,77.6482099,Bakery and Cake Shop,,Ci9DQUlRQUNvZENodHljRjlvT2tWMVVHNHhSMEpRTVRWQk1rZFpURmR5VGtGV2FWRRAB,Glen's Bakehouse (HSR Layout),Veekshith Shetty,103365012840300453507,True,4,,0,a month ago,"{""dining_mode"": ""Dine in"", ""meal_type"": ""Other"", ""price_per_person"": ""₹200–400"", ""food"": 4, ""service_rating"": 3, ""atmosphere"": 4, ""noise_level"": ""Moderate noise""}"
Glen's Bakehouse (HSR Layout),095137 34879,"2337, SECTOR 1, HSR Layout 17th Cross, 24th Main Rd, Bengaluru, Karnataka 560102",12.9120508,77.6482099,Bakery and Cake Shop,,Ci9DQUlRQUNvZENodHljRjlvT25jd1YxUjNPVTFZVjB0SlRsaHRTRWhWV1VkMFdGRRAB,Glen's Bakehouse (HSR Layout),Garima Sharma,104073395578570702651,True,3,A bit overhyped...taste was okay...,0,a month ago,"{""dining_mode"": ""Dine in"", ""meal_type"": ""Other"", ""price_per_person"": ""₹600–800"", ""food"": 3, ""service_rating"": 3, ""atmosphere"": 3, ""noise_level"": ""Loud, but you can still talk""}"
Glen's Bakehouse (HSR Layout),095137 34879,"2337, SECTOR 1, HSR Layout 17th Cross, 24th Main Rd, Bengaluru, Karnataka 560102",12.9120508,77.6482099,Bakery and Cake Shop,,Ci9DQUlRQUNvZENodHljRjlvT25nek0ybFNMVzVuYXkxdFNuWm5aV1ZITW5CRVJsRRAB,Glen's Bakehouse (HSR Layout),Hari Sriramulu,107306770839040144671,True,4,,0,a month ago,
Glen's Bakehouse (HSR Layout),095137 34879,"2337, SECTOR 1, HSR Layout 17th Cross, 24th Main Rd, Bengaluru, Karnataka 560102",12.9120508,77.6482099,Bakery and Cake Shop,,Ci9DQUlRQUNvZENodHljRjlvT2xVeFJuWkJZM0ZqTUhWdFYySkpUbkJWVTFWR1RGRRAB,Glen's Bakehouse (HSR Layout),Saransh Vats,101774509820395650345,False,3,"Food is average, vibe is good. Prices are also decent not too expensive nor very cheap.",0,a month ago,"{""food"": 3, ""service_rating"": 5, ""atmosphere"": 5}"
Glen's Bakehouse (HSR Layout),095137 34879,"2337, SECTOR 1, HSR Layout 17th Cross, 24th Main Rd, Bengaluru, Karnataka 560102",12.9120508,77.6482099,Bakery and Cake Shop,,Ci9DQUlRQUNvZENodHljRjlvT25vNE0xSlZVWGhIWXpWWWIyRjRSbkJ2ZVVaNWVsRRAB,Glen's Bakehouse (HSR Layout),Shamanth,104528319172165330056,True,5,,0,a month ago,
Glen's Bakehouse (HSR Layout),095137 34879,"2337, SECTOR 1, HSR Layout 17th Cross, 24th Main Rd, Bengaluru, Karnataka 560102",12.9120508,77.6482099,Bakery and Cake Shop,,Ci9DQUlRQUNvZENodHljRjlvT2xRMlpIZFhNRkl4VmtZdFozTnNkVmt6VTFGMU9FRRAB,Glen's Bakehouse (HSR Layout),Shreya Dalmia,112885141380896715086,True,2,"Extremely run down place. I have been to the Indiranagar branch multiple times, and that used to be great. The HSR layout branch was noisy, AC was barely working, you could hear the pantry (the mixer blender constantly running). We got undercooked french fries. They refused to serve an Americano with milk on the side. Service was TOO slow. The garlic bread was also below average. Over all a bad experience. Wouldn’t visit again",0,a month ago,"{""dining_mode"": ""Dine in"", ""meal_type"": ""Other"", ""price_per_person"": ""₹200–400"", ""food"": 2, ""service_rating"": 2, ""atmosphere"": 1, ""noise_level"": ""Loud, but you can still talk"", ""parking_space"": ""Difficult to find parking"", ""parking_options"": ""Free street parking"", ""kid_friendliness"": ""Not kid friendly. Didn’t even have a high chair""}"
Glen's Bakehouse (HSR Layout),095137 34879,"2337, SECTOR 1, HSR Layout 17th Cross, 24th Main Rd, Bengaluru, Karnataka 560102",12.9120508,77.6482099,Bakery and Cake Shop,,Ci9DQUlRQUNvZENodHljRjlvT2tOSVJYQmZSMjh6Tm1wRFJrTnlXRXBQWDJaT2QxRRAB,Glen's Bakehouse (HSR Layout),Srishti Agrawal,106861419557750804376,False,1,The worst cheesecake i have ever had. This place is highly overrated,0,a month ago,"{""food"": 1, ""service_rating"": 2, ""atmosphere"": 1}"
Glen's Bakehouse (HSR Layout),095137 34879,"2337, SECTOR 1, HSR Layout 17th Cross, 24th Main Rd, Bengaluru, Karnataka 560102",12.9120508,77.6482099,Bakery and Cake Shop,,Ci9DQUlRQUNvZENodHljRjlvT2xOc09YRjZUSEJ4VEhrdGJERjNZMjFtTFVkT2VWRRAB,Glen's Bakehouse (HSR Layout),Xplore With Abhi,108011524598522333088,True,4,"Recommended: - Combo breakfast with chicken sausage - Chicken Salami Sandwich - Glens Signature Coffee, Irish Flavoured",0,a month ago,"{""dining_mode"": ""Dine in"", ""meal_type"": ""Breakfast"", ""price_per_person"": ""₹400–600"", ""food"": 4, ""service_rating"": 4, ""atmosphere"": 3, ""noise_level"": ""Quiet, easy to talk""}"
Glen's Bakehouse (HSR Layout),095137 34879,"2337, SECTOR 1, HSR Layout 17th Cross, 24th Main Rd, Bengaluru, Karnataka 560102",12.9120508,77.6482099,Bakery and Cake Shop,,Ci9DQUlRQUNvZENodHljRjlvT205SlZ6Sk9OWGR0V1U0eGNuVjJSRWwxTVZGclRIYxAB,Glen's Bakehouse (HSR Layout),Chirag Sharma,118416941552432609685,False,5,"Food is excellent but service is too slow. Order your food from Kempegowda, it should be ready by the time you reach the place.",0,a month ago,"{""dining_mode"": ""Dine in"", ""meal_type"": ""Dinner"", ""price_per_person"": ""₹600–800"", ""food"": 5, ""service_rating"": 2, ""atmosphere"": 5, ""noise_level"": ""Moderate noise""}"
Glen's Bakehouse (HSR Layout),095137 34879,"2337, SECTOR 1, HSR Layout 17th Cross, 24th Main Rd, Bengaluru, Karnataka 560102",12.9120508,77.6482099,Bakery and Cake Shop,,Ci9DQUlRQUNvZENodHljRjlvT210Ull6SnphRVpEYTA5T2VtaE1MWGRQTlV3MlowRRAB,Glen's Bakehouse (HSR Layout),Jasleen Kaur,103132784516336396944,True,5,,0,a month ago,
Glen's Bakehouse (HSR Layout),095137 34879,"2337, SECTOR 1, HSR Layout 17th Cross, 24th Main Rd, Bengaluru, Karnataka 560102",12.9120508,77.6482099,Bakery and Cake Shop,,Ci9DQUlRQUNvZENodHljRjlvT2taSllURkNaRXg1TURGNVRHdGFSMVJYU1c5RVdWRRAB,Glen's Bakehouse (HSR Layout),Soumish Ghosh,113024584188237576970,True,4,,0,a month ago,"{""food"": 4, ""service_rating"": 4, ""atmosphere"": 5}"
Glen's Bakehouse (HSR Layout),095137 34879,"2337, SECTOR 1, HSR Layout 17th Cross, 24th Main Rd, Bengaluru, Karnataka 560102",12.9120508,77.6482099,Bakery and Cake Shop,,Ci9DQUlRQUNvZENodHljRjlvT2xGNE4zSkRVR05wTlZkUU1XbGxVR1ZvVGpkSVZFRRAB,Glen's Bakehouse (HSR Layout),Ganesh G,106070465510904570176,True,5,We loved it 😍,0,a month ago,"{""dining_mode"": ""Dine in"", ""meal_type"": ""Dinner"", ""food"": 5, ""service_rating"": 5, ""atmosphere"": 5}"
Glen's Bakehouse (HSR Layout),095137 34879,"2337, SECTOR 1, HSR Layout 17th Cross, 24th Main Rd, Bengaluru, Karnataka 560102",12.9120508,77.6482099,Bakery and Cake Shop,,Ci9DQUlRQUNvZENodHljRjlvT21Sc1dtdDVWbTlqYWpOUFdYcFNha2x5ZWtNeFpXYxAB,Glen's Bakehouse (HSR Layout),Sabari Ramkumar,118376101771320889046,True,1,Very disappointed with the experience and service particularly. After ordering and requesting for the update of the order multiple times to multiple people we were given a reply that the order was forgotten after 30 minutes and the item was sold out.  No one cares to take the order or check the order which was places. The place is very disorganised and nobody cares about customers.,0,a month ago,"{""dining_mode"": ""Dine in"", ""meal_type"": ""Dinner"", ""price_per_person"": ""₹1–200"", ""food"": 4, ""service_rating"": 1, ""atmosphere"": 1, ""group_size"": ""Not sure""}"
Glen's Bakehouse (HSR Layout),095137 34879,"2337, SECTOR 1, HSR Layout 17th Cross, 24th Main Rd, Bengaluru, Karnataka 560102",12.9120508,77.6482099,Bakery and Cake Shop,,Ci9DQUlRQUNvZENodHljRjlvT21wNWVURmpSREUyVGxGalZtcDZhRlI1U1RGUWRtYxAB,Glen's Bakehouse (HSR Layout),Raziyah Sayeed,110546793960684239022,True,4,"Visited Glen’s Simplify Café with the hope of finding a good café, and ended up loving the place so much that it’s now on my must-visit list whenever I’m in Bangalore.  We tried quite a few items — coffee (both hot and cold, milk-based and black), chicken cream soup (which we absolutely loved), tandoori chicken croissant, veg patties, charcoal pizza, chocolate tart… and the list goes on. Guilty of eating way too much, but honestly couldn’t help it because everything was so good!  Hospitality: 9/10 Food: 8/10 Ambience: 10/10 Cleanliness: 9/10  From the moment we entered until the time we left, we truly enjoyed the experience. The best part is that it’s not as expensive as many other cafés in Bangalore.  Both two-wheeler and four-wheeler parking are available.  Good job, Team Glen’s!",0,a month ago,"{""dining_mode"": ""Dine in"", ""meal_type"": ""Brunch"", ""price_per_person"": ""₹2,000+"", ""food"": 4, ""service_rating"": 5, ""atmosphere"": 4, ""group_size"": ""3-4 people"", ""vegetarian_recommendation"": ""Highly recommend"", ""vegetarian_offerings"": ""Vegetarian menu or section"", ""parking_space"": ""Plenty of parking"", ""parking_options"": ""Free parking lot"", ""kid_friendliness"": ""Yes""}"
Glen's Bakehouse (HSR Layout),095137 34879,"2337, SECTOR 1, HSR Layout 17th Cross, 24th Main Rd, Bengaluru, Karnataka 560102",12.9120508,77.6482099,Bakery and Cake Shop,,Ci9DQUlRQUNvZENodHljRjlvT25SQ1RrRkNjMU5GUmt0dlVrVjVNVzlCT0hSdFprRRAB,Glen's Bakehouse (HSR Layout),OWES SHAIKH,112894638363325335668,True,5,,0,a month ago,"{""dining_mode"": ""Dine in"", ""meal_type"": ""Dinner"", ""price_per_person"": ""₹200–400"", ""food"": 5, ""service_rating"": 5, ""atmosphere"": 5, ""noise_level"": ""Quiet, easy to talk"", ""parking_space"": ""Plenty of parking"", ""parking_options"": ""Free parking lot""}"
Glen's Bakehouse (HSR Layout),095137 34879,"2337, SECTOR 1, HSR Layout 17th Cross, 24th Main Rd, Bengaluru, Karnataka 560102",12.9120508,77.6482099,Bakery and Cake Shop,,Ci9DQUlRQUNvZENodHljRjlvT2twM05FdFJWMDFyUm00MGIzZENPRFY1ZDIxeFdVRRAB,Glen's Bakehouse (HSR Layout),Arpit Govil,102383459210762746401,True,1,Very unhygienic washroom,0,a month ago,"{""food"": 5, ""service_rating"": 3, ""atmosphere"": 2}"
Glen's Bakehouse (HSR Layout),095137 34879,"2337, SECTOR 1, HSR Layout 17th Cross, 24th Main Rd, Bengaluru, Karnataka 560102",12.9120508,77.6482099,Bakery and Cake Shop,,Ci9DQUlRQUNvZENodHljRjlvT2xoSWRUSlNORVV3YjBWR2NDMWhPVWhMVW1sWVNGRRAB,Glen's Bakehouse (HSR Layout),Shabbir Hussain,115759957345921906054,True,5,,0,a month ago,"{""food"": 5, ""service_rating"": 5, ""atmosphere"": 5}"
Glen's Bakehouse (HSR Layout),095137 34879,"2337, SECTOR 1, HSR Layout 17th Cross, 24th Main Rd, Bengaluru, Karnataka 560102",12.9120508,77.6482099,Bakery and Cake Shop,,Ci9DQUlRQUNvZENodHljRjlvT2toNVRFNVJjV3QwZFdoVGEyWlliemRXWjJrMVRWRRAB,Glen's Bakehouse (HSR Layout),Tanya Prakash,112174108718924978937,True,5,,0,a month ago,"{""dining_mode"": ""Take out"", ""meal_type"": ""Other"", ""price_per_person"": ""₹1–200"", ""food"": 5, ""service_rating"": 5, ""atmosphere"": 5, ""noise_level"": ""Quiet, easy to talk""}"
Glen's Bakehouse (HSR Layout),095137 34879,"2337, SECTOR 1, HSR Layout 17th Cross, 24th Main Rd, Bengaluru, Karnataka 560102",12.9120508,77.6482099,Bakery and Cake Shop,,Ci9DQUlRQUNvZENodHljRjlvT2toaU5XRmZUV0pCVlVSelIyUlpXWFIwUkRoNFNVRRAB,Glen's Bakehouse (HSR Layout),Pradeep D,109205862289083995571,True,5,Delicious cup cake with reasonable price Jst love it ✨⚡,0,a month ago,"{""dining_mode"": ""Take out"", ""meal_type"": ""Brunch"", ""price_per_person"": ""₹400–600"", ""food"": 5, ""service_rating"": 5, ""atmosphere"": 5, ""noise_level"": ""Very quiet""}"
Glen's Bakehouse (HSR Layout),095137 34879,"2337, SECTOR 1, HSR Layout 17th Cross, 24th Main Rd, Bengaluru, Karnataka 560102",12.9120508,77.6482099,Bakery and Cake Shop,,Ci9DQUlRQUNvZENodHljRjlvT201R1ZuSlFNVjlmY1RKbmFucEhSVUZLWjNZeU4wRRAB,Glen's Bakehouse (HSR Layout),Vijayakumari T.R,112078298653925923908,True,3,,0,a month ago,"{""dining_mode"": ""Dine in"", ""meal_type"": ""Other"", ""food"": 3, ""service_rating"": 4, ""atmosphere"": 4, ""noise_level"": ""Very quiet""}"
Glen's Bakehouse (HSR Layout),095137 34879,"2337, SECTOR 1, HSR Layout 17th Cross, 24th Main Rd, Bengaluru, Karnataka 560102",12.9120508,77.6482099,Bakery and Cake Shop,,Ci9DQUlRQUNvZENodHljRjlvT2toNUxWcHJVRGhJV0haTk5USjFYMk5vVVVGSVMxRRAB,Glen's Bakehouse (HSR Layout),Digital Transformation,112090684727712972142,False,5,,0,a month ago,"{""dining_mode"": ""Dine in"", ""meal_type"": ""Brunch"", ""price_per_person"": ""₹200–400"", ""food"": 5, ""service_rating"": 4, ""atmosphere"": 5, ""noise_level"": ""Quiet, easy to talk""}"
Glen's Bakehouse (HSR Layout),095137 34879,"2337, SECTOR 1, HSR Layout 17th Cross, 24th Main Rd, Bengaluru, Karnataka 560102",12.9120508,77.6482099,Bakery and Cake Shop,,Ci9DQUlRQUNvZENodHljRjlvT2tOcWRXSm5lV2xvT1dGaU1GTXdXV1Z3Wm14UlQyYxAB,Glen's Bakehouse (HSR Layout),Vaibhav Agrawal,109265220636211306512,True,1,Staff is busy with their own things always. Even if there is no one at the store to buy things. Takes more than 10 mins to pack things which is already there.,0,2 months ago,
Glen's Bakehouse (HSR Layout),095137 34879,"2337, SECTOR 1, HSR Layout 17th Cross, 24th Main Rd, Bengaluru, Karnataka 560102",12.9120508,77.6482099,Bakery and Cake Shop,,Ci9DQUlRQUNvZENodHljRjlvT25Jd1pFOHdRVVpFUzBWT1QwSnJUelppYkdwYVQwRRAB,Glen's Bakehouse (HSR Layout),Madhulika Kanchanapally,104099755086065680093,True,1,"Though the food was good..... The way the customer is received also matters.... And the service at Glen's in HSR did not seem to focus on that. We had to keep calling someone to attend to us.... When we had a few questions they were so impatient to even listen that they just walked away mid-sentence without any response.  Glen's being such a big franchise should not compromise on this aspect because, Though it is a branch issue it does reflect on the entire franchise. Extremely disappointing.",0,2 months ago,"{""food"": 3, ""service_rating"": 1, ""atmosphere"": 3}"
Glen's Bakehouse (HSR Layout),095137 34879,"2337, SECTOR 1, HSR Layout 17th Cross, 24th Main Rd, Bengaluru, Karnataka 560102",12.9120508,77.6482099,Bakery and Cake Shop,,Ci9DQUlRQUNvZENodHljRjlvT21SbloydHJPVlJqVTJnMlMxUlVlbDlhVUU1aU5HYxAB,Glen's Bakehouse (HSR Layout),Aruna,106946565236660433899,True,5,,0,2 months ago,
Glen's Bakehouse (HSR Layout),095137 34879,"2337, SECTOR 1, HSR Layout 17th Cross, 24th Main Rd, Bengaluru, Karnataka 560102",12.9120508,77.6482099,Bakery and Cake Shop,,Ci9DQUlRQUNvZENodHljRjlvT21kRWJHODJabmx2VGpOSk1rUkdVV1JJVEhRd1NWRRAB,Glen's Bakehouse (HSR Layout),Akhil Krishnan,106913157186150176977,True,1,"This was 3 rd Glen's Bake in BLR that I have visited with the past good experience I had in other two outlets. However this was totally opposite and the experience was terrible in terms of staff attention, service timing and unable to place the order through QR code and eventually after waiting for 10-15 mins that the staff was able to see us waiving our hand to get some assistance and the order what placed them got wrong.  We placed a paneer starter to come first and then the Pasta however after a wait of 30 mins we received both starter and pasta together. Pasta was wrong order.  There was no cutlery in table and the side plate, no water served. We had to ask for everything. Eventually they handed over the bill well before we asked for it and we were not even done with eating. They started closing the area at 10:45pm and removed extra chairs from our table while we continued eating, while many others were also sitting. They were in super hurry to just shut the place.  Lights were switched off when we were taking some photos.  Food was not so great. The only good thing which happened that was the Manager/Supervisor was kind enough to change our pasta and got us the actual dish what we wanted.  Rest overall it was a disappointment.",0,2 months ago,"{""dining_mode"": ""Dine in"", ""meal_type"": ""Dinner"", ""price_per_person"": ""₹600–800"", ""food"": 1, ""service_rating"": 1, ""atmosphere"": 1, ""noise_level"": ""Quiet, easy to talk""}"
Glen's Bakehouse (HSR Layout),095137 34879,"2337, SECTOR 1, HSR Layout 17th Cross, 24th Main Rd, Bengaluru, Karnataka 560102",12.9120508,77.6482099,Bakery and Cake Shop,,Ci9DQUlRQUNvZENodHljRjlvT2tRd2NteDRUelpXWlhkNlNERnZkVUpMV0UxNFpIYxAB,Glen's Bakehouse (HSR Layout),Venkatesh Nbr,117932487046488753300,True,4,,0,2 months ago,"{""dining_mode"": ""Dine in"", ""meal_type"": ""Other"", ""price_per_person"": ""₹200–400"", ""food"": 4, ""service_rating"": 4, ""atmosphere"": 4, ""noise_level"": ""Loud, but you can still talk""}"
Glen's Bakehouse (HSR Layout),095137 34879,"2337, SECTOR 1, HSR Layout 17th Cross, 24th Main Rd, Bengaluru, Karnataka 560102",12.9120508,77.6482099,Bakery and Cake Shop,,Ci9DQUlRQUNvZENodHljRjlvT2xGeE5EZzBhRVkwVG00M1EybDVNVFpwT0Zka1NIYxAB,Glen's Bakehouse (HSR Layout),Ankita Raj,101083424259104924510,True,4,Overall food is worth the price. Service can be improved. Specially weekend breakfast,0,2 months ago,"{""food"": 4, ""service_rating"": 3, ""atmosphere"": 5}"
Glen's Bakehouse (HSR Layout),095137 34879,"2337, SECTOR 1, HSR Layout 17th Cross, 24th Main Rd, Bengaluru, Karnataka 560102",12.9120508,77.6482099,Bakery and Cake Shop,,Ci9DQUlRQUNvZENodHljRjlvT210amJucFdTbmwyTUY5bVNsQnJSRVk1TW1JdGRGRRAB,Glen's Bakehouse (HSR Layout),Vaibhav Singh,113112559276027943524,False,4,,0,2 months ago,"{""food"": 5, ""service_rating"": 5, ""atmosphere"": 4}"
Glen's Bakehouse (HSR Layout),095137 34879,"2337, SECTOR 1, HSR Layout 17th Cross, 24th Main Rd, Bengaluru, Karnataka 560102",12.9120508,77.6482099,Bakery and Cake Shop,,Ci9DQUlRQUNvZENodHljRjlvT21VNU5VTkVkak13VkhoVFVIUnBiMmh4YmkxalNGRRAB,Glen's Bakehouse (HSR Layout),KAMALAKANNAN S,112414444216023084866,False,5,,0,Edited 2 months ago,"{""dining_mode"": ""Dine in"", ""meal_type"": ""Dinner"", ""price_per_person"": ""₹400–600"", ""food"": 4, ""service_rating"": 5, ""atmosphere"": 5, ""noise_level"": ""Very quiet"", ""vegetarian_recommendation"": ""Highly recommend"", ""parking_space"": ""Somewhat difficult to find parking""}"
Glen's Bakehouse (HSR Layout),095137 34879,"2337, SECTOR 1, HSR Layout 17th Cross, 24th Main Rd, Bengaluru, Karnataka 560102",12.9120508,77.6482099,Bakery and Cake Shop,,Ci9DQUlRQUNvZENodHljRjlvT25SRGIzRjNjakJDZWs5dWFVaDZhWFZKUzNKQ1RVRRAB,Glen's Bakehouse (HSR Layout),Charan Suma,107988867506401401037,True,5,,0,2 months ago,"{""food"": 5, ""service_rating"": 5, ""atmosphere"": 5}"
Glen's Bakehouse (HSR Layout),095137 34879,"2337, SECTOR 1, HSR Layout 17th Cross, 24th Main Rd, Bengaluru, Karnataka 560102",12.9120508,77.6482099,Bakery and Cake Shop,,Ci9DQUlRQUNvZENodHljRjlvT2pKTWVGOTNTVU15Y0ZGWk1FTmZUalZGTjB4MmVWRRAB,Glen's Bakehouse (HSR Layout),Anand Srinivasan,112298972379216390199,True,1,"As a policy, i rate one star for any restaurant that makes me enter my phone number or email just to place an order.  This one deserved it in any case for the terribly slow service.",0,2 months ago,"{""dining_mode"": ""Dine in"", ""meal_type"": ""Brunch"", ""price_per_person"": ""₹200–400"", ""food"": 4, ""service_rating"": 1, ""atmosphere"": 3}"
Glen's Bakehouse (HSR Layout),095137 34879,"2337, SECTOR 1, HSR Layout 17th Cross, 24th Main Rd, Bengaluru, Karnataka 560102",12.9120508,77.6482099,Bakery and Cake Shop,,Ci9DQUlRQUNvZENodHljRjlvT21zM1dIUkVhMGx5YTNac0xXb3hjRVJqUlVkNldVRRAB,Glen's Bakehouse (HSR Layout),shashank agarwal,111208676305663756606,True,4,"Visited Glen Bakehouse, HSR Layout on Feb 14 (Saturday afternoon) ❤️ Located opposite Gayathri Temple, 17th Cross, 24th Main Road — easy to spot 📍 Nice, cozy vibe and a pleasant place to relax and catch up over the weekend ☕✨  Overall, a good hangout for a casual afternoon outing.",0,Edited 2 months ago,"{""food"": 4, ""service_rating"": 3, ""atmosphere"": 5}"
Glen's Bakehouse (HSR Layout),095137 34879,"2337, SECTOR 1, HSR Layout 17th Cross, 24th Main Rd, Bengaluru, Karnataka 560102",12.9120508,77.6482099,Bakery and Cake Shop,,Ci9DQUlRQUNvZENodHljRjlvT2tJemNXTkVNMUZRUmxOaWJFRmpjRzlLU0VaRlNrRRAB,Glen's Bakehouse (HSR Layout),Shivam Mishra,102785334615898742825,False,1,,0,2 months ago,"{""food"": 1, ""service_rating"": 1, ""atmosphere"": 5}"
Glen's Bakehouse (HSR Layout),095137 34879,"2337, SECTOR 1, HSR Layout 17th Cross, 24th Main Rd, Bengaluru, Karnataka 560102",12.9120508,77.6482099,Bakery and Cake Shop,,Ci9DQUlRQUNvZENodHljRjlvT25WTllUaHViMmMyUkVwWWREZFVkaTEzVTBwWldXYxAB,Glen's Bakehouse (HSR Layout),Vérsús MáNí,101290766991010165228,False,1,,0,2 months ago,"{""food"": 3, ""service_rating"": 1, ""atmosphere"": 4}"
Glen's Bakehouse (HSR Layout),095137 34879,"2337, SECTOR 1, HSR Layout 17th Cross, 24th Main Rd, Bengaluru, Karnataka 560102",12.9120508,77.6482099,Bakery and Cake Shop,,Ci9DQUlRQUNvZENodHljRjlvT2tnMWQwNW9YelE0VW05Nk5WcFpXVFZaYUZWa1EyYxAB,Glen's Bakehouse (HSR Layout),Ratatouille,101983143774528421005,True,5,They were showing hurry to close and constantly reminding it was time to close from 11:15pm even tho it's 12am as closing time. Food and ambiance was excellent tho.,0,2 months ago,"{""dining_mode"": ""Dine in"", ""meal_type"": ""Dinner"", ""price_per_person"": ""₹600–800"", ""food"": 5, ""service_rating"": 1, ""atmosphere"": 5, ""noise_level"": ""Quiet, easy to talk""}"
Glen's Bakehouse (HSR Layout),095137 34879,"2337, SECTOR 1, HSR Layout 17th Cross, 24th Main Rd, Bengaluru, Karnataka 560102",12.9120508,77.6482099,Bakery and Cake Shop,,Ci9DQUlRQUNvZENodHljRjlvT25vMVpXbGlNblIxZVdSb1ZtSk5RamN3TFZoTVoyYxAB,Glen's Bakehouse (HSR Layout),BHARATH E,101678876381304626940,True,5,Good place to visit with ur loved one. Tables should improve in terms of cleaning. Taste is nice. Nice ambiance and enjoyed it,0,2 months ago,"{""dining_mode"": ""Dine in"", ""meal_type"": ""Lunch"", ""price_per_person"": ""₹200–400"", ""food"": 5, ""service_rating"": 4, ""atmosphere"": 5, ""noise_level"": ""Very quiet""}"
Glen's Bakehouse (HSR Layout),095137 34879,"2337, SECTOR 1, HSR Layout 17th Cross, 24th Main Rd, Bengaluru, Karnataka 560102",12.9120508,77.6482099,Bakery and Cake Shop,,Ci9DQUlRQUNvZENodHljRjlvT2tOUFlUUnNURFpPU0hCMGJUbHFPRWRwZVVsd1pYYxAB,Glen's Bakehouse (HSR Layout),Ravi,108384256445574047109,True,5,,0,2 months ago,"{""food"": 5, ""service_rating"": 5, ""atmosphere"": 5}"
Glen's Bakehouse (HSR Layout),095137 34879,"2337, SECTOR 1, HSR Layout 17th Cross, 24th Main Rd, Bengaluru, Karnataka 560102",12.9120508,77.6482099,Bakery and Cake Shop,,Ci9DQUlRQUNvZENodHljRjlvT21kWFRrZHdSVWxZUWw5UWEyWXhjamRIT0ZwUFlsRRAB,Glen's Bakehouse (HSR Layout),Arman Ahmad,101767271819669567952,True,4,"Awesome place for a experience sweet delicacies. With muliple options to try and experience, a must go place with friends, first date and family.",0,2 months ago,"{""dining_mode"": ""Dine in"", ""meal_type"": ""Dinner"", ""price_per_person"": ""₹400–600"", ""food"": 4, ""service_rating"": 4, ""atmosphere"": 4, ""noise_level"": ""Quiet, easy to talk"", ""vegetarian_recommendation"": ""Highly recommend"", ""vegetarian_offerings"": ""Vegetarian menu or section"", ""parking_space"": ""Somewhat difficult to find parking"", ""parking_options"": ""Free parking lot""}"
Glen's Bakehouse (HSR Layout),095137 34879,"2337, SECTOR 1, HSR Layout 17th Cross, 24th Main Rd, Bengaluru, Karnataka 560102",12.9120508,77.6482099,Bakery and Cake Shop,,Ci9DQUlRQUNvZENodHljRjlvT2psNlpUZHRSRFJ6UTBZdGNrazBkRloxVVVobGJrRRAB,Glen's Bakehouse (HSR Layout),Ashish Namdeo,100186005348081914406,True,5,One of the spacious Glen's Bakehouse in Bengaluru. Very spacious and nice place to spend time and have good food.,0,2 months ago,"{""dining_mode"": ""Dine in"", ""meal_type"": ""Other"", ""price_per_person"": ""₹400–600"", ""food"": 5, ""service_rating"": 4, ""atmosphere"": 5, ""noise_level"": ""Moderate noise"", ""vegetarian_recommendation"": ""Highly recommend"", ""vegetarian_offerings"": ""Large vegetarian selection""}"
Glen's Bakehouse (HSR Layout),095137 34879,"2337, SECTOR 1, HSR Layout 17th Cross, 24th Main Rd, Bengaluru, Karnataka 560102",12.9120508,77.6482099,Bakery and Cake Shop,,Ci9DQUlRQUNvZENodHljRjlvT2sxWWNXcENSMlJzV1UxeFlYVkJOVzlCZWt4UGQyYxAB,Glen's Bakehouse (HSR Layout),shagun puri,112366780172028249056,True,2,,0,2 months ago,
Glen's Bakehouse (HSR Layout),095137 34879,"2337, SECTOR 1, HSR Layout 17th Cross, 24th Main Rd, Bengaluru, Karnataka 560102",12.9120508,77.6482099,Bakery and Cake Shop,,Ci9DQUlRQUNvZENodHljRjlvT2pCNVgyOTJTRkZ4TldoM1pGTktaWEZ1UlU1eVNGRRAB,Glen's Bakehouse (HSR Layout),ramkiran balaji,102093719116041993910,True,4,,0,2 months ago,"{""food"": 4, ""service_rating"": 4, ""atmosphere"": 4}"
Glen's Bakehouse (HSR Layout),095137 34879,"2337, SECTOR 1, HSR Layout 17th Cross, 24th Main Rd, Bengaluru, Karnataka 560102",12.9120508,77.6482099,Bakery and Cake Shop,,Ci9DQUlRQUNvZENodHljRjlvT2tKdGJFaGZaSFJ3WjFZMVlVcGxRVFpLZURodmMwRRAB,Glen's Bakehouse (HSR Layout),Nisha Takyar,101225238600789672251,False,1,I came here for breakfast. Service is very poor. Our food came very late and it was not good.,0,2 months ago,"{""food"": 1, ""service_rating"": 1, ""atmosphere"": 3}"
Glen's Bakehouse (HSR Layout),095137 34879,"2337, SECTOR 1, HSR Layout 17th Cross, 24th Main Rd, Bengaluru, Karnataka 560102",12.9120508,77.6482099,Bakery and Cake Shop,,Ci9DQUlRQUNvZENodHljRjlvT21sRWIzbEpSWE41T1VGamJuTlRZM2hSYWtFNVFYYxAB,Glen's Bakehouse (HSR Layout),kangen manish,114075688747568325861,False,5,,0,2 months ago,"{""food"": 5, ""service_rating"": 5, ""atmosphere"": 5}"
Glen's Bakehouse (HSR Layout),095137 34879,"2337, SECTOR 1, HSR Layout 17th Cross, 24th Main Rd, Bengaluru, Karnataka 560102",12.9120508,77.6482099,Bakery and Cake Shop,,Ci9DQUlRQUNvZENodHljRjlvT21JNGR5MXJRMFY1TmtRNVVFVkRkMFZUZGpWZlpFRRAB,Glen's Bakehouse (HSR Layout),Wabi Sabi,108586197807991190125,False,5,I love this outlet at HSR. And one of the reason being I have spent good amount of time with my Bestfriend and my only childhood friend. Last time I went alone which remained me of her. And honestly I would love to visit this place again and again,0,2 months ago,"{""price_per_person"": ""₹400–600"", ""food"": 5, ""service_rating"": 4, ""atmosphere"": 5, ""noise_level"": ""Quiet, easy to talk""}"
Glen's Bakehouse (HSR Layout),095137 34879,"2337, SECTOR 1, HSR Layout 17th Cross, 24th Main Rd, Bengaluru, Karnataka 560102",12.9120508,77.6482099,Bakery and Cake Shop,,Ci9DQUlRQUNvZENodHljRjlvT21OSVRYUkhSVzB3U2xnemVEWm9SR2xmVFU5NWFYYxAB,Glen's Bakehouse (HSR Layout),Jashwant singh,105143130280135098589,True,5,,0,2 months ago,"{""dining_mode"": ""Dine in"", ""meal_type"": ""Lunch"", ""price_per_person"": ""₹400–600"", ""food"": 5, ""service_rating"": 5, ""atmosphere"": 5, ""noise_level"": ""Moderate noise""}"
Glen's Bakehouse (HSR Layout),095137 34879,"2337, SECTOR 1, HSR Layout 17th Cross, 24th Main Rd, Bengaluru, Karnataka 560102",12.9120508,77.6482099,Bakery and Cake Shop,,Ci9DQUlRQUNvZENodHljRjlvT20xQ2VGRXRWRkZyWWs1NGNrMW5iR3BMY3pkd1UxRRAB,Glen's Bakehouse (HSR Layout),Kunjithapatham Sivakumar,102602742237210018860,False,5,Pizaa was good,0,2 months ago,"{""dining_mode"": ""Dine in"", ""meal_type"": ""Dinner"", ""price_per_person"": ""₹1–200"", ""food"": 5, ""service_rating"": 5, ""atmosphere"": 5, ""noise_level"": ""Moderate noise""}"
Glen's Bakehouse (HSR Layout),095137 34879,"2337, SECTOR 1, HSR Layout 17th Cross, 24th Main Rd, Bengaluru, Karnataka 560102",12.9120508,77.6482099,Bakery and Cake Shop,,Ci9DQUlRQUNvZENodHljRjlvT2tsYVMwTlVTVEJ3U1ZOdWJDMVRaR1JxTVhSeGJrRRAB,Glen's Bakehouse (HSR Layout),Andy,113082601386866469975,True,5,,0,2 months ago,"{""dining_mode"": ""Dine in"", ""meal_type"": ""Lunch"", ""price_per_person"": ""₹200–400"", ""food"": 5, ""service_rating"": 3, ""atmosphere"": 5, ""noise_level"": ""Quiet, easy to talk"", ""vegetarian_recommendation"": ""Somewhat recommend"", ""vegetarian_offerings"": ""Vegetarian menu or section"", ""parking_space"": ""Somewhat difficult to find parking"", ""parking_options"": ""Free parking lot""}"
Glen's Bakehouse (HSR Layout),095137 34879,"2337, SECTOR 1, HSR Layout 17th Cross, 24th Main Rd, Bengaluru, Karnataka 560102",12.9120508,77.6482099,Bakery and Cake Shop,,Ci9DQUlRQUNvZENodHljRjlvT25OV0xWTlNkR3RCWWxSTVMxRk1aREZtYVV0WVkyYxAB,Glen's Bakehouse (HSR Layout),Priya K.R,103812873594106579590,True,3,,0,2 months ago,"{""food"": 3, ""service_rating"": 4, ""atmosphere"": 4}"
Glen's Bakehouse (HSR Layout),095137 34879,"2337, SECTOR 1, HSR Layout 17th Cross, 24th Main Rd, Bengaluru, Karnataka 560102",12.9120508,77.6482099,Bakery and Cake Shop,,Ci9DQUlRQUNvZENodHljRjlvT2xOTlpWRnFiVFZuZUVkWmFXbFBibVZ3VTFWUVJHYxAB,Glen's Bakehouse (HSR Layout),Bidisha Byabartta,101881107692230049075,True,4,"Must visit here , delicious food 🥘 with good ambience 😃,chicken lasagna is must try here, also belgian chocolate cake is too yummy 😇🙌",0,2 months ago,"{""dining_mode"": ""Dine in"", ""meal_type"": ""Dinner"", ""price_per_person"": ""₹1,400–1,600"", ""food"": 4, ""service_rating"": 4, ""atmosphere"": 4}"
Glen's Bakehouse (HSR Layout),095137 34879,"2337, SECTOR 1, HSR Layout 17th Cross, 24th Main Rd, Bengaluru, Karnataka 560102",12.9120508,77.6482099,Bakery and Cake Shop,,Ci9DQUlRQUNvZENodHljRjlvT2xjd2JDMXRiWE5XYjA5bFEwTkhTWGRYVW5obFFVRRAB,Glen's Bakehouse (HSR Layout),Atish Ranjan Mahali,101968376270156782781,True,5,,0,3 months ago,"{""dining_mode"": ""Dine in"", ""meal_type"": ""Other"", ""price_per_person"": ""₹1–200""}"
Glen's Bakehouse (HSR Layout),095137 34879,"2337, SECTOR 1, HSR Layout 17th Cross, 24th Main Rd, Bengaluru, Karnataka 560102",12.9120508,77.6482099,Bakery and Cake Shop,,Ci9DQUlRQUNvZENodHljRjlvT20xUVJHNDJSVXRLZDI5clYxazFjRzk2VEdkb1UwRRAB,Glen's Bakehouse (HSR Layout),Anmol Agrawal,112175811574459410508,True,4,,0,3 months ago,
Glen's Bakehouse (HSR Layout),095137 34879,"2337, SECTOR 1, HSR Layout 17th Cross, 24th Main Rd, Bengaluru, Karnataka 560102",12.9120508,77.6482099,Bakery and Cake Shop,,Ci9DQUlRQUNvZENodHljRjlvT2pGT1ZYUnpkV2RVZGpsSlZVcHFSbXhQWmtOVlpIYxAB,Glen's Bakehouse (HSR Layout),anand tiwari,118417751675617813385,True,5,,0,3 months ago,
Glen's Bakehouse (HSR Layout),095137 34879,"2337, SECTOR 1, HSR Layout 17th Cross, 24th Main Rd, Bengaluru, Karnataka 560102",12.9120508,77.6482099,Bakery and Cake Shop,,Ci9DQUlRQUNvZENodHljRjlvT2xOVGRuRm1SVmN3U1ZoQ1VWcFZhRGRvWVZobVFtYxAB,Glen's Bakehouse (HSR Layout),Saranya Karthik,103770499548102807294,True,5,,0,3 months ago,"{""food"": 4, ""service_rating"": 4, ""atmosphere"": 4}"
Glen's Bakehouse (HSR Layout),095137 34879,"2337, SECTOR 1, HSR Layout 17th Cross, 24th Main Rd, Bengaluru, Karnataka 560102",12.9120508,77.6482099,Bakery and Cake Shop,,Ci9DQUlRQUNvZENodHljRjlvT2psd2JtdElPWGhvVW1RMFpXZERTMHh4YWtKNmQwRRAB,Glen's Bakehouse (HSR Layout),Shaik Aleem,116828099743867285048,False,4,,0,3 months ago,
Glen's Bakehouse (HSR Layout),095137 34879,"2337, SECTOR 1, HSR Layout 17th Cross, 24th Main Rd, Bengaluru, Karnataka 560102",12.9120508,77.6482099,Bakery and Cake Shop,,Ci9DQUlRQUNvZENodHljRjlvT2t4aWVrTnBiamxXVlZKalpXWlJPR3d6V0dweU0zYxAB,Glen's Bakehouse (HSR Layout),Mr Goku,111207760683628120944,False,5,,0,3 months ago,"{""food"": 5, ""service_rating"": 5, ""atmosphere"": 5}"
Glen's Bakehouse (HSR Layout),095137 34879,"2337, SECTOR 1, HSR Layout 17th Cross, 24th Main Rd, Bengaluru, Karnataka 560102",12.9120508,77.6482099,Bakery and Cake Shop,,Ci9DQUlRQUNvZENodHljRjlvT21Wa0xXbHBaMjF0ZW5ocGFGUkRkM0Y0YmxFelVVRRAB,Glen's Bakehouse (HSR Layout),Rashmi Gundappa,101858500914273851442,False,5,,0,3 months ago,
Glen's Bakehouse (HSR Layout),095137 34879,"2337, SECTOR 1, HSR Layout 17th Cross, 24th Main Rd, Bengaluru, Karnataka 560102",12.9120508,77.6482099,Bakery and Cake Shop,,Ci9DQUlRQUNvZENodHljRjlvT2tsWWREUTFSbWhoVkVWMGRXMU5Na1phU2pSNlpIYxAB,Glen's Bakehouse (HSR Layout),Venkat Vinay Chowdary,110826649364686720302,False,5,,0,3 months ago,
Glen's Bakehouse (HSR Layout),095137 34879,"2337, SECTOR 1, HSR Layout 17th Cross, 24th Main Rd, Bengaluru, Karnataka 560102",12.9120508,77.6482099,Bakery and Cake Shop,,Ci9DQUlRQUNvZENodHljRjlvT2sxRFJ6WnhhVGxxWTBsQ1JVdHpZMjV1VjJ4MVQxRRAB,Glen's Bakehouse (HSR Layout),Jason David,101057939897390243910,True,5,Lovely place. Great hangout spot. The food is also really good. I wish this was closer to my house lol.,0,3 months ago,"{""dining_mode"": ""Dine in"", ""meal_type"": ""Lunch"", ""price_per_person"": ""₹200–400"", ""food"": 5, ""service_rating"": 4, ""atmosphere"": 5, ""wait_time"": ""No wait"", ""parking_options"": ""Free street parking""}"
Glen's Bakehouse (HSR Layout),095137 34879,"2337, SECTOR 1, HSR Layout 17th Cross, 24th Main Rd, Bengaluru, Karnataka 560102",12.9120508,77.6482099,Bakery and Cake Shop,,Ci9DQUlRQUNvZENodHljRjlvT2tZdE9FUmxNa1p5VGs1MVFYSlFSSE5VUmtWcFdVRRAB,Glen's Bakehouse (HSR Layout),Dhyana Saikia,114904645086841109989,True,4,,0,3 months ago,"{""dining_mode"": ""Dine in"", ""meal_type"": ""Other"", ""price_per_person"": ""₹400–600"", ""food"": 4, ""service_rating"": 4, ""atmosphere"": 5}"
Glen's Bakehouse (HSR Layout),095137 34879,"2337, SECTOR 1, HSR Layout 17th Cross, 24th Main Rd, Bengaluru, Karnataka 560102",12.9120508,77.6482099,Bakery and Cake Shop,,Ci9DQUlRQUNvZENodHljRjlvT25OUWRUTmlXV3RRTjFOQ1YwdEdhbGxaY2xaNWJtYxAB,Glen's Bakehouse (HSR Layout),Swetha Chowdary,113494258817240252680,True,5,,0,3 months ago,"{""dining_mode"": ""Dine in""}"
Glen's Bakehouse (HSR Layout),095137 34879,"2337, SECTOR 1, HSR Layout 17th Cross, 24th Main Rd, Bengaluru, Karnataka 560102",12.9120508,77.6482099,Bakery and Cake Shop,,Ci9DQUlRQUNvZENodHljRjlvT25Ock9WSTBTRUUwT1dzek9FdElXR3B4WkVKSk1VRRAB,Glen's Bakehouse (HSR Layout),Imad,102284179215320854550,True,5,,0,3 months ago,"{""dining_mode"": ""Dine in"", ""food"": 5, ""service_rating"": 4, ""atmosphere"": 5}"
Glen's Bakehouse (HSR Layout),095137 34879,"2337, SECTOR 1, HSR Layout 17th Cross, 24th Main Rd, Bengaluru, Karnataka 560102",12.9120508,77.6482099,Bakery and Cake Shop,,Ci9DQUlRQUNvZENodHljRjlvT21RMlUwaHRRbTB5VGtsRmJsWkxPV3RmYm5kdFgxRRAB,Glen's Bakehouse (HSR Layout),Mayur Velur,100266493525401037048,False,3,,0,3 months ago,
Glen's Bakehouse (HSR Layout),095137 34879,"2337, SECTOR 1, HSR Layout 17th Cross, 24th Main Rd, Bengaluru, Karnataka 560102",12.9120508,77.6482099,Bakery and Cake Shop,,Ci9DQUlRQUNvZENodHljRjlvT2tKSGJVaHhXbmxXUm1sa2VrTnRMVFEzTlVGclMzYxAB,Glen's Bakehouse (HSR Layout),Ria Puri,110142178877394158621,True,5,,0,3 months ago,"{""food"": 4, ""service_rating"": 4, ""atmosphere"": 4}"
Glen's Bakehouse (HSR Layout),095137 34879,"2337, SECTOR 1, HSR Layout 17th Cross, 24th Main Rd, Bengaluru, Karnataka 560102",12.9120508,77.6482099,Bakery and Cake Shop,,Ci9DQUlRQUNvZENodHljRjlvT2pGMFMxTmtabkJ2TFZGZloxOTJVbTVEWTB4UmJWRRAB,Glen's Bakehouse (HSR Layout),Ammu,114638807013645052049,True,5,,0,3 months ago,"{""dining_mode"": ""Dine in"", ""meal_type"": ""Other"", ""price_per_person"": ""₹200–400"", ""food"": 5, ""service_rating"": 4, ""atmosphere"": 5, ""noise_level"": ""Quiet, easy to talk""}"
Glen's Bakehouse (HSR Layout),095137 34879,"2337, SECTOR 1, HSR Layout 17th Cross, 24th Main Rd, Bengaluru, Karnataka 560102",12.9120508,77.6482099,Bakery and Cake Shop,,Ci9DQUlRQUNvZENodHljRjlvT2w5cU1FTnFaVGczVEZZMWNsVnpObEZmUjNsdWRIYxAB,Glen's Bakehouse (HSR Layout),RISHABH LODHA,105214302782994808285,True,4,,0,3 months ago,"{""dining_mode"": ""Take out"", ""meal_type"": ""Dinner"", ""price_per_person"": ""₹200–400"", ""food"": 5, ""service_rating"": 4, ""atmosphere"": 5, ""noise_level"": ""Quiet, easy to talk""}"
Glen's Bakehouse (HSR Layout),095137 34879,"2337, SECTOR 1, HSR Layout 17th Cross, 24th Main Rd, Bengaluru, Karnataka 560102",12.9120508,77.6482099,Bakery and Cake Shop,,Ci9DQUlRQUNvZENodHljRjlvT2kxaGJ6VTRNV3d0UTNOamVrUnpTSEpoTldnNGJIYxAB,Glen's Bakehouse (HSR Layout),Shreya Savale,105719503330828304740,True,5,,0,3 months ago,"{""dining_mode"": ""Dine in"", ""meal_type"": ""Other"", ""price_per_person"": ""₹200–400"", ""food"": 5, ""service_rating"": 5, ""atmosphere"": 4}"
Glen's Bakehouse (HSR Layout),095137 34879,"2337, SECTOR 1, HSR Layout 17th Cross, 24th Main Rd, Bengaluru, Karnataka 560102",12.9120508,77.6482099,Bakery and Cake Shop,,Ci9DQUlRQUNvZENodHljRjlvT21WTFJ6Z3RZVXRHWTJsT1NWSTJVRloyWkRCRmFGRRAB,Glen's Bakehouse (HSR Layout),Mukesh Kumar,115385655007314619832,False,5,,0,3 months ago,
Glen's Bakehouse (HSR Layout),095137 34879,"2337, SECTOR 1, HSR Layout 17th Cross, 24th Main Rd, Bengaluru, Karnataka 560102",12.9120508,77.6482099,Bakery and Cake Shop,,Ci9DQUlRQUNvZENodHljRjlvT2kweVMweE9TR2xCTlZWemNYSTVhVlkxVlROZmRWRRAB,Glen's Bakehouse (HSR Layout),Archita Sucharita,109439311187313874180,False,4,,0,3 months ago,"{""dining_mode"": ""Dine in"", ""food"": 5, ""service_rating"": 5, ""atmosphere"": 5}"
Glen's Bakehouse (HSR Layout),095137 34879,"2337, SECTOR 1, HSR Layout 17th Cross, 24th Main Rd, Bengaluru, Karnataka 560102",12.9120508,77.6482099,Bakery and Cake Shop,,Ci9DQUlRQUNvZENodHljRjlvT20wMGVFMVJXVkpxVjJsMFRYUkpXRjlxVG1OR1ZtYxAB,Glen's Bakehouse (HSR Layout),vignesh hari,105968627382779459353,True,4,,0,3 months ago,
Glen's Bakehouse (HSR Layout),095137 34879,"2337, SECTOR 1, HSR Layout 17th Cross, 24th Main Rd, Bengaluru, Karnataka 560102",12.9120508,77.6482099,Bakery and Cake Shop,,Ci9DQUlRQUNvZENodHljRjlvT2xCbE5tRmxlQzFZYld4R01FaE1kVjlxYUU4MVNuYxAB,Glen's Bakehouse (HSR Layout),deepak 93,103810408403144495802,False,2,They used to have really good service. But the last time I went they refused to give me tarts for takeaway saying that I have to purchase at least 6 of them for providing it in a takeaway box.,0,3 months ago,"{""food"": 5, ""service_rating"": 1, ""atmosphere"": 4}"
Glen's Bakehouse (HSR Layout),095137 34879,"2337, SECTOR 1, HSR Layout 17th Cross, 24th Main Rd, Bengaluru, Karnataka 560102",12.9120508,77.6482099,Bakery and Cake Shop,,Ci9DQUlRQUNvZENodHljRjlvT2paNE4yVlVZalpUVHpOV2QxaDZTR0l3ZGtkS1dtYxAB,Glen's Bakehouse (HSR Layout),सौ.शोभा,118186544033567049246,True,3,Lot of noise,0,3 months ago,"{""dining_mode"": ""Dine in"", ""meal_type"": ""Dinner"", ""price_per_person"": ""₹200–400"", ""food"": 3, ""service_rating"": 2, ""atmosphere"": 1, ""noise_level"": ""Very loud, hard to hear"", ""parking_space"": ""Difficult to find parking"", ""kid_friendliness"": ""Not""}"
Glen's Bakehouse (HSR Layout),095137 34879,"2337, SECTOR 1, HSR Layout 17th Cross, 24th Main Rd, Bengaluru, Karnataka 560102",12.9120508,77.6482099,Bakery and Cake Shop,,Ci9DQUlRQUNvZENodHljRjlvT2xBd2EzWnJTVkYyU2xGVmJGcEVVbXRWVkRaRFUxRRAB,Glen's Bakehouse (HSR Layout),Ankush Talwade,117654768397596862138,True,1,"Extremely disappointing experience at Glen’s Bakehouse, HSR. We arrived around 10:30 AM for brunch and waited till 12 PM, yet did not receive our order at all. We weren’t the only ones—many other customers were visibly frustrated and complaining about the same issue.  As regular customers of Glen’s, this was shocking and unacceptable. The worst part is that my friends travelled all the way from Sarjapur and Whitefield for this brunch, and after waiting 1.5+ hours, we had to leave without eating anything.  What made it worse was that the staff were unable to even take orders properly or respond when approached. There was no communication, no clarity, and no sense of accountability. The outlet clearly needs more staff and much better training to handle weekends or peak hours.  Long waits can happen, but leaving customers unattended and unfed after such a long wait is simply unacceptable. This experience has seriously affected our trust in the HSR outlet.",0,3 months ago,"{""dining_mode"": ""Dine in"", ""meal_type"": ""Brunch"", ""food"": 1, ""service_rating"": 1, ""atmosphere"": 1, ""noise_level"": ""Very loud, hard to hear""}"
Glen's Bakehouse (HSR Layout),095137 34879,"2337, SECTOR 1, HSR Layout 17th Cross, 24th Main Rd, Bengaluru, Karnataka 560102",12.9120508,77.6482099,Bakery and Cake Shop,,Ci9DQUlRQUNvZENodHljRjlvT25BMldHUXlhVTV5UWs1UE1VWkdlRVJWY0RoWVdtYxAB,Glen's Bakehouse (HSR Layout),Suriya Tirkey,117391643559630604786,False,5,Best taste,0,3 months ago,"{""food"": 5, ""service_rating"": 5, ""atmosphere"": 5}"
Glen's Bakehouse (HSR Layout),095137 34879,"2337, SECTOR 1, HSR Layout 17th Cross, 24th Main Rd, Bengaluru, Karnataka 560102",12.9120508,77.6482099,Bakery and Cake Shop,,Ci9DQUlRQUNvZENodHljRjlvT2pOSE1sRkZXSGhHY2xCc2VreHhlRGg2WDFjMlpHYxAB,Glen's Bakehouse (HSR Layout),Pradeep Jangid,111811564008987870252,True,4,,0,3 months ago,"{""dining_mode"": ""Dine in"", ""meal_type"": ""Other"", ""price_per_person"": ""₹400–600"", ""food"": 4, ""service_rating"": 3, ""atmosphere"": 4, ""noise_level"": ""Quiet, easy to talk""}"
Glen's Bakehouse (HSR Layout),095137 34879,"2337, SECTOR 1, HSR Layout 17th Cross, 24th Main Rd, Bengaluru, Karnataka 560102",12.9120508,77.6482099,Bakery and Cake Shop,,Ci9DQUlRQUNvZENodHljRjlvT2tkVUxUVnZNR2RJUkZJMFRYWTRVVVZhZDBONWFsRRAB,Glen's Bakehouse (HSR Layout),Srishti Khandelwal,109162934118417748079,False,1,"Most ridiculous service ever. We were served exactly after 55mins, that too half of our order. Would recommend everyone not to visit there just for the food. We went there for breakfast, but it was almost lunch time till we got served.",0,3 months ago,"{""food"": 2, ""service_rating"": 1, ""atmosphere"": 1}"
Glen's Bakehouse (HSR Layout),095137 34879,"2337, SECTOR 1, HSR Layout 17th Cross, 24th Main Rd, Bengaluru, Karnataka 560102",12.9120508,77.6482099,Bakery and Cake Shop,,Ci9DQUlRQUNvZENodHljRjlvT2xGRGEyRXhZMWQxVGxGZmRIcE5VMmx4UlhKVmQxRRAB,Glen's Bakehouse (HSR Layout),MUKUL SHARMA,108828555095472738317,True,3,,0,3 months ago,"{""dining_mode"": ""Dine in"", ""food"": 3, ""service_rating"": 2, ""atmosphere"": 4}"
Glen's Bakehouse (HSR Layout),095137 34879,"2337, SECTOR 1, HSR Layout 17th Cross, 24th Main Rd, Bengaluru, Karnataka 560102",12.9120508,77.6482099,Bakery and Cake Shop,,Ci9DQUlRQUNvZENodHljRjlvT2xwTVpqQlNVazQxVFhFNVpGaHRhRzA1VDBFMExVRRAB,Glen's Bakehouse (HSR Layout),Mrinalini,103446929354753910468,True,4,A very quiet and cozy experience. Breakfast platter is very nice and fulfilling.,0,3 months ago,"{""dining_mode"": ""Dine in"", ""meal_type"": ""Brunch"", ""price_per_person"": ""₹200–400"", ""food"": 4, ""service_rating"": 4, ""atmosphere"": 5, ""noise_level"": ""Very quiet"", ""vegetarian_recommendation"": ""Somewhat recommend"", ""parking_options"": ""Free street parking""}"
Glen's Bakehouse (HSR Layout),095137 34879,"2337, SECTOR 1, HSR Layout 17th Cross, 24th Main Rd, Bengaluru, Karnataka 560102",12.9120508,77.6482099,Bakery and Cake Shop,,Ci9DQUlRQUNvZENodHljRjlvT2xnd1QyVnJaR016TVZsdVRIVTBTV3h1U1hkNE4xRRAB,Glen's Bakehouse (HSR Layout),Sushma Shetty,105033648248220475310,True,5,"We had blueberry cheesecake, Belgium chocolate pastry which is slightly bitter (dark chocolate), lamb puff and chicken puff which were good, mango pudding is good as well.",0,3 months ago,"{""dining_mode"": ""Dine in"", ""meal_type"": ""Other"", ""price_per_person"": ""₹800–1,000"", ""food"": 5, ""service_rating"": 5, ""atmosphere"": 5}"
Glen's Bakehouse (HSR Layout),095137 34879,"2337, SECTOR 1, HSR Layout 17th Cross, 24th Main Rd, Bengaluru, Karnataka 560102",12.9120508,77.6482099,Bakery and Cake Shop,,Ci9DQUlRQUNvZENodHljRjlvT25kZlN6Qm5WMmM0UTNCQ2IxQXhkMWxLTTJsWVJrRRAB,Glen's Bakehouse (HSR Layout),Jenica Cardozo,111389761194622298316,True,5,"Nice place to visit, prices are also affordable.",0,3 months ago,"{""food"": 5, ""service_rating"": 5, ""atmosphere"": 5}"
Glen's Bakehouse (HSR Layout),095137 34879,"2337, SECTOR 1, HSR Layout 17th Cross, 24th Main Rd, Bengaluru, Karnataka 560102",12.9120508,77.6482099,Bakery and Cake Shop,,Ci9DQUlRQUNvZENodHljRjlvT21Gdk0zbzRVM3BsVm05VWQzUmhiVEp4ZDNCcU5rRRAB,Glen's Bakehouse (HSR Layout),swaroop shetty guttu,112917856670493749054,True,5,,0,3 months ago,"{""food"": 5, ""service_rating"": 5, ""atmosphere"": 5}"
Glen's Bakehouse (HSR Layout),095137 34879,"2337, SECTOR 1, HSR Layout 17th Cross, 24th Main Rd, Bengaluru, Karnataka 560102",12.9120508,77.6482099,Bakery and Cake Shop,,Ci9DQUlRQUNvZENodHljRjlvT25KM1MyTTNSV0pSY2t0UVZtTkdTMTl3ZGtKNlJFRRAB,Glen's Bakehouse (HSR Layout),King Ghosh,100668864319363719977,False,1,Overall.good but the guys who are there for service they shd learn Hospitality and how to talk to customer some guy name is MOMo or something from Northeast think himself DoN not even asking water after entering management shd take necessary action and give him warning and look after these kind of situy,0,3 months ago,"{""food"": 5, ""service_rating"": 1, ""atmosphere"": 5}"
Glen's Bakehouse (HSR Layout),095137 34879,"2337, SECTOR 1, HSR Layout 17th Cross, 24th Main Rd, Bengaluru, Karnataka 560102",12.9120508,77.6482099,Bakery and Cake Shop,,Ci9DQUlRQUNvZENodHljRjlvT2xSUFowUTNNWGhxV25sNU5tUmtVbXRIWWw5Q1ZsRRAB,Glen's Bakehouse (HSR Layout),Anand Ellur,111883422847624727006,True,5,"Is there 10/5? Absolutely fantastic place to experience bakery items. For the food, taste and ambience, prices match.",0,3 months ago,"{""dining_mode"": ""Dine in"", ""meal_type"": ""Other"", ""price_per_person"": ""₹200–400"", ""food"": 5, ""service_rating"": 5, ""atmosphere"": 5, ""noise_level"": ""Quiet, easy to talk""}"
Glen's Bakehouse (HSR Layout),095137 34879,"2337, SECTOR 1, HSR Layout 17th Cross, 24th Main Rd, Bengaluru, Karnataka 560102",12.9120508,77.6482099,Bakery and Cake Shop,,Ci9DQUlRQUNvZENodHljRjlvT2pOc2RVNWpSa1prVTNwbU5FUlpPVlpIZWt0TU1rRRAB,Glen's Bakehouse (HSR Layout),rima Boro,101185547337175582365,True,4,,0,3 months ago,"{""food"": 4, ""service_rating"": 3, ""atmosphere"": 4}"
Glen's Bakehouse (HSR Layout),095137 34879,"2337, SECTOR 1, HSR Layout 17th Cross, 24th Main Rd, Bengaluru, Karnataka 560102",12.9120508,77.6482099,Bakery and Cake Shop,,Ci9DQUlRQUNvZENodHljRjlvT2tSYWRsbFBOVkV5WjNoTVNrSldiSGh6VVdsNWVsRRAB,Glen's Bakehouse (HSR Layout),Ankita Nishu,118444528830224112874,True,5,Honestly i love the vibe of glens! Food is tasty too. Beautiful architecture!!,0,3 months ago,"{""food"": 5, ""service_rating"": 5, ""atmosphere"": 5}"
Glen's Bakehouse (HSR Layout),095137 34879,"2337, SECTOR 1, HSR Layout 17th Cross, 24th Main Rd, Bengaluru, Karnataka 560102",12.9120508,77.6482099,Bakery and Cake Shop,,Ci9DQUlRQUNvZENodHljRjlvT2w4M1ltZDBZa3hoTFZoNk9GZDNMVEpXWkhBM1RsRRAB,Glen's Bakehouse (HSR Layout),Inu Dia,114768020948664549385,True,4,,0,3 months ago,"{""dining_mode"": ""Dine in"", ""meal_type"": ""Other"", ""price_per_person"": ""₹400–600"", ""food"": 4, ""service_rating"": 4, ""atmosphere"": 4, ""noise_level"": ""Loud, but you can still talk""}"
Glen's Bakehouse (HSR Layout),095137 34879,"2337, SECTOR 1, HSR Layout 17th Cross, 24th Main Rd, Bengaluru, Karnataka 560102",12.9120508,77.6482099,Bakery and Cake Shop,,Ci9DQUlRQUNvZENodHljRjlvT2tSdmVISnZSR2t4Wlc5TlJGaHRkSEpUTnpaa05VRRAB,Glen's Bakehouse (HSR Layout),Anup Maloo,107472613747122776243,False,3,"Good place to chill and relax with a cup of coffee, croissants, cake and many more.",0,3 months ago,"{""dining_mode"": ""Dine in"", ""meal_type"": ""Brunch"", ""price_per_person"": ""₹600–800"", ""food"": 3, ""service_rating"": 3, ""atmosphere"": 4, ""noise_level"": ""Quiet, easy to talk"", ""vegetarian_recommendation"": ""Somewhat recommend"", ""vegetarian_offerings"": ""Clearly labeled vegetarian dishes"", ""parking_space"": ""Somewhat difficult to find parking"", ""parking_options"": ""Free street parking""}"
Glen's Bakehouse (HSR Layout),095137 34879,"2337, SECTOR 1, HSR Layout 17th Cross, 24th Main Rd, Bengaluru, Karnataka 560102",12.9120508,77.6482099,Bakery and Cake Shop,,Ci9DQUlRQUNvZENodHljRjlvT2pWME4ycFlSMW96TlRrd2RsRktlUzB4TFd4S1pYYxAB,Glen's Bakehouse (HSR Layout),Sahashra P C,107485936847383623288,True,2,,0,4 months ago,
Glen's Bakehouse (HSR Layout),095137 34879,"2337, SECTOR 1, HSR Layout 17th Cross, 24th Main Rd, Bengaluru, Karnataka 560102",12.9120508,77.6482099,Bakery and Cake Shop,,Ci9DQUlRQUNvZENodHljRjlvT2pSd01uRjFSRmhKVmpoMFpXcHlORjlNUTFVd1NtYxAB,Glen's Bakehouse (HSR Layout),L S,112634994282117377318,True,1,Disappointed to see no non dairy milk options like oat or soy milk at such a reputed bakehouse,0,4 months ago,
Glen's Bakehouse (HSR Layout),095137 34879,"2337, SECTOR 1, HSR Layout 17th Cross, 24th Main Rd, Bengaluru, Karnataka 560102",12.9120508,77.6482099,Bakery and Cake Shop,,Ci9DQUlRQUNvZENodHljRjlvT2twc1ltVnZhM2xOYVVGNlJrbHVOVjg0TkZselgyYxAB,Glen's Bakehouse (HSR Layout),Rishav Kumar,116294203950707381410,True,3,,0,4 months ago,"{""food"": 4, ""service_rating"": 3, ""atmosphere"": 3}"
Glen's Bakehouse (HSR Layout),095137 34879,"2337, SECTOR 1, HSR Layout 17th Cross, 24th Main Rd, Bengaluru, Karnataka 560102",12.9120508,77.6482099,Bakery and Cake Shop,,Ci9DQUlRQUNvZENodHljRjlvT213emVFOHpNbGxYU1dveldXNDNjR2x2ZEhsVlptYxAB,Glen's Bakehouse (HSR Layout),Anurag,101660445729639058350,True,4,"Cozy, warm coffeeplace vibes.",0,4 months ago,"{""dining_mode"": ""Dine in"", ""meal_type"": ""Breakfast"", ""price_per_person"": ""₹400–600"", ""food"": 4, ""service_rating"": 4, ""atmosphere"": 4, ""noise_level"": ""Moderate noise""}"
Glen's Bakehouse (HSR Layout),095137 34879,"2337, SECTOR 1, HSR Layout 17th Cross, 24th Main Rd, Bengaluru, Karnataka 560102",12.9120508,77.6482099,Bakery and Cake Shop,,Ci9DQUlRQUNvZENodHljRjlvT201WExVSmxRVmxqYW5sYWJWSkZOa2xzVFVkV1dWRRAB,Glen's Bakehouse (HSR Layout),Aniket Patni,100237702952707145476,True,4,"Baked Food items with great taste and quality. Sourdough pizza, baked pasta and veg lasgana are favorites in veg options. Before leaving get your favourite desserts pack for home, Apple pie, Caramel donut and red velvet cupcakes are top choices",0,4 months ago,"{""dining_mode"": ""Dine in"", ""meal_type"": ""Lunch"", ""price_per_person"": ""₹400–600"", ""food"": 5, ""service_rating"": 3, ""atmosphere"": 4, ""noise_level"": ""Quiet, easy to talk"", ""vegetarian_recommendation"": ""Somewhat recommend"", ""vegetarian_offerings"": ""Clearly labeled vegetarian dishes"", ""vegetarian_options"": ""Best Veg Lasagna in HSR"", ""parking_space"": ""Somewhat difficult to find parking"", ""parking_options"": ""Free parking lot"", ""parking_notes"": ""Two wheelers easy"", ""kid_friendliness"": ""Decent place"", ""wheelchair_accessibility"": ""I wouldn't recommend it as wheelchair friendly as steps all around""}"
Glen's Bakehouse (HSR Layout),095137 34879,"2337, SECTOR 1, HSR Layout 17th Cross, 24th Main Rd, Bengaluru, Karnataka 560102",12.9120508,77.6482099,Bakery and Cake Shop,,Ci9DQUlRQUNvZENodHljRjlvT25sM1lXZENOamMxYW14WkxYQnlNRkkzYjFndFRrRRAB,Glen's Bakehouse (HSR Layout),Gagan Srivastava,117130375090661872808,True,3,Quality/Taste is inferior to Indiranagar branch.  Ambience is not great as well.,0,4 months ago,"{""dining_mode"": ""Dine in"", ""meal_type"": ""Other"", ""price_per_person"": ""₹200–400"", ""food"": 3, ""service_rating"": 4, ""atmosphere"": 3, ""noise_level"": ""Quiet, easy to talk""}"
Glen's Bakehouse (HSR Layout),095137 34879,"2337, SECTOR 1, HSR Layout 17th Cross, 24th Main Rd, Bengaluru, Karnataka 560102",12.9120508,77.6482099,Bakery and Cake Shop,,Ci9DQUlRQUNvZENodHljRjlvT25OS09XcFhZVk5EVVhCNWJETTBTRXc0UjJSelExRRAB,Glen's Bakehouse (HSR Layout),Sooraj Dube,113556670899818930468,True,4,,0,4 months ago,"{""food"": 5, ""service_rating"": 5, ""atmosphere"": 3}"
Glen's Bakehouse (HSR Layout),095137 34879,"2337, SECTOR 1, HSR Layout 17th Cross, 24th Main Rd, Bengaluru, Karnataka 560102",12.9120508,77.6482099,Bakery and Cake Shop,,Ci9DQUlRQUNvZENodHljRjlvT21Gb0xYcHBOM3BWV2sxS2QycGxSbWRwV0RsUmMwRRAB,Glen's Bakehouse (HSR Layout),Kamal Panigrahi,113549048372616735582,False,4,It's good..,0,4 months ago,"{""food"": 4, ""service_rating"": 3, ""atmosphere"": 4}"
Glen's Bakehouse (HSR Layout),095137 34879,"2337, SECTOR 1, HSR Layout 17th Cross, 24th Main Rd, Bengaluru, Karnataka 560102",12.9120508,77.6482099,Bakery and Cake Shop,,Ci9DQUlRQUNvZENodHljRjlvT21GUE5tSm5hM1kzWVc5UFEyOU1WWFo0UkhOcVZsRRAB,Glen's Bakehouse (HSR Layout),G MAHESH,105800388188880740339,False,4,,0,4 months ago,"{""dining_mode"": ""Dine in"", ""meal_type"": ""Dinner"", ""price_per_person"": ""₹800–1,000"", ""food"": 3, ""service_rating"": 3, ""atmosphere"": 3, ""noise_level"": ""Moderate noise""}"
Glen's Bakehouse (HSR Layout),095137 34879,"2337, SECTOR 1, HSR Layout 17th Cross, 24th Main Rd, Bengaluru, Karnataka 560102",12.9120508,77.6482099,Bakery and Cake Shop,,Ci9DQUlRQUNvZENodHljRjlvT25NeGMyMXNWMTh3TkZCTk16TjFORkoxUzNGWmNWRRAB,Glen's Bakehouse (HSR Layout),Akshit Sharma,115581698133536349464,False,5,,0,4 months ago,
Glen's Bakehouse (HSR Layout),095137 34879,"2337, SECTOR 1, HSR Layout 17th Cross, 24th Main Rd, Bengaluru, Karnataka 560102",12.9120508,77.6482099,Bakery and Cake Shop,,Ci9DQUlRQUNvZENodHljRjlvT2psNk1qVlBhalZvT0ZkUVFuRkZNWEJKZGtsNmFFRRAB,Glen's Bakehouse (HSR Layout),Rashi Bagga,114932231814937151264,True,4,,0,4 months ago,"{""food"": 5, ""service_rating"": 3, ""atmosphere"": 4}"
Glen's Bakehouse (HSR Layout),095137 34879,"2337, SECTOR 1, HSR Layout 17th Cross, 24th Main Rd, Bengaluru, Karnataka 560102",12.9120508,77.6482099,Bakery and Cake Shop,,Ci9DQUlRQUNvZENodHljRjlvT25kWU5FUkVhSEJpZWs1V1FVdGpTVGN4VUVkMk5rRRAB,Glen's Bakehouse (HSR Layout),Akilesh N S,100254975258739520505,False,5,,0,4 months ago,"{""price_per_person"": ""₹400–600"", ""food"": 5, ""service_rating"": 4, ""atmosphere"": 5}"
Glen's Bakehouse (HSR Layout),095137 34879,"2337, SECTOR 1, HSR Layout 17th Cross, 24th Main Rd, Bengaluru, Karnataka 560102",12.9120508,77.6482099,Bakery and Cake Shop,,Ci9DQUlRQUNvZENodHljRjlvT25oWlJuVllYemxuVlVoa1gxWmlVRXRIYUU5eVdWRRAB,Glen's Bakehouse (HSR Layout),Pramit,108740965145657943822,True,5,"Had a lovely breakfast outing at Glen’s Bakehouse, HSR, and it was nothing short of delightful. We started with the Combo Breakfast with Chicken Sausage, and every element on the plate was perfectly done. The scrambled eggs with butter were soft, creamy, and comforting, pairing beautifully with the juicy chicken sausages. The toasted multigrain bread added a wholesome crunch, made even better with a generous touch of butter. Ending the platter with a slice of apple cake was a sweet surprise, moist, lightly spiced, and absolutely satisfying along with a soothing cup of English Breakfast tea to round it off.  The chicken puff was flaky on the outside and packed with flavorful, well seasoned chicken inside warm, crisp, and irresistible. To refresh the palate, the fresh lime water (mixed) was perfectly balanced, light, and revitalizing.  The highlight for me was the Spicy Citrus Chicken Steak tender, succulent chicken infused with zesty citrus notes and a gentle spice kick that lingered beautifully with every bite.  Overall, a wholesome, comforting, and flavour packed experience. Glen’s Bakehouse never fails to impress with its quality, taste, and warm café vibes. Definitely a place I’d love to revisit! 😋🍽️",0,4 months ago,"{""dining_mode"": ""Dine in"", ""meal_type"": ""Breakfast"", ""price_per_person"": ""₹200–400"", ""food"": 5, ""service_rating"": 5, ""atmosphere"": 5, ""wait_time"": ""No wait"", ""vegetarian_recommendation"": ""Highly recommend"", ""vegetarian_offerings"": ""Clearly labeled vegetarian dishes"", ""parking_options"": ""Free street parking""}"
Glen's Bakehouse (HSR Layout),095137 34879,"2337, SECTOR 1, HSR Layout 17th Cross, 24th Main Rd, Bengaluru, Karnataka 560102",12.9120508,77.6482099,Bakery and Cake Shop,,Ci9DQUlRQUNvZENodHljRjlvT25wTGF6YzNUVnBxTTFVelJtOTFTVk5ETURrdFNFRRAB,Glen's Bakehouse (HSR Layout),Chitra Morwal,108310096220027559627,False,1,"For the bakery items which we can take away,  the staff is not welcoming and do not respond properly. Just to pack 2 items also they will take so much time.",0,4 months ago,"{""food"": 3, ""service_rating"": 1, ""atmosphere"": 3}"
Glen's Bakehouse (HSR Layout),095137 34879,"2337, SECTOR 1, HSR Layout 17th Cross, 24th Main Rd, Bengaluru, Karnataka 560102",12.9120508,77.6482099,Bakery and Cake Shop,,Ci9DQUlRQUNvZENodHljRjlvT2w5a1pGWlFhMjlEVW14bVQxSmplVkJMWTA5dmRsRRAB,Glen's Bakehouse (HSR Layout),swathi sri,106844273967867615680,True,5,,0,4 months ago,"{""dining_mode"": ""Dine in"", ""meal_type"": ""Dinner"", ""price_per_person"": ""₹200–400"", ""food"": 5, ""service_rating"": 5, ""atmosphere"": 5, ""noise_level"": ""Quiet, easy to talk"", ""vegetarian_recommendation"": ""Somewhat recommend""}"
Glen's Bakehouse (HSR Layout),095137 34879,"2337, SECTOR 1, HSR Layout 17th Cross, 24th Main Rd, Bengaluru, Karnataka 560102",12.9120508,77.6482099,Bakery and Cake Shop,,Ci9DQUlRQUNvZENodHljRjlvT2xGV2NrWm9NMWRQVm1acVYzUmFlbUpYUTJaU09HYxAB,Glen's Bakehouse (HSR Layout),GYANESHOR MAISNAM,112796523663751182087,False,5,,0,4 months ago,"{""dining_mode"": ""Dine in"", ""meal_type"": ""Dinner"", ""price_per_person"": ""₹1,600–1,800"", ""food"": 5, ""service_rating"": 5, ""atmosphere"": 5}"
Glen's Bakehouse (HSR Layout),095137 34879,"2337, SECTOR 1, HSR Layout 17th Cross, 24th Main Rd, Bengaluru, Karnataka 560102",12.9120508,77.6482099,Bakery and Cake Shop,,Ci9DQUlRQUNvZENodHljRjlvT201dlkwRkxUbkJ4VG1adFZrWXlaekpoTld4VlRGRRAB,Glen's Bakehouse (HSR Layout),Khushi Sharma,114535494125592180460,True,5,,0,4 months ago,"{""dining_mode"": ""Dine in"", ""meal_type"": ""Other"", ""price_per_person"": ""₹1–200"", ""food"": 5, ""service_rating"": 5, ""atmosphere"": 5, ""noise_level"": ""Quiet, easy to talk""}"
Glen's Bakehouse (HSR Layout),095137 34879,"2337, SECTOR 1, HSR Layout 17th Cross, 24th Main Rd, Bengaluru, Karnataka 560102",12.9120508,77.6482099,Bakery and Cake Shop,,Ci9DQUlRQUNvZENodHljRjlvT25GaFFYUnZSRlpXYmxwc2REbHNOMFk1WTJSQmEwRRAB,Glen's Bakehouse (HSR Layout),Surbhi Anand,111824550073287266810,True,5,,0,4 months ago,"{""food"": 5, ""service_rating"": 3, ""atmosphere"": 4}"
Glen's Bakehouse (HSR Layout),095137 34879,"2337, SECTOR 1, HSR Layout 17th Cross, 24th Main Rd, Bengaluru, Karnataka 560102",12.9120508,77.6482099,Bakery and Cake Shop,,Ci9DQUlRQUNvZENodHljRjlvT21KVFNVSjVNVFpSVHpKTVUweFBWakF5V1hwUFFVRRAB,Glen's Bakehouse (HSR Layout),Haripriya RJ,112059263206482604310,True,5,,0,4 months ago,"{""dining_mode"": ""Dine in"", ""price_per_person"": ""₹400–600"", ""food"": 5, ""service_rating"": 5, ""atmosphere"": 5, ""noise_level"": ""Quiet, easy to talk"", ""vegetarian_recommendation"": ""Highly recommend"", ""vegetarian_offerings"": ""Large vegetarian selection, Vegetarian menu or section, Clearly labeled vegetarian dishes"", ""parking_space"": ""Difficult to find parking""}"
Glen's Bakehouse (HSR Layout),095137 34879,"2337, SECTOR 1, HSR Layout 17th Cross, 24th Main Rd, Bengaluru, Karnataka 560102",12.9120508,77.6482099,Bakery and Cake Shop,,Ci9DQUlRQUNvZENodHljRjlvT204NFVURmhObFJUYVdvM1FVbDZYMmRLVEZWdlExRRAB,Glen's Bakehouse (HSR Layout),Charlotte Fernandes,105472799537074392759,False,5,"Fresh bakes. My fav are the chicken and lamb pies, pastries and cookies. Great for an evening snack.",0,4 months ago,"{""dining_mode"": ""Take out"", ""price_per_person"": ""₹200–400"", ""food"": 5, ""service_rating"": 4, ""atmosphere"": 4, ""noise_level"": ""Quiet, easy to talk""}"
Glen's Bakehouse (HSR Layout),095137 34879,"2337, SECTOR 1, HSR Layout 17th Cross, 24th Main Rd, Bengaluru, Karnataka 560102",12.9120508,77.6482099,Bakery and Cake Shop,,Ci9DQUlRQUNvZENodHljRjlvT2xRMk1WTmxXbGR1TUVvelNXdE5kR1poVEUxcU5sRRAB,Glen's Bakehouse (HSR Layout),Anshul Sabberwal,105802438437137386239,False,5,,0,4 months ago,
Glen's Bakehouse (HSR Layout),095137 34879,"2337, SECTOR 1, HSR Layout 17th Cross, 24th Main Rd, Bengaluru, Karnataka 560102",12.9120508,77.6482099,Bakery and Cake Shop,,Ci9DQUlRQUNvZENodHljRjlvT2tKdllYTk1aVzFhVGt0Zk1VOTRTM0JmWTBOUFpFRRAB,Glen's Bakehouse (HSR Layout),sunny chakrabarty,115877283939311080871,True,4,,0,4 months ago,"{""dining_mode"": ""Dine in"", ""meal_type"": ""Other"", ""price_per_person"": ""₹400–600"", ""food"": 4, ""service_rating"": 4, ""atmosphere"": 4, ""noise_level"": ""Quiet, easy to talk""}"
Glen's Bakehouse (HSR Layout),095137 34879,"2337, SECTOR 1, HSR Layout 17th Cross, 24th Main Rd, Bengaluru, Karnataka 560102",12.9120508,77.6482099,Bakery and Cake Shop,,Ci9DQUlRQUNvZENodHljRjlvT2xOb2QyMWFiaTFJUkVsNFdsZEJUMTl4UnpaUlJWRRAB,Glen's Bakehouse (HSR Layout),Abhishek Ajmera,109337883502897041428,True,5,,0,4 months ago,"{""food"": 5, ""service_rating"": 5, ""atmosphere"": 3}"
Glen's Bakehouse (HSR Layout),095137 34879,"2337, SECTOR 1, HSR Layout 17th Cross, 24th Main Rd, Bengaluru, Karnataka 560102",12.9120508,77.6482099,Bakery and Cake Shop,,Ci9DQUlRQUNvZENodHljRjlvT2pCd1RIVmxXSE13VEhsNFNUUlBYMUE1VEhoak0xRRAB,Glen's Bakehouse (HSR Layout),The Unclichéd Blog,102893226758682589330,True,2,"Another example of a brand going down the drain due to poor management, mismanagement of inventory among other things. Went in on a Friday evening to takeaway some snacks and mini cupcakes. Staff behaviour was rude to begin with which I can ignore. We ordered a butter croissant which was completely dry(and probably stale, several days old). Chicken pieces which suffered from the same issue. A chicken cheese roll which felt like it had been sitting drying in the sun,it was so dry The mini cup cakes were passable. For a brand whose red velvet and cheesecakes were legendary at one point, sad to see this brand suffer so badly. Highly not recommended.",0,4 months ago,"{""dining_mode"": ""Take out"", ""price_per_person"": ""₹1–200"", ""food"": 1, ""service_rating"": 1, ""atmosphere"": 2, ""noise_level"": ""Very quiet"", ""parking_space"": ""Difficult to find parking"", ""parking_options"": ""Free street parking""}"
Glen's Bakehouse (HSR Layout),095137 34879,"2337, SECTOR 1, HSR Layout 17th Cross, 24th Main Rd, Bengaluru, Karnataka 560102",12.9120508,77.6482099,Bakery and Cake Shop,,Ci9DQUlRQUNvZENodHljRjlvT2s1YWNEWlhkaTAwWlRCdVpFNVBXbE5yZUZVM1VuYxAB,Glen's Bakehouse (HSR Layout),Ishan Garg,113354554319596742080,False,1,"I have been to Glens Indirangar and Koramangala countless times. And this one is the worst one. The waiters are damn rude, ignore you as if they are blind and they never saw you. They are simply arrogant and rude.",0,4 months ago,
Glen's Bakehouse (HSR Layout),095137 34879,"2337, SECTOR 1, HSR Layout 17th Cross, 24th Main Rd, Bengaluru, Karnataka 560102",12.9120508,77.6482099,Bakery and Cake Shop,,Ci9DQUlRQUNvZENodHljRjlvT21aSlYwRkpTSEpZZVUxZlpGWktPVXRyTTFaU1UzYxAB,Glen's Bakehouse (HSR Layout),shobha singh rathore,103787098864853646166,True,1,Extremely bad food. Made me sick the next day.🤮,0,4 months ago,"{""food"": 1, ""service_rating"": 1, ""atmosphere"": 3}"
Glen's Bakehouse (HSR Layout),095137 34879,"2337, SECTOR 1, HSR Layout 17th Cross, 24th Main Rd, Bengaluru, Karnataka 560102",12.9120508,77.6482099,Bakery and Cake Shop,,Ci9DQUlRQUNvZENodHljRjlvT2tWTmNFUTFSMEpVZW1NMFoyZHhUVzlRV2tkUFFYYxAB,Glen's Bakehouse (HSR Layout),Subhasree Jana,105629092917139682399,True,4,Cheesecake was dry. Counter purchase is a complete chaos. Store management is quite poor. Good atmosphere to sit with family n friends. Good food to enjoy. Cheesecake needs improvement.,0,4 months ago,"{""food"": 3, ""service_rating"": 3, ""atmosphere"": 5}"
Glen's Bakehouse (HSR Layout),095137 34879,"2337, SECTOR 1, HSR Layout 17th Cross, 24th Main Rd, Bengaluru, Karnataka 560102",12.9120508,77.6482099,Bakery and Cake Shop,,Ci9DQUlRQUNvZENodHljRjlvT2xScWVWbDJSbll3YmtWT1VFWkVhRFZxZDBkalZYYxAB,Glen's Bakehouse (HSR Layout),Ramya Palani,114759786709023249352,True,5,,0,4 months ago,
Glen's Bakehouse (HSR Layout),095137 34879,"2337, SECTOR 1, HSR Layout 17th Cross, 24th Main Rd, Bengaluru, Karnataka 560102",12.9120508,77.6482099,Bakery and Cake Shop,,Ci9DQUlRQUNvZENodHljRjlvT2tjeVlsaFdkMmRFYWpBeWNEQkpabWczYmpOVWRFRRAB,Glen's Bakehouse (HSR Layout),The FUTURE,111835829503021140728,True,5,Quite and calm atmosphere. I Love desserts especially mini red velvet cupcake and hazelnut cupcake. Mini Tarts like lemon tart is one of the kind. Im obsessed with filled donuts. Great pizzas tho. Worth for a short break .,0,4 months ago,"{""food"": 5, ""service_rating"": 5, ""atmosphere"": 5}"
Glen's Bakehouse (HSR Layout),095137 34879,"2337, SECTOR 1, HSR Layout 17th Cross, 24th Main Rd, Bengaluru, Karnataka 560102",12.9120508,77.6482099,Bakery and Cake Shop,,Ci9DQUlRQUNvZENodHljRjlvT25OaWJWRmxUSFJ6VkhvMmJqWmFjMU5oV25kWFYwRRAB,Glen's Bakehouse (HSR Layout),Sirisha Shetty,115358391302753307293,True,5,"Lovely place for desserts and coffee! 🍰☕ Visited Glen’s Bakehouse recently and absolutely loved the vibe. The desserts were fresh and delicious — especially the cheesecake and brownies. The café has a cozy ambience, perfect for catching up with friends. Staff was polite and service was quick. A bit on the pricey side, but totally worth it for the quality. Will definitely visit again!",0,4 months ago,"{""dining_mode"": ""Dine in"", ""meal_type"": ""Brunch"", ""price_per_person"": ""₹400–600"", ""food"": 5, ""service_rating"": 5, ""atmosphere"": 5, ""noise_level"": ""Very quiet"", ""vegetarian_recommendation"": ""Highly recommend"", ""vegetarian_offerings"": ""Clearly labeled vegetarian dishes"", ""parking_space"": ""Plenty of parking""}"
Glen's Bakehouse (HSR Layout),095137 34879,"2337, SECTOR 1, HSR Layout 17th Cross, 24th Main Rd, Bengaluru, Karnataka 560102",12.9120508,77.6482099,Bakery and Cake Shop,,Ci9DQUlRQUNvZENodHljRjlvT2tjeFVrOHlkMmhqVlUwelJHVnJXVmx2ZURGcmFuYxAB,Glen's Bakehouse (HSR Layout),Ruqhsar,106429066772816895952,True,5,,0,4 months ago,"{""dining_mode"": ""Dine in"", ""meal_type"": ""Other"", ""price_per_person"": ""₹400–600"", ""food"": 5, ""service_rating"": 5, ""atmosphere"": 5, ""noise_level"": ""Very quiet""}"
Glen's Bakehouse (HSR Layout),095137 34879,"2337, SECTOR 1, HSR Layout 17th Cross, 24th Main Rd, Bengaluru, Karnataka 560102",12.9120508,77.6482099,Bakery and Cake Shop,,Ci9DQUlRQUNvZENodHljRjlvT2pOZmFDMVVjbFI1VEdKRWFYbHRTM3B1VEhOTFUzYxAB,Glen's Bakehouse (HSR Layout),Chaitra Cn,105723693633408600191,True,3,"The red velvet cupcakes are an all time favourite. Especially the small ones which go in a bite are nice. Cappuccino was decent. The hazelnut coffe which my friends took was quite nice as it wasn't too sweet. The sourdough pizza was decent. The customer service was bad. We ordered for a slice of eggless plum cake. They had run out of the eggless ones, the way the waiter conveyed and how he had no courtesy to even stand and talk to us and hear what we had to say and request for.",0,4 months ago,"{""dining_mode"": ""Dine in"", ""meal_type"": ""Other"", ""price_per_person"": ""₹600–800"", ""food"": 3, ""service_rating"": 2, ""atmosphere"": 3}"
Glen's Bakehouse (HSR Layout),095137 34879,"2337, SECTOR 1, HSR Layout 17th Cross, 24th Main Rd, Bengaluru, Karnataka 560102",12.9120508,77.6482099,Bakery and Cake Shop,,Ci9DQUlRQUNvZENodHljRjlvT2pJd1MxaFJURzlGV2pkQ1lUZHNjVk4xTW1sTVduYxAB,Glen's Bakehouse (HSR Layout),Akanksha Suman,108209022725743186723,True,5,,0,4 months ago,"{""dining_mode"": ""Dine in"", ""meal_type"": ""Brunch"", ""price_per_person"": ""₹400–600"", ""food"": 5, ""service_rating"": 5, ""atmosphere"": 5, ""noise_level"": ""Moderate noise""}"
Glen's Bakehouse (HSR Layout),095137 34879,"2337, SECTOR 1, HSR Layout 17th Cross, 24th Main Rd, Bengaluru, Karnataka 560102",12.9120508,77.6482099,Bakery and Cake Shop,,Ci9DQUlRQUNvZENodHljRjlvT21ad2JtUTBObEpmYTFkNU1uUmxZVnByZWtWNWRWRRAB,Glen's Bakehouse (HSR Layout),Sheetal Nigam,110574385722256009803,True,4,,0,4 months ago,"{""dining_mode"": ""Dine in"", ""meal_type"": ""Brunch"", ""price_per_person"": ""₹200–400"", ""group_size"": ""Suitable for all group sizes""}"
Glen's Bakehouse (HSR Layout),095137 34879,"2337, SECTOR 1, HSR Layout 17th Cross, 24th Main Rd, Bengaluru, Karnataka 560102",12.9120508,77.6482099,Bakery and Cake Shop,,Ci9DQUlRQUNvZENodHljRjlvT2xKU1VtVnZlamR0TUhObGFVWnRObk5OZFhOelJWRRAB,Glen's Bakehouse (HSR Layout),Sayani Das,102778359409273715382,True,5,nice bakery,0,4 months ago,"{""dining_mode"": ""Dine in"", ""meal_type"": ""Other"", ""price_per_person"": ""₹200–400"", ""food"": 5, ""service_rating"": 2, ""atmosphere"": 5}"
Glen's Bakehouse (HSR Layout),095137 34879,"2337, SECTOR 1, HSR Layout 17th Cross, 24th Main Rd, Bengaluru, Karnataka 560102",12.9120508,77.6482099,Bakery and Cake Shop,,Ci9DQUlRQUNvZENodHljRjlvT25wcVEwVllWWHBWVFdWWFNIb3dkbGQ0ZVd0c2MyYxAB,Glen's Bakehouse (HSR Layout),Chinmayi Kale,111362205599791757684,True,5,"Excellent experience with Glen Bakehouse! We placed a bulk order of 50+red velvet normal cupcakes, and everything was handled beautifully. The cupcakes were absolutely delicious, fresh, soft, and perfectly balanced in sweetness.  The quality, taste, and presentation were all top-notch. The staff was helpful and ensured the order was managed smoothly. Everyone loved the cupcakes, and they were a huge hit! Highly recommend Glen Bakehouse for bulk orders, celebrations, and special occasions. Will definitely order again.",0,4 months ago,"{""dining_mode"": ""Take out"", ""meal_type"": ""Other"", ""price_per_person"": ""₹1–200"", ""food"": 5, ""service_rating"": 5, ""noise_level"": ""Not sure""}"
Glen's Bakehouse (HSR Layout),095137 34879,"2337, SECTOR 1, HSR Layout 17th Cross, 24th Main Rd, Bengaluru, Karnataka 560102",12.9120508,77.6482099,Bakery and Cake Shop,,Ci9DQUlRQUNvZENodHljRjlvT25sNE9FVllRakZEUW01TGMyNVRRMjVHTW0xMlJuYxAB,Glen's Bakehouse (HSR Layout),Shruti jain,106084553946530658664,False,5,,0,4 months ago,
Glen's Bakehouse (HSR Layout),095137 34879,"2337, SECTOR 1, HSR Layout 17th Cross, 24th Main Rd, Bengaluru, Karnataka 560102",12.9120508,77.6482099,Bakery and Cake Shop,,Ci9DQUlRQUNvZENodHljRjlvT2toaVMyUk9VbTF3VlVkemJIQkNkbUpDVFdOWU5VRRAB,Glen's Bakehouse (HSR Layout),Clinton JL Cruz,114454689023418222066,True,5,"Wonderful place, awesome ambience..menu has a variety of dishes, pastries and bakes",0,4 months ago,"{""food"": 5, ""service_rating"": 5, ""atmosphere"": 5}"
Glen's Bakehouse (HSR Layout),095137 34879,"2337, SECTOR 1, HSR Layout 17th Cross, 24th Main Rd, Bengaluru, Karnataka 560102",12.9120508,77.6482099,Bakery and Cake Shop,,Ci9DQUlRQUNvZENodHljRjlvT2xKdE1sWk5OVzh0ZEdaWU1ETnRhVzVNWmpObVVIYxAB,Glen's Bakehouse (HSR Layout),nikhil patil,118040699550066727742,True,4,,0,4 months ago,"{""food"": 4, ""service_rating"": 4, ""atmosphere"": 4}"
Glen's Bakehouse (HSR Layout),095137 34879,"2337, SECTOR 1, HSR Layout 17th Cross, 24th Main Rd, Bengaluru, Karnataka 560102",12.9120508,77.6482099,Bakery and Cake Shop,,Ci9DQUlRQUNvZENodHljRjlvT21WQ05rMWtSVGhHVkZOWmEwSTJla3M1VkRWQ1NuYxAB,Glen's Bakehouse (HSR Layout),Kanika Sharma,104680384687974684358,True,5,,0,4 months ago,"{""dining_mode"": ""Dine in"", ""meal_type"": ""Brunch"", ""price_per_person"": ""₹1,200–1,400"", ""food"": 5, ""service_rating"": 5, ""atmosphere"": 5, ""noise_level"": ""Quiet, easy to talk""}"
Glen's Bakehouse (HSR Layout),095137 34879,"2337, SECTOR 1, HSR Layout 17th Cross, 24th Main Rd, Bengaluru, Karnataka 560102",12.9120508,77.6482099,Bakery and Cake Shop,,Ci9DQUlRQUNvZENodHljRjlvT2xkdGJXaG1TVmw1ZUZWVlpYSmlNSFpKV0ZKb1psRRAB,Glen's Bakehouse (HSR Layout),Om prakash,108771561157902777678,False,4,Good place,0,4 months ago,"{""food"": 3, ""service_rating"": 4, ""atmosphere"": 5}"
Glen's Bakehouse (HSR Layout),095137 34879,"2337, SECTOR 1, HSR Layout 17th Cross, 24th Main Rd, Bengaluru, Karnataka 560102",12.9120508,77.6482099,Bakery and Cake Shop,,Ci9DQUlRQUNvZENodHljRjlvT2xGbFVVTnljWFJzV0hGYVVHaGZaVGRMY214NlYwRRAB,Glen's Bakehouse (HSR Layout),parii. ndey,105403362249973923058,False,5,The best muffins 🤤,0,4 months ago,"{""food"": 4, ""service_rating"": 4, ""atmosphere"": 4}"
Glen's Bakehouse (HSR Layout),095137 34879,"2337, SECTOR 1, HSR Layout 17th Cross, 24th Main Rd, Bengaluru, Karnataka 560102",12.9120508,77.6482099,Bakery and Cake Shop,,Ci9DQUlRQUNvZENodHljRjlvT2pKTlJXcFBPREJQZGpKUGR6ZEpVMFpqZEVwR1NWRRAB,Glen's Bakehouse (HSR Layout),ruqsar tabassum,103116284631917977767,True,5,Beautiful Ambiance with dim lights Loved it ❤️,0,4 months ago,"{""dining_mode"": ""Dine in"", ""meal_type"": ""Dinner"", ""price_per_person"": ""₹800–1,000"", ""food"": 5, ""service_rating"": 5, ""atmosphere"": 5, ""noise_level"": ""Quiet, easy to talk""}"
Glen's Bakehouse (HSR Layout),095137 34879,"2337, SECTOR 1, HSR Layout 17th Cross, 24th Main Rd, Bengaluru, Karnataka 560102",12.9120508,77.6482099,Bakery and Cake Shop,,Ci9DQUlRQUNvZENodHljRjlvT25BMFoyazBiRkpsTUZZMVJFcFRPVnBMTUdwSmIwRRAB,Glen's Bakehouse (HSR Layout),utkarsh mahajan,113085767979888411956,True,1,,0,4 months ago,"{""dining_mode"": ""Dine in"", ""food"": 3, ""service_rating"": 1, ""atmosphere"": 2}"
Glen's Bakehouse (HSR Layout),095137 34879,"2337, SECTOR 1, HSR Layout 17th Cross, 24th Main Rd, Bengaluru, Karnataka 560102",12.9120508,77.6482099,Bakery and Cake Shop,,Ci9DQUlRQUNvZENodHljRjlvT21oR1VVUm9UMWRTWmtsZmQwdEthM016WWxOMFlVRRAB,Glen's Bakehouse (HSR Layout),RANJITH REDDY,114777754763119131422,True,4,,0,4 months ago,
Glen's Bakehouse (HSR Layout),095137 34879,"2337, SECTOR 1, HSR Layout 17th Cross, 24th Main Rd, Bengaluru, Karnataka 560102",12.9120508,77.6482099,Bakery and Cake Shop,,Ci9DQUlRQUNvZENodHljRjlvT2twa1dVWm9NRmhsVUU4dFJUTnhORlE0VGkxZmRuYxAB,Glen's Bakehouse (HSR Layout),Alfred George,113516909221334440863,True,5,,0,4 months ago,
Glen's Bakehouse (HSR Layout),095137 34879,"2337, SECTOR 1, HSR Layout 17th Cross, 24th Main Rd, Bengaluru, Karnataka 560102",12.9120508,77.6482099,Bakery and Cake Shop,,Ci9DQUlRQUNvZENodHljRjlvT25CM1dESmhVV1E0Um5sa2RXOWhiamt5VGpCME9GRRAB,Glen's Bakehouse (HSR Layout),Rajeswari Nachiyar,103101388711159977664,True,5,,0,4 months ago,"{""dining_mode"": ""Take out"", ""meal_type"": ""Other"", ""price_per_person"": ""₹800–1,000"", ""food"": 5, ""service_rating"": 5, ""atmosphere"": 5, ""noise_level"": ""Moderate noise""}"
Glen's Bakehouse (HSR Layout),095137 34879,"2337, SECTOR 1, HSR Layout 17th Cross, 24th Main Rd, Bengaluru, Karnataka 560102",12.9120508,77.6482099,Bakery and Cake Shop,,Ci9DQUlRQUNvZENodHljRjlvT25kRWRFaEdVVnBKZUUxT1pEQjJSRFZpTWpoM1MwRRAB,Glen's Bakehouse (HSR Layout),Vishwanath Gopalreddy,115482971435173468753,True,1,"Billing counter and service is very pathetic, jimmy at cash counter is not customer friendly, even though I paid the bill he's not packed the items ,some items was missing when I told him to check according to the bill i paid...he don't know English and local kannada launguage also to understand him",0,4 months ago,
Glen's Bakehouse (HSR Layout),095137 34879,"2337, SECTOR 1, HSR Layout 17th Cross, 24th Main Rd, Bengaluru, Karnataka 560102",12.9120508,77.6482099,Bakery and Cake Shop,,Ci9DQUlRQUNvZENodHljRjlvT25STWMxZG1Xblp1VVRKMldYUktTM0puWWw5VVUwRRAB,Glen's Bakehouse (HSR Layout),Vishnu Kshatriya,115069994554121573780,True,4,,0,4 months ago,"{""dining_mode"": ""Dine in"", ""meal_type"": ""Lunch"", ""price_per_person"": ""₹200–400"", ""food"": 4, ""service_rating"": 4, ""atmosphere"": 4, ""noise_level"": ""Quiet, easy to talk""}"
Glen's Bakehouse (HSR Layout),095137 34879,"2337, SECTOR 1, HSR Layout 17th Cross, 24th Main Rd, Bengaluru, Karnataka 560102",12.9120508,77.6482099,Bakery and Cake Shop,,Ci9DQUlRQUNvZENodHljRjlvT2taemJtRlZNalpTY2tsVVMwWjNjV1Y2VW5VMGRrRRAB,Glen's Bakehouse (HSR Layout),Joshua Remigius,108380092207130051717,True,4,,0,4 months ago,"{""food"": 4, ""service_rating"": 4, ""atmosphere"": 4}"
Glen's Bakehouse (HSR Layout),095137 34879,"2337, SECTOR 1, HSR Layout 17th Cross, 24th Main Rd, Bengaluru, Karnataka 560102",12.9120508,77.6482099,Bakery and Cake Shop,,Ci9DQUlRQUNvZENodHljRjlvT25ZMlMxOTRVakJQYTNvelJsTjFWSGMwUTNGT01sRRAB,Glen's Bakehouse (HSR Layout),HARSHA VARDHAN REDDY,107049481096655787975,True,5,Visited this place Saturday late night. This place is so calm and neat with good posters on the wall. I have ordered the 🍕. The taste was so delicious. The tempting part is their cheese cake. I am big fan of their cakes,0,4 months ago,"{""food"": 5, ""service_rating"": 4, ""atmosphere"": 5}"
Glen's Bakehouse (HSR Layout),095137 34879,"2337, SECTOR 1, HSR Layout 17th Cross, 24th Main Rd, Bengaluru, Karnataka 560102",12.9120508,77.6482099,Bakery and Cake Shop,,Ci9DQUlRQUNvZENodHljRjlvT2xwR1NVWjRkRmhZTTNsNVJXUTBlazB4U0hkUE0yYxAB,Glen's Bakehouse (HSR Layout),Avinash Anand,107081360619319877734,True,1,Bad service and food. Ordered Chicken cutlet. Took more than 30 minutes and after a reminder. What came was a gooey mess which disintegrated while picking it up,0,4 months ago,"{""dining_mode"": ""Dine in"", ""meal_type"": ""Other"", ""price_per_person"": ""₹200–400"", ""food"": 1, ""service_rating"": 1, ""atmosphere"": 3, ""noise_level"": ""Quiet, easy to talk""}"
Glen's Bakehouse (HSR Layout),095137 34879,"2337, SECTOR 1, HSR Layout 17th Cross, 24th Main Rd, Bengaluru, Karnataka 560102",12.9120508,77.6482099,Bakery and Cake Shop,,Ci9DQUlRQUNvZENodHljRjlvT2twcE0xVlRkSFJJT0c5clRHNU5SRXB3TjFoWFZGRRAB,Glen's Bakehouse (HSR Layout),satya prabha lanka,117027368898782652506,False,1,Ordered One chocolate croissant and veg puff. They have billed  croissant twice and the taste was not great.,0,4 months ago,"{""dining_mode"": ""Take out"", ""food"": 2, ""service_rating"": 1, ""atmosphere"": 2}"
Glen's Bakehouse (HSR Layout),095137 34879,"2337, SECTOR 1, HSR Layout 17th Cross, 24th Main Rd, Bengaluru, Karnataka 560102",12.9120508,77.6482099,Bakery and Cake Shop,,Ci9DQUlRQUNvZENodHljRjlvT2tKcGJFaExiR2ROUzJWa1pEbFNNeTF4UkVkQ1prRRAB,Glen's Bakehouse (HSR Layout),AMISHA SINHA,110285013068023409612,True,5,Loved the cute mini cupcakes!!!,0,4 months ago,"{""dining_mode"": ""Dine in"", ""meal_type"": ""Dinner"", ""food"": 5, ""service_rating"": 5, ""atmosphere"": 5}"
Glen's Bakehouse (HSR Layout),095137 34879,"2337, SECTOR 1, HSR Layout 17th Cross, 24th Main Rd, Bengaluru, Karnataka 560102",12.9120508,77.6482099,Bakery and Cake Shop,,Ci9DQUlRQUNvZENodHljRjlvT25waFpuQmpUemR6VFhSTlJ6RlhjVmhPTUV4WU9WRRAB,Glen's Bakehouse (HSR Layout),Aradhya Sharma,112612449902897930631,True,4,,0,4 months ago,
Glen's Bakehouse (HSR Layout),095137 34879,"2337, SECTOR 1, HSR Layout 17th Cross, 24th Main Rd, Bengaluru, Karnataka 560102",12.9120508,77.6482099,Bakery and Cake Shop,,Ci9DQUlRQUNvZENodHljRjlvT2pkWGNuQnpVV0ZFWjAxbWNIVTVSa2xSVDJacmJFRRAB,Glen's Bakehouse (HSR Layout),Dhanush K S,104652631392984384102,True,4,,0,4 months ago,"{""dining_mode"": ""Take out"", ""meal_type"": ""Dinner"", ""price_per_person"": ""₹600–800"", ""food"": 4, ""service_rating"": 4, ""atmosphere"": 4, ""recommended_dishes"": ""Donuts, Cheese Croissant""}"
Glen's Bakehouse (HSR Layout),095137 34879,"2337, SECTOR 1, HSR Layout 17th Cross, 24th Main Rd, Bengaluru, Karnataka 560102",12.9120508,77.6482099,Bakery and Cake Shop,,Ci9DQUlRQUNvZENodHljRjlvT2pkdVNVeGxabkp1WkcwMVdFZENibFJpTUhsVUxYYxAB,Glen's Bakehouse (HSR Layout),Aneeb Basheer,100837793828073990932,True,5,,0,Edited 5 months ago,
Glen's Bakehouse (HSR Layout),095137 34879,"2337, SECTOR 1, HSR Layout 17th Cross, 24th Main Rd, Bengaluru, Karnataka 560102",12.9120508,77.6482099,Bakery and Cake Shop,,Ci9DQUlRQUNvZENodHljRjlvT210UmFUUTVTa1V3ZFRNMVJrUmhlbUoyVW1SV1dtYxAB,Glen's Bakehouse (HSR Layout),Fazil Zaid,102467674741237140340,True,4,,0,5 months ago,"{""price_per_person"": ""₹400–600"", ""food"": 4, ""service_rating"": 4, ""atmosphere"": 4, ""noise_level"": ""Quiet, easy to talk""}"
Glen's Bakehouse (HSR Layout),095137 34879,"2337, SECTOR 1, HSR Layout 17th Cross, 24th Main Rd, Bengaluru, Karnataka 560102",12.9120508,77.6482099,Bakery and Cake Shop,,Ci9DQUlRQUNvZENodHljRjlvT25oNGNuUnVTME5DY1RReFNqSmpWVGxGYUdoR1pYYxAB,Glen's Bakehouse (HSR Layout),varaprasad reddy,110402643769612103533,True,5,,0,5 months ago,"{""food"": 5, ""service_rating"": 5, ""atmosphere"": 5}"
Glen's Bakehouse (HSR Layout),095137 34879,"2337, SECTOR 1, HSR Layout 17th Cross, 24th Main Rd, Bengaluru, Karnataka 560102",12.9120508,77.6482099,Bakery and Cake Shop,,Ci9DQUlRQUNvZENodHljRjlvT2taeFYyVTBkWFI1TlVSZmFUZFRMVXhMUTJONVRHYxAB,Glen's Bakehouse (HSR Layout),Chaitanya Nair,113082578814378402823,True,4,"Usually I like the food here, putting this review to request you to bring the old recipe back for chocolate cheese cake! I have bought it a 100 times and loved it but today, the cake was nothing like a cheesecake, it literally jiggled in my mouth like a jelly!! Not sure if its old or what, but it kinda ruined the taste for me. Nothing close to creamy!",0,5 months ago,
Glen's Bakehouse (HSR Layout),095137 34879,"2337, SECTOR 1, HSR Layout 17th Cross, 24th Main Rd, Bengaluru, Karnataka 560102",12.9120508,77.6482099,Bakery and Cake Shop,,Ci9DQUlRQUNvZENodHljRjlvT25GWk16RnRSblpqTXpGRU1WY3pXSEk0WkhOdFRsRRAB,Glen's Bakehouse (HSR Layout),thunder khadeer,116114811289387395223,True,3,,0,5 months ago,"{""dining_mode"": ""Dine in"", ""meal_type"": ""Dinner"", ""price_per_person"": ""₹1–200""}"
Glen's Bakehouse (HSR Layout),095137 34879,"2337, SECTOR 1, HSR Layout 17th Cross, 24th Main Rd, Bengaluru, Karnataka 560102",12.9120508,77.6482099,Bakery and Cake Shop,,Ci9DQUlRQUNvZENodHljRjlvT2xZdGQxcDBNRVpGVmsxd1EwUXdYM0ZXYTFOV1ptYxAB,Glen's Bakehouse (HSR Layout),raghavendra nannuru,116943782862200042738,True,5,,0,5 months ago,"{""dining_mode"": ""Dine in"", ""meal_type"": ""Other"", ""price_per_person"": ""₹200–400"", ""food"": 5, ""service_rating"": 5, ""atmosphere"": 5, ""noise_level"": ""Quiet, easy to talk""}"
Glen's Bakehouse (HSR Layout),095137 34879,"2337, SECTOR 1, HSR Layout 17th Cross, 24th Main Rd, Bengaluru, Karnataka 560102",12.9120508,77.6482099,Bakery and Cake Shop,,Ci9DQUlRQUNvZENodHljRjlvT2t0WlVHUlliVXhsVUY5a1F6bGZRemhWYzA1T2EzYxAB,Glen's Bakehouse (HSR Layout),Krishna Pabbisetty,115112092938231401729,True,4,,0,5 months ago,"{""dining_mode"": ""Dine in"", ""meal_type"": ""Dinner"", ""price_per_person"": ""₹1,000–1,200"", ""food"": 4, ""service_rating"": 5, ""atmosphere"": 4, ""noise_level"": ""Moderate noise""}"
Glen's Bakehouse (HSR Layout),095137 34879,"2337, SECTOR 1, HSR Layout 17th Cross, 24th Main Rd, Bengaluru, Karnataka 560102",12.9120508,77.6482099,Bakery and Cake Shop,,Ci9DQUlRQUNvZENodHljRjlvT25Cb2RIVXdVWE5tVUZaamIxbzFiMHhEYjBseVNWRRAB,Glen's Bakehouse (HSR Layout),Jay Prajapati,117456940207558647661,False,5,,0,5 months ago,"{""food"": 5, ""service_rating"": 4, ""atmosphere"": 5}"
Glen's Bakehouse (HSR Layout),095137 34879,"2337, SECTOR 1, HSR Layout 17th Cross, 24th Main Rd, Bengaluru, Karnataka 560102",12.9120508,77.6482099,Bakery and Cake Shop,,Ci9DQUlRQUNvZENodHljRjlvT2sxek1sVnlabFpoY1RKdGRFSkhkSGhhUjFBME9HYxAB,Glen's Bakehouse (HSR Layout),Seema Gupta,107574973472752736060,True,3,,0,5 months ago,"{""food"": 2, ""service_rating"": 2, ""atmosphere"": 2}"
Glen's Bakehouse (HSR Layout),095137 34879,"2337, SECTOR 1, HSR Layout 17th Cross, 24th Main Rd, Bengaluru, Karnataka 560102",12.9120508,77.6482099,Bakery and Cake Shop,,Ci9DQUlRQUNvZENodHljRjlvT21sdldUbDNkVlJGUjBwVGVIQk1NSGhWZDE5TFUzYxAB,Glen's Bakehouse (HSR Layout),CKR,106392330791665989976,True,5,"Always one of the best bakehouse brands in all metropolitan cities in India. Their quiche and mini tarts are the best. Also, their pastries are also comparatively very good. Also their food is good. One must try their all day breakfast menu.",0,5 months ago,"{""dining_mode"": ""Dine in"", ""meal_type"": ""Brunch"", ""price_per_person"": ""₹200–400"", ""food"": 5, ""service_rating"": 5, ""atmosphere"": 5}"
Glen's Bakehouse (HSR Layout),095137 34879,"2337, SECTOR 1, HSR Layout 17th Cross, 24th Main Rd, Bengaluru, Karnataka 560102",12.9120508,77.6482099,Bakery and Cake Shop,,Ci9DQUlRQUNvZENodHljRjlvT2xWWlUweDNiVnA1ZUhnek5sbDNORjl4WlU5S1drRRAB,Glen's Bakehouse (HSR Layout),Rachit Nayak,101543264947303233572,True,4,ok,0,5 months ago,"{""dining_mode"": ""Dine in"", ""meal_type"": ""Dinner"", ""price_per_person"": ""₹800–1,000"", ""food"": 4, ""service_rating"": 4, ""atmosphere"": 5}"
Glen's Bakehouse (HSR Layout),095137 34879,"2337, SECTOR 1, HSR Layout 17th Cross, 24th Main Rd, Bengaluru, Karnataka 560102",12.9120508,77.6482099,Bakery and Cake Shop,,Ci9DQUlRQUNvZENodHljRjlvT2pOVk9ISkZkV0ZqYzJreFZqbEVURnBGU21kNFIyYxAB,Glen's Bakehouse (HSR Layout),Manasa,108677143293525698952,False,4,,0,5 months ago,"{""food"": 4, ""service_rating"": 3, ""atmosphere"": 4}"
Glen's Bakehouse (HSR Layout),095137 34879,"2337, SECTOR 1, HSR Layout 17th Cross, 24th Main Rd, Bengaluru, Karnataka 560102",12.9120508,77.6482099,Bakery and Cake Shop,,Ci9DQUlRQUNvZENodHljRjlvT2xCNlZVWmhVR0ZDYlhWSVEwazFNMDR4Ym5sSWNYYxAB,Glen's Bakehouse (HSR Layout),Melwin Sunny,115070191231249287829,False,1,"IMPORTANT!  I had a disappointing and concerning experience during my recent visit. We ordered Mushroom Puffs, but we were served Chicken Puffs instead. When we asked the waiter why we couldn’t see any mushroom, he assured us that the mushrooms were “all grinded and mixed.” The filling tasted like chicken, so I opened it to check—and it was chicken.  After pointing it out, the waiter realised we were correct and took the entire batch back to the kitchen. What was even more shocking is that no one came to apologize or address the seriousness of the mistake.  This is not a small issue—if someone who is a strict vegetarian had eaten this, it could have been extremely distressing and unacceptable. For a reputed place like Glen’s, this lack of attention to detail and accountability is very disappointing.",0,5 months ago,"{""dining_mode"": ""Dine in"", ""meal_type"": ""Lunch"", ""price_per_person"": ""₹1,200–1,400"", ""food"": 3, ""service_rating"": 1, ""atmosphere"": 4, ""noise_level"": ""Quiet, easy to talk""}"
Glen's Bakehouse (HSR Layout),095137 34879,"2337, SECTOR 1, HSR Layout 17th Cross, 24th Main Rd, Bengaluru, Karnataka 560102",12.9120508,77.6482099,Bakery and Cake Shop,,Ci9DQUlRQUNvZENodHljRjlvT2pGSVRraDFhVTVuWkhWSlV6VllkMWhGYW5oNmRGRRAB,Glen's Bakehouse (HSR Layout),Rohan Pramod,105301665965796462013,True,5,"Such a great place to be, Ive been to a lot of bakehouses around bangalore, that charges too much which tastes like shit,,, But Glens Bakehouse is one of the most best places to be, truly good, not too expensive, The prices the totally worth the Money Infact all the GlenBakehouses around bglr are  amazing",0,5 months ago,"{""food"": 5, ""service_rating"": 5, ""atmosphere"": 5}"
Glen's Bakehouse (HSR Layout),095137 34879,"2337, SECTOR 1, HSR Layout 17th Cross, 24th Main Rd, Bengaluru, Karnataka 560102",12.9120508,77.6482099,Bakery and Cake Shop,,Ci9DQUlRQUNvZENodHljRjlvT2pGM1RsaHhORFo0WmxKd1VFNTViR0ZZT0MxWFZVRRAB,Glen's Bakehouse (HSR Layout),Alfred Jorson,112515552242475876385,True,5,,0,5 months ago,"{""dining_mode"": ""Dine in"", ""food"": 4, ""service_rating"": 4, ""atmosphere"": 4}"
Glen's Bakehouse (HSR Layout),095137 34879,"2337, SECTOR 1, HSR Layout 17th Cross, 24th Main Rd, Bengaluru, Karnataka 560102",12.9120508,77.6482099,Bakery and Cake Shop,,Ci9DQUlRQUNvZENodHljRjlvT2tGSVZrUjJUa3BvZUhGTWJIUmZjV0pZYmxSb2RIYxAB,Glen's Bakehouse (HSR Layout),Riyaz Patel,103287267996094666917,True,5,"Great place to hangout,  moderate crowd,  food is amazing,",0,5 months ago,"{""dining_mode"": ""Dine in"", ""meal_type"": ""Lunch"", ""price_per_person"": ""₹200–400"", ""food"": 5, ""service_rating"": 4, ""atmosphere"": 4, ""noise_level"": ""Moderate noise""}"
Glen's Bakehouse (HSR Layout),095137 34879,"2337, SECTOR 1, HSR Layout 17th Cross, 24th Main Rd, Bengaluru, Karnataka 560102",12.9120508,77.6482099,Bakery and Cake Shop,,Ci9DQUlRQUNvZENodHljRjlvT2xaM1FqTkNPVTFEV0VsSFYxVXhPRkpDY1dVek5YYxAB,Glen's Bakehouse (HSR Layout),Tanaya biswas,110012567408055494050,True,5,,0,5 months ago,"{""food"": 5, ""service_rating"": 5, ""atmosphere"": 5}"
Glen's Bakehouse (HSR Layout),095137 34879,"2337, SECTOR 1, HSR Layout 17th Cross, 24th Main Rd, Bengaluru, Karnataka 560102",12.9120508,77.6482099,Bakery and Cake Shop,,Ci9DQUlRQUNvZENodHljRjlvT2xoQ1VsQm9ibVZyYlhoYU1ucHRSMHBGTmt0TVgxRRAB,Glen's Bakehouse (HSR Layout),Sudharshan Ravi,110090057797456452331,False,5,,0,5 months ago,"{""food"": 5, ""service_rating"": 5, ""atmosphere"": 5}"
Glen's Bakehouse (HSR Layout),095137 34879,"2337, SECTOR 1, HSR Layout 17th Cross, 24th Main Rd, Bengaluru, Karnataka 560102",12.9120508,77.6482099,Bakery and Cake Shop,,Ci9DQUlRQUNvZENodHljRjlvT2tvMVpFUjNTell4VkROQlVXcGFZMGx5TVVwV2IzYxAB,Glen's Bakehouse (HSR Layout),Marzooq,117946199287602992063,True,4,Very good creamy soup Bit costly but,0,5 months ago,"{""dining_mode"": ""Dine in"", ""price_per_person"": ""₹200–400"", ""food"": 4, ""service_rating"": 3, ""atmosphere"": 4, ""noise_level"": ""Quiet, easy to talk""}"
Glen's Bakehouse (HSR Layout),095137 34879,"2337, SECTOR 1, HSR Layout 17th Cross, 24th Main Rd, Bengaluru, Karnataka 560102",12.9120508,77.6482099,Bakery and Cake Shop,,Ci9DQUlRQUNvZENodHljRjlvT25Oa01VWkdaeTFsWVVGTk1GUnlkR0ZwYlhKQ2JVRRAB,Glen's Bakehouse (HSR Layout),Aiden,111114987332128620978,True,5,Great food,0,5 months ago,
Glen's Bakehouse (HSR Layout),095137 34879,"2337, SECTOR 1, HSR Layout 17th Cross, 24th Main Rd, Bengaluru, Karnataka 560102",12.9120508,77.6482099,Bakery and Cake Shop,,Ci9DQUlRQUNvZENodHljRjlvT25aeGFGTXdkVmhHVm5aa1VYSjNlVVF4ZFhJMU5HYxAB,Glen's Bakehouse (HSR Layout),Sanjay Shimoga Gopala,111829893822877100168,True,5,,0,5 months ago,
Glen's Bakehouse (HSR Layout),095137 34879,"2337, SECTOR 1, HSR Layout 17th Cross, 24th Main Rd, Bengaluru, Karnataka 560102",12.9120508,77.6482099,Bakery and Cake Shop,,Ci9DQUlRQUNvZENodHljRjlvT2taa1lVWlRaRVJHV0RSdFRqaHBWbE4zWms1RU1tYxAB,Glen's Bakehouse (HSR Layout),MUNIRAJ SUNDARAM,115620924327700102159,True,4,Yummy 🤤 cake... quite costly,0,5 months ago,"{""dining_mode"": ""Dine in"", ""meal_type"": ""Dinner"", ""price_per_person"": ""₹800–1,000"", ""food"": 4, ""service_rating"": 3, ""atmosphere"": 4, ""noise_level"": ""Quiet, easy to talk""}"
Glen's Bakehouse (HSR Layout),095137 34879,"2337, SECTOR 1, HSR Layout 17th Cross, 24th Main Rd, Bengaluru, Karnataka 560102",12.9120508,77.6482099,Bakery and Cake Shop,,Ci9DQUlRQUNvZENodHljRjlvT2tGaVZHSnVRMnRCV0d4Vk1uVjBha3RJTWpCZmEzYxAB,Glen's Bakehouse (HSR Layout),Sanapathi Indirapriyadarshini,113933978273583953280,True,5,"I love… love… love this place. The ambience, the food and the vibe everything was top notch 🥰 Love to visit any time and every time ❤️",0,5 months ago,"{""dining_mode"": ""Dine in"", ""meal_type"": ""Other"", ""price_per_person"": ""₹400–600"", ""food"": 5, ""service_rating"": 5, ""atmosphere"": 5, ""noise_level"": ""Moderate noise""}"
Glen's Bakehouse (HSR Layout),095137 34879,"2337, SECTOR 1, HSR Layout 17th Cross, 24th Main Rd, Bengaluru, Karnataka 560102",12.9120508,77.6482099,Bakery and Cake Shop,,Ci9DQUlRQUNvZENodHljRjlvT2pjMVVuSlllRVpaWkhkelpYZHBjRWw2UzJ4cU5XYxAB,Glen's Bakehouse (HSR Layout),Anuj Nair,101899376369669702454,True,5,"Glen’ Bakehouse is a cozy café, famous for its cupcakes. The ambiance there is relaxed and it’s a nice spot for brunch and casual meet-ups. I tried their velvet cupcake, mocha, almond roasted chicken wings and their chicken sandwich. All were really good!",0,5 months ago,"{""dining_mode"": ""Dine in"", ""meal_type"": ""Brunch"", ""price_per_person"": ""₹400–600"", ""food"": 5, ""service_rating"": 5, ""atmosphere"": 5, ""noise_level"": ""Quiet, easy to talk""}"
Glen's Bakehouse (HSR Layout),095137 34879,"2337, SECTOR 1, HSR Layout 17th Cross, 24th Main Rd, Bengaluru, Karnataka 560102",12.9120508,77.6482099,Bakery and Cake Shop,,Ci9DQUlRQUNvZENodHljRjlvT2taTGNEQnRlalJLTFhVMVoxSmllRjlNYm1oMVQzYxAB,Glen's Bakehouse (HSR Layout),Rohan Kumar Soni,115033096650793005577,True,5,Very good food and ambience,0,5 months ago,"{""food"": 5, ""service_rating"": 4, ""atmosphere"": 5}"
Glen's Bakehouse (HSR Layout),095137 34879,"2337, SECTOR 1, HSR Layout 17th Cross, 24th Main Rd, Bengaluru, Karnataka 560102",12.9120508,77.6482099,Bakery and Cake Shop,,Ci9DQUlRQUNvZENodHljRjlvT21OclF6RldNblUwVG5Kak5HcDNhMEpMTVU4d01YYxAB,Glen's Bakehouse (HSR Layout),afshan fathima,101344161156231868888,True,4,,0,5 months ago,"{""dining_mode"": ""Dine in"", ""meal_type"": ""Dinner"", ""food"": 5, ""service_rating"": 4, ""atmosphere"": 5, ""noise_level"": ""Moderate noise""}"
Glen's Bakehouse (HSR Layout),095137 34879,"2337, SECTOR 1, HSR Layout 17th Cross, 24th Main Rd, Bengaluru, Karnataka 560102",12.9120508,77.6482099,Bakery and Cake Shop,,Ci9DQUlRQUNvZENodHljRjlvT25SdmFERTFSMGxJUWt0MGQzUTFNVTFRYW1kb0xWRRAB,Glen's Bakehouse (HSR Layout),Harsha Samrat,107907770874285983002,True,5,Good place to have coffee with friends and family members.,0,5 months ago,"{""dining_mode"": ""Dine in"", ""meal_type"": ""Other"", ""price_per_person"": ""₹600–800"", ""food"": 5, ""service_rating"": 4, ""atmosphere"": 5, ""noise_level"": ""Quiet, easy to talk""}"
Glen's Bakehouse (HSR Layout),095137 34879,"2337, SECTOR 1, HSR Layout 17th Cross, 24th Main Rd, Bengaluru, Karnataka 560102",12.9120508,77.6482099,Bakery and Cake Shop,,Ci9DQUlRQUNvZENodHljRjlvT21KTVdqQkJla0pVYmpBNFoyc3dhMkZMWWtSeFNFRRAB,Glen's Bakehouse (HSR Layout),Geetashree Swain,106354542629438978736,True,5,"Great place for a nice,comfy hangout.",0,5 months ago,"{""food"": 5, ""service_rating"": 5, ""atmosphere"": 5}"
Glen's Bakehouse (HSR Layout),095137 34879,"2337, SECTOR 1, HSR Layout 17th Cross, 24th Main Rd, Bengaluru, Karnataka 560102",12.9120508,77.6482099,Bakery and Cake Shop,,Ci9DQUlRQUNvZENodHljRjlvT25aMFZEZHVhMnBDWTJjd1RVZEplREJEU2xkVlVuYxAB,Glen's Bakehouse (HSR Layout),sanjay,101544615316258757045,True,1,"So this outlet has also fallen to farce of online menus. A simple process of ordering has become nightmare. A simplicity of scanning menu has changed to scroll and slides. Items hidden in some category which may not come at front and have to look for attender but how. Need to shout as they are also glued to their Tab screen checking orders. Earlier they use to scan the tables and you could call them by just eye contact. Now if you are introvert, may be you would be waiting for hours unless someone realise that you are blocking a table.  May be they thought of convenience but for who?  Customer as well as attender, both are doung extra work which use to happen easily.  Not everything need to change. So I asked for hardcopy menu which attender brought after some protest. Observed that many table's opting for offline.  I liked this outlet for simplicity, hopefully they retain the core.  Note: This rating is for experience, food is awesome as always.",0,5 months ago,"{""dining_mode"": ""Dine in"", ""meal_type"": ""Breakfast"", ""price_per_person"": ""₹200–400"", ""noise_level"": ""Quiet, easy to talk""}"
Glen's Bakehouse (HSR Layout),095137 34879,"2337, SECTOR 1, HSR Layout 17th Cross, 24th Main Rd, Bengaluru, Karnataka 560102",12.9120508,77.6482099,Bakery and Cake Shop,,Ci9DQUlRQUNvZENodHljRjlvT205c1EzcE9hM1ZoWVhsMk5tUXpNbEJtV2tZdGFHYxAB,Glen's Bakehouse (HSR Layout),K DhanRaj,115474976884119002653,True,5,Best cupcakes,0,5 months ago,"{""dining_mode"": ""Dine in"", ""price_per_person"": ""₹1–200"", ""food"": 5, ""service_rating"": 3, ""atmosphere"": 5, ""noise_level"": ""Loud, but you can still talk"", ""vegetarian_recommendation"": ""Highly recommend"", ""vegetarian_offerings"": ""Clearly labeled vegetarian dishes"", ""parking_space"": ""Plenty of parking""}"
Glen's Bakehouse (HSR Layout),095137 34879,"2337, SECTOR 1, HSR Layout 17th Cross, 24th Main Rd, Bengaluru, Karnataka 560102",12.9120508,77.6482099,Bakery and Cake Shop,,Ci9DQUlRQUNvZENodHljRjlvT2pKbFRrWTNjRFF0WjI1SVVFSXhiVlJzUjJVNE5sRRAB,Glen's Bakehouse (HSR Layout),ram pandey,113079014698799534597,True,1,"Worst pizza, poor quality dont visit not recommended",0,6 months ago,"{""food"": 1, ""service_rating"": 1, ""atmosphere"": 1}"
Glen's Bakehouse (HSR Layout),095137 34879,"2337, SECTOR 1, HSR Layout 17th Cross, 24th Main Rd, Bengaluru, Karnataka 560102",12.9120508,77.6482099,Bakery and Cake Shop,,Ci9DQUlRQUNvZENodHljRjlvT2xJMlowaHpPR1ppWVZsYVMwNUNORXg2WjJoR01GRRAB,Glen's Bakehouse (HSR Layout),Aritra Mondal,103584156477366675016,True,5,,0,6 months ago,"{""dining_mode"": ""Take out"", ""meal_type"": ""Other"", ""price_per_person"": ""₹400–600"", ""food"": 5, ""service_rating"": 5, ""atmosphere"": 5, ""wait_time"": ""No wait""}"
Glen's Bakehouse (HSR Layout),095137 34879,"2337, SECTOR 1, HSR Layout 17th Cross, 24th Main Rd, Bengaluru, Karnataka 560102",12.9120508,77.6482099,Bakery and Cake Shop,,Ci9DQUlRQUNvZENodHljRjlvT21OUU5sOWFhVzh3UkRKZmVXeGFNMjFOUmxGbGRHYxAB,Glen's Bakehouse (HSR Layout),Partho Mahapatra,100590919628194856913,True,5,,0,6 months ago,
Glen's Bakehouse (HSR Layout),095137 34879,"2337, SECTOR 1, HSR Layout 17th Cross, 24th Main Rd, Bengaluru, Karnataka 560102",12.9120508,77.6482099,Bakery and Cake Shop,,Ci9DQUlRQUNvZENodHljRjlvT2s0eFExUXpWa0ZVWmpkd2RrUnhaVGsyU1ROeFEyYxAB,Glen's Bakehouse (HSR Layout),Dr Jeevan kishore,112454185653056606352,True,5,,0,6 months ago,"{""food"": 5, ""service_rating"": 3, ""atmosphere"": 5}"
Glen's Bakehouse (HSR Layout),095137 34879,"2337, SECTOR 1, HSR Layout 17th Cross, 24th Main Rd, Bengaluru, Karnataka 560102",12.9120508,77.6482099,Bakery and Cake Shop,,Ci9DQUlRQUNvZENodHljRjlvT2xWd1kzSldUa1ZLVlMwek9FaERlRzlQZFhnM2QzYxAB,Glen's Bakehouse (HSR Layout),Vivek Sinha,115395698486145897005,True,4,,0,6 months ago,"{""dining_mode"": ""Dine in"", ""meal_type"": ""Other"", ""price_per_person"": ""₹200–400"", ""food"": 4, ""service_rating"": 4, ""atmosphere"": 3, ""noise_level"": ""Moderate noise""}"
Glen's Bakehouse (HSR Layout),095137 34879,"2337, SECTOR 1, HSR Layout 17th Cross, 24th Main Rd, Bengaluru, Karnataka 560102",12.9120508,77.6482099,Bakery and Cake Shop,,Ci9DQUlRQUNvZENodHljRjlvT2taeVRVWTFWM00xTWxacVNYQnNjMkp4TjBobFNXYxAB,Glen's Bakehouse (HSR Layout),Archa Sunilan,106721411965581490155,True,5,"Had breakfast at Glens Bakehouse and honestly, everything was so good! The breakfast meals are perfectly portioned — easily enough for two people to share. The food was fresh, flavorful, and served warm. Loved the cozy vibe of the place, it’s a great spot to just sit back and enjoy a slow morning. Their pastries were the highlight super soft, rich in flavor, and just melt in your mouth. Definitely a place I’d love to visit again for a relaxed breakfast or a quick coffee and dessert break!",0,6 months ago,"{""dining_mode"": ""Dine in"", ""meal_type"": ""Breakfast"", ""price_per_person"": ""₹200–400"", ""food"": 5, ""service_rating"": 5, ""atmosphere"": 5, ""noise_level"": ""Very quiet"", ""vegetarian_recommendation"": ""Somewhat recommend"", ""vegetarian_offerings"": ""Large vegetarian selection"", ""vegetarian_options"": ""Vegetarian options are available"", ""dietary_restrictions"": ""Yes available"", ""parking_space"": ""Plenty of parking"", ""parking_options"": ""Free street parking"", ""parking_notes"": ""Parking is available in street.."", ""kid_friendliness"": ""Yes.. we can take kids aswell"", ""wheelchair_accessibility"": ""Not sure about this.""}"
Glen's Bakehouse (HSR Layout),095137 34879,"2337, SECTOR 1, HSR Layout 17th Cross, 24th Main Rd, Bengaluru, Karnataka 560102",12.9120508,77.6482099,Bakery and Cake Shop,,Ci9DQUlRQUNvZENodHljRjlvT2t0V2FtdFViV2hIVURseFRUUkJTV05wVUU4eWQzYxAB,Glen's Bakehouse (HSR Layout),K ADVITH SAI REDDY,102496922398089361611,True,5,,0,6 months ago,"{""food"": 5, ""service_rating"": 5, ""atmosphere"": 5}"
Glen's Bakehouse (HSR Layout),095137 34879,"2337, SECTOR 1, HSR Layout 17th Cross, 24th Main Rd, Bengaluru, Karnataka 560102",12.9120508,77.6482099,Bakery and Cake Shop,,Ci9DQUlRQUNvZENodHljRjlvT2xFMFZHbHBkVzk1V1daZk5uazVZV0pTTjBaUVVWRRAB,Glen's Bakehouse (HSR Layout),Purushotham Agastya,110453175381590505102,True,5,"Nice place to eat and spend time peacefully, taste of everything i tired is no where less.  Overall a nice place to introverts.",0,6 months ago,"{""dining_mode"": ""Dine in"", ""meal_type"": ""Other"", ""food"": 5, ""service_rating"": 5, ""atmosphere"": 5, ""noise_level"": ""Quiet, easy to talk""}"
Glen's Bakehouse (HSR Layout),095137 34879,"2337, SECTOR 1, HSR Layout 17th Cross, 24th Main Rd, Bengaluru, Karnataka 560102",12.9120508,77.6482099,Bakery and Cake Shop,,Ci9DQUlRQUNvZENodHljRjlvT201dU4xVlNNa3hHY1MxdlgwaFlOV2Q1Ym1VMmVGRRAB,Glen's Bakehouse (HSR Layout),susan jaison,111550679088004365289,True,5,The mini desserts are must try,0,6 months ago,"{""food"": 5, ""service_rating"": 5, ""atmosphere"": 5}"
Glen's Bakehouse (HSR Layout),095137 34879,"2337, SECTOR 1, HSR Layout 17th Cross, 24th Main Rd, Bengaluru, Karnataka 560102",12.9120508,77.6482099,Bakery and Cake Shop,,Ci9DQUlRQUNvZENodHljRjlvT2tSQ2NFTTRPRFpCZFU1WGRFVlFla2N4TkU1cVVXYxAB,Glen's Bakehouse (HSR Layout),Mahesh Vallapuri,106499376074407203217,False,5,,0,6 months ago,"{""dining_mode"": ""Dine in"", ""meal_type"": ""Dinner"", ""price_per_person"": ""₹200–400"", ""food"": 5, ""service_rating"": 5, ""atmosphere"": 5, ""noise_level"": ""Moderate noise"", ""parking_space"": ""Plenty of parking"", ""parking_options"": ""Free street parking""}"
Glen's Bakehouse (HSR Layout),095137 34879,"2337, SECTOR 1, HSR Layout 17th Cross, 24th Main Rd, Bengaluru, Karnataka 560102",12.9120508,77.6482099,Bakery and Cake Shop,,Ci9DQUlRQUNvZENodHljRjlvT2xGeFUxSkxXVkpDU2taT1dFdGpaRzVNTVZJdFZWRRAB,Glen's Bakehouse (HSR Layout),Hardaat Singh Baath,101614595236335407901,True,5,"Good food, slow service",0,6 months ago,"{""dining_mode"": ""Dine in"", ""food"": 5, ""service_rating"": 3, ""atmosphere"": 5}"
Glen's Bakehouse (HSR Layout),095137 34879,"2337, SECTOR 1, HSR Layout 17th Cross, 24th Main Rd, Bengaluru, Karnataka 560102",12.9120508,77.6482099,Bakery and Cake Shop,,Ci9DQUlRQUNvZENodHljRjlvT25jeFJqWnFZak5sY2tSTWRFcGxRbU13UzFNeGFWRRAB,Glen's Bakehouse (HSR Layout),vivek sahabadi,118403370442942606121,True,4,,0,6 months ago,"{""dining_mode"": ""Dine in"", ""meal_type"": ""Brunch"", ""food"": 4, ""service_rating"": 5, ""atmosphere"": 4}"
Glen's Bakehouse (HSR Layout),095137 34879,"2337, SECTOR 1, HSR Layout 17th Cross, 24th Main Rd, Bengaluru, Karnataka 560102",12.9120508,77.6482099,Bakery and Cake Shop,,Ci9DQUlRQUNvZENodHljRjlvT2kxaFlrbGZNemw1VkhaNU5YRk9iRkI2ZHpWcFozYxAB,Glen's Bakehouse (HSR Layout),shreeya mishra,110896176016591432872,True,5,,0,6 months ago,"{""dining_mode"": ""Take out"", ""meal_type"": ""Other"", ""price_per_person"": ""₹200–400"", ""food"": 5, ""service_rating"": 5, ""atmosphere"": 5, ""noise_level"": ""Quiet, easy to talk""}"
Glen's Bakehouse (HSR Layout),095137 34879,"2337, SECTOR 1, HSR Layout 17th Cross, 24th Main Rd, Bengaluru, Karnataka 560102",12.9120508,77.6482099,Bakery and Cake Shop,,Ci9DQUlRQUNvZENodHljRjlvT2tGS1QwWnZjWGx3ZDJFNVRFTnNNMjlSWkdSRGEwRRAB,Glen's Bakehouse (HSR Layout),Pranav,101527782494945371216,True,1,Horrible food nothing is hot nothing is fresh. The pizza was made with disgusting cheese and ingredients. The garlic bread is like a pastry with the amount of sugar. The potato wedges were like mashed potatoes,0,6 months ago,"{""dining_mode"": ""Dine in"", ""meal_type"": ""Dinner"", ""food"": 1, ""service_rating"": 2, ""atmosphere"": 4}"
Glen's Bakehouse (HSR Layout),095137 34879,"2337, SECTOR 1, HSR Layout 17th Cross, 24th Main Rd, Bengaluru, Karnataka 560102",12.9120508,77.6482099,Bakery and Cake Shop,,Ci9DQUlRQUNvZENodHljRjlvT20xRVRHRlBPWGRzZDBrMVZsSnFla2xoWVZKRWNYYxAB,Glen's Bakehouse (HSR Layout),Manju Starc,114410571923914919487,False,1,Very lazy staffs. One order they took 50 minutes.,0,6 months ago,"{""dining_mode"": ""Delivery"", ""food"": 1, ""service_rating"": 1, ""atmosphere"": 1}"
Glen's Bakehouse (HSR Layout),095137 34879,"2337, SECTOR 1, HSR Layout 17th Cross, 24th Main Rd, Bengaluru, Karnataka 560102",12.9120508,77.6482099,Bakery and Cake Shop,,Ci9DQUlRQUNvZENodHljRjlvT20wMU5HeDVha0ZSVVZOeVpucHZVRnBEZUdsbGNIYxAB,Glen's Bakehouse (HSR Layout),Sutirtha Bharati Das,103314371566564952758,False,5,,0,6 months ago,"{""dining_mode"": ""Dine in"", ""meal_type"": ""Other"", ""price_per_person"": ""₹600–800"", ""food"": 5, ""service_rating"": 5, ""atmosphere"": 5, ""noise_level"": ""Quiet, easy to talk""}"
Glen's Bakehouse (HSR Layout),095137 34879,"2337, SECTOR 1, HSR Layout 17th Cross, 24th Main Rd, Bengaluru, Karnataka 560102",12.9120508,77.6482099,Bakery and Cake Shop,,Ci9DQUlRQUNvZENodHljRjlvT2xaUmRuZEtTM0ZUV1dNMGFHeHVRVXh0U1V4elMwRRAB,Glen's Bakehouse (HSR Layout),SHANTHANU K.J.,116965804100450938625,True,5,,0,6 months ago,"{""dining_mode"": ""Dine in"", ""meal_type"": ""Lunch"", ""price_per_person"": ""₹200–400"", ""food"": 5, ""service_rating"": 4, ""atmosphere"": 5, ""vegetarian_recommendation"": ""Somewhat recommend"", ""vegetarian_offerings"": ""Vegetarian menu or section, Clearly labeled vegetarian dishes""}"
Glen's Bakehouse (HSR Layout),095137 34879,"2337, SECTOR 1, HSR Layout 17th Cross, 24th Main Rd, Bengaluru, Karnataka 560102",12.9120508,77.6482099,Bakery and Cake Shop,,Ci9DQUlRQUNvZENodHljRjlvT2paamJFMTJTMDFHUlRGa09FMVVTbTVmTFhkWFZYYxAB,Glen's Bakehouse (HSR Layout),Chitransh Nigam,101996528814060494082,True,5,,0,6 months ago,"{""food"": 5, ""service_rating"": 5, ""atmosphere"": 5}"
Glen's Bakehouse (HSR Layout),095137 34879,"2337, SECTOR 1, HSR Layout 17th Cross, 24th Main Rd, Bengaluru, Karnataka 560102",12.9120508,77.6482099,Bakery and Cake Shop,,Ci9DQUlRQUNvZENodHljRjlvT2pCdWQySXpNRWRhY0ZkVk5WOWZOalEwTjAxNlNXYxAB,Glen's Bakehouse (HSR Layout),Risho Muthuraj,110187984070650988892,True,5,,0,6 months ago,"{""dining_mode"": ""Dine in"", ""meal_type"": ""Dinner"", ""price_per_person"": ""₹400–600"", ""food"": 4, ""service_rating"": 5, ""atmosphere"": 5, ""recommended_dishes"": ""Red Velvet Cupcake Eggless, Chicken Lasagna""}"
Glen's Bakehouse (HSR Layout),095137 34879,"2337, SECTOR 1, HSR Layout 17th Cross, 24th Main Rd, Bengaluru, Karnataka 560102",12.9120508,77.6482099,Bakery and Cake Shop,,Ci9DQUlRQUNvZENodHljRjlvT21SSFVsQmxXWFJDYjNWd1ltb3djRWsxTUZCRWIyYxAB,Glen's Bakehouse (HSR Layout),Ishika Gupta,103153001090189012368,True,4,It's a nice place. Food is good too.,0,6 months ago,"{""price_per_person"": ""₹1,200–1,400"", ""food"": 4, ""service_rating"": 4, ""atmosphere"": 4}"
Glen's Bakehouse (HSR Layout),095137 34879,"2337, SECTOR 1, HSR Layout 17th Cross, 24th Main Rd, Bengaluru, Karnataka 560102",12.9120508,77.6482099,Bakery and Cake Shop,,Ci9DQUlRQUNvZENodHljRjlvT21kSGMyRlFPV0ozV21sTU1VWnVOSEpVUm0xQ1MxRRAB,Glen's Bakehouse (HSR Layout),Jagapathi Babu,114759641794041386696,False,1,Their service is pathetic and it feels like they dont even bothered to check with customer for order. Almost everyone has a attitude as it is not my responsibility. The food is another disaster. No taste at all. Especially Chicken nuggets are utimate tasteless item.,0,6 months ago,"{""dining_mode"": ""Dine in"", ""meal_type"": ""Lunch"", ""food"": 1, ""service_rating"": 1, ""atmosphere"": 1}"
Glen's Bakehouse (HSR Layout),095137 34879,"2337, SECTOR 1, HSR Layout 17th Cross, 24th Main Rd, Bengaluru, Karnataka 560102",12.9120508,77.6482099,Bakery and Cake Shop,,Ci9DQUlRQUNvZENodHljRjlvT21WbVMzSjVlWFJoVURnMVJXeFlYMWg2VTNCc1NYYxAB,Glen's Bakehouse (HSR Layout),Swapnasis Mohapatra,110038894538967939501,True,4,,0,6 months ago,"{""dining_mode"": ""Dine in"", ""meal_type"": ""Brunch"", ""price_per_person"": ""₹400–600"", ""food"": 4, ""service_rating"": 3, ""atmosphere"": 4, ""noise_level"": ""Loud, but you can still talk""}"
Glen's Bakehouse (HSR Layout),095137 34879,"2337, SECTOR 1, HSR Layout 17th Cross, 24th Main Rd, Bengaluru, Karnataka 560102",12.9120508,77.6482099,Bakery and Cake Shop,,Ci9DQUlRQUNvZENodHljRjlvT25CTVJHWTVSbXRSTkZJMmNrcHNiSE42UldwelEyYxAB,Glen's Bakehouse (HSR Layout),Tapan Patnaik,112361418907806289145,True,1,Walked in and Walked out. The place lacks the warmth of Indiranagar branch. Service is cold and pretty unresponsive. Asked for a replacement of baked beans in the English breakfast. It was a straight NO. went to Banoffee cafe and had a great breakfast with prompt service. P.S.: Photos are of Banoffee Cafe,0,6 months ago,"{""meal_type"": ""Breakfast"", ""food"": 1, ""service_rating"": 1, ""atmosphere"": 1}"
Glen's Bakehouse (HSR Layout),095137 34879,"2337, SECTOR 1, HSR Layout 17th Cross, 24th Main Rd, Bengaluru, Karnataka 560102",12.9120508,77.6482099,Bakery and Cake Shop,,Ci9DQUlRQUNvZENodHljRjlvT2xsRmFsQlRTMUl6T0cxNVFsWXlhMnBRWlZrMFUxRRAB,Glen's Bakehouse (HSR Layout),Prateek Desai,113572954819916164770,True,2,The hype wasn't that great. The food that was served was cold. I had to ask the staff to re-heat it as the puff and croissant was cold from the inside. This is the second time this happened and it left me disappointed. The food and coffee was bleh I've had better english breakfast and this doesn't make it on any list.,0,6 months ago,"{""dining_mode"": ""Dine in"", ""meal_type"": ""Breakfast"", ""price_per_person"": ""₹200–400"", ""food"": 1, ""service_rating"": 1, ""atmosphere"": 1, ""noise_level"": ""Very quiet""}"
Glen's Bakehouse (HSR Layout),095137 34879,"2337, SECTOR 1, HSR Layout 17th Cross, 24th Main Rd, Bengaluru, Karnataka 560102",12.9120508,77.6482099,Bakery and Cake Shop,,Ci9DQUlRQUNvZENodHljRjlvT21OU1drbDNXamhqWTNwQllXSlpVMVpXTWtkVU9GRRAB,Glen's Bakehouse (HSR Layout),aiswarya rajan,105468497764299152821,True,5,I have tried a couple of their branches but the quality of food here is absolutely insane. Love love love their pesto chicken steak. The chicken is always tender and the sides are equally good. Another must try would be their chicken pot pie! Thinking about it now even makes my mouth water. Have also tried their citrus chicken which is also great. The drinks are also pretty decent and never disappoints!! Their lemon cheese cake is one of my most favourite dessert!,0,6 months ago,"{""dining_mode"": ""Dine in"", ""meal_type"": ""Brunch"", ""price_per_person"": ""₹400–600"", ""food"": 5, ""service_rating"": 5, ""atmosphere"": 5, ""noise_level"": ""Moderate noise""}"
Glen's Bakehouse (HSR Layout),095137 34879,"2337, SECTOR 1, HSR Layout 17th Cross, 24th Main Rd, Bengaluru, Karnataka 560102",12.9120508,77.6482099,Bakery and Cake Shop,,Ci9DQUlRQUNvZENodHljRjlvT2tWdlJXaEdaRWczUjJjeGVFMXliMWx4Y2toWk5GRRAB,Glen's Bakehouse (HSR Layout),worldcraftjutti,108538231395861365811,True,5,,0,6 months ago,
Glen's Bakehouse (HSR Layout),095137 34879,"2337, SECTOR 1, HSR Layout 17th Cross, 24th Main Rd, Bengaluru, Karnataka 560102",12.9120508,77.6482099,Bakery and Cake Shop,,Ci9DQUlRQUNvZENodHljRjlvT2twUVJ6VndWMHhFU0UxNmMyVnVWRlpUYW0xSmVuYxAB,Glen's Bakehouse (HSR Layout),Gaurav Vartak,118294077403522749461,True,4,,0,7 months ago,"{""dining_mode"": ""Dine in"", ""meal_type"": ""Dinner"", ""price_per_person"": ""₹200–400"", ""food"": 4, ""service_rating"": 4, ""atmosphere"": 4, ""noise_level"": ""Moderate noise""}"
Glen's Bakehouse (HSR Layout),095137 34879,"2337, SECTOR 1, HSR Layout 17th Cross, 24th Main Rd, Bengaluru, Karnataka 560102",12.9120508,77.6482099,Bakery and Cake Shop,,Ci9DQUlRQUNvZENodHljRjlvT214WVZFbFlORzFpUm1KRWNuUTNSVEU0UjFSak0zYxAB,Glen's Bakehouse (HSR Layout),Siddhartha bandi,102345636335157332824,True,4,,0,7 months ago,
Glen's Bakehouse (HSR Layout),095137 34879,"2337, SECTOR 1, HSR Layout 17th Cross, 24th Main Rd, Bengaluru, Karnataka 560102",12.9120508,77.6482099,Bakery and Cake Shop,,Ci9DQUlRQUNvZENodHljRjlvT2kxcFZHbzNTbEJrYjFGNGVtWlVVbmRET0ZwelNVRRAB,Glen's Bakehouse (HSR Layout),Mohammed Ali (Monty),109569406542291232752,True,5,Ordered two Carrot Cakes from here. Unfortunately they gave us only one (we were still charged for two) of them and we travelled 2 kms before opening the box and realising. We had to drive back but they were kind enough to fix their mistake. Parking space outside the establishment seems next to impossible if you come by car. You may need to park somewhere along the road and walk.,0,7 months ago,"{""dining_mode"": ""Take out"", ""meal_type"": ""Other"", ""price_per_person"": ""₹1–200"", ""food"": 5, ""service_rating"": 4}"
Glen's Bakehouse (HSR Layout),095137 34879,"2337, SECTOR 1, HSR Layout 17th Cross, 24th Main Rd, Bengaluru, Karnataka 560102",12.9120508,77.6482099,Bakery and Cake Shop,,Ci9DQUlRQUNvZENodHljRjlvT25rMlYwZG9OR1JpUjJjNGNFWk1NMlpxTXpkclNXYxAB,Glen's Bakehouse (HSR Layout),Sonali Bhattacharyya,110189652218476075430,True,5,They need to improve their service.,0,7 months ago,"{""dining_mode"": ""Dine in"", ""meal_type"": ""Dinner"", ""price_per_person"": ""₹400–600"", ""food"": 5, ""service_rating"": 4, ""atmosphere"": 5}"
Glen's Bakehouse (HSR Layout),095137 34879,"2337, SECTOR 1, HSR Layout 17th Cross, 24th Main Rd, Bengaluru, Karnataka 560102",12.9120508,77.6482099,Bakery and Cake Shop,,Ci9DQUlRQUNvZENodHljRjlvT2xKV05pMVlVV3BuZVdsaWRsbERNbkpEYkRFd1FXYxAB,Glen's Bakehouse (HSR Layout),Neehar Priyadashi,100210843927057062855,True,4,,0,7 months ago,"{""dining_mode"": ""Dine in""}"
Glen's Bakehouse (HSR Layout),095137 34879,"2337, SECTOR 1, HSR Layout 17th Cross, 24th Main Rd, Bengaluru, Karnataka 560102",12.9120508,77.6482099,Bakery and Cake Shop,,Ci9DQUlRQUNvZENodHljRjlvT2s5dmNHNXZlblpSUjIxUlFuWlRRbmxSTUZoMk4xRRAB,Glen's Bakehouse (HSR Layout),Aaditri Bapna,111096688955877078037,False,5,,0,7 months ago,"{""dining_mode"": ""Take out"", ""meal_type"": ""Dinner"", ""price_per_person"": ""₹1–200"", ""food"": 5, ""service_rating"": 5, ""atmosphere"": 5, ""noise_level"": ""Very quiet""}"
Glen's Bakehouse (HSR Layout),095137 34879,"2337, SECTOR 1, HSR Layout 17th Cross, 24th Main Rd, Bengaluru, Karnataka 560102",12.9120508,77.6482099,Bakery and Cake Shop,,Ci9DQUlRQUNvZENodHljRjlvT21OQ1JYcGZZVFpGUmpkS2IxOW1OVkIwZDBKbVZrRRAB,Glen's Bakehouse (HSR Layout),Saikeertana S,112337836519925650883,True,5,,0,7 months ago,"{""food"": 5, ""service_rating"": 5, ""atmosphere"": 5}"
Glen's Bakehouse (HSR Layout),095137 34879,"2337, SECTOR 1, HSR Layout 17th Cross, 24th Main Rd, Bengaluru, Karnataka 560102",12.9120508,77.6482099,Bakery and Cake Shop,,Ci9DQUlRQUNvZENodHljRjlvT2pWQmEzRldlV1JxU0ZsbWJEQm5WRmM0TXpCSVYzYxAB,Glen's Bakehouse (HSR Layout),Anurag Yadav,105913951857368759800,True,5,,0,7 months ago,"{""dining_mode"": ""Take out"", ""meal_type"": ""Other"", ""price_per_person"": ""₹800–1,000"", ""noise_level"": ""Quiet, easy to talk"", ""vegetarian_recommendation"": ""Highly recommend"", ""vegetarian_offerings"": ""Large vegetarian selection"", ""dietary_restrictions"": ""Dairy products"", ""parking_space"": ""Somewhat difficult to find parking"", ""parking_options"": ""Free street parking""}"
Glen's Bakehouse (HSR Layout),095137 34879,"2337, SECTOR 1, HSR Layout 17th Cross, 24th Main Rd, Bengaluru, Karnataka 560102",12.9120508,77.6482099,Bakery and Cake Shop,,Ci9DQUlRQUNvZENodHljRjlvT2xZdFUwMVVkWFJ4TmtONmJWRm9WekJaT0RKU1RuYxAB,Glen's Bakehouse (HSR Layout),Pratz,104425931203010142285,False,5,Amazing place to hangout with friends,0,7 months ago,"{""food"": 5, ""service_rating"": 5, ""atmosphere"": 5}"
Glen's Bakehouse (HSR Layout),095137 34879,"2337, SECTOR 1, HSR Layout 17th Cross, 24th Main Rd, Bengaluru, Karnataka 560102",12.9120508,77.6482099,Bakery and Cake Shop,,Ci9DQUlRQUNvZENodHljRjlvT205elNHVjJVbmhuTWtneGNqRkxNMTlzU3poQ1gzYxAB,Glen's Bakehouse (HSR Layout),salonee patro,103063313601563544481,True,4,,0,7 months ago,"{""food"": 4, ""service_rating"": 3, ""atmosphere"": 4}"
Glen's Bakehouse (HSR Layout),095137 34879,"2337, SECTOR 1, HSR Layout 17th Cross, 24th Main Rd, Bengaluru, Karnataka 560102",12.9120508,77.6482099,Bakery and Cake Shop,,Ci9DQUlRQUNvZENodHljRjlvT214dGJEbHZhMGRSWVZCVVZVNWllVU5xU3pJMFduYxAB,Glen's Bakehouse (HSR Layout),Dr. Abha Bhartia,102041660147170744690,True,5,Amazing menu- desserts and bakes are mouth watering. The place is airy and spacious... over all a great place with great food,0,7 months ago,
Glen's Bakehouse (HSR Layout),095137 34879,"2337, SECTOR 1, HSR Layout 17th Cross, 24th Main Rd, Bengaluru, Karnataka 560102",12.9120508,77.6482099,Bakery and Cake Shop,,Ci9DQUlRQUNvZENodHljRjlvT25CdlUycFZaWEpGVVhGUE4wWTVaV2x6ZHpSVGFVRRAB,Glen's Bakehouse (HSR Layout),Ruya Kizz,105335069156443459423,True,4,Good,0,7 months ago,"{""dining_mode"": ""Take out"", ""meal_type"": ""Brunch"", ""price_per_person"": ""₹400–600"", ""noise_level"": ""Quiet, easy to talk""}"
Glen's Bakehouse (HSR Layout),095137 34879,"2337, SECTOR 1, HSR Layout 17th Cross, 24th Main Rd, Bengaluru, Karnataka 560102",12.9120508,77.6482099,Bakery and Cake Shop,,Ci9DQUlRQUNvZENodHljRjlvT214TlJ6WkZTbE5KZDJoZmVIbDNORTlTYVRGa05uYxAB,Glen's Bakehouse (HSR Layout),Harsha Balani,113948402519916831915,True,5,Awesome cafe ☕️ The cute cupcakes are just 😋😋 It’s the cutest cafe a girl would love to visit. Must try : Red Velvet cupcake and literally any coffee !,0,7 months ago,"{""dining_mode"": ""Dine in"", ""price_per_person"": ""₹600–800"", ""food"": 5, ""service_rating"": 5, ""atmosphere"": 5, ""noise_level"": ""Very quiet""}"
Glen's Bakehouse (HSR Layout),095137 34879,"2337, SECTOR 1, HSR Layout 17th Cross, 24th Main Rd, Bengaluru, Karnataka 560102",12.9120508,77.6482099,Bakery and Cake Shop,,Ci9DQUlRQUNvZENodHljRjlvT21aa1YzSnhURnBVTjNOZk0wRkxlVzFUWmtwVVVuYxAB,Glen's Bakehouse (HSR Layout),chrysolite Joy,117328416554725083609,True,5,,0,7 months ago,"{""food"": 5, ""service_rating"": 3, ""atmosphere"": 5}"
Glen's Bakehouse (HSR Layout),095137 34879,"2337, SECTOR 1, HSR Layout 17th Cross, 24th Main Rd, Bengaluru, Karnataka 560102",12.9120508,77.6482099,Bakery and Cake Shop,,Ci9DQUlRQUNvZENodHljRjlvT2w5QlExSlFlRE56V1dSWGJFTllUVEZLYW5BNFgzYxAB,Glen's Bakehouse (HSR Layout),Radhika Vashishta,114065576952141638667,False,4,,0,7 months ago,"{""dining_mode"": ""Dine in"", ""meal_type"": ""Lunch"", ""price_per_person"": ""₹400–600"", ""food"": 4, ""service_rating"": 5, ""atmosphere"": 4, ""noise_level"": ""Moderate noise"", ""vegetarian_recommendation"": ""Somewhat recommend"", ""vegetarian_offerings"": ""Vegetarian menu or section""}"
Glen's Bakehouse (HSR Layout),095137 34879,"2337, SECTOR 1, HSR Layout 17th Cross, 24th Main Rd, Bengaluru, Karnataka 560102",12.9120508,77.6482099,Bakery and Cake Shop,,Ci9DQUlRQUNvZENodHljRjlvT2s5Zk4zWlVMVmxsTUdNMlRIZEtTbTkwV1V0WVZtYxAB,Glen's Bakehouse (HSR Layout),Hithaaa Sree,116892712238189255007,False,5,,0,7 months ago,"{""food"": 5, ""service_rating"": 5, ""atmosphere"": 5}"
Glen's Bakehouse (HSR Layout),095137 34879,"2337, SECTOR 1, HSR Layout 17th Cross, 24th Main Rd, Bengaluru, Karnataka 560102",12.9120508,77.6482099,Bakery and Cake Shop,,Ci9DQUlRQUNvZENodHljRjlvT25ocldsVkVhbXB6YkRCdWRqWXlSMHRUUVMxbU1HYxAB,Glen's Bakehouse (HSR Layout),Roseliya Thomas,102760299748533139716,True,5,Sundays and Glen’s are synonyms to many I know.  You will find something you like for sure.,0,Edited 7 months ago,"{""dining_mode"": ""Dine in"", ""meal_type"": ""Dinner"", ""price_per_person"": ""₹800–1,000"", ""food"": 4, ""service_rating"": 4, ""atmosphere"": 4, ""noise_level"": ""Moderate noise"", ""vegetarian_recommendation"": ""Highly recommend""}"
Glen's Bakehouse (HSR Layout),095137 34879,"2337, SECTOR 1, HSR Layout 17th Cross, 24th Main Rd, Bengaluru, Karnataka 560102",12.9120508,77.6482099,Bakery and Cake Shop,,Ci9DQUlRQUNvZENodHljRjlvT2paUFYzWTVUbkJJTkdwQ05sQkRkVzF4V25kWlQxRRAB,Glen's Bakehouse (HSR Layout),Anshuman Bhawsar,106980940462456951417,True,3,,0,7 months ago,"{""price_per_person"": ""₹400–600"", ""food"": 2, ""service_rating"": 4, ""atmosphere"": 4}"
Glen's Bakehouse (HSR Layout),095137 34879,"2337, SECTOR 1, HSR Layout 17th Cross, 24th Main Rd, Bengaluru, Karnataka 560102",12.9120508,77.6482099,Bakery and Cake Shop,,Ci9DQUlRQUNvZENodHljRjlvT25GV1RVeHlka2RwU0c1RE1HOVlYemswZFhkUmJYYxAB,Glen's Bakehouse (HSR Layout),shiwangi kashmiri,113991173318052873504,False,4,,0,7 months ago,"{""meal_type"": ""Brunch"", ""price_per_person"": ""₹1,000–1,200"", ""noise_level"": ""Quiet, easy to talk""}"
Glen's Bakehouse (HSR Layout),095137 34879,"2337, SECTOR 1, HSR Layout 17th Cross, 24th Main Rd, Bengaluru, Karnataka 560102",12.9120508,77.6482099,Bakery and Cake Shop,,Ci9DQUlRQUNvZENodHljRjlvT21oSVdUbFdTMnBZVkZSbE5YVnVaekZGY0hnM01sRRAB,Glen's Bakehouse (HSR Layout),Harshith J,109533973764434892279,False,4,,0,7 months ago,"{""food"": 5, ""service_rating"": 4, ""atmosphere"": 5}"
Glen's Bakehouse (HSR Layout),095137 34879,"2337, SECTOR 1, HSR Layout 17th Cross, 24th Main Rd, Bengaluru, Karnataka 560102",12.9120508,77.6482099,Bakery and Cake Shop,,Ci9DQUlRQUNvZENodHljRjlvT25jM2VFSTRlV3hFTTBsdlVWZGxVMUpyVTBkMGVFRRAB,Glen's Bakehouse (HSR Layout),Mustaque Ahmed,107140732715983484680,True,5,,0,7 months ago,"{""food"": 5}"
Glen's Bakehouse (HSR Layout),095137 34879,"2337, SECTOR 1, HSR Layout 17th Cross, 24th Main Rd, Bengaluru, Karnataka 560102",12.9120508,77.6482099,Bakery and Cake Shop,,Ci9DQUlRQUNvZENodHljRjlvT25Rd1ZrbEJTblF6TjBoUWVGOXRNMGhrUVhWdFkzYxAB,Glen's Bakehouse (HSR Layout),SHOBHAN KUMAR RATH,101683194712630940897,True,4,"If you love bakery products then this is really a good place. I tried their small cupcakes starting from red velvet, chocolate cream and vanilla caramel they were nice. They have other options like chesse cakes, crossants, donuts and puffs.  Good for a sweets date. Indoor and outdoor sitting available.  Parking is available for two wheelers in front of the shop and 4 wheelers parking available but less.",0,7 months ago,"{""dining_mode"": ""Dine in"", ""meal_type"": ""Dinner"", ""price_per_person"": ""₹200–400"", ""food"": 4, ""service_rating"": 4, ""atmosphere"": 4, ""noise_level"": ""Quiet, easy to talk"", ""parking_space"": ""Somewhat difficult to find parking"", ""parking_options"": ""Free parking lot""}"
Glen's Bakehouse (HSR Layout),095137 34879,"2337, SECTOR 1, HSR Layout 17th Cross, 24th Main Rd, Bengaluru, Karnataka 560102",12.9120508,77.6482099,Bakery and Cake Shop,,Ci9DQUlRQUNvZENodHljRjlvT25aNGJVYzRSRGgyTURSak1VZEhkM2hKV1U5TVZGRRAB,Glen's Bakehouse (HSR Layout),shabeer Ahmed,107053513890765406653,True,5,,0,7 months ago,"{""dining_mode"": ""Delivery"", ""meal_type"": ""Other"", ""price_per_person"": ""₹400–600"", ""food"": 5, ""service_rating"": 5, ""atmosphere"": 5, ""noise_level"": ""Not sure"", ""parking_space"": ""Not sure""}"
Glen's Bakehouse (HSR Layout),095137 34879,"2337, SECTOR 1, HSR Layout 17th Cross, 24th Main Rd, Bengaluru, Karnataka 560102",12.9120508,77.6482099,Bakery and Cake Shop,,Ci9DQUlRQUNvZENodHljRjlvT25Wb1pIbExkVWhuVmtabk5WbFZVR2w1WWpVNGVGRRAB,Glen's Bakehouse (HSR Layout),Sushant Suryavanshi,117412009598477718901,True,5,,0,7 months ago,
Glen's Bakehouse (HSR Layout),095137 34879,"2337, SECTOR 1, HSR Layout 17th Cross, 24th Main Rd, Bengaluru, Karnataka 560102",12.9120508,77.6482099,Bakery and Cake Shop,,Ci9DQUlRQUNvZENodHljRjlvT25aNmEweHRhVWxQT0cxNVQzZ3djWEphZFdkcllWRRAB,Glen's Bakehouse (HSR Layout),ramya d,106401973808060103921,True,1,"The food was great, but the service was very bad",0,7 months ago,"{""food"": 5, ""service_rating"": 1, ""atmosphere"": 3}"
Glen's Bakehouse (HSR Layout),095137 34879,"2337, SECTOR 1, HSR Layout 17th Cross, 24th Main Rd, Bengaluru, Karnataka 560102",12.9120508,77.6482099,Bakery and Cake Shop,,Ci9DQUlRQUNvZENodHljRjlvT2xaNE9XcHZiMnQzVWpCcUxVd3plRXRWV1daT00yYxAB,Glen's Bakehouse (HSR Layout),Keshava Reddy,118303821282814628766,True,5,,0,7 months ago,
Glen's Bakehouse (HSR Layout),095137 34879,"2337, SECTOR 1, HSR Layout 17th Cross, 24th Main Rd, Bengaluru, Karnataka 560102",12.9120508,77.6482099,Bakery and Cake Shop,,Ci9DQUlRQUNvZENodHljRjlvT25WZmFHeDZTRXB1ZEZWaGJFUTJVMmN4VFRKeWNsRRAB,Glen's Bakehouse (HSR Layout),Nishant Singh Baghel,113477396606526869523,True,5,,0,7 months ago,"{""food"": 5, ""service_rating"": 5, ""atmosphere"": 5}"
Glen's Bakehouse (HSR Layout),095137 34879,"2337, SECTOR 1, HSR Layout 17th Cross, 24th Main Rd, Bengaluru, Karnataka 560102",12.9120508,77.6482099,Bakery and Cake Shop,,Ci9DQUlRQUNvZENodHljRjlvT2tOVE5tcDZiV0pDV25OTFRGRmxaemh2WDFod0xWRRAB,Glen's Bakehouse (HSR Layout),Rakesh P,102332649760588209165,True,4,"Good food, excellent ambience. The only problem was the ordering method. They have both physical menu card and QR code digital menu, the digital menu is read only it won't let you place your order. It has images of the food that you want order which is a nice feature. The physical menu doesn't have any images. It was hard to explain it the waiter juggling between two menus.",0,7 months ago,"{""dining_mode"": ""Dine in"", ""meal_type"": ""Dinner"", ""price_per_person"": ""₹800–1,000"", ""food"": 5, ""service_rating"": 4, ""atmosphere"": 5, ""noise_level"": ""Moderate noise""}"
Glen's Bakehouse (HSR Layout),095137 34879,"2337, SECTOR 1, HSR Layout 17th Cross, 24th Main Rd, Bengaluru, Karnataka 560102",12.9120508,77.6482099,Bakery and Cake Shop,,Ci9DQUlRQUNvZENodHljRjlvT2taMU1WOW9abWxRV1dwMmJEVlRVMDF0YUZoaVQwRRAB,Glen's Bakehouse (HSR Layout),Royston Siqueira,116775535498265325200,True,5,,0,7 months ago,"{""meal_type"": ""Brunch"", ""food"": 5, ""service_rating"": 4, ""atmosphere"": 4}"
Glen's Bakehouse (HSR Layout),095137 34879,"2337, SECTOR 1, HSR Layout 17th Cross, 24th Main Rd, Bengaluru, Karnataka 560102",12.9120508,77.6482099,Bakery and Cake Shop,,Ci9DQUlRQUNvZENodHljRjlvT2tGQ1RGbEtVR0pPTlZocmRrY3pSemgyTlRsbWJuYxAB,Glen's Bakehouse (HSR Layout),Kiran Karkera,114892285479456130915,True,5,Good place to hangout .Service is at best with good food . Nice maintained restrooms too ..quite spacious.,0,7 months ago,"{""dining_mode"": ""Dine in"", ""meal_type"": ""Other"", ""price_per_person"": ""₹800–1,000"", ""food"": 5, ""service_rating"": 5, ""atmosphere"": 5}"
Glen's Bakehouse (HSR Layout),095137 34879,"2337, SECTOR 1, HSR Layout 17th Cross, 24th Main Rd, Bengaluru, Karnataka 560102",12.9120508,77.6482099,Bakery and Cake Shop,,Ci9DQUlRQUNvZENodHljRjlvT2toTVVIUmFXRnBtWDFWRk5rOTZNM2xTVjJjMVNYYxAB,Glen's Bakehouse (HSR Layout),Amith K,100875156875242967583,True,4,,0,7 months ago,
Glen's Bakehouse (HSR Layout),095137 34879,"2337, SECTOR 1, HSR Layout 17th Cross, 24th Main Rd, Bengaluru, Karnataka 560102",12.9120508,77.6482099,Bakery and Cake Shop,,Ci9DQUlRQUNvZENodHljRjlvT25kbWEwRnZiakJqU1RoQk9ETjVOMVJPV1hGaVIxRRAB,Glen's Bakehouse (HSR Layout),Nikhil Chandra,113406108474068342149,True,4,,0,7 months ago,"{""dining_mode"": ""Dine in"", ""meal_type"": ""Dinner"", ""food"": 4, ""service_rating"": 4, ""atmosphere"": 4}"
Glen's Bakehouse (HSR Layout),095137 34879,"2337, SECTOR 1, HSR Layout 17th Cross, 24th Main Rd, Bengaluru, Karnataka 560102",12.9120508,77.6482099,Bakery and Cake Shop,,Ci9DQUlRQUNvZENodHljRjlvT2pGa1pYRTVRbVJhWVd0UVZYQnBSakZqT1VWRGMxRRAB,Glen's Bakehouse (HSR Layout),Harsh samasraj,110767978646563738128,False,1,"Something about the service is off. There are as many waiters as tables and they are costantly just zooming without trying to serve anyone. Making contact for placing order, asking for water or anything took forever even though waiters were all around us.  Folks in the blue Tshirt are busy scrolling phones and seem too disinterested.",0,7 months ago,"{""dining_mode"": ""Dine in"", ""meal_type"": ""Dinner"", ""price_per_person"": ""₹600–800"", ""food"": 5, ""service_rating"": 1, ""atmosphere"": 5, ""noise_level"": ""Moderate noise""}"
Glen's Bakehouse (HSR Layout),095137 34879,"2337, SECTOR 1, HSR Layout 17th Cross, 24th Main Rd, Bengaluru, Karnataka 560102",12.9120508,77.6482099,Bakery and Cake Shop,,Ci9DQUlRQUNvZENodHljRjlvT25aM2RFazBWRWR5TUZaeVZGWm1RaTE0U1VKQ1IzYxAB,Glen's Bakehouse (HSR Layout),Hadiya khan,109143600522405354935,True,4,,0,8 months ago,"{""food"": 3, ""service_rating"": 3, ""atmosphere"": 3}"
Glen's Bakehouse (HSR Layout),095137 34879,"2337, SECTOR 1, HSR Layout 17th Cross, 24th Main Rd, Bengaluru, Karnataka 560102",12.9120508,77.6482099,Bakery and Cake Shop,,Ci9DQUlRQUNvZENodHljRjlvT25kWE4zTTJTVTVZTFdscmRuWlViSFp3YlVNM2VXYxAB,Glen's Bakehouse (HSR Layout),Syed Abbas Hasan Rizvi,108920700303081861839,False,5,,0,8 months ago,"{""dining_mode"": ""Dine in"", ""meal_type"": ""Other"", ""price_per_person"": ""₹1–200"", ""food"": 5, ""service_rating"": 5, ""atmosphere"": 4}"
Glen's Bakehouse (HSR Layout),095137 34879,"2337, SECTOR 1, HSR Layout 17th Cross, 24th Main Rd, Bengaluru, Karnataka 560102",12.9120508,77.6482099,Bakery and Cake Shop,,Ci9DQUlRQUNvZENodHljRjlvT2taRFl6UmpTVGxVY1hKb01tSkdUVzFaVjBkNFVrRRAB,Glen's Bakehouse (HSR Layout),Chaitanya Venkat,105165470039154430204,True,1,Pathetic service. Rude waiters and low class service. Glens really need to look into whats wrong with these waiters. I have been to almost every glens in Bangalore. Never been served in paper plate.,0,8 months ago,"{""food"": 1, ""service_rating"": 1, ""atmosphere"": 3}"
Glen's Bakehouse (HSR Layout),095137 34879,"2337, SECTOR 1, HSR Layout 17th Cross, 24th Main Rd, Bengaluru, Karnataka 560102",12.9120508,77.6482099,Bakery and Cake Shop,,Ci9DQUlRQUNvZENodHljRjlvT2xad2NscHROVmx0YzBsUldtWkdXRzk0UVZOa2VrRRAB,Glen's Bakehouse (HSR Layout),PD,106945986330955123054,False,5,,0,8 months ago,"{""food"": 4, ""service_rating"": 4, ""atmosphere"": 4}"
Glen's Bakehouse (HSR Layout),095137 34879,"2337, SECTOR 1, HSR Layout 17th Cross, 24th Main Rd, Bengaluru, Karnataka 560102",12.9120508,77.6482099,Bakery and Cake Shop,,Ci9DQUlRQUNvZENodHljRjlvT2paNFFYZ3dkM2xuUzA5b2RYWnpNVkpPUlU5WFJIYxAB,Glen's Bakehouse (HSR Layout),Isla Ikrami,105641330188138733241,True,5,,0,8 months ago,"{""dining_mode"": ""Take out"", ""meal_type"": ""Other"", ""price_per_person"": ""₹1–200"", ""food"": 5, ""service_rating"": 5, ""atmosphere"": 5, ""noise_level"": ""Quiet, easy to talk""}"
Glen's Bakehouse (HSR Layout),095137 34879,"2337, SECTOR 1, HSR Layout 17th Cross, 24th Main Rd, Bengaluru, Karnataka 560102",12.9120508,77.6482099,Bakery and Cake Shop,,Ci9DQUlRQUNvZENodHljRjlvT25ob1VqZFRZVzF5YjNCVGNHNUJkbFZ4TXpOM01HYxAB,Glen's Bakehouse (HSR Layout),Debosmita Saha,103998316584022209569,False,5,,0,8 months ago,
Glen's Bakehouse (HSR Layout),095137 34879,"2337, SECTOR 1, HSR Layout 17th Cross, 24th Main Rd, Bengaluru, Karnataka 560102",12.9120508,77.6482099,Bakery and Cake Shop,,Ci9DQUlRQUNvZENodHljRjlvT2tJd2QxSjRTbGhwTlZWbmNFWmtTalJQVGtGc1oxRRAB,Glen's Bakehouse (HSR Layout),Santhosh Shenoy,116490071476128341073,True,4,,0,8 months ago,"{""dining_mode"": ""Dine in"", ""meal_type"": ""Other"", ""noise_level"": ""Loud, but you can still talk""}"
Glen's Bakehouse (HSR Layout),095137 34879,"2337, SECTOR 1, HSR Layout 17th Cross, 24th Main Rd, Bengaluru, Karnataka 560102",12.9120508,77.6482099,Bakery and Cake Shop,,Ci9DQUlRQUNvZENodHljRjlvT2s1dmRrbFhZazFwVm5sc1pVWnhjSEZhZWxOUU5VRRAB,Glen's Bakehouse (HSR Layout),Tulika Dass,103657788393637046598,True,4,"One of the best hangout places for breakfast, brunch, little eats.... Their savoiry items are really good.. Their desserts are awesome.. What do i say more..do visit once for your own experience..",0,8 months ago,"{""dining_mode"": ""Dine in"", ""meal_type"": ""Brunch"", ""price_per_person"": ""₹800–1,000"", ""wait_time"": ""10-30 min"", ""vegetarian_recommendation"": ""Somewhat recommend""}"
Glen's Bakehouse (HSR Layout),095137 34879,"2337, SECTOR 1, HSR Layout 17th Cross, 24th Main Rd, Bengaluru, Karnataka 560102",12.9120508,77.6482099,Bakery and Cake Shop,,Ci9DQUlRQUNvZENodHljRjlvT25WeGJUZFNjVlJKV2pSdVJISlBXV0ZMU0hSRE5FRRAB,Glen's Bakehouse (HSR Layout),Nashi Sadasivan,100684138936132054510,True,4,,0,8 months ago,"{""dining_mode"": ""Dine in"", ""meal_type"": ""Other"", ""price_per_person"": ""₹400–600"", ""wait_time"": ""No wait""}"
Glen's Bakehouse (HSR Layout),095137 34879,"2337, SECTOR 1, HSR Layout 17th Cross, 24th Main Rd, Bengaluru, Karnataka 560102",12.9120508,77.6482099,Bakery and Cake Shop,,Ci9DQUlRQUNvZENodHljRjlvT25SMGVVSnBja3g0Y0UwdFVuQjFaWGRvVlRCZmMzYxAB,Glen's Bakehouse (HSR Layout),Akhil Koppala,112043291533888540503,True,5,,0,8 months ago,
Glen's Bakehouse (HSR Layout),095137 34879,"2337, SECTOR 1, HSR Layout 17th Cross, 24th Main Rd, Bengaluru, Karnataka 560102",12.9120508,77.6482099,Bakery and Cake Shop,,Ci9DQUlRQUNvZENodHljRjlvT2tFMVJEaFdkR296T1hSMk9HRndSVE5ZVTFKNFdXYxAB,Glen's Bakehouse (HSR Layout),Jayanthi Reddy,113073109224056543031,False,1,,0,8 months ago,"{""food"": 1, ""service_rating"": 4, ""atmosphere"": 1}"
Glen's Bakehouse (HSR Layout),095137 34879,"2337, SECTOR 1, HSR Layout 17th Cross, 24th Main Rd, Bengaluru, Karnataka 560102",12.9120508,77.6482099,Bakery and Cake Shop,,Ci9DQUlRQUNvZENodHljRjlvT2xKTVJXcE9aemhOWjJaRGR6WXhTVGR2TVRocE5XYxAB,Glen's Bakehouse (HSR Layout),Mustak Chef,104348514020952673980,True,5,,0,8 months ago,"{""dining_mode"": ""Dine in"", ""food"": 5, ""service_rating"": 5, ""atmosphere"": 5}"
Glen's Bakehouse (HSR Layout),095137 34879,"2337, SECTOR 1, HSR Layout 17th Cross, 24th Main Rd, Bengaluru, Karnataka 560102",12.9120508,77.6482099,Bakery and Cake Shop,,Ci9DQUlRQUNvZENodHljRjlvT201eGRtUmxZbXBqVUhCRk4zbDBjak56TkhOaVpXYxAB,Glen's Bakehouse (HSR Layout),Shubham Sharma,100571839097701742950,True,2,"I came to Glen's after a long time and this time the quality of product is degraded,  Specially the cheese cake I'll rate that 2.5 star /5 star only because it didn't taste as good and doesn't look to be fresh.",0,8 months ago,"{""meal_type"": ""Dinner"", ""price_per_person"": ""₹800–1,000"", ""food"": 1, ""service_rating"": 3, ""atmosphere"": 4, ""noise_level"": ""Moderate noise"", ""vegetarian_recommendation"": ""Would not recommend"", ""parking_space"": ""Somewhat difficult to find parking""}"
Glen's Bakehouse (HSR Layout),095137 34879,"2337, SECTOR 1, HSR Layout 17th Cross, 24th Main Rd, Bengaluru, Karnataka 560102",12.9120508,77.6482099,Bakery and Cake Shop,,Ci9DQUlRQUNvZENodHljRjlvT2s5dk1qSmtiRXd3V0ZOU1UyOVRXR3RwVEc5MWNsRRAB,Glen's Bakehouse (HSR Layout),Kunal Singh Bhandari,102817637038781672099,True,3,,0,8 months ago,"{""dining_mode"": ""Take out"", ""meal_type"": ""Dinner"", ""price_per_person"": ""₹1–200"", ""food"": 3, ""service_rating"": 3, ""atmosphere"": 3, ""noise_level"": ""Quiet, easy to talk"", ""vegetarian_recommendation"": ""Somewhat recommend"", ""vegetarian_offerings"": ""Vegetarian menu or section"", ""parking_space"": ""Somewhat difficult to find parking"", ""parking_options"": ""Free parking lot""}"
Glen's Bakehouse (HSR Layout),095137 34879,"2337, SECTOR 1, HSR Layout 17th Cross, 24th Main Rd, Bengaluru, Karnataka 560102",12.9120508,77.6482099,Bakery and Cake Shop,,Ci9DQUlRQUNvZENodHljRjlvT2pscmEzSTVlSEZQZVhKU1RGaG5OV3R1WjJWaVdWRRAB,Glen's Bakehouse (HSR Layout),Akshaya Gupta,106084429776046583606,True,4,,0,8 months ago,"{""dining_mode"": ""Dine in"", ""meal_type"": ""Lunch"", ""price_per_person"": ""₹400–600"", ""food"": 3, ""service_rating"": 3, ""atmosphere"": 4, ""noise_level"": ""Quiet, easy to talk""}"
Glen's Bakehouse (HSR Layout),095137 34879,"2337, SECTOR 1, HSR Layout 17th Cross, 24th Main Rd, Bengaluru, Karnataka 560102",12.9120508,77.6482099,Bakery and Cake Shop,,Ci9DQUlRQUNvZENodHljRjlvT2pOU1lVcFBNbko2Y0RCcFVsbHhXRlI2YWtJeGEzYxAB,Glen's Bakehouse (HSR Layout),krazzykrupa,109206028017985163651,True,4,All time favourite.. this lavender cherry cake was yumm 😋,0,8 months ago,"{""dining_mode"": ""Dine in"", ""meal_type"": ""Other"", ""price_per_person"": ""₹1–200"", ""food"": 4, ""service_rating"": 4, ""atmosphere"": 4, ""noise_level"": ""Quiet, easy to talk""}"
Glen's Bakehouse (HSR Layout),095137 34879,"2337, SECTOR 1, HSR Layout 17th Cross, 24th Main Rd, Bengaluru, Karnataka 560102",12.9120508,77.6482099,Bakery and Cake Shop,,Ci9DQUlRQUNvZENodHljRjlvT2sxalQyRmtZbGswYjNBdFRtNVlObGg2UWpORGNGRRAB,Glen's Bakehouse (HSR Layout),Savita Bhardwar,111582347819376311912,False,1,"Glen’s was my first go to place for tomato soup.. I have visited today and was disappointed to order the same.. soup was spicy (you can see the chilli flakes).. before ordering, I confirmed that soup should be normal taste without chilli or spices. We have requested to add some cream to reduce the spiceness. To my surprise, they have added more water and it was bit runny. Another dish I ordered was spinach and corn sandwich.. I regretted when I saw this.. they have put tomato and onion(kind of burnt) in one side.. I hardly saw corn and spinach was just boiled.. when I asked , the person said we serve it like this.. they have changed the definition of Corn n spinach sandwich.. it was waste of money and time.",0,8 months ago,"{""dining_mode"": ""Dine in"", ""meal_type"": ""Dinner"", ""price_per_person"": ""₹1,400–1,600"", ""food"": 2, ""service_rating"": 3, ""atmosphere"": 3, ""noise_level"": ""Moderate noise""}"
Glen's Bakehouse (HSR Layout),095137 34879,"2337, SECTOR 1, HSR Layout 17th Cross, 24th Main Rd, Bengaluru, Karnataka 560102",12.9120508,77.6482099,Bakery and Cake Shop,,Ci9DQUlRQUNvZENodHljRjlvT2xWMmRtOVdYMlp0VTFGcFUwMW5PVGhEVGtZeUxVRRAB,Glen's Bakehouse (HSR Layout),Kaveri Popat,109096128554187469923,True,5,,0,8 months ago,
Glen's Bakehouse (HSR Layout),095137 34879,"2337, SECTOR 1, HSR Layout 17th Cross, 24th Main Rd, Bengaluru, Karnataka 560102",12.9120508,77.6482099,Bakery and Cake Shop,,Ci9DQUlRQUNvZENodHljRjlvT2t4R1p5MUdTVkJDVjJGSE9XazNWbTlMVmxVdFIxRRAB,Glen's Bakehouse (HSR Layout),Priyamvada Verma,108292246637583815078,True,5,,0,8 months ago,"{""food"": 5, ""service_rating"": 5, ""atmosphere"": 5}"
Glen's Bakehouse (HSR Layout),095137 34879,"2337, SECTOR 1, HSR Layout 17th Cross, 24th Main Rd, Bengaluru, Karnataka 560102",12.9120508,77.6482099,Bakery and Cake Shop,,Ci9DQUlRQUNvZENodHljRjlvT21acVJHbG5ObWt6UzNKTlQxOU5hMjFTT0MxUVNFRRAB,Glen's Bakehouse (HSR Layout),Muhammed Irshad PT,118113607001598602332,True,4,👍🏻,0,8 months ago,"{""food"": 4, ""service_rating"": 3, ""atmosphere"": 4}"
Glen's Bakehouse (HSR Layout),095137 34879,"2337, SECTOR 1, HSR Layout 17th Cross, 24th Main Rd, Bengaluru, Karnataka 560102",12.9120508,77.6482099,Bakery and Cake Shop,,Ci9DQUlRQUNvZENodHljRjlvT2xwWk1tUnpVSGRyYjNsWFJrbFNWRUp3VTJ4YVdrRRAB,Glen's Bakehouse (HSR Layout),Prakhar Dev Gupta,105045432093885685623,True,3,,0,8 months ago,"{""food"": 4, ""service_rating"": 2, ""atmosphere"": 1}"
Glen's Bakehouse (HSR Layout),095137 34879,"2337, SECTOR 1, HSR Layout 17th Cross, 24th Main Rd, Bengaluru, Karnataka 560102",12.9120508,77.6482099,Bakery and Cake Shop,,Ci9DQUlRQUNvZENodHljRjlvT2tSTFFURnBWMWt5Um5KMmQweFVWRFZEUjB0NVZVRRAB,Glen's Bakehouse (HSR Layout),Sriram Kalyana Sundaram,101128425278006168242,True,5,,0,8 months ago,"{""dining_mode"": ""Dine in"", ""meal_type"": ""Dinner"", ""price_per_person"": ""₹200–400"", ""food"": 5, ""service_rating"": 5, ""atmosphere"": 5, ""recommended_dishes"": ""Red Velvet Cupcake Eggless, Blueberry Signaturecheesecake"", ""vegetarian_recommendation"": ""Highly recommend"", ""vegetarian_offerings"": ""Vegetarian menu or section"", ""parking_space"": ""Somewhat difficult to find parking"", ""parking_options"": ""Free street parking""}"
Glen's Bakehouse (HSR Layout),095137 34879,"2337, SECTOR 1, HSR Layout 17th Cross, 24th Main Rd, Bengaluru, Karnataka 560102",12.9120508,77.6482099,Bakery and Cake Shop,,Ci9DQUlRQUNvZENodHljRjlvT25KR2RFdEtRWEZxYjNaSFRVUlVWa0owUWs5UWRrRRAB,Glen's Bakehouse (HSR Layout),Subash Tamang,109420496084129487577,False,1,,0,8 months ago,"{""atmosphere"": 4}"
Glen's Bakehouse (HSR Layout),095137 34879,"2337, SECTOR 1, HSR Layout 17th Cross, 24th Main Rd, Bengaluru, Karnataka 560102",12.9120508,77.6482099,Bakery and Cake Shop,,Ci9DQUlRQUNvZENodHljRjlvT21KTldsbFJOVGROV2kxamNqSndSM2REZG00M2RrRRAB,Glen's Bakehouse (HSR Layout),Abhishek Ranjan,102594214744692081182,True,5,,0,8 months ago,
Glen's Bakehouse (HSR Layout),095137 34879,"2337, SECTOR 1, HSR Layout 17th Cross, 24th Main Rd, Bengaluru, Karnataka 560102",12.9120508,77.6482099,Bakery and Cake Shop,,Ci9DQUlRQUNvZENodHljRjlvT2tWdE5sQlZVVGhHUTFKVloxUk9UWE5TUm5seVkyYxAB,Glen's Bakehouse (HSR Layout),Ravi Arya,100627577291913261355,True,1,Staff denied food service and asked me to get up from my seat and told me to go out and order myself from counter if I want anything from counter. Never in my life I had to getup from my seat in cafe. Ridiculously 5 star service Team Glen’s,0,Edited 8 months ago,"{""dining_mode"": ""Dine in"", ""food"": 1, ""service_rating"": 1, ""atmosphere"": 1}"
Glen's Bakehouse (HSR Layout),095137 34879,"2337, SECTOR 1, HSR Layout 17th Cross, 24th Main Rd, Bengaluru, Karnataka 560102",12.9120508,77.6482099,Bakery and Cake Shop,,Ci9DQUlRQUNvZENodHljRjlvT21KRVMzQmxhMXBXYVZSTmJuaFBhelJyUTFsWWIwRRAB,Glen's Bakehouse (HSR Layout),Raghu,105585792086243346404,True,5,,0,8 months ago,"{""dining_mode"": ""Dine in"", ""meal_type"": ""Dinner"", ""price_per_person"": ""₹200–400"", ""food"": 5, ""service_rating"": 5, ""atmosphere"": 5}"
Glen's Bakehouse (HSR Layout),095137 34879,"2337, SECTOR 1, HSR Layout 17th Cross, 24th Main Rd, Bengaluru, Karnataka 560102",12.9120508,77.6482099,Bakery and Cake Shop,,ChZDSUhNMG9nS0VJQ0FnSURlenJIYUZBEAE,Glen's Bakehouse (HSR Layout),Debashree G,102072107619914026002,True,4,"It is a beautiful cafe hidden in plain sight from the hustle and bustle of HSR. i can't believe I stayed in HSR for a few months and missed this place. Had the opportunity to visit a friend here and I was surprised. It's cute, the seating area is large - both indoors and outdoors, the good food same as its other chains. Had a lovely time with everyone and we lost track of time and ofcourse were the last people to leave or rather chased out. 😂 But overall nice, a must visit if you are in the vicinity.  Update 2 years later (on 16-Aug-2025): Always a pleasure to be here. Nice, cozy and warm ambience. Visited again after 2 years with a friend and still has the same vibe.",0,Edited 8 months ago,"{""dining_mode"": ""Dine in"", ""meal_type"": ""Dinner"", ""price_per_person"": ""₹200–400"", ""food"": 4, ""service_rating"": 4, ""atmosphere"": 5}"
Glen's Bakehouse (HSR Layout),095137 34879,"2337, SECTOR 1, HSR Layout 17th Cross, 24th Main Rd, Bengaluru, Karnataka 560102",12.9120508,77.6482099,Bakery and Cake Shop,,Ci9DQUlRQUNvZENodHljRjlvT21SdFowdEhVbXRXVW1KT05WWk5ObFpMUWxkelltYxAB,Glen's Bakehouse (HSR Layout),Ramesh Raj,108556044394489318149,True,1,"This is highly unprofessional and unacceptable behavior. For the second time, we are facing the same problem with your staff. They are quick to bill every single item, but when it comes to packing, items are repeatedly missing. This is not a one-off mistake—it has happened twice now.  The first time, a cake was missing. Only after reaching home we realized it, and when we called, the response was that they needed to ""check the stock"" before crediting the amount. Fine, we accepted it.  But today it happened again. I specifically reminded the billing person about the previous issue and asked him to ensure everything was packed correctly. He assured me it would be taken care of—but yet again, an item was missing.  This is not just carelessness; it borders on deliberate malpractice. Customers are forced to pay upfront, carry the order home, and then waste time double-checking and calling back for missing items. This feels less like a mistake and more like a systematic way of making money.  Does the owner even know what is happening here, or ?  On top of that, last time when the refund was given, you conveniently skipped the GST amount. You charged GST initially, but when crediting back via GPay, only the item cost was refunded, not the tax. This is nothing short of an unethical practice.  Such repeated lapses raise serious doubts about the integrity and honesty of your establishment.  I called at 19:24 and was told I would get a call back in 10 minutes. I waited patiently for 20 minutes, and when I called again, I was informed that they needed to “investigate thoroughly” before taking any action. This kind of response is completely unacceptable and deeply disappointing.  Let them investigate, of course; that’s necessary—but how long does it really take?  It clearly shows that customer complaints are not a priority for them. The attitude seems to be: once the product is sold, the customer doesn’t matter anymore—simple mantra: it is like GET LOST.  At around 19:54, they transferred the money, including GST. It seems the investigation has been completed, but the real question is—what measures are they going to implement to ensure this mistake does not keep happening?. Or Just say sorry (how many times??).  It feels as though they assume that people who come to Glen’s are all ‘posh’ and therefore won’t bother or care if an item is missing. But the reality is different—whether someone is posh or not, it is still their hard-earned money, and no one will quietly accept being taken for a ride. Anyone, regardless of background, has the right to question and demand accountability.",0,8 months ago,"{""dining_mode"": ""Take out"", ""meal_type"": ""Other"", ""price_per_person"": ""₹600–800"", ""food"": 5, ""service_rating"": 5, ""atmosphere"": 5, ""parking_space"": ""Difficult to find parking""}"
Glen's Bakehouse (HSR Layout),095137 34879,"2337, SECTOR 1, HSR Layout 17th Cross, 24th Main Rd, Bengaluru, Karnataka 560102",12.9120508,77.6482099,Bakery and Cake Shop,,Ci9DQUlRQUNvZENodHljRjlvT25wU1dqbDROMnB3Tkc5blJGVTFMWGxPUTNnM09FRRAB,Glen's Bakehouse (HSR Layout),ayush mishra,108313346964924849334,True,5,,0,8 months ago,"{""food"": 5, ""service_rating"": 5, ""atmosphere"": 5}"
Glen's Bakehouse (HSR Layout),095137 34879,"2337, SECTOR 1, HSR Layout 17th Cross, 24th Main Rd, Bengaluru, Karnataka 560102",12.9120508,77.6482099,Bakery and Cake Shop,,Ci9DQUlRQUNvZENodHljRjlvT2tsaVQyZERPREF6WldScVUxaENSVUppWlhsSFpHYxAB,Glen's Bakehouse (HSR Layout),Purvi Gupta,109449658751197342922,True,4,,0,8 months ago,
Glen's Bakehouse (HSR Layout),095137 34879,"2337, SECTOR 1, HSR Layout 17th Cross, 24th Main Rd, Bengaluru, Karnataka 560102",12.9120508,77.6482099,Bakery and Cake Shop,,Ci9DQUlRQUNvZENodHljRjlvT25KbFJEUlJaRXhPVVVzMlYydzNORFZoUkZkR2JtYxAB,Glen's Bakehouse (HSR Layout),Billal Miah,107622478288474114270,False,1,,0,8 months ago,"{""food"": 1, ""service_rating"": 1, ""atmosphere"": 1}"
Glen's Bakehouse (HSR Layout),095137 34879,"2337, SECTOR 1, HSR Layout 17th Cross, 24th Main Rd, Bengaluru, Karnataka 560102",12.9120508,77.6482099,Bakery and Cake Shop,,Ci9DQUlRQUNvZENodHljRjlvT21GelZ6VnVZa2RHUzIwMWRHWlViM0ZaTlZOdWJtYxAB,Glen's Bakehouse (HSR Layout),Aviator Asvsu,110769860682132370618,False,5,,0,8 months ago,"{""dining_mode"": ""Dine in"", ""meal_type"": ""Dinner"", ""price_per_person"": ""₹400–600"", ""food"": 5, ""service_rating"": 4, ""atmosphere"": 4, ""noise_level"": ""Quiet, easy to talk""}"
Glen's Bakehouse (HSR Layout),095137 34879,"2337, SECTOR 1, HSR Layout 17th Cross, 24th Main Rd, Bengaluru, Karnataka 560102",12.9120508,77.6482099,Bakery and Cake Shop,,Ci9DQUlRQUNvZENodHljRjlvT2xkeU5FUjJaVVUxWVdKaWQzSmxabGsxVkdka1pHYxAB,Glen's Bakehouse (HSR Layout),Adrijaa Karmakar,104677291949202370459,False,5,,0,8 months ago,"{""dining_mode"": ""Dine in"", ""meal_type"": ""Dinner"", ""price_per_person"": ""₹200–400"", ""food"": 5, ""service_rating"": 5, ""atmosphere"": 5, ""noise_level"": ""Moderate noise""}"
Glen's Bakehouse (HSR Layout),095137 34879,"2337, SECTOR 1, HSR Layout 17th Cross, 24th Main Rd, Bengaluru, Karnataka 560102",12.9120508,77.6482099,Bakery and Cake Shop,,Ci9DQUlRQUNvZENodHljRjlvT2xkclNIZE1jbmxVTkdKUlZFd3pkMVptVUZSdlMxRRAB,Glen's Bakehouse (HSR Layout),supriya reddy,117505489450586733613,True,4,Best place for Desserts and good taste with good ambiance,0,8 months ago,
Glen's Bakehouse (HSR Layout),095137 34879,"2337, SECTOR 1, HSR Layout 17th Cross, 24th Main Rd, Bengaluru, Karnataka 560102",12.9120508,77.6482099,Bakery and Cake Shop,,Ci9DQUlRQUNvZENodHljRjlvT2pKVWVuRlNlRll0U1ZCellVWnlha1JIWDNGTWNWRRAB,Glen's Bakehouse (HSR Layout),theepak 1008,118043413607369245597,True,5,,0,8 months ago,
Glen's Bakehouse (HSR Layout),095137 34879,"2337, SECTOR 1, HSR Layout 17th Cross, 24th Main Rd, Bengaluru, Karnataka 560102",12.9120508,77.6482099,Bakery and Cake Shop,,Ci9DQUlRQUNvZENodHljRjlvT2sxSmJrMVVZV3cwV1hGWE5taFZhbDlRUm1KSFZsRRAB,Glen's Bakehouse (HSR Layout),Jaideep Dhiman,111852250774178962950,True,4,Love the food there. But sometimes the service is on the slower side. I am quite regular there for their pastries and pastas,0,8 months ago,"{""dining_mode"": ""Dine in"", ""meal_type"": ""Brunch"", ""price_per_person"": ""₹800–1,000"", ""food"": 5, ""service_rating"": 3, ""atmosphere"": 4, ""noise_level"": ""Moderate noise"", ""vegetarian_recommendation"": ""Somewhat recommend"", ""vegetarian_offerings"": ""Clearly labeled vegetarian dishes"", ""parking_space"": ""Somewhat difficult to find parking"", ""parking_options"": ""Free street parking"", ""kid_friendliness"": ""Yes"", ""wheelchair_accessibility"": ""Yes""}"
Glen's Bakehouse (HSR Layout),095137 34879,"2337, SECTOR 1, HSR Layout 17th Cross, 24th Main Rd, Bengaluru, Karnataka 560102",12.9120508,77.6482099,Bakery and Cake Shop,,Ci9DQUlRQUNvZENodHljRjlvT2pkd1ZEaHJYMFUzUlRsVmVrSnlVSGRRVTNsaFpHYxAB,Glen's Bakehouse (HSR Layout),Snehith B,111259535489674328383,True,3,,0,8 months ago,"{""food"": 3, ""service_rating"": 4, ""atmosphere"": 4}"
Glen's Bakehouse (HSR Layout),095137 34879,"2337, SECTOR 1, HSR Layout 17th Cross, 24th Main Rd, Bengaluru, Karnataka 560102",12.9120508,77.6482099,Bakery and Cake Shop,,Ci9DQUlRQUNvZENodHljRjlvT2xwSE0yNDVXV1ZGUzBock1ESmhObEU1U0hGNVlWRRAB,Glen's Bakehouse (HSR Layout),Kusumaishwarya Divate,115090662569100856887,False,1,Very pathetic service,0,8 months ago,"{""service_rating"": 1}"
Glen's Bakehouse (HSR Layout),095137 34879,"2337, SECTOR 1, HSR Layout 17th Cross, 24th Main Rd, Bengaluru, Karnataka 560102",12.9120508,77.6482099,Bakery and Cake Shop,,Ci9DQUlRQUNvZENodHljRjlvT2t4R1MwMU1RbDl2ZDJ3eU5ERXpaVU4yTlhac1oxRRAB,Glen's Bakehouse (HSR Layout),Pooja Saha,118300663126480374348,True,4,,0,9 months ago,"{""dining_mode"": ""Dine in"", ""meal_type"": ""Other"", ""price_per_person"": ""₹400–600"", ""food"": 3, ""service_rating"": 4, ""atmosphere"": 3, ""noise_level"": ""Quiet, easy to talk""}"
Glen's Bakehouse (HSR Layout),095137 34879,"2337, SECTOR 1, HSR Layout 17th Cross, 24th Main Rd, Bengaluru, Karnataka 560102",12.9120508,77.6482099,Bakery and Cake Shop,,Ci9DQUlRQUNvZENodHljRjlvT2xOVVoxTk9OMVV0V2pNMVkyOHhhV1ZPYURkaFZGRRAB,Glen's Bakehouse (HSR Layout),Sadiya Anwari,112351719612455328228,False,5,,0,9 months ago,"{""food"": 5, ""service_rating"": 5, ""atmosphere"": 5}"
Glen's Bakehouse (HSR Layout),095137 34879,"2337, SECTOR 1, HSR Layout 17th Cross, 24th Main Rd, Bengaluru, Karnataka 560102",12.9120508,77.6482099,Bakery and Cake Shop,,Ci9DQUlRQUNvZENodHljRjlvT2tvMFJrWXlhVXc0VFdsUk5YZHFVV3haWVZwQlIxRRAB,Glen's Bakehouse (HSR Layout),Onkar Asai,105982972041312035988,True,4,,0,9 months ago,"{""food"": 4, ""service_rating"": 4, ""atmosphere"": 3}"
Glen's Bakehouse (HSR Layout),095137 34879,"2337, SECTOR 1, HSR Layout 17th Cross, 24th Main Rd, Bengaluru, Karnataka 560102",12.9120508,77.6482099,Bakery and Cake Shop,,Ci9DQUlRQUNvZENodHljRjlvT2xKeVREUkxkVmhmVTBOMVZITm9Oa3ByZDJaZmRrRRAB,Glen's Bakehouse (HSR Layout),Shree Ramanarayanan,103866252617217099251,True,5,,0,9 months ago,"{""dining_mode"": ""Dine in"", ""meal_type"": ""Dinner"", ""price_per_person"": ""₹400–600"", ""food"": 5, ""service_rating"": 5, ""atmosphere"": 5, ""noise_level"": ""Moderate noise"", ""vegetarian_recommendation"": ""Highly recommend"", ""vegetarian_offerings"": ""Clearly labeled vegetarian dishes""}"
Glen's Bakehouse (HSR Layout),095137 34879,"2337, SECTOR 1, HSR Layout 17th Cross, 24th Main Rd, Bengaluru, Karnataka 560102",12.9120508,77.6482099,Bakery and Cake Shop,,Ci9DQUlRQUNvZENodHljRjlvT2toNE16Y3dUM2N5V1VOSE5sTkhaak5wVkVGSVRFRRAB,Glen's Bakehouse (HSR Layout),Rohit Kulkarni,104308469648280592285,True,5,Best as usual. The sourdough pizzas are the highlight.,0,9 months ago,
Glen's Bakehouse (HSR Layout),095137 34879,"2337, SECTOR 1, HSR Layout 17th Cross, 24th Main Rd, Bengaluru, Karnataka 560102",12.9120508,77.6482099,Bakery and Cake Shop,,Ci9DQUlRQUNvZENodHljRjlvT2pWcWJEVnpPUzFYVFU5VE1XRmZTbXBhY0cxQk5rRRAB,Glen's Bakehouse (HSR Layout),venkatesh mane,117919052876466839339,True,5,,0,9 months ago,
Glen's Bakehouse (HSR Layout),095137 34879,"2337, SECTOR 1, HSR Layout 17th Cross, 24th Main Rd, Bengaluru, Karnataka 560102",12.9120508,77.6482099,Bakery and Cake Shop,,Ci9DQUlRQUNvZENodHljRjlvT21rM1NVaFNkVlV0ZFRZd1JrVnFOREIyU2tsWU5HYxAB,Glen's Bakehouse (HSR Layout),Gauthami reddy,111903982163090388388,True,5,,0,9 months ago,"{""dining_mode"": ""Dine in"", ""meal_type"": ""Other"", ""price_per_person"": ""₹1,000–1,200"", ""food"": 4, ""service_rating"": 2, ""atmosphere"": 5, ""noise_level"": ""Quiet, easy to talk""}"
Glen's Bakehouse (HSR Layout),095137 34879,"2337, SECTOR 1, HSR Layout 17th Cross, 24th Main Rd, Bengaluru, Karnataka 560102",12.9120508,77.6482099,Bakery and Cake Shop,,Ci9DQUlRQUNvZENodHljRjlvT2w5bVMxTnlOa3N5UkRSalNYQlBiVGN3WVRCQldWRRAB,Glen's Bakehouse (HSR Layout),Usashi Mandal,107979759523892617822,True,5,,0,9 months ago,"{""food"": 3, ""service_rating"": 4, ""atmosphere"": 5}"
Glen's Bakehouse (HSR Layout),095137 34879,"2337, SECTOR 1, HSR Layout 17th Cross, 24th Main Rd, Bengaluru, Karnataka 560102",12.9120508,77.6482099,Bakery and Cake Shop,,Ci9DQUlRQUNvZENodHljRjlvT21kd2R6RkZRa3hKTVRkS2NtOWZZeTFaVWpoVlpWRRAB,Glen's Bakehouse (HSR Layout),Adv. Mehnaz Mohammed,100523543536133532739,True,3,Great chilled back atmosphere. Nothing to rave about the food. All in average note,0,9 months ago,"{""dining_mode"": ""Dine in"", ""meal_type"": ""Other"", ""price_per_person"": ""₹200–400"", ""food"": 3, ""service_rating"": 4, ""atmosphere"": 5}"
Glen's Bakehouse (HSR Layout),095137 34879,"2337, SECTOR 1, HSR Layout 17th Cross, 24th Main Rd, Bengaluru, Karnataka 560102",12.9120508,77.6482099,Bakery and Cake Shop,,Ci9DQUlRQUNvZENodHljRjlvT25rd01HTkpVSEl3TkhkUVJsTkhXbVJoTVRneWRGRRAB,Glen's Bakehouse (HSR Layout),Ashi Verma,108714793991898938412,True,5,,0,9 months ago,
Glen's Bakehouse (HSR Layout),095137 34879,"2337, SECTOR 1, HSR Layout 17th Cross, 24th Main Rd, Bengaluru, Karnataka 560102",12.9120508,77.6482099,Bakery and Cake Shop,,Ci9DQUlRQUNvZENodHljRjlvT2pGaGFuSldWRWhaYkRaemRVeHZRbEpPV25KYU5XYxAB,Glen's Bakehouse (HSR Layout),Kusuma Bhoyi,104160128375237159904,True,4,We had a mouse / rat for entertainment while we enjoyed the gourmet bakes and cakes,0,9 months ago,"{""dining_mode"": ""Dine in"", ""meal_type"": ""Dinner"", ""price_per_person"": ""₹1,000–1,200"", ""food"": 4, ""service_rating"": 4, ""atmosphere"": 4, ""noise_level"": ""Quiet, easy to talk""}"
Glen's Bakehouse (HSR Layout),095137 34879,"2337, SECTOR 1, HSR Layout 17th Cross, 24th Main Rd, Bengaluru, Karnataka 560102",12.9120508,77.6482099,Bakery and Cake Shop,,Ci9DQUlRQUNvZENodHljRjlvT25nNE1Ib3ljRTlMWkZscGVWcEJaemRETlRWcWVIYxAB,Glen's Bakehouse (HSR Layout),Chhavi Lamba,113587804715782731172,True,3,,0,9 months ago,"{""food"": 3, ""service_rating"": 1, ""atmosphere"": 3}"
Glen's Bakehouse (HSR Layout),095137 34879,"2337, SECTOR 1, HSR Layout 17th Cross, 24th Main Rd, Bengaluru, Karnataka 560102",12.9120508,77.6482099,Bakery and Cake Shop,,Ci9DQUlRQUNvZENodHljRjlvT2xwYVdVeDJYMWQwYmw4d2JGQjZkMWxPYlc4NVUzYxAB,Glen's Bakehouse (HSR Layout),Neerav jain,111979500247340529838,False,5,One of the best place to eat Red velvet muffin in whole HSR,0,9 months ago,"{""dining_mode"": ""Dine in"", ""meal_type"": ""Dinner"", ""price_per_person"": ""₹1–200"", ""noise_level"": ""Very quiet""}"
Glen's Bakehouse (HSR Layout),095137 34879,"2337, SECTOR 1, HSR Layout 17th Cross, 24th Main Rd, Bengaluru, Karnataka 560102",12.9120508,77.6482099,Bakery and Cake Shop,,Ci9DQUlRQUNvZENodHljRjlvT2tKTE9WaE5PR3N3ZERONVMzSnpVMk5MTVd0NloxRRAB,Glen's Bakehouse (HSR Layout),Arpita Patra,110065221484668107428,True,5,,0,9 months ago,"{""dining_mode"": ""Take out"", ""meal_type"": ""Other"", ""price_per_person"": ""₹200–400"", ""food"": 4, ""service_rating"": 3, ""atmosphere"": 3, ""noise_level"": ""Moderate noise"", ""parking_space"": ""Somewhat difficult to find parking""}"
Glen's Bakehouse (HSR Layout),095137 34879,"2337, SECTOR 1, HSR Layout 17th Cross, 24th Main Rd, Bengaluru, Karnataka 560102",12.9120508,77.6482099,Bakery and Cake Shop,,Ci9DQUlRQUNvZENodHljRjlvT2xSbldtSTNjR2x0ZFdSRlp6UTRhMVYwUTI1dlZXYxAB,Glen's Bakehouse (HSR Layout),Ameena Taskeen,100731275482531671050,False,5,,0,9 months ago,"{""food"": 5, ""service_rating"": 5, ""atmosphere"": 5}"
Glen's Bakehouse (HSR Layout),095137 34879,"2337, SECTOR 1, HSR Layout 17th Cross, 24th Main Rd, Bengaluru, Karnataka 560102",12.9120508,77.6482099,Bakery and Cake Shop,,Ci9DQUlRQUNvZENodHljRjlvT2tObE9HNTZSVWxRTjBwUU9XYzRhbDkwVjBrMkxVRRAB,Glen's Bakehouse (HSR Layout),Ankit Kalra,112618923711017010160,True,5,Great,0,9 months ago,"{""meal_type"": ""Brunch""}"
Glen's Bakehouse (HSR Layout),095137 34879,"2337, SECTOR 1, HSR Layout 17th Cross, 24th Main Rd, Bengaluru, Karnataka 560102",12.9120508,77.6482099,Bakery and Cake Shop,,Ci9DQUlRQUNvZENodHljRjlvT2psTFdWQXpSRFJsTjJReVZ6Vk5jMTlrUjB0M1JVRRAB,Glen's Bakehouse (HSR Layout),Jenifer Williams,108505721877500556703,True,1,"Horrible food and service at this outlet. I’m a Glens regular at Indiranagar so thought of stopping by here while in HSR but was extremely disappointed with the food taste and quality. To top it off, the service is just not upto the mark. We ordered Belgian Thic Choc shake and it tasted like coconut milk mixed with low quality chocolate powder.. we asked for the waiter to check what’s wrong with it, and he was unable to help us saying this is how it’s supposed to taste. Later after a lot of asking they exchanged it with regular Chocolate milk shake which also tasted like some stale chocolate syrup with milk. Even the sourdough pizza was below average. And the water tasted funny.  Please skip this place.",0,9 months ago,"{""dining_mode"": ""Dine in"", ""meal_type"": ""Dinner"", ""food"": 1, ""service_rating"": 1, ""atmosphere"": 1}"
Glen's Bakehouse (HSR Layout),095137 34879,"2337, SECTOR 1, HSR Layout 17th Cross, 24th Main Rd, Bengaluru, Karnataka 560102",12.9120508,77.6482099,Bakery and Cake Shop,,Ci9DQUlRQUNvZENodHljRjlvT2tGMVUzQmFkSFp6TkhwV1ptSnZaVzFRU2xNM1pFRRAB,Glen's Bakehouse (HSR Layout),Rajesh S,114537865670081433638,True,4,Great food. Good ambience. Good service. The front desk is very tiny cramped. Service is quick Cakes are great.,0,9 months ago,"{""dining_mode"": ""Dine in"", ""meal_type"": ""Other"", ""price_per_person"": ""₹200–400"", ""food"": 5, ""service_rating"": 4, ""atmosphere"": 3, ""noise_level"": ""Quiet, easy to talk""}"
Glen's Bakehouse (HSR Layout),095137 34879,"2337, SECTOR 1, HSR Layout 17th Cross, 24th Main Rd, Bengaluru, Karnataka 560102",12.9120508,77.6482099,Bakery and Cake Shop,,Ci9DQUlRQUNvZENodHljRjlvT2s1YUxYSXpiREJxV0ZkUlRUQk1lbVpoTVU1UlJtYxAB,Glen's Bakehouse (HSR Layout),Narendra Sai,117712432527077905191,True,5,Best cafe in HSR layout,0,9 months ago,"{""food"": 5, ""service_rating"": 4, ""atmosphere"": 5}"
Glen's Bakehouse (HSR Layout),095137 34879,"2337, SECTOR 1, HSR Layout 17th Cross, 24th Main Rd, Bengaluru, Karnataka 560102",12.9120508,77.6482099,Bakery and Cake Shop,,Ci9DQUlRQUNvZENodHljRjlvT2tKdVNFVkljRmh2UzBvMWIxSTJNVGd5VTJOWGExRRAB,Glen's Bakehouse (HSR Layout),Anilreddy L,101533978638407512064,False,3,,0,9 months ago,
Glen's Bakehouse (HSR Layout),095137 34879,"2337, SECTOR 1, HSR Layout 17th Cross, 24th Main Rd, Bengaluru, Karnataka 560102",12.9120508,77.6482099,Bakery and Cake Shop,,Ci9DQUlRQUNvZENodHljRjlvT2tOV2JFVjBObU5SWDNKWmRVVnpNbXhmYWs1elFrRRAB,Glen's Bakehouse (HSR Layout),Shubham Kunal,115850924763206464116,True,2,"You can order food at HSR then go to Koramangala have a coffee and come back to glen's and guess what your food is still getting prepared. The staff here feels like they are very confused also unapologetically slow. The food served by  is cold, soggy. Don't believe on the appearance of the food .",0,9 months ago,"{""dining_mode"": ""Dine in"", ""meal_type"": ""Brunch"", ""price_per_person"": ""₹800–1,000"", ""food"": 2, ""service_rating"": 1, ""atmosphere"": 3, ""noise_level"": ""Quiet, easy to talk"", ""vegetarian_recommendation"": ""Would not recommend"", ""parking_space"": ""Difficult to find parking""}"
Glen's Bakehouse (HSR Layout),095137 34879,"2337, SECTOR 1, HSR Layout 17th Cross, 24th Main Rd, Bengaluru, Karnataka 560102",12.9120508,77.6482099,Bakery and Cake Shop,,Ci9DQUlRQUNvZENodHljRjlvT20xVFJWZzBYMlYzY2xWZlZGVmhRVkJpYTB4UVVVRRAB,Glen's Bakehouse (HSR Layout),Nidhi Vithalani,108028019047474295842,True,5,,0,9 months ago,"{""meal_type"": ""Dinner"", ""price_per_person"": ""₹1,000–1,200"", ""food"": 5, ""service_rating"": 4, ""atmosphere"": 4, ""noise_level"": ""Moderate noise""}"
Glen's Bakehouse (HSR Layout),095137 34879,"2337, SECTOR 1, HSR Layout 17th Cross, 24th Main Rd, Bengaluru, Karnataka 560102",12.9120508,77.6482099,Bakery and Cake Shop,,Ci9DQUlRQUNvZENodHljRjlvT25SbFZFNWlZM1ZPTjBRd1N6Z3piV1kyYTNWeVNsRRAB,Glen's Bakehouse (HSR Layout),Vishita Baranwal,108943045476289887165,False,5,,0,9 months ago,
Glen's Bakehouse (HSR Layout),095137 34879,"2337, SECTOR 1, HSR Layout 17th Cross, 24th Main Rd, Bengaluru, Karnataka 560102",12.9120508,77.6482099,Bakery and Cake Shop,,Ci9DQUlRQUNvZENodHljRjlvT210Wk5tY3RSeko0VUd4bVJHOVpOWFEzWDFweWQxRRAB,Glen's Bakehouse (HSR Layout),Vedant Goyal,111727194045502914870,False,5,,0,9 months ago,
Glen's Bakehouse (HSR Layout),095137 34879,"2337, SECTOR 1, HSR Layout 17th Cross, 24th Main Rd, Bengaluru, Karnataka 560102",12.9120508,77.6482099,Bakery and Cake Shop,,Ci9DQUlRQUNvZENodHljRjlvT2psTVRtUmxkblU1YldOU2JIZG1NemxRWTBJeVZGRRAB,Glen's Bakehouse (HSR Layout),Nirup Prakash,106028935528800345321,True,5,,0,9 months ago,"{""dining_mode"": ""Dine in"", ""food"": 5, ""service_rating"": 5, ""atmosphere"": 5}"
Glen's Bakehouse (HSR Layout),095137 34879,"2337, SECTOR 1, HSR Layout 17th Cross, 24th Main Rd, Bengaluru, Karnataka 560102",12.9120508,77.6482099,Bakery and Cake Shop,,Ci9DQUlRQUNvZENodHljRjlvT2xVeE9XbFlNWEYwUm5aVU5FYzFTRkkwZEU1Tk9FRRAB,Glen's Bakehouse (HSR Layout),Vishal Sunil,105554881274972757255,False,5,,0,9 months ago,"{""food"": 5, ""service_rating"": 5, ""atmosphere"": 5}"
Glen's Bakehouse (HSR Layout),095137 34879,"2337, SECTOR 1, HSR Layout 17th Cross, 24th Main Rd, Bengaluru, Karnataka 560102",12.9120508,77.6482099,Bakery and Cake Shop,,Ci9DQUlRQUNvZENodHljRjlvT2tOTk5VWm5Sa0pYWmpOcE5raENlR0o1WDJodmFGRRAB,Glen's Bakehouse (HSR Layout),Ankit Mohapatra,117477465200986382396,False,5,,0,9 months ago,"{""dining_mode"": ""Dine in"", ""meal_type"": ""Dinner"", ""price_per_person"": ""₹400–600"", ""food"": 5, ""service_rating"": 5, ""atmosphere"": 5, ""noise_level"": ""Not sure""}"
Glen's Bakehouse (HSR Layout),095137 34879,"2337, SECTOR 1, HSR Layout 17th Cross, 24th Main Rd, Bengaluru, Karnataka 560102",12.9120508,77.6482099,Bakery and Cake Shop,,Ci9DQUlRQUNvZENodHljRjlvT2xndE5XVjFiMTkxYlMxUVZ6UmFUbE4wWVdjNWQzYxAB,Glen's Bakehouse (HSR Layout),Kiran TJ,116267070797554549096,True,3,Weekend over crowded,0,9 months ago,"{""food"": 3, ""service_rating"": 1, ""atmosphere"": 2}"
Glen's Bakehouse (HSR Layout),095137 34879,"2337, SECTOR 1, HSR Layout 17th Cross, 24th Main Rd, Bengaluru, Karnataka 560102",12.9120508,77.6482099,Bakery and Cake Shop,,Ci9DQUlRQUNvZENodHljRjlvT2xGM1dGSTFSSGQ2Y2w5WWRWTllVMnBSTTE5QmNuYxAB,Glen's Bakehouse (HSR Layout),Ashik Sadiq,112672742679743278150,False,4,"It was good. Only issue is with the network coverage. Bring cash, card or ask them for WiFi pwd.",0,9 months ago,"{""dining_mode"": ""Dine in"", ""meal_type"": ""Other"", ""price_per_person"": ""₹200–400"", ""food"": 4, ""service_rating"": 4, ""atmosphere"": 4, ""noise_level"": ""Quiet, easy to talk""}"
Glen's Bakehouse (HSR Layout),095137 34879,"2337, SECTOR 1, HSR Layout 17th Cross, 24th Main Rd, Bengaluru, Karnataka 560102",12.9120508,77.6482099,Bakery and Cake Shop,,Ci9DQUlRQUNvZENodHljRjlvT2s1QmRtRkpkbFJtWjFCRVUydHpYMnRUUVVwS1JYYxAB,Glen's Bakehouse (HSR Layout),Vikrant Sharma,106966153798821122737,True,3,,0,9 months ago,
Glen's Bakehouse (HSR Layout),095137 34879,"2337, SECTOR 1, HSR Layout 17th Cross, 24th Main Rd, Bengaluru, Karnataka 560102",12.9120508,77.6482099,Bakery and Cake Shop,,Ci9DQUlRQUNvZENodHljRjlvT2xaTWFqQm1ibmQ2ZEVsa2N6QXpUMlY2UjJaUk1uYxAB,Glen's Bakehouse (HSR Layout),Apoorv Saran,114506250595252143410,True,4,,0,9 months ago,"{""dining_mode"": ""Dine in"", ""meal_type"": ""Other"", ""price_per_person"": ""₹200–400"", ""food"": 5, ""service_rating"": 3, ""atmosphere"": 4, ""noise_level"": ""Quiet, easy to talk""}"
Glen's Bakehouse (HSR Layout),095137 34879,"2337, SECTOR 1, HSR Layout 17th Cross, 24th Main Rd, Bengaluru, Karnataka 560102",12.9120508,77.6482099,Bakery and Cake Shop,,Ci9DQUlRQUNvZENodHljRjlvT2xkc1RDMU5VRmN5WjBWSFRrMVVNRFJtY1RrME9VRRAB,Glen's Bakehouse (HSR Layout),sumegha agrawal,117478145337578297941,False,5,,0,9 months ago,"{""dining_mode"": ""Dine in"", ""meal_type"": ""Dinner"", ""price_per_person"": ""₹600–800"", ""food"": 5, ""service_rating"": 4, ""atmosphere"": 4, ""noise_level"": ""Moderate noise"", ""vegetarian_recommendation"": ""Somewhat recommend"", ""vegetarian_offerings"": ""Clearly labeled vegetarian dishes"", ""parking_space"": ""Difficult to find parking""}"
Glen's Bakehouse (HSR Layout),095137 34879,"2337, SECTOR 1, HSR Layout 17th Cross, 24th Main Rd, Bengaluru, Karnataka 560102",12.9120508,77.6482099,Bakery and Cake Shop,,Ci9DQUlRQUNvZENodHljRjlvT2pWTU5uWnpjRXRwVGtKWGRrVmxkMGhOWldaR05WRRAB,Glen's Bakehouse (HSR Layout),Jagadish M,108965886318506866672,True,5,Good one,0,9 months ago,"{""dining_mode"": ""Dine in"", ""meal_type"": ""Other"", ""price_per_person"": ""₹1,200–1,400"", ""food"": 4, ""service_rating"": 4, ""atmosphere"": 4, ""noise_level"": ""Quiet, easy to talk"", ""vegetarian_recommendation"": ""Somewhat recommend"", ""vegetarian_offerings"": ""Large vegetarian selection"", ""vegetarian_options"": ""Good veg option"", ""dietary_restrictions"": ""None"", ""parking_space"": ""Somewhat difficult to find parking"", ""parking_options"": ""Free street parking"", ""parking_notes"": ""Road side parking"", ""kid_friendliness"": ""Yes"", ""wheelchair_accessibility"": ""No""}"
Glen's Bakehouse (HSR Layout),095137 34879,"2337, SECTOR 1, HSR Layout 17th Cross, 24th Main Rd, Bengaluru, Karnataka 560102",12.9120508,77.6482099,Bakery and Cake Shop,,Ci9DQUlRQUNvZENodHljRjlvT2xNeFlqSnJiV3RNVWpRemVrWkRUbll4YTJrNFpsRRAB,Glen's Bakehouse (HSR Layout),Jafar Mujawar,117559846893727017690,True,4,"As always, the food was excellent, but the service remained poor and very slow. The chicken cream soup is a must-try.",0,9 months ago,"{""food"": 4, ""service_rating"": 2, ""atmosphere"": 4}"
Glen's Bakehouse (HSR Layout),095137 34879,"2337, SECTOR 1, HSR Layout 17th Cross, 24th Main Rd, Bengaluru, Karnataka 560102",12.9120508,77.6482099,Bakery and Cake Shop,,Ci9DQUlRQUNvZENodHljRjlvT2pKWlpEVlhVRlo1TkhsbVMzUkxRWEJDYWpoaFJXYxAB,Glen's Bakehouse (HSR Layout),ANISH SINGH,104808439992731836812,True,5,Wait is long but worth every second wait . So tasty food,0,9 months ago,"{""food"": 5, ""service_rating"": 4, ""atmosphere"": 5}"
Glen's Bakehouse (HSR Layout),095137 34879,"2337, SECTOR 1, HSR Layout 17th Cross, 24th Main Rd, Bengaluru, Karnataka 560102",12.9120508,77.6482099,Bakery and Cake Shop,,Ci9DQUlRQUNvZENodHljRjlvT213dE1qVk5WMGhsUzNGTVlXeHViRTFQY201RVowRRAB,Glen's Bakehouse (HSR Layout),yeswanth kumar,105908783157146500487,True,5,,0,9 months ago,"{""food"": 5, ""service_rating"": 5, ""atmosphere"": 5}"
Glen's Bakehouse (HSR Layout),095137 34879,"2337, SECTOR 1, HSR Layout 17th Cross, 24th Main Rd, Bengaluru, Karnataka 560102",12.9120508,77.6482099,Bakery and Cake Shop,,Ci9DQUlRQUNvZENodHljRjlvT2twVGRYZDJkamt6V1VOTVRubG5hekl3YUhkSFZHYxAB,Glen's Bakehouse (HSR Layout),Shalini Singh,108196883690052273503,True,4,"Nice ambience.... positive vibes...food was superb...ordered pesto chicken which was very delicious, also tried chicken tikka sandwich which was amazing, croissant was so soft.Red velvet cake is a must try.",0,9 months ago,
Glen's Bakehouse (HSR Layout),095137 34879,"2337, SECTOR 1, HSR Layout 17th Cross, 24th Main Rd, Bengaluru, Karnataka 560102",12.9120508,77.6482099,Bakery and Cake Shop,,Ci9DQUlRQUNvZENodHljRjlvT2tGMFpDMTBVbFJtV210SWJtOUplVmxpTjBobVgxRRAB,Glen's Bakehouse (HSR Layout),venky dme,105255821060886058576,False,5,,0,9 months ago,
Glen's Bakehouse (HSR Layout),095137 34879,"2337, SECTOR 1, HSR Layout 17th Cross, 24th Main Rd, Bengaluru, Karnataka 560102",12.9120508,77.6482099,Bakery and Cake Shop,,Ci9DQUlRQUNvZENodHljRjlvT2prMVpreDFOeTFZYlZoc09FcHhUVlJCZWpoNFJrRRAB,Glen's Bakehouse (HSR Layout),Aswin K,116163527786416753621,False,5,,0,9 months ago,"{""dining_mode"": ""Dine in"", ""meal_type"": ""Brunch"", ""price_per_person"": ""₹200–400"", ""food"": 5, ""service_rating"": 4, ""atmosphere"": 5, ""noise_level"": ""Quiet, easy to talk"", ""vegetarian_recommendation"": ""Not sure"", ""vegetarian_offerings"": ""Not sure"", ""parking_space"": ""Not sure"", ""parking_options"": ""Free street parking""}"
Glen's Bakehouse (HSR Layout),095137 34879,"2337, SECTOR 1, HSR Layout 17th Cross, 24th Main Rd, Bengaluru, Karnataka 560102",12.9120508,77.6482099,Bakery and Cake Shop,,Ci9DQUlRQUNvZENodHljRjlvT2tKbk5WRjJjbVpKZHpONFQzVlRZV1V6Y0ZSc1pYYxAB,Glen's Bakehouse (HSR Layout),Rajini P,105729456922734839553,True,5,So yummy cupcakes 🧁 😋 😍 💕 ❤️ and,0,9 months ago,"{""dining_mode"": ""Take out"", ""meal_type"": ""Brunch"", ""price_per_person"": ""₹1–200"", ""food"": 5, ""service_rating"": 5, ""atmosphere"": 5, ""noise_level"": ""Very quiet""}"
Glen's Bakehouse (HSR Layout),095137 34879,"2337, SECTOR 1, HSR Layout 17th Cross, 24th Main Rd, Bengaluru, Karnataka 560102",12.9120508,77.6482099,Bakery and Cake Shop,,Ci9DQUlRQUNvZENodHljRjlvT2xWSVUwZDNlVk5OWjJkdlJsSnZVak5VZGs1VE1tYxAB,Glen's Bakehouse (HSR Layout),Harshit Lahoti,115393781999889002559,True,5,,0,9 months ago,
Glen's Bakehouse (HSR Layout),095137 34879,"2337, SECTOR 1, HSR Layout 17th Cross, 24th Main Rd, Bengaluru, Karnataka 560102",12.9120508,77.6482099,Bakery and Cake Shop,,Ci9DQUlRQUNvZENodHljRjlvT2tOek1ERjFlVGQ0VEZkTlVYRnBSV0ozVUhaaVlXYxAB,Glen's Bakehouse (HSR Layout),Tamojit Dalal,117733687670647696845,False,4,,0,9 months ago,
Glen's Bakehouse (HSR Layout),095137 34879,"2337, SECTOR 1, HSR Layout 17th Cross, 24th Main Rd, Bengaluru, Karnataka 560102",12.9120508,77.6482099,Bakery and Cake Shop,,Ci9DQUlRQUNvZENodHljRjlvT2pKaU1IUTFYMEpVUVZwR2EwcEtZbkZxTWtoQ1IwRRAB,Glen's Bakehouse (HSR Layout),Prapti Gupta,111814039038068345816,True,3,,0,9 months ago,"{""dining_mode"": ""Dine in"", ""meal_type"": ""Other"", ""price_per_person"": ""₹600–800"", ""food"": 3, ""service_rating"": 3, ""atmosphere"": 3, ""noise_level"": ""Moderate noise""}"
Glen's Bakehouse (HSR Layout),095137 34879,"2337, SECTOR 1, HSR Layout 17th Cross, 24th Main Rd, Bengaluru, Karnataka 560102",12.9120508,77.6482099,Bakery and Cake Shop,,Ci9DQUlRQUNvZENodHljRjlvT25sdFoxVm9TVFZFZEMxRWIzbHFTa1ZrVkdRNVJXYxAB,Glen's Bakehouse (HSR Layout),Gunda Naveen,117153378420645171373,True,4,,0,10 months ago,"{""dining_mode"": ""Dine in"", ""meal_type"": ""Dinner"", ""price_per_person"": ""₹200–400"", ""food"": 4, ""service_rating"": 4, ""atmosphere"": 4, ""noise_level"": ""Quiet, easy to talk""}"
Glen's Bakehouse (HSR Layout),095137 34879,"2337, SECTOR 1, HSR Layout 17th Cross, 24th Main Rd, Bengaluru, Karnataka 560102",12.9120508,77.6482099,Bakery and Cake Shop,,Ci9DQUlRQUNvZENodHljRjlvT2xVMFFrUTVTRk13VTJndE0yd3RVa281Y2tkNWNXYxAB,Glen's Bakehouse (HSR Layout),merlin mary,108052564711070615785,True,5,,0,10 months ago,"{""dining_mode"": ""Dine in"", ""meal_type"": ""Lunch"", ""price_per_person"": ""₹600–800"", ""food"": 4, ""service_rating"": 5, ""atmosphere"": 5, ""noise_level"": ""Loud, but you can still talk"", ""vegetarian_recommendation"": ""Highly recommend"", ""vegetarian_offerings"": ""Large vegetarian selection"", ""parking_space"": ""Difficult to find parking"", ""parking_options"": ""Free street parking, Paid street parking""}"
Glen's Bakehouse (HSR Layout),095137 34879,"2337, SECTOR 1, HSR Layout 17th Cross, 24th Main Rd, Bengaluru, Karnataka 560102",12.9120508,77.6482099,Bakery and Cake Shop,,Ci9DQUlRQUNvZENodHljRjlvT25CcWMydDJaM1o2ZVRWNGFEbDNkbU5ZVFRsa01HYxAB,Glen's Bakehouse (HSR Layout),Milan Gowda,112122339829078520351,True,5,Love it here!,0,10 months ago,"{""food"": 5, ""service_rating"": 5, ""atmosphere"": 5}"
Glen's Bakehouse (HSR Layout),095137 34879,"2337, SECTOR 1, HSR Layout 17th Cross, 24th Main Rd, Bengaluru, Karnataka 560102",12.9120508,77.6482099,Bakery and Cake Shop,,Ci9DQUlRQUNvZENodHljRjlvT2tvNU9XbzVNVEEyZVdaYVdFMHROMWxYVjFwc1UyYxAB,Glen's Bakehouse (HSR Layout),Chethan Naidu,101020253421137027551,True,5,,0,10 months ago,"{""dining_mode"": ""Dine in"", ""meal_type"": ""Other"", ""price_per_person"": ""₹200–400"", ""food"": 5, ""service_rating"": 4, ""atmosphere"": 5, ""noise_level"": ""Moderate noise"", ""vegetarian_recommendation"": ""Somewhat recommend"", ""vegetarian_offerings"": ""Clearly labeled vegetarian dishes"", ""parking_space"": ""Somewhat difficult to find parking"", ""parking_options"": ""Free street parking""}"
Glen's Bakehouse (HSR Layout),095137 34879,"2337, SECTOR 1, HSR Layout 17th Cross, 24th Main Rd, Bengaluru, Karnataka 560102",12.9120508,77.6482099,Bakery and Cake Shop,,Ci9DQUlRQUNvZENodHljRjlvT210TlUzWmxkbTlUY0RneWJYWXhYMFZyZDFOcmJYYxAB,Glen's Bakehouse (HSR Layout),Romil Aggarwal,107945227990337081000,True,3,,0,10 months ago,"{""dining_mode"": ""Dine in"", ""meal_type"": ""Dinner"", ""price_per_person"": ""₹200–400"", ""food"": 2, ""service_rating"": 3, ""atmosphere"": 3, ""noise_level"": ""Quiet, easy to talk""}"
Glen's Bakehouse (HSR Layout),095137 34879,"2337, SECTOR 1, HSR Layout 17th Cross, 24th Main Rd, Bengaluru, Karnataka 560102",12.9120508,77.6482099,Bakery and Cake Shop,,Ci9DQUlRQUNvZENodHljRjlvT25NMVduUjBWRFpFT1hoTGRXSnFVVE5MYzNGaVkxRRAB,Glen's Bakehouse (HSR Layout),Rakesh kumar,101825415004697813492,False,5,,0,10 months ago,"{""food"": 5, ""service_rating"": 5, ""atmosphere"": 5}"
Glen's Bakehouse (HSR Layout),095137 34879,"2337, SECTOR 1, HSR Layout 17th Cross, 24th Main Rd, Bengaluru, Karnataka 560102",12.9120508,77.6482099,Bakery and Cake Shop,,Ci9DQUlRQUNvZENodHljRjlvT2xkQ2IyZzBRV1Z0YWpVd1RXNW5Yek5IUWxsUk5tYxAB,Glen's Bakehouse (HSR Layout),thara pandiyan,105453812869449332446,False,5,This is always my go to hangout place. I have tried almost all the dishes here everything is super delicious. The food is bit expensive but worth it.,0,10 months ago,"{""dining_mode"": ""Dine in"", ""meal_type"": ""Dinner"", ""price_per_person"": ""₹600–800"", ""food"": 5, ""service_rating"": 5, ""atmosphere"": 5, ""noise_level"": ""Very quiet""}"
Glen's Bakehouse (HSR Layout),095137 34879,"2337, SECTOR 1, HSR Layout 17th Cross, 24th Main Rd, Bengaluru, Karnataka 560102",12.9120508,77.6482099,Bakery and Cake Shop,,Ci9DQUlRQUNvZENodHljRjlvT214MWJFaFlZMDAwUXpSTUxWbFpOWGgxV1RsdVIxRRAB,Glen's Bakehouse (HSR Layout),Amit Meena,104440584461455815105,True,3,,0,10 months ago,"{""food"": 2, ""service_rating"": 4, ""atmosphere"": 4}"
Glen's Bakehouse (HSR Layout),095137 34879,"2337, SECTOR 1, HSR Layout 17th Cross, 24th Main Rd, Bengaluru, Karnataka 560102",12.9120508,77.6482099,Bakery and Cake Shop,,Ci9DQUlRQUNvZENodHljRjlvT2treFlreEplVVJaYURWNmVFRTRjVnB5TVRaVVRYYxAB,Glen's Bakehouse (HSR Layout),Pavan Kumar,101699301060702358352,True,5,,0,10 months ago,
Glen's Bakehouse (HSR Layout),095137 34879,"2337, SECTOR 1, HSR Layout 17th Cross, 24th Main Rd, Bengaluru, Karnataka 560102",12.9120508,77.6482099,Bakery and Cake Shop,,Ci9DQUlRQUNvZENodHljRjlvT2s1T1QweFBTMlJJZERBd2RVZHFOams1ZDJWR1UyYxAB,Glen's Bakehouse (HSR Layout),ARNAV SINGH,104202558149177830371,True,4,"Glen’s in HSR has a great atmosphere with comfortable seating, making it a nice spot to hang out. It can get quite crowded on weekends, which leads to long waiting times.  Must-try dishes include the Paneer Goes Mexican pizza, chocolate croissant, mini cupcakes and chocolate-filled donut, all of which were excellent. However, the service was very slow, and our order was even forgotten once.",0,10 months ago,"{""dining_mode"": ""Dine in"", ""meal_type"": ""Dinner"", ""price_per_person"": ""₹400–600"", ""food"": 5, ""service_rating"": 2, ""atmosphere"": 4, ""noise_level"": ""Loud, but you can still talk"", ""vegetarian_recommendation"": ""Highly recommend"", ""vegetarian_offerings"": ""Clearly labeled vegetarian dishes"", ""parking_space"": ""Difficult to find parking"", ""parking_options"": ""Free street parking""}"
Glen's Bakehouse (HSR Layout),095137 34879,"2337, SECTOR 1, HSR Layout 17th Cross, 24th Main Rd, Bengaluru, Karnataka 560102",12.9120508,77.6482099,Bakery and Cake Shop,,Ci9DQUlRQUNvZENodHljRjlvT25nNFpteGtkSFozVWtVdFZ6RkRPV3g2WkRFMVZVRRAB,Glen's Bakehouse (HSR Layout),Shashwat,113722764491971782387,True,5,,0,10 months ago,
Glen's Bakehouse (HSR Layout),095137 34879,"2337, SECTOR 1, HSR Layout 17th Cross, 24th Main Rd, Bengaluru, Karnataka 560102",12.9120508,77.6482099,Bakery and Cake Shop,,Ci9DQUlRQUNvZENodHljRjlvT25WaVNDMXdWVVJLVVVreUxVSjJVM1JGVEc1Rk4zYxAB,Glen's Bakehouse (HSR Layout),Devendra Parhate,111920678562441043237,True,4,,0,10 months ago,"{""price_per_person"": ""₹200–400"", ""food"": 5, ""service_rating"": 4, ""atmosphere"": 5}"
Glen's Bakehouse (HSR Layout),095137 34879,"2337, SECTOR 1, HSR Layout 17th Cross, 24th Main Rd, Bengaluru, Karnataka 560102",12.9120508,77.6482099,Bakery and Cake Shop,,Ci9DQUlRQUNvZENodHljRjlvT2pWWVVVTkxPVFkzWm1OSmVGYzBNRkF3TVZNdFNtYxAB,Glen's Bakehouse (HSR Layout),Deepika naik Deepika naik,117020611801110658678,False,4,,0,10 months ago,"{""food"": 4, ""service_rating"": 4, ""atmosphere"": 5}"
Glen's Bakehouse (HSR Layout),095137 34879,"2337, SECTOR 1, HSR Layout 17th Cross, 24th Main Rd, Bengaluru, Karnataka 560102",12.9120508,77.6482099,Bakery and Cake Shop,,Ci9DQUlRQUNvZENodHljRjlvT2xsS1MyZHVaRXAwTTJWVVQwZzRVRTlDUlhaRU9HYxAB,Glen's Bakehouse (HSR Layout),Chirag Jain,105716192975482793305,True,4,,0,10 months ago,"{""dining_mode"": ""Dine in"", ""meal_type"": ""Dinner"", ""price_per_person"": ""₹1,000–1,200"", ""food"": 5, ""service_rating"": 4, ""atmosphere"": 4, ""noise_level"": ""Loud, but you can still talk""}"
Glen's Bakehouse (HSR Layout),095137 34879,"2337, SECTOR 1, HSR Layout 17th Cross, 24th Main Rd, Bengaluru, Karnataka 560102",12.9120508,77.6482099,Bakery and Cake Shop,,Ci9DQUlRQUNvZENodHljRjlvT2kxT1l5MHRha0pFUTBoTWRrNW5aMWxCYUVReU1VRRAB,Glen's Bakehouse (HSR Layout),Ravi Kumar,109504777255763173950,True,5,,0,10 months ago,"{""dining_mode"": ""Dine in"", ""meal_type"": ""Dinner"", ""price_per_person"": ""₹800–1,000"", ""food"": 4, ""service_rating"": 5, ""atmosphere"": 5, ""noise_level"": ""Quiet, easy to talk""}"
Glen's Bakehouse (HSR Layout),095137 34879,"2337, SECTOR 1, HSR Layout 17th Cross, 24th Main Rd, Bengaluru, Karnataka 560102",12.9120508,77.6482099,Bakery and Cake Shop,,Ci9DQUlRQUNvZENodHljRjlvT2s5YWJETmFURFZLZGpKR2RtRkphbUphUjBSdlUzYxAB,Glen's Bakehouse (HSR Layout),Jibin Jose,104287081157467762260,True,5,Love the cupcakes especially the mini cupcakes. Burger is also good. Peaceful ambience.,0,10 months ago,"{""dining_mode"": ""Dine in"", ""meal_type"": ""Brunch"", ""price_per_person"": ""₹200–400"", ""food"": 5, ""service_rating"": 4, ""atmosphere"": 5, ""noise_level"": ""Very quiet"", ""parking_space"": ""Difficult to find parking"", ""parking_options"": ""Free street parking""}"
Glen's Bakehouse (HSR Layout),095137 34879,"2337, SECTOR 1, HSR Layout 17th Cross, 24th Main Rd, Bengaluru, Karnataka 560102",12.9120508,77.6482099,Bakery and Cake Shop,,Ci9DQUlRQUNvZENodHljRjlvT21Ka1dtMXJkMFo1ZDFaNGVUaEtNVEpRUkY5VVprRRAB,Glen's Bakehouse (HSR Layout),Satwik Gudla,111526013635740371633,True,5,,0,10 months ago,"{""price_per_person"": ""₹600–800"", ""food"": 5, ""service_rating"": 5, ""atmosphere"": 5}"
Glen's Bakehouse (HSR Layout),095137 34879,"2337, SECTOR 1, HSR Layout 17th Cross, 24th Main Rd, Bengaluru, Karnataka 560102",12.9120508,77.6482099,Bakery and Cake Shop,,Ci9DQUlRQUNvZENodHljRjlvT21aRmFVSnVaekV5WTFabVUwNUpNa3hsVVdVNGQwRRAB,Glen's Bakehouse (HSR Layout),Shridhar R,105341169541649797840,False,5,So very nice,0,10 months ago,"{""dining_mode"": ""Take out"", ""meal_type"": ""Lunch"", ""price_per_person"": ""₹400–600"", ""food"": 5, ""service_rating"": 5, ""atmosphere"": 5, ""noise_level"": ""Very quiet"", ""vegetarian_recommendation"": ""Highly recommend"", ""vegetarian_offerings"": ""Large vegetarian selection""}"
Glen's Bakehouse (HSR Layout),095137 34879,"2337, SECTOR 1, HSR Layout 17th Cross, 24th Main Rd, Bengaluru, Karnataka 560102",12.9120508,77.6482099,Bakery and Cake Shop,,Ci9DQUlRQUNvZENodHljRjlvT25OblNUTXpkMnRvVEZWcVkyaFVVWGxKWjBsSmRFRRAB,Glen's Bakehouse (HSR Layout),Mathews Joseph P,118216800763209033841,True,4,The food and pastries were good with quality service. Liked the architecture and the people dealing with the customers.,0,10 months ago,"{""dining_mode"": ""Dine in"", ""meal_type"": ""Dinner"", ""price_per_person"": ""₹800–1,000"", ""food"": 4, ""service_rating"": 4, ""atmosphere"": 4, ""noise_level"": ""Moderate noise""}"
Glen's Bakehouse (HSR Layout),095137 34879,"2337, SECTOR 1, HSR Layout 17th Cross, 24th Main Rd, Bengaluru, Karnataka 560102",12.9120508,77.6482099,Bakery and Cake Shop,,Ci9DQUlRQUNvZENodHljRjlvT2pWTVNEWTJkR1V4VURCMVQzbFFXRmt5UkVoek5tYxAB,Glen's Bakehouse (HSR Layout),Anoop Patel,117987203815732246642,True,4,,0,10 months ago,
Glen's Bakehouse (HSR Layout),095137 34879,"2337, SECTOR 1, HSR Layout 17th Cross, 24th Main Rd, Bengaluru, Karnataka 560102",12.9120508,77.6482099,Bakery and Cake Shop,,Ci9DQUlRQUNvZENodHljRjlvT21KaVZqUnRPRFZpUjNweE5UZFFUalZwUW01Sk5VRRAB,Glen's Bakehouse (HSR Layout),Raja Varma,116226666145026668807,True,4,,0,10 months ago,"{""dining_mode"": ""Dine in"", ""meal_type"": ""Other"", ""price_per_person"": ""₹400–600"", ""food"": 5, ""service_rating"": 4, ""atmosphere"": 4, ""noise_level"": ""Quiet, easy to talk""}"
Glen's Bakehouse (HSR Layout),095137 34879,"2337, SECTOR 1, HSR Layout 17th Cross, 24th Main Rd, Bengaluru, Karnataka 560102",12.9120508,77.6482099,Bakery and Cake Shop,,Ci9DQUlRQUNvZENodHljRjlvT2pWalRtdEdZMGxYVkdWdWRGa3pkekZ5VlRaeE5sRRAB,Glen's Bakehouse (HSR Layout),Nami Parkawan,115380633444975769272,True,5,,0,10 months ago,"{""dining_mode"": ""Dine in"", ""meal_type"": ""Breakfast"", ""price_per_person"": ""₹400–600"", ""food"": 5, ""service_rating"": 5, ""atmosphere"": 5, ""noise_level"": ""Quiet, easy to talk"", ""vegetarian_recommendation"": ""Not sure"", ""vegetarian_offerings"": ""Vegetarian menu or section"", ""parking_space"": ""Somewhat difficult to find parking"", ""kid_friendliness"": ""Yes""}"
Glen's Bakehouse (HSR Layout),095137 34879,"2337, SECTOR 1, HSR Layout 17th Cross, 24th Main Rd, Bengaluru, Karnataka 560102",12.9120508,77.6482099,Bakery and Cake Shop,,Ci9DQUlRQUNvZENodHljRjlvT2toTGNFaFFRbFZLVldKVUxVcFlSRnBuVVVGZlkyYxAB,Glen's Bakehouse (HSR Layout),Ashwathi Ganesh,113684104631081014182,True,2,The cakes are spoilt when you go in the night. When we spoke to one of the staff members they said they cannot do anything about it and we had to pay for it. Bad service as they did not care to replace the spoiled food either.,0,10 months ago,
Glen's Bakehouse (HSR Layout),095137 34879,"2337, SECTOR 1, HSR Layout 17th Cross, 24th Main Rd, Bengaluru, Karnataka 560102",12.9120508,77.6482099,Bakery and Cake Shop,,Ci9DQUlRQUNvZENodHljRjlvT21Wc1ZtbFBVVVpwYUhkeGFIcEhNMjh6ZUdGZlNuYxAB,Glen's Bakehouse (HSR Layout),Swaliha Abdu Rahim,112302293915328483533,False,2,"The macaron was hard, and the waiter was rude. He didn’t bring us water when we asked—we had to ask two or three times before he finally did. When we complained about the macaron, he dismissed it by saying he wasn’t the person to speak to about it.",0,10 months ago,"{""dining_mode"": ""Dine in"", ""meal_type"": ""Other"", ""food"": 2, ""service_rating"": 1, ""atmosphere"": 2, ""noise_level"": ""Loud, but you can still talk""}"
Glen's Bakehouse (HSR Layout),095137 34879,"2337, SECTOR 1, HSR Layout 17th Cross, 24th Main Rd, Bengaluru, Karnataka 560102",12.9120508,77.6482099,Bakery and Cake Shop,,Ci9DQUlRQUNvZENodHljRjlvT21sbmR6UnFSM1p1V25OblpHdFBTbVF6TjFKVlZVRRAB,Glen's Bakehouse (HSR Layout),Raghvandra Yadav,110439864833773194711,True,1,Very Limited range of cakes ! Overhyped ! Whatever flavour you want mostly unavailable!,0,10 months ago,"{""food"": 1, ""service_rating"": 1, ""atmosphere"": 4}"
Glen's Bakehouse (HSR Layout),095137 34879,"2337, SECTOR 1, HSR Layout 17th Cross, 24th Main Rd, Bengaluru, Karnataka 560102",12.9120508,77.6482099,Bakery and Cake Shop,,Ci9DQUlRQUNvZENodHljRjlvT25sMFJIZFFhRWxuT1hKMVVXSTNSa0pFWTFkdGNGRRAB,Glen's Bakehouse (HSR Layout),rithik sharma,101400010997699072762,False,5,,0,10 months ago,
Glen's Bakehouse (HSR Layout),095137 34879,"2337, SECTOR 1, HSR Layout 17th Cross, 24th Main Rd, Bengaluru, Karnataka 560102",12.9120508,77.6482099,Bakery and Cake Shop,,Ci9DQUlRQUNvZENodHljRjlvT25jMFlrczRjRmh3YkhaNlZVOUJWamR3VkhNNExVRRAB,Glen's Bakehouse (HSR Layout),ashutosh sengar,102876848345950740897,False,4,Nice steaks,0,10 months ago,"{""food"": 5, ""service_rating"": 4, ""atmosphere"": 4}"
Glen's Bakehouse (HSR Layout),095137 34879,"2337, SECTOR 1, HSR Layout 17th Cross, 24th Main Rd, Bengaluru, Karnataka 560102",12.9120508,77.6482099,Bakery and Cake Shop,,Ci9DQUlRQUNvZENodHljRjlvT2xaNGFEaFROREJ1VDBKdFJVZG1XR2R3TFhWcGQzYxAB,Glen's Bakehouse (HSR Layout),Anna Singh,100659224111472050388,True,5,,0,10 months ago,
Glen's Bakehouse (HSR Layout),095137 34879,"2337, SECTOR 1, HSR Layout 17th Cross, 24th Main Rd, Bengaluru, Karnataka 560102",12.9120508,77.6482099,Bakery and Cake Shop,,Ci9DQUlRQUNvZENodHljRjlvT2kxVGRFSkxTMVJqU0VSbk5VUlBOWEkyZEhGUFVtYxAB,Glen's Bakehouse (HSR Layout),Vikram Morey,104581362440176691775,True,4,,0,10 months ago,
Glen's Bakehouse (HSR Layout),095137 34879,"2337, SECTOR 1, HSR Layout 17th Cross, 24th Main Rd, Bengaluru, Karnataka 560102",12.9120508,77.6482099,Bakery and Cake Shop,,ChZDSUhNMG9nS0VNdlluWjdBaW9UdWZREAE,Glen's Bakehouse (HSR Layout),Rohan pandit,102219674667457487974,True,5,,0,10 months ago,"{""dining_mode"": ""Take out"", ""food"": 5, ""service_rating"": 1, ""atmosphere"": 2}"
Glen's Bakehouse (HSR Layout),095137 34879,"2337, SECTOR 1, HSR Layout 17th Cross, 24th Main Rd, Bengaluru, Karnataka 560102",12.9120508,77.6482099,Bakery and Cake Shop,,ChdDSUhNMG9nS0VNU0EzdC1MNmNPX2d3RRAB,Glen's Bakehouse (HSR Layout),ARUN KUMAR G,102192275874699122407,True,5,,0,10 months ago,
Glen's Bakehouse (HSR Layout),095137 34879,"2337, SECTOR 1, HSR Layout 17th Cross, 24th Main Rd, Bengaluru, Karnataka 560102",12.9120508,77.6482099,Bakery and Cake Shop,,ChdDSUhNMG9nS0VPajloTl9ZazcyY3JnRRAB,Glen's Bakehouse (HSR Layout),Harshita Agrawal,101753567671839935820,False,5,,0,10 months ago,"{""food"": 5, ""service_rating"": 5, ""atmosphere"": 5}"
Glen's Bakehouse (HSR Layout),095137 34879,"2337, SECTOR 1, HSR Layout 17th Cross, 24th Main Rd, Bengaluru, Karnataka 560102",12.9120508,77.6482099,Bakery and Cake Shop,,ChZDSUhNMG9nS0VKcmp3YlRNbE9IcVNREAE,Glen's Bakehouse (HSR Layout),Hitesh Yadav,108395865590191295064,True,1,"This was the worst experience I had at any of the Glen’s Bakehouse. The chocolate croissant I ordered was unbelievably hard, you can’t chew it without hurting your gums. The waiter kept giving me attitude because the cup he brought coffee in was stained and wasn’t clean and I asked to replace it. Well, after that he kept giving me side looks, didn’t entertain me even after repeated calling him.",0,10 months ago,"{""dining_mode"": ""Dine in"", ""food"": 1, ""service_rating"": 1, ""atmosphere"": 3}"
Glen's Bakehouse (HSR Layout),095137 34879,"2337, SECTOR 1, HSR Layout 17th Cross, 24th Main Rd, Bengaluru, Karnataka 560102",12.9120508,77.6482099,Bakery and Cake Shop,,ChZDSUhNMG9nS0VJQ0FnSUNucHRHMFB3EAE,Glen's Bakehouse (HSR Layout),Tonmoy Borah,116975789203081812569,True,1,"Good food, good atmosphere but very very bad service. The staff is lazy and inefficient. Even with just a few people they take forever to bring your food. This is not acceptable in HSR when compared to service in other restaurants",0,Edited 10 months ago,"{""food"": 4, ""service_rating"": 1, ""atmosphere"": 4}"
Glen's Bakehouse (HSR Layout),095137 34879,"2337, SECTOR 1, HSR Layout 17th Cross, 24th Main Rd, Bengaluru, Karnataka 560102",12.9120508,77.6482099,Bakery and Cake Shop,,ChZDSUhNMG9nS0VJVzB2NHZzMzhUX0p3EAE,Glen's Bakehouse (HSR Layout),Devarakonda Hemanthkumar,104113181300622451072,True,5,,0,10 months ago,"{""dining_mode"": ""Dine in"", ""meal_type"": ""Dinner"", ""price_per_person"": ""₹1,400–1,600"", ""food"": 5, ""service_rating"": 5, ""atmosphere"": 5}"
Glen's Bakehouse (HSR Layout),095137 34879,"2337, SECTOR 1, HSR Layout 17th Cross, 24th Main Rd, Bengaluru, Karnataka 560102",12.9120508,77.6482099,Bakery and Cake Shop,,ChZDSUhNMG9nS0VPS0VoTi1iN09tUVpREAE,Glen's Bakehouse (HSR Layout),Manoj K,103761856507315690640,True,3,,0,Edited 10 months ago,"{""dining_mode"": ""Dine in"", ""meal_type"": ""Other"", ""price_per_person"": ""₹200–400"", ""food"": 4, ""service_rating"": 3, ""atmosphere"": 3, ""recommended_dishes"": ""Red Velvet Cupcake Eggless""}"
Glen's Bakehouse (HSR Layout),095137 34879,"2337, SECTOR 1, HSR Layout 17th Cross, 24th Main Rd, Bengaluru, Karnataka 560102",12.9120508,77.6482099,Bakery and Cake Shop,,Ci9DQUlRQUNvZENodHljRjlvT2pCcGNXaFNWWFJHVlRKbU5VUTNlall3T0VGRFpIYxAB,Glen's Bakehouse (HSR Layout),Rishik,115406931315572089556,True,2,"The room echoes a lot , my head hurts, food is good",0,10 months ago,"{""dining_mode"": ""Dine in"", ""meal_type"": ""Dinner"", ""price_per_person"": ""₹200–400"", ""food"": 3, ""service_rating"": 3, ""atmosphere"": 2}"
Glen's Bakehouse (HSR Layout),095137 34879,"2337, SECTOR 1, HSR Layout 17th Cross, 24th Main Rd, Bengaluru, Karnataka 560102",12.9120508,77.6482099,Bakery and Cake Shop,,ChZDSUhNMG9nS0VJZXJuZVRKNDk3M09nEAE,Glen's Bakehouse (HSR Layout),Vishmita Shetty,100306605527939063073,False,5,,0,10 months ago,
Glen's Bakehouse (HSR Layout),095137 34879,"2337, SECTOR 1, HSR Layout 17th Cross, 24th Main Rd, Bengaluru, Karnataka 560102",12.9120508,77.6482099,Bakery and Cake Shop,,ChZDSUhNMG9nS0VLaUw0LTc2emFIMVh3EAE,Glen's Bakehouse (HSR Layout),Rupali Sharma,117367076438206962586,True,4,,0,10 months ago,"{""meal_type"": ""Lunch"", ""price_per_person"": ""₹400–600"", ""food"": 4, ""service_rating"": 3, ""atmosphere"": 4}"
Glen's Bakehouse (HSR Layout),095137 34879,"2337, SECTOR 1, HSR Layout 17th Cross, 24th Main Rd, Bengaluru, Karnataka 560102",12.9120508,77.6482099,Bakery and Cake Shop,,ChdDSUhNMG9nS0VNWHB5YnJ0NDh1cGtRRRAB,Glen's Bakehouse (HSR Layout),S Raju Chanda,102589136853944757068,False,5,,0,10 months ago,"{""food"": 5, ""service_rating"": 5, ""atmosphere"": 5}"
Glen's Bakehouse (HSR Layout),095137 34879,"2337, SECTOR 1, HSR Layout 17th Cross, 24th Main Rd, Bengaluru, Karnataka 560102",12.9120508,77.6482099,Bakery and Cake Shop,,ChdDSUhNMG9nS0VLYjZpOFNGMS1xYThBRRAB,Glen's Bakehouse (HSR Layout),Prateek Aswal,107572227654123562167,False,5,,0,10 months ago,"{""dining_mode"": ""Dine in"", ""meal_type"": ""Dinner"", ""price_per_person"": ""₹200–400"", ""food"": 5, ""service_rating"": 4, ""atmosphere"": 5, ""noise_level"": ""Quiet, easy to talk""}"
Glen's Bakehouse (HSR Layout),095137 34879,"2337, SECTOR 1, HSR Layout 17th Cross, 24th Main Rd, Bengaluru, Karnataka 560102",12.9120508,77.6482099,Bakery and Cake Shop,,ChZDSUhNMG9nS0VOMkJrNHlIelpfQ2ZREAE,Glen's Bakehouse (HSR Layout),Jenny sahni,111090804923298112223,True,5,,0,10 months ago,"{""dining_mode"": ""Dine in"", ""meal_type"": ""Dinner"", ""price_per_person"": ""₹200–400"", ""food"": 4, ""service_rating"": 5, ""atmosphere"": 5, ""noise_level"": ""Moderate noise""}"
Glen's Bakehouse (HSR Layout),095137 34879,"2337, SECTOR 1, HSR Layout 17th Cross, 24th Main Rd, Bengaluru, Karnataka 560102",12.9120508,77.6482099,Bakery and Cake Shop,,ChdDSUhNMG9nS0VQSGEtYWFnbk42b3VRRRAB,Glen's Bakehouse (HSR Layout),Pranav Sreerama,107106926724498893334,True,1,Food to cost ratio very high. Not worth.,0,10 months ago,"{""dining_mode"": ""Dine in"", ""meal_type"": ""Breakfast"", ""price_per_person"": ""₹600–800"", ""food"": 1, ""service_rating"": 1, ""atmosphere"": 1}"
Glen's Bakehouse (HSR Layout),095137 34879,"2337, SECTOR 1, HSR Layout 17th Cross, 24th Main Rd, Bengaluru, Karnataka 560102",12.9120508,77.6482099,Bakery and Cake Shop,,ChZDSUhNMG9nS0VJS1NzSXYtOVlLeEVBEAE,Glen's Bakehouse (HSR Layout),Diya Roy,104094082469307925674,True,5,"it's a cute place, Really good desserts...apple pie, some lavendar cake, cheesecake all good choices...I've had cinnamon roll before, didn't like it much",0,11 months ago,"{""meal_type"": ""Other"", ""price_per_person"": ""₹1–200"", ""food"": 4, ""service_rating"": 4, ""atmosphere"": 3, ""wait_time"": ""No wait""}"
Glen's Bakehouse (HSR Layout),095137 34879,"2337, SECTOR 1, HSR Layout 17th Cross, 24th Main Rd, Bengaluru, Karnataka 560102",12.9120508,77.6482099,Bakery and Cake Shop,,Ci9DQUlRQUNvZENodHljRjlvT21GS1ZGbFNXRjh0T1hRdE56QlRiV2xXZVdWRlVYYxAB,Glen's Bakehouse (HSR Layout),Kevin M.T,112554010805196383857,True,4,,0,11 months ago,"{""dining_mode"": ""Dine in"", ""meal_type"": ""Other"", ""price_per_person"": ""₹1–200"", ""food"": 4, ""service_rating"": 4, ""atmosphere"": 4, ""wait_time"": ""No wait""}"
Glen's Bakehouse (HSR Layout),095137 34879,"2337, SECTOR 1, HSR Layout 17th Cross, 24th Main Rd, Bengaluru, Karnataka 560102",12.9120508,77.6482099,Bakery and Cake Shop,,ChdDSUhNMG9nS0VLYXByXzJEbnJPc25RRRAB,Glen's Bakehouse (HSR Layout),Anupama Sivan,107311199350989136242,True,5,,0,11 months ago,"{""food"": 5, ""service_rating"": 5, ""atmosphere"": 5}"
Glen's Bakehouse (HSR Layout),095137 34879,"2337, SECTOR 1, HSR Layout 17th Cross, 24th Main Rd, Bengaluru, Karnataka 560102",12.9120508,77.6482099,Bakery and Cake Shop,,ChZDSUhNMG9nS0VOLV9oT3ZvejVIaWJBEAE,Glen's Bakehouse (HSR Layout),Khushbu Parikh,112587819844781139199,True,4,,0,11 months ago,"{""meal_type"": ""Other"", ""price_per_person"": ""₹400–600"", ""food"": 4, ""service_rating"": 3, ""atmosphere"": 4, ""group_size"": ""3-4 people""}"
Glen's Bakehouse (HSR Layout),095137 34879,"2337, SECTOR 1, HSR Layout 17th Cross, 24th Main Rd, Bengaluru, Karnataka 560102",12.9120508,77.6482099,Bakery and Cake Shop,,ChZDSUhNMG9nS0VJdjk4TzNRXzVPcEh3EAE,Glen's Bakehouse (HSR Layout),Poras Srivastava,100422115718763712691,False,3,,0,11 months ago,
Glen's Bakehouse (HSR Layout),095137 34879,"2337, SECTOR 1, HSR Layout 17th Cross, 24th Main Rd, Bengaluru, Karnataka 560102",12.9120508,77.6482099,Bakery and Cake Shop,,ChZDSUhNMG9nS0VJak1vdjJoaHBfdlJBEAE,Glen's Bakehouse (HSR Layout),MaNoj pyr,114656560459230070627,False,5,👍❤️,0,11 months ago,
Glen's Bakehouse (HSR Layout),095137 34879,"2337, SECTOR 1, HSR Layout 17th Cross, 24th Main Rd, Bengaluru, Karnataka 560102",12.9120508,77.6482099,Bakery and Cake Shop,,ChdDSUhNMG9nS0VLRGQzcF9RN1AyWjN3RRAB,Glen's Bakehouse (HSR Layout),Mohammed Rj,101993052637587589403,True,4,,0,11 months ago,"{""dining_mode"": ""Dine in"", ""meal_type"": ""Dinner"", ""price_per_person"": ""₹600–800"", ""food"": 4, ""service_rating"": 4, ""atmosphere"": 5, ""parking_space"": ""Difficult to find parking""}"
Glen's Bakehouse (HSR Layout),095137 34879,"2337, SECTOR 1, HSR Layout 17th Cross, 24th Main Rd, Bengaluru, Karnataka 560102",12.9120508,77.6482099,Bakery and Cake Shop,,ChZDSUhNMG9nS0VJQ0FnSURIaU1HV2J3EAE,Glen's Bakehouse (HSR Layout),CA Swastika sharma,107362279544169708901,True,5,Chocolate croissant is must try,0,Edited 11 months ago,"{""dining_mode"": ""Dine in"", ""meal_type"": ""Dinner"", ""price_per_person"": ""₹200–400"", ""food"": 5, ""service_rating"": 5, ""atmosphere"": 5, ""recommended_dishes"": ""Mini Cupcakes and Tarts, Chicken Lasagna""}"
Glen's Bakehouse (HSR Layout),095137 34879,"2337, SECTOR 1, HSR Layout 17th Cross, 24th Main Rd, Bengaluru, Karnataka 560102",12.9120508,77.6482099,Bakery and Cake Shop,,ChdDSUhNMG9nS0VJWDlnX0Rva1BlZTBRRRAB,Glen's Bakehouse (HSR Layout),Ravi Varma,103580777667421219285,True,4,,0,11 months ago,"{""dining_mode"": ""Dine in"", ""meal_type"": ""Dinner"", ""price_per_person"": ""₹600–800"", ""food"": 4, ""service_rating"": 4, ""atmosphere"": 4, ""recommended_dishes"": ""Chicken Lasagna, Donuts, Croissant Sandwich"", ""vegetarian_recommendation"": ""Not sure"", ""vegetarian_offerings"": ""Not sure"", ""parking_space"": ""Somewhat difficult to find parking"", ""parking_options"": ""Free street parking""}"
Glen's Bakehouse (HSR Layout),095137 34879,"2337, SECTOR 1, HSR Layout 17th Cross, 24th Main Rd, Bengaluru, Karnataka 560102",12.9120508,77.6482099,Bakery and Cake Shop,,ChdDSUhNMG9nS0VJSEY2ZXpQcm96VzdBRRAB,Glen's Bakehouse (HSR Layout),amit singh,111313769451282597357,True,4,Overall it was decent. I would prefer their desserts.,0,11 months ago,"{""food"": 4, ""service_rating"": 3, ""atmosphere"": 4}"
Glen's Bakehouse (HSR Layout),095137 34879,"2337, SECTOR 1, HSR Layout 17th Cross, 24th Main Rd, Bengaluru, Karnataka 560102",12.9120508,77.6482099,Bakery and Cake Shop,,ChdDSUhNMG9nS0VKV3Q3c0tOMTRUXy13RRAB,Glen's Bakehouse (HSR Layout),Puja,108550926551879076540,False,5,,0,11 months ago,"{""dining_mode"": ""Take out"", ""meal_type"": ""Other"", ""price_per_person"": ""₹200–400"", ""food"": 4}"
Glen's Bakehouse (HSR Layout),095137 34879,"2337, SECTOR 1, HSR Layout 17th Cross, 24th Main Rd, Bengaluru, Karnataka 560102",12.9120508,77.6482099,Bakery and Cake Shop,,ChZDSUhNMG9nS0VJQ0FnSUMxX2IyZFR3EAE,Glen's Bakehouse (HSR Layout),Akshaya Vijayan,106344726119540434311,True,4,"Tried Chocolate Mini Tart❤️❤️, Coffee Mini Tart ❤️, Caramel Mini Tart, Toffee Mini Tart, Mini Cupcakes, Vanilla filled Donut, Caramel filled Donut❤️❤️, MushroomCheese, Signature cheese, PeriPeriChickenFinger❤️, PotatoWedges, GermanChocolate♥️, ChickenCroissant❤️, Almond CrustedChickenStrips❤️, Chicken Roll, Rainbow cake, Chocolate Truffle...  Caramel filled Donut & Chocolate Mini Tart are must try 🤩... Awesome ambience😍...  Want to try Pizza options & English breakfast.. Will visit again..👍",0,Edited 11 months ago,"{""dining_mode"": ""Dine in"", ""food"": 4, ""service_rating"": 4, ""atmosphere"": 5}"
Glen's Bakehouse (HSR Layout),095137 34879,"2337, SECTOR 1, HSR Layout 17th Cross, 24th Main Rd, Bengaluru, Karnataka 560102",12.9120508,77.6482099,Bakery and Cake Shop,,ChZDSUhNMG9nS0VNeS0tNjJYdnJPNUZBEAE,Glen's Bakehouse (HSR Layout),Utkarsh Awasthi,109751929948299995148,False,4,,0,11 months ago,"{""food"": 4, ""service_rating"": 4, ""atmosphere"": 4}"
Glen's Bakehouse (HSR Layout),095137 34879,"2337, SECTOR 1, HSR Layout 17th Cross, 24th Main Rd, Bengaluru, Karnataka 560102",12.9120508,77.6482099,Bakery and Cake Shop,,ChdDSUhNMG9nS0VNNjA2dFdZLVlXYnd3RRAB,Glen's Bakehouse (HSR Layout),Ridographerr,116749447346506568770,True,2,"This place is so overrated!  It was awful.  The tea and coffee were both bad. The pancake was alright, the cinnamon roll was good, but the atmosphere was just okay.  Service was super slow, they acted like they were doing us a huge favor.  I told them the tea was bad, and they didn't even care.",0,11 months ago,"{""dining_mode"": ""Dine in"", ""meal_type"": ""Other"", ""price_per_person"": ""₹600–800"", ""food"": 2, ""service_rating"": 2, ""atmosphere"": 2, ""noise_level"": ""Loud, but you can still talk""}"
Glen's Bakehouse (HSR Layout),095137 34879,"2337, SECTOR 1, HSR Layout 17th Cross, 24th Main Rd, Bengaluru, Karnataka 560102",12.9120508,77.6482099,Bakery and Cake Shop,,ChZDSUhNMG9nS0VMSHdsZmJBcE56MmFnEAE,Glen's Bakehouse (HSR Layout),Dhananjay Patil,100292951787503546840,False,5,The place is exquisite.. the tiramisu and chicken seekh puff is a must have,0,11 months ago,"{""dining_mode"": ""Dine in"", ""meal_type"": ""Other"", ""price_per_person"": ""₹1,000–1,200"", ""food"": 5, ""service_rating"": 5, ""atmosphere"": 5, ""noise_level"": ""Quiet, easy to talk""}"
Glen's Bakehouse (HSR Layout),095137 34879,"2337, SECTOR 1, HSR Layout 17th Cross, 24th Main Rd, Bengaluru, Karnataka 560102",12.9120508,77.6482099,Bakery and Cake Shop,,ChZDSUhNMG9nS0VQSGZ6SnZQOU1UOGJnEAE,Glen's Bakehouse (HSR Layout),The Bluespirit,104643917476821684423,True,5,"Glen's Bakehouse in HSR Layout is a cozy, charming spot that delights with both its ambience and freshly baked treats. The place has a warm, inviting vibe—perfect for a relaxed coffee break, casual meet-up, or quiet solo time. Their range of baked goods, from soft croissants to rich cheesecakes and perfectly brewed coffee, showcases real passion for quality. Everything feels homemade with a touch of finesse. The staff is friendly, and the service is quick without compromising on care. One area to improve would be the promptness of waiter responses during busy hours. Overall, a hidden gem for bakery lovers and anyone looking for a peaceful bite in the city.",0,11 months ago,"{""dining_mode"": ""Dine in"", ""meal_type"": ""Other"", ""price_per_person"": ""₹400–600"", ""food"": 5, ""service_rating"": 5, ""atmosphere"": 5, ""noise_level"": ""Quiet, easy to talk"", ""vegetarian_recommendation"": ""Highly recommend"", ""vegetarian_offerings"": ""Clearly labeled vegetarian dishes"", ""dietary_restrictions"": ""No"", ""parking_space"": ""Plenty of parking"", ""parking_options"": ""Free parking lot"", ""kid_friendliness"": ""Yes"", ""wheelchair_accessibility"": ""Not really""}"
Glen's Bakehouse (HSR Layout),095137 34879,"2337, SECTOR 1, HSR Layout 17th Cross, 24th Main Rd, Bengaluru, Karnataka 560102",12.9120508,77.6482099,Bakery and Cake Shop,,ChdDSUhNMG9nS0VON3UxTVBmNnE3a3NnRRAB,Glen's Bakehouse (HSR Layout),soumya sonawane,107137653217049005048,True,5,,0,11 months ago,"{""dining_mode"": ""Dine in"", ""meal_type"": ""Other"", ""price_per_person"": ""₹800–1,000"", ""food"": 5, ""service_rating"": 3, ""atmosphere"": 3, ""noise_level"": ""Loud, but you can still talk"", ""vegetarian_recommendation"": ""Somewhat recommend"", ""vegetarian_offerings"": ""Large vegetarian selection, Clearly labeled vegetarian dishes"", ""parking_space"": ""Plenty of parking"", ""parking_options"": ""Free parking lot""}"
Glen's Bakehouse (HSR Layout),095137 34879,"2337, SECTOR 1, HSR Layout 17th Cross, 24th Main Rd, Bengaluru, Karnataka 560102",12.9120508,77.6482099,Bakery and Cake Shop,,ChZDSUhNMG9nS0VJNk11WUttb05IX1RnEAE,Glen's Bakehouse (HSR Layout),Aurna Mukherjee,110649873084322863642,True,5,,0,11 months ago,"{""dining_mode"": ""Dine in"", ""meal_type"": ""Other"", ""price_per_person"": ""₹200–400"", ""food"": 5, ""service_rating"": 5, ""atmosphere"": 5, ""noise_level"": ""Moderate noise""}"
Glen's Bakehouse (HSR Layout),095137 34879,"2337, SECTOR 1, HSR Layout 17th Cross, 24th Main Rd, Bengaluru, Karnataka 560102",12.9120508,77.6482099,Bakery and Cake Shop,,ChZDSUhNMG9nS0VPRG0tb2pRLVBic2ZBEAE,Glen's Bakehouse (HSR Layout),deekshitha rao,103151215979558267539,False,1,HSR layout: Blueberry Cheesecake was too sweet and not upto the mark. Pasta was watery.,0,11 months ago,"{""dining_mode"": ""Dine in"", ""meal_type"": ""Other"", ""price_per_person"": ""₹1,200–1,400"", ""food"": 1, ""service_rating"": 2, ""atmosphere"": 3, ""noise_level"": ""Moderate noise""}"
Glen's Bakehouse (HSR Layout),095137 34879,"2337, SECTOR 1, HSR Layout 17th Cross, 24th Main Rd, Bengaluru, Karnataka 560102",12.9120508,77.6482099,Bakery and Cake Shop,,ChZDSUhNMG9nS0VOUEgwbzZXOG9ibURnEAE,Glen's Bakehouse (HSR Layout),Rajat Verma,107054961313949778620,True,3,,0,11 months ago,
Glen's Bakehouse (HSR Layout),095137 34879,"2337, SECTOR 1, HSR Layout 17th Cross, 24th Main Rd, Bengaluru, Karnataka 560102",12.9120508,77.6482099,Bakery and Cake Shop,,ChZDSUhNMG9nS0VOdlJ5Y2k4c3IyRFdREAE,Glen's Bakehouse (HSR Layout),Abhishek.S Raman,110778907019308477231,True,4,,0,11 months ago,
Glen's Bakehouse (HSR Layout),095137 34879,"2337, SECTOR 1, HSR Layout 17th Cross, 24th Main Rd, Bengaluru, Karnataka 560102",12.9120508,77.6482099,Bakery and Cake Shop,,ChdDSUhNMG9nS0VJQ0FnSUNoOXYyOWdBRRAB,Glen's Bakehouse (HSR Layout),Nidhi Tripathi,103217553681058486777,True,5,Love the deserts,0,Edited 11 months ago,"{""food"": 5, ""service_rating"": 4, ""atmosphere"": 4}"
Glen's Bakehouse (HSR Layout),095137 34879,"2337, SECTOR 1, HSR Layout 17th Cross, 24th Main Rd, Bengaluru, Karnataka 560102",12.9120508,77.6482099,Bakery and Cake Shop,,ChdDSUhNMG9nS0VKMkc1WmJrOTdpaHZ3RRAB,Glen's Bakehouse (HSR Layout),Zafar Equbal,111749660839238206038,True,3,,0,11 months ago,"{""food"": 3, ""service_rating"": 4, ""atmosphere"": 4}"
Glen's Bakehouse (HSR Layout),095137 34879,"2337, SECTOR 1, HSR Layout 17th Cross, 24th Main Rd, Bengaluru, Karnataka 560102",12.9120508,77.6482099,Bakery and Cake Shop,,ChZDSUhNMG9nS0VPYnB5LVAtcXFQU0dREAE,Glen's Bakehouse (HSR Layout),Alaska Jain,110222807174342506563,True,4,,0,11 months ago,
Glen's Bakehouse (HSR Layout),095137 34879,"2337, SECTOR 1, HSR Layout 17th Cross, 24th Main Rd, Bengaluru, Karnataka 560102",12.9120508,77.6482099,Bakery and Cake Shop,,ChdDSUhNMG9nS0VOakc3b0tSLU5DaTJnRRAB,Glen's Bakehouse (HSR Layout),Raga Ram,101026021875128929608,False,5,,0,11 months ago,
Glen's Bakehouse (HSR Layout),095137 34879,"2337, SECTOR 1, HSR Layout 17th Cross, 24th Main Rd, Bengaluru, Karnataka 560102",12.9120508,77.6482099,Bakery and Cake Shop,,ChdDSUhNMG9nS0VJeUdtcjJSMElxejVBRRAB,Glen's Bakehouse (HSR Layout),Arv Ramchandani,111101326905077298306,False,3,,0,11 months ago,"{""dining_mode"": ""Dine in"", ""meal_type"": ""Other"", ""food"": 3, ""service_rating"": 3, ""atmosphere"": 3}"
Glen's Bakehouse (HSR Layout),095137 34879,"2337, SECTOR 1, HSR Layout 17th Cross, 24th Main Rd, Bengaluru, Karnataka 560102",12.9120508,77.6482099,Bakery and Cake Shop,,ChdDSUhNMG9nS0VOMnc0S0xVcXJYVG5BRRAB,Glen's Bakehouse (HSR Layout),Pushpa Murthy,113669722119700177623,True,4,,0,11 months ago,"{""dining_mode"": ""Take out"", ""meal_type"": ""Other"", ""price_per_person"": ""₹800–1,000"", ""recommended_dishes"": ""Red Velvet Cupcake Eggless""}"
Glen's Bakehouse (HSR Layout),095137 34879,"2337, SECTOR 1, HSR Layout 17th Cross, 24th Main Rd, Bengaluru, Karnataka 560102",12.9120508,77.6482099,Bakery and Cake Shop,,ChdDSUhNMG9nS0VMU3AyY2lxcUtic3lRRRAB,Glen's Bakehouse (HSR Layout),Prateek Chitransh,108021765720388438283,True,5,This is a go to place for chill shesh with friends or couple with the best sourdough pizza ever.,0,a year ago,"{""dining_mode"": ""Dine in"", ""meal_type"": ""Lunch"", ""price_per_person"": ""₹400–600"", ""food"": 5, ""service_rating"": 5, ""atmosphere"": 5}"
Glen's Bakehouse (HSR Layout),095137 34879,"2337, SECTOR 1, HSR Layout 17th Cross, 24th Main Rd, Bengaluru, Karnataka 560102",12.9120508,77.6482099,Bakery and Cake Shop,,ChdDSUhNMG9nS0VPdVFpcVdHbHRhaXlBRRAB,Glen's Bakehouse (HSR Layout),samrat saha,108071880386210302828,True,5,I always love glen’s since it was one and only available at Indiranagar. Love there food and the environment . Try their signature coffee always good,0,a year ago,"{""dining_mode"": ""Dine in"", ""meal_type"": ""Brunch"", ""price_per_person"": ""₹600–800"", ""food"": 5, ""service_rating"": 5, ""atmosphere"": 5, ""vegetarian_recommendation"": ""Somewhat recommend"", ""parking_space"": ""Difficult to find parking"", ""parking_options"": ""Free parking lot""}"
Glen's Bakehouse (HSR Layout),095137 34879,"2337, SECTOR 1, HSR Layout 17th Cross, 24th Main Rd, Bengaluru, Karnataka 560102",12.9120508,77.6482099,Bakery and Cake Shop,,ChZDSUhNMG9nS0VJQ0FnTUNZdnQzeUVBEAE,Glen's Bakehouse (HSR Layout),Normadic16,100009848094484915986,True,5,"Like all the other locations around Bangalore, this is no different. A Great place to have your breakfast/brunch/snack/dinner. Well lit and well spaced seating place both indoor and outdoor. Their food menu is elaborated and do justice with it’s quality. Their pastry and baked items always mouth watering and top contender for recommend bake house for people to visit.",0,a year ago,"{""dining_mode"": ""Dine in"", ""meal_type"": ""Brunch"", ""price_per_person"": ""₹400–600"", ""food"": 5, ""service_rating"": 5, ""atmosphere"": 5, ""group_size"": ""Suitable for all group sizes"", ""vegetarian_recommendation"": ""Highly recommend"", ""vegetarian_offerings"": ""Large vegetarian selection"", ""dietary_restrictions"": ""Both egg and eggless options are present. Same goes with lactose free options"", ""parking_space"": ""Plenty of parking"", ""parking_options"": ""Free street parking"", ""kid_friendliness"": ""Plenty area with proper spacing for kids to navigate""}"
Glen's Bakehouse (HSR Layout),095137 34879,"2337, SECTOR 1, HSR Layout 17th Cross, 24th Main Rd, Bengaluru, Karnataka 560102",12.9120508,77.6482099,Bakery and Cake Shop,,ChdDSUhNMG9nS0VJQ0FnTUNZanAzUTN3RRAB,Glen's Bakehouse (HSR Layout),ASIF RIZVI,114771809548869615577,True,4,Okay like theme,0,a year ago,"{""dining_mode"": ""Dine in"", ""meal_type"": ""Other"", ""price_per_person"": ""₹400–600"", ""food"": 4, ""service_rating"": 4, ""atmosphere"": 4, ""group_size"": ""Suitable for all group sizes""}"
Glen's Bakehouse (HSR Layout),095137 34879,"2337, SECTOR 1, HSR Layout 17th Cross, 24th Main Rd, Bengaluru, Karnataka 560102",12.9120508,77.6482099,Bakery and Cake Shop,,ChdDSUhNMG9nS0VJQ0FnTUNZdXNXMHJ3RRAB,Glen's Bakehouse (HSR Layout),Devesh Gupta (Devesh),106304635892158878149,True,4,,0,a year ago,
Glen's Bakehouse (HSR Layout),095137 34879,"2337, SECTOR 1, HSR Layout 17th Cross, 24th Main Rd, Bengaluru, Karnataka 560102",12.9120508,77.6482099,Bakery and Cake Shop,,ChdDSUhNMG9nS0VJQ0FnTUNZMnFidDNBRRAB,Glen's Bakehouse (HSR Layout),Tushar Behera,108775883675730583346,True,1,,0,a year ago,
Glen's Bakehouse (HSR Layout),095137 34879,"2337, SECTOR 1, HSR Layout 17th Cross, 24th Main Rd, Bengaluru, Karnataka 560102",12.9120508,77.6482099,Bakery and Cake Shop,,ChZDSUhNMG9nS0VJQ0FnTUNZaW9TVVh3EAE,Glen's Bakehouse (HSR Layout),malavika hari,105531370085600857259,False,5,,0,a year ago,
Glen's Bakehouse (HSR Layout),095137 34879,"2337, SECTOR 1, HSR Layout 17th Cross, 24th Main Rd, Bengaluru, Karnataka 560102",12.9120508,77.6482099,Bakery and Cake Shop,,ChZDSUhNMG9nS0VJQ0FnTUNZa3VUZ1lBEAE,Glen's Bakehouse (HSR Layout),Vanshika Trivedi,103693497751160536742,False,5,,0,a year ago,"{""dining_mode"": ""Dine in"", ""price_per_person"": ""₹400–600"", ""food"": 5, ""service_rating"": 5, ""atmosphere"": 5}"
Glen's Bakehouse (HSR Layout),095137 34879,"2337, SECTOR 1, HSR Layout 17th Cross, 24th Main Rd, Bengaluru, Karnataka 560102",12.9120508,77.6482099,Bakery and Cake Shop,,ChdDSUhNMG9nS0VJQ0FnTUNZdE12aTdRRRAB,Glen's Bakehouse (HSR Layout),Sanjit Tati Sanjit Tati,104600723928575966996,False,5,,0,a year ago,"{""food"": 5, ""service_rating"": 5, ""atmosphere"": 5}"
Glen's Bakehouse (HSR Layout),095137 34879,"2337, SECTOR 1, HSR Layout 17th Cross, 24th Main Rd, Bengaluru, Karnataka 560102",12.9120508,77.6482099,Bakery and Cake Shop,,ChZDSUhNMG9nS0VJQ0FnTUNZMUpUemV3EAE,Glen's Bakehouse (HSR Layout),ANJALI RAJ,116922290490464448557,False,1,"The service was pathetic, a guy named Raj was my server and he literally was laughing when u mentioned that the coffee which I ordered was too sweet. He said this is sweet only sarcastically and started laughing as if the person ordering is illiterate. Would not at all recommend.",0,a year ago,"{""dining_mode"": ""Dine in"", ""price_per_person"": ""₹400–600"", ""food"": 1, ""service_rating"": 1, ""atmosphere"": 3}"
Glen's Bakehouse (HSR Layout),095137 34879,"2337, SECTOR 1, HSR Layout 17th Cross, 24th Main Rd, Bengaluru, Karnataka 560102",12.9120508,77.6482099,Bakery and Cake Shop,,ChZDSUhNMG9nS0VJQ0FnTUNZcEpyM1lBEAE,Glen's Bakehouse (HSR Layout),Vandith nelakuduru,110196394028278816609,True,5,Nice place,0,a year ago,"{""food"": 5, ""service_rating"": 4, ""atmosphere"": 5}"
Glen's Bakehouse (HSR Layout),095137 34879,"2337, SECTOR 1, HSR Layout 17th Cross, 24th Main Rd, Bengaluru, Karnataka 560102",12.9120508,77.6482099,Bakery and Cake Shop,,ChdDSUhNMG9nS0VJQ0FnTURvMi0ycG13RRAB,Glen's Bakehouse (HSR Layout),Manu,109720650351708139296,True,2,Costly,0,a year ago,
Glen's Bakehouse (HSR Layout),095137 34879,"2337, SECTOR 1, HSR Layout 17th Cross, 24th Main Rd, Bengaluru, Karnataka 560102",12.9120508,77.6482099,Bakery and Cake Shop,,ChZDSUhNMG9nS0VJQ0FnTURvczdxWVRnEAE,Glen's Bakehouse (HSR Layout),Ahmed T,105979006158181280922,True,5,,0,a year ago,"{""dining_mode"": ""Dine in"", ""meal_type"": ""Brunch"", ""price_per_person"": ""₹800–1,000"", ""food"": 5, ""service_rating"": 5, ""atmosphere"": 5}"
Glen's Bakehouse (HSR Layout),095137 34879,"2337, SECTOR 1, HSR Layout 17th Cross, 24th Main Rd, Bengaluru, Karnataka 560102",12.9120508,77.6482099,Bakery and Cake Shop,,ChdDSUhNMG9nS0VJQ0FnTURvazdtZ2pBRRAB,Glen's Bakehouse (HSR Layout),vibha mathur,113427906216499551315,False,4,,0,a year ago,"{""food"": 3, ""service_rating"": 3, ""atmosphere"": 4}"
Glen's Bakehouse (HSR Layout),095137 34879,"2337, SECTOR 1, HSR Layout 17th Cross, 24th Main Rd, Bengaluru, Karnataka 560102",12.9120508,77.6482099,Bakery and Cake Shop,,ChdDSUhNMG9nS0VJQ0FnTURvcllPcHpnRRAB,Glen's Bakehouse (HSR Layout),Soumya Yelamali,104454027485259165841,False,1,"We had ordered croissant sandwich and egg puff. We literally returned the food, it was pathetic. Very bad food.",0,a year ago,"{""dining_mode"": ""Dine in"", ""meal_type"": ""Dinner"", ""food"": 1}"
Glen's Bakehouse (HSR Layout),095137 34879,"2337, SECTOR 1, HSR Layout 17th Cross, 24th Main Rd, Bengaluru, Karnataka 560102",12.9120508,77.6482099,Bakery and Cake Shop,,ChZDSUhNMG9nS0VJQ0FnTURvdWE3Wk9nEAE,Glen's Bakehouse (HSR Layout),Ravishankar Chandrasekar (Ravi),109715798980257537023,True,4,Glens is my go to place in HSR Layout. The ambience is what I enjoy the most. The prices don't pinch the pocket and the food is also quite decent. Overall I would recommend this place any day!,0,a year ago,"{""food"": 4, ""service_rating"": 4, ""atmosphere"": 4}"
Glen's Bakehouse (HSR Layout),095137 34879,"2337, SECTOR 1, HSR Layout 17th Cross, 24th Main Rd, Bengaluru, Karnataka 560102",12.9120508,77.6482099,Bakery and Cake Shop,,ChdDSUhNMG9nS0VJQ0FnTURvdWZyQjRnRRAB,Glen's Bakehouse (HSR Layout),charan puvvada,112493771041180174397,True,5,,0,a year ago,"{""dining_mode"": ""Dine in"", ""meal_type"": ""Other"", ""price_per_person"": ""₹200–400"", ""food"": 5, ""service_rating"": 5, ""atmosphere"": 5, ""recommended_dishes"": ""Red Velvet Cake, Mini Cupcakes and Tarts"", ""vegetarian_recommendation"": ""Somewhat recommend"", ""vegetarian_offerings"": ""Clearly labeled vegetarian dishes"", ""parking_space"": ""Somewhat difficult to find parking"", ""parking_options"": ""Free parking lot, Free street parking""}"
Glen's Bakehouse (HSR Layout),095137 34879,"2337, SECTOR 1, HSR Layout 17th Cross, 24th Main Rd, Bengaluru, Karnataka 560102",12.9120508,77.6482099,Bakery and Cake Shop,,ChZDSUhNMG9nS0VJQ0FnTURvbnBfaUNnEAE,Glen's Bakehouse (HSR Layout),Unnina Jabeen,100430462056360761945,True,5,"Love the place, food, and atmosphere Tarts are so good. My personal favourite is hazelnut tart.",0,a year ago,"{""dining_mode"": ""Dine in"", ""meal_type"": ""Dinner"", ""food"": 5, ""service_rating"": 4, ""atmosphere"": 5, ""recommended_dishes"": ""Red Velvet Cupcake Eggless, Chicken Lasagna""}"
Glen's Bakehouse (HSR Layout),095137 34879,"2337, SECTOR 1, HSR Layout 17th Cross, 24th Main Rd, Bengaluru, Karnataka 560102",12.9120508,77.6482099,Bakery and Cake Shop,,ChdDSUhNMG9nS0VJQ0FnTURveW91czVnRRAB,Glen's Bakehouse (HSR Layout),jeeva nandhini,104357492068785067617,False,4,,0,a year ago,"{""dining_mode"": ""Dine in"", ""meal_type"": ""Dinner"", ""price_per_person"": ""₹600–800"", ""food"": 4, ""service_rating"": 4, ""atmosphere"": 5, ""recommended_dishes"": ""Red Velvet Cupcake Eggless, Donuts, Mini Cupcakes and Tarts"", ""parking_space"": ""Plenty of parking""}"
Glen's Bakehouse (HSR Layout),095137 34879,"2337, SECTOR 1, HSR Layout 17th Cross, 24th Main Rd, Bengaluru, Karnataka 560102",12.9120508,77.6482099,Bakery and Cake Shop,,ChZDSUhNMG9nS0VJQ0FnTURvNklIeUlREAE,Glen's Bakehouse (HSR Layout),Aliviya Jana,103284485549771077915,True,3,,0,a year ago,"{""dining_mode"": ""Dine in"", ""meal_type"": ""Dinner"", ""price_per_person"": ""₹200–400"", ""food"": 3, ""service_rating"": 5, ""atmosphere"": 5, ""recommended_dishes"": ""Potato Wedges, Mini Cupcakes and Tarts""}"
Glen's Bakehouse (HSR Layout),095137 34879,"2337, SECTOR 1, HSR Layout 17th Cross, 24th Main Rd, Bengaluru, Karnataka 560102",12.9120508,77.6482099,Bakery and Cake Shop,,ChZDSUhNMG9nS0VJQ0FnTURvNE1pZFlREAE,Glen's Bakehouse (HSR Layout),Harshit Bhadoria,117882593603592743201,True,5,Favourite cafe in Bangalore,0,a year ago,"{""meal_type"": ""Lunch"", ""price_per_person"": ""₹200–400"", ""food"": 5, ""service_rating"": 5, ""atmosphere"": 5, ""recommended_dishes"": ""Red Velvet Cupcake Eggless, Croissant Sandwich, Chicken Pesto Pizza, Mini Cupcakes and Tarts""}"
Glen's Bakehouse (HSR Layout),095137 34879,"2337, SECTOR 1, HSR Layout 17th Cross, 24th Main Rd, Bengaluru, Karnataka 560102",12.9120508,77.6482099,Bakery and Cake Shop,,ChZDSUhNMG9nS0VJQ0FnTUNvanJ2SWVnEAE,Glen's Bakehouse (HSR Layout),SaiLakshmi G,117155133048340876628,True,5,,0,a year ago,"{""food"": 5, ""service_rating"": 5, ""atmosphere"": 5}"
Glen's Bakehouse (HSR Layout),095137 34879,"2337, SECTOR 1, HSR Layout 17th Cross, 24th Main Rd, Bengaluru, Karnataka 560102",12.9120508,77.6482099,Bakery and Cake Shop,,ChdDSUhNMG9nS0VJQ0FnTUNveE5tZHB3RRAB,Glen's Bakehouse (HSR Layout),Prasenjit Sutradhar,111631091443325255488,True,4,,0,a year ago,"{""dining_mode"": ""Dine in"", ""meal_type"": ""Dinner"", ""food"": 4, ""service_rating"": 3, ""atmosphere"": 3}"
Glen's Bakehouse (HSR Layout),095137 34879,"2337, SECTOR 1, HSR Layout 17th Cross, 24th Main Rd, Bengaluru, Karnataka 560102",12.9120508,77.6482099,Bakery and Cake Shop,,ChZDSUhNMG9nS0VJQ0FnTUNveE9HR0tnEAE,Glen's Bakehouse (HSR Layout),Anooj Chandran,109630902048805929589,True,5,Ambience and food are good,0,a year ago,"{""dining_mode"": ""Dine in"", ""meal_type"": ""Other"", ""food"": 5, ""service_rating"": 5, ""atmosphere"": 5}"
Glen's Bakehouse (HSR Layout),095137 34879,"2337, SECTOR 1, HSR Layout 17th Cross, 24th Main Rd, Bengaluru, Karnataka 560102",12.9120508,77.6482099,Bakery and Cake Shop,,ChdDSUhNMG9nS0VJQ0FnTUNvd05ySTlnRRAB,Glen's Bakehouse (HSR Layout),Raghavendra p,101856773443173183294,True,4,,0,a year ago,
Glen's Bakehouse (HSR Layout),095137 34879,"2337, SECTOR 1, HSR Layout 17th Cross, 24th Main Rd, Bengaluru, Karnataka 560102",12.9120508,77.6482099,Bakery and Cake Shop,,ChdDSUhNMG9nS0VJQ0FnTURJXzQzM2hRRRAB,Glen's Bakehouse (HSR Layout),TARUN TEJ,107767539150220995300,True,2,"The pasta I ate here had bitter zucchini, which later upset my stomach.",0,a year ago,"{""dining_mode"": ""Dine in"", ""meal_type"": ""Other"", ""food"": 2, ""service_rating"": 5, ""atmosphere"": 5}"
Glen's Bakehouse (HSR Layout),095137 34879,"2337, SECTOR 1, HSR Layout 17th Cross, 24th Main Rd, Bengaluru, Karnataka 560102",12.9120508,77.6482099,Bakery and Cake Shop,,ChdDSUhNMG9nS0VJQ0FnTURJMS0yZHlRRRAB,Glen's Bakehouse (HSR Layout),Rinki Thakur,103110976181721753865,False,1,"The desserts are good, but the service is terrible. You could be sitting there for 20 minutes, and no one will come to take your order—even after you’ve called for them multiple times.",0,a year ago,
Glen's Bakehouse (HSR Layout),095137 34879,"2337, SECTOR 1, HSR Layout 17th Cross, 24th Main Rd, Bengaluru, Karnataka 560102",12.9120508,77.6482099,Bakery and Cake Shop,,ChZDSUhNMG9nS0VJQ0FnTURJNDhXUlp3EAE,Glen's Bakehouse (HSR Layout),Parvati Suresh,109873647878088280826,True,5,,0,a year ago,"{""food"": 4, ""service_rating"": 4, ""atmosphere"": 5}"
Glen's Bakehouse (HSR Layout),095137 34879,"2337, SECTOR 1, HSR Layout 17th Cross, 24th Main Rd, Bengaluru, Karnataka 560102",12.9120508,77.6482099,Bakery and Cake Shop,,ChdDSUhNMG9nS0VJQ0FnTURJenZEc3N3RRAB,Glen's Bakehouse (HSR Layout),LaJeeSH LaKShmAnaN,103128242693105946804,True,4,,0,a year ago,"{""food"": 4, ""service_rating"": 3, ""atmosphere"": 3}"
Glen's Bakehouse (HSR Layout),095137 34879,"2337, SECTOR 1, HSR Layout 17th Cross, 24th Main Rd, Bengaluru, Karnataka 560102",12.9120508,77.6482099,Bakery and Cake Shop,,ChdDSUhNMG9nS0VJQ0FnTURJaXJqd25BRRAB,Glen's Bakehouse (HSR Layout),Shivshankar Podder,115014044960759694343,True,4,"I visited Glen’s Bakehouse around two months ago, and this review is based on that experience. Located on 24th Main in HSR Layout, the place boasts a spacious setup with both indoor and outdoor seating options.  We went there for brunch and found the menu to offer a good variety of choices. Here’s what we tried: •	Combo Breakfast – 4.5/5 •	Cappuccino – 4/5  While the service was a bit slow, the food definitely made up for it.",0,a year ago,"{""dining_mode"": ""Dine in"", ""meal_type"": ""Brunch"", ""price_per_person"": ""₹200–400"", ""food"": 4, ""service_rating"": 4, ""atmosphere"": 4, ""vegetarian_recommendation"": ""Somewhat recommend"", ""vegetarian_offerings"": ""Vegetarian menu or section"", ""vegetarian_options"": ""Veg items are available"", ""parking_space"": ""Somewhat difficult to find parking"", ""parking_options"": ""Free street parking"", ""parking_notes"": ""You have park on the main road"", ""kid_friendliness"": ""Yes"", ""wheelchair_accessibility"": ""Yes""}"
Glen's Bakehouse (HSR Layout),095137 34879,"2337, SECTOR 1, HSR Layout 17th Cross, 24th Main Rd, Bengaluru, Karnataka 560102",12.9120508,77.6482099,Bakery and Cake Shop,,ChdDSUhNMG9nS0VJQ0FnTURJMVA2X2dnRRAB,Glen's Bakehouse (HSR Layout),Lucky Majhi,115866264405241721889,False,5,,0,a year ago,"{""dining_mode"": ""Dine in"", ""price_per_person"": ""₹1,000–1,200"", ""food"": 5, ""service_rating"": 5, ""atmosphere"": 5}"
Glen's Bakehouse (HSR Layout),095137 34879,"2337, SECTOR 1, HSR Layout 17th Cross, 24th Main Rd, Bengaluru, Karnataka 560102",12.9120508,77.6482099,Bakery and Cake Shop,,ChZDSUhNMG9nS0VJQ0FnTURJeUxDQ1lREAE,Glen's Bakehouse (HSR Layout),Shuvannita Dey,114224826300191054216,True,5,"Glen's Bakehouse is a charming spot for dessert lovers, offering a cozy atmosphere and a tempting array of sweet treats. We tried the Apple Pie and Chocolate Tart, and both were absolutely delightful. The Apple Pie had a perfectly flaky crust and a warm, cinnamon-spiced filling that was just the right balance of sweet and tart. The Chocolate Tart was rich, indulgent, and the smooth chocolate filling melted in the mouth, complemented by a crisp, buttery crust. Both desserts were a real treat, and the quality of the ingredients shone through in every bite. A perfect spot for satisfying your sweet tooth!",0,a year ago,"{""dining_mode"": ""Dine in"", ""meal_type"": ""Other"", ""price_per_person"": ""₹200–400"", ""food"": 5, ""service_rating"": 5, ""atmosphere"": 5}"
Glen's Bakehouse (HSR Layout),095137 34879,"2337, SECTOR 1, HSR Layout 17th Cross, 24th Main Rd, Bengaluru, Karnataka 560102",12.9120508,77.6482099,Bakery and Cake Shop,,ChZDSUhNMG9nS0VJQ0FnTURJOE5PRFRnEAE,Glen's Bakehouse (HSR Layout),Abhik Agrawal,103322492048894230427,True,3,"Not at all like the other outlets of Glen Bakehouse. Taste is average, ambiance is noisy, and the food served was lukewarm.",0,a year ago,"{""dining_mode"": ""Dine in"", ""meal_type"": ""Other"", ""price_per_person"": ""₹200–400"", ""food"": 2, ""service_rating"": 3, ""atmosphere"": 2}"
Glen's Bakehouse (HSR Layout),095137 34879,"2337, SECTOR 1, HSR Layout 17th Cross, 24th Main Rd, Bengaluru, Karnataka 560102",12.9120508,77.6482099,Bakery and Cake Shop,,ChdDSUhNMG9nS0VJQ0FnTURJa003c2p3RRAB,Glen's Bakehouse (HSR Layout),Nishanthi Rajavel,103213209673628117019,True,4,,0,a year ago,
Glen's Bakehouse (HSR Layout),095137 34879,"2337, SECTOR 1, HSR Layout 17th Cross, 24th Main Rd, Bengaluru, Karnataka 560102",12.9120508,77.6482099,Bakery and Cake Shop,,ChdDSUhNMG9nS0VJQ0FnTUNJLTZPc3d3RRAB,Glen's Bakehouse (HSR Layout),madhvi bhagat,108249836180909448167,True,5,"Amazing food, love the sitting area.",0,a year ago,"{""food"": 5, ""service_rating"": 5, ""atmosphere"": 5}"
Glen's Bakehouse (HSR Layout),095137 34879,"2337, SECTOR 1, HSR Layout 17th Cross, 24th Main Rd, Bengaluru, Karnataka 560102",12.9120508,77.6482099,Bakery and Cake Shop,,ChdDSUhNMG9nS0VJQ0FnTUNJaTUyMmt3RRAB,Glen's Bakehouse (HSR Layout),Priya K M,115745218554731542412,True,5,,0,a year ago,
Glen's Bakehouse (HSR Layout),095137 34879,"2337, SECTOR 1, HSR Layout 17th Cross, 24th Main Rd, Bengaluru, Karnataka 560102",12.9120508,77.6482099,Bakery and Cake Shop,,ChZDSUhNMG9nS0VJQ0FnTUNJOWR6MGZBEAE,Glen's Bakehouse (HSR Layout),Alekhya Relangi,108198816368759603781,True,4,,0,a year ago,
Glen's Bakehouse (HSR Layout),095137 34879,"2337, SECTOR 1, HSR Layout 17th Cross, 24th Main Rd, Bengaluru, Karnataka 560102",12.9120508,77.6482099,Bakery and Cake Shop,,ChdDSUhNMG9nS0VJQ0FnTUNJa2FpVXZ3RRAB,Glen's Bakehouse (HSR Layout),ABHINAV GUPTA,113107340078139290090,True,4,,0,a year ago,"{""dining_mode"": ""Dine in"", ""meal_type"": ""Lunch"", ""price_per_person"": ""₹1,800–2,000"", ""food"": 4, ""service_rating"": 4, ""atmosphere"": 4, ""recommended_dishes"": ""Red Velvet Cupcake Eggless, Red Velvet Cake, Mushroom Puff""}"
Glen's Bakehouse (HSR Layout),095137 34879,"2337, SECTOR 1, HSR Layout 17th Cross, 24th Main Rd, Bengaluru, Karnataka 560102",12.9120508,77.6482099,Bakery and Cake Shop,,ChdDSUhNMG9nS0VJQ0FnTUNJbHFESHZRRRAB,Glen's Bakehouse (HSR Layout),Aparajita gupta,117643474722745288863,False,1,"HORRENDOUS SERVICE Wait time even for the smallest, just ""heating up "" orders is 30 mins The staff doesn't respond on time or forget orders. Had MULTIPLE bad experiences. Worst place ever to have anything!!",0,a year ago,"{""dining_mode"": ""Dine in"", ""meal_type"": ""Other"", ""price_per_person"": ""₹200–400"", ""food"": 2, ""service_rating"": 1}"
Glen's Bakehouse (HSR Layout),095137 34879,"2337, SECTOR 1, HSR Layout 17th Cross, 24th Main Rd, Bengaluru, Karnataka 560102",12.9120508,77.6482099,Bakery and Cake Shop,,ChdDSUhNMG9nS0VJQ0FnTUNJMnJ1MzhRRRAB,Glen's Bakehouse (HSR Layout),ashraf khan,112647635074945515290,True,4,,0,a year ago,"{""dining_mode"": ""Dine in"", ""meal_type"": ""Lunch"", ""price_per_person"": ""₹200–400"", ""food"": 3, ""service_rating"": 3, ""atmosphere"": 3}"
Glen's Bakehouse (HSR Layout),095137 34879,"2337, SECTOR 1, HSR Layout 17th Cross, 24th Main Rd, Bengaluru, Karnataka 560102",12.9120508,77.6482099,Bakery and Cake Shop,,ChZDSUhNMG9nS0VJQ0FnTUNJd3ZuaGNREAE,Glen's Bakehouse (HSR Layout),Prajina Sherpa,102602019228764697986,False,2,Cute spot but the food isn’t the best. I don’t think I’d come back,0,a year ago,"{""food"": 1, ""service_rating"": 5, ""atmosphere"": 3}"
Glen's Bakehouse (HSR Layout),095137 34879,"2337, SECTOR 1, HSR Layout 17th Cross, 24th Main Rd, Bengaluru, Karnataka 560102",12.9120508,77.6482099,Bakery and Cake Shop,,ChZDSUhNMG9nS0VJQ0FnTUNJblBxRE1REAE,Glen's Bakehouse (HSR Layout),Kritika Jain,102153638370630488657,True,3,Stale pastries,0,a year ago,
Glen's Bakehouse (HSR Layout),095137 34879,"2337, SECTOR 1, HSR Layout 17th Cross, 24th Main Rd, Bengaluru, Karnataka 560102",12.9120508,77.6482099,Bakery and Cake Shop,,ChdDSUhNMG9nS0VJQ0FnTUNJc1A3UzN3RRAB,Glen's Bakehouse (HSR Layout),Sanjyot,103095577953028043521,True,4,,0,a year ago,"{""dining_mode"": ""Dine in"", ""meal_type"": ""Other"", ""price_per_person"": ""₹200–400""}"
Glen's Bakehouse (HSR Layout),095137 34879,"2337, SECTOR 1, HSR Layout 17th Cross, 24th Main Rd, Bengaluru, Karnataka 560102",12.9120508,77.6482099,Bakery and Cake Shop,,ChdDSUhNMG9nS0VJQ0FnTUR3cjYyaW53RRAB,Glen's Bakehouse (HSR Layout),Vineet Kumar,102616108590564935502,True,5,,0,a year ago,"{""food"": 5, ""service_rating"": 5, ""atmosphere"": 5}"
Glen's Bakehouse (HSR Layout),095137 34879,"2337, SECTOR 1, HSR Layout 17th Cross, 24th Main Rd, Bengaluru, Karnataka 560102",12.9120508,77.6482099,Bakery and Cake Shop,,ChZDSUhNMG9nS0VJQ0FnTUR3eGV6alFBEAE,Glen's Bakehouse (HSR Layout),Dipika Agarwal Saha,112658103127993753064,True,5,Red velvet cake is a must try 😄😄,0,a year ago,"{""food"": 5, ""service_rating"": 4, ""atmosphere"": 4}"
Glen's Bakehouse (HSR Layout),095137 34879,"2337, SECTOR 1, HSR Layout 17th Cross, 24th Main Rd, Bengaluru, Karnataka 560102",12.9120508,77.6482099,Bakery and Cake Shop,,ChZDSUhNMG9nS0VJQ0FnTUR3N1BUZ1BnEAE,Glen's Bakehouse (HSR Layout),Vipin Hari,111799354831882803935,True,4,,0,Edited a year ago,
Glen's Bakehouse (HSR Layout),095137 34879,"2337, SECTOR 1, HSR Layout 17th Cross, 24th Main Rd, Bengaluru, Karnataka 560102",12.9120508,77.6482099,Bakery and Cake Shop,,ChZDSUhNMG9nS0VJQ0FnTUR3MHVEMlhBEAE,Glen's Bakehouse (HSR Layout),revving rishi,106441278768868855175,True,5,,0,a year ago,"{""dining_mode"": ""Dine in"", ""meal_type"": ""Other"", ""food"": 5, ""service_rating"": 5, ""atmosphere"": 5}"
Glen's Bakehouse (HSR Layout),095137 34879,"2337, SECTOR 1, HSR Layout 17th Cross, 24th Main Rd, Bengaluru, Karnataka 560102",12.9120508,77.6482099,Bakery and Cake Shop,,ChdDSUhNMG9nS0VJQ0FnTUR3Z29qOGtRRRAB,Glen's Bakehouse (HSR Layout),adaiks guts,109341718044705404566,True,4,,0,a year ago,"{""dining_mode"": ""Take out"", ""meal_type"": ""Other"", ""price_per_person"": ""₹1,200–1,400"", ""food"": 4, ""service_rating"": 4, ""atmosphere"": 4}"
Glen's Bakehouse (HSR Layout),095137 34879,"2337, SECTOR 1, HSR Layout 17th Cross, 24th Main Rd, Bengaluru, Karnataka 560102",12.9120508,77.6482099,Bakery and Cake Shop,,ChZDSUhNMG9nS0VJQ0FnTUR3dExlUkx3EAE,Glen's Bakehouse (HSR Layout),Padma Lavanya,102322830764096511913,True,4,,0,a year ago,
Glen's Bakehouse (HSR Layout),095137 34879,"2337, SECTOR 1, HSR Layout 17th Cross, 24th Main Rd, Bengaluru, Karnataka 560102",12.9120508,77.6482099,Bakery and Cake Shop,,ChZDSUhNMG9nS0VJQ0FnTUN3ajhmQ1N3EAE,Glen's Bakehouse (HSR Layout),deva 2553,117563268498433467039,True,5,,0,a year ago,"{""dining_mode"": ""Take out"", ""meal_type"": ""Dinner"", ""price_per_person"": ""₹1–200"", ""food"": 5, ""service_rating"": 5, ""atmosphere"": 4}"
Glen's Bakehouse (HSR Layout),095137 34879,"2337, SECTOR 1, HSR Layout 17th Cross, 24th Main Rd, Bengaluru, Karnataka 560102",12.9120508,77.6482099,Bakery and Cake Shop,,ChdDSUhNMG9nS0VJQ0FnTUN3OGFXOHRRRRAB,Glen's Bakehouse (HSR Layout),Suan Khan Khai,111200030032935022226,False,3,,0,a year ago,"{""dining_mode"": ""Dine in"", ""meal_type"": ""Other"", ""price_per_person"": ""₹200–400"", ""food"": 3, ""service_rating"": 2, ""atmosphere"": 3, ""recommended_dishes"": ""Red Velvet Cupcake Eggless, Blueberry Signaturecheesecake""}"
Glen's Bakehouse (HSR Layout),095137 34879,"2337, SECTOR 1, HSR Layout 17th Cross, 24th Main Rd, Bengaluru, Karnataka 560102",12.9120508,77.6482099,Bakery and Cake Shop,,ChdDSUhNMG9nS0VJQ0FnTUN3c2NHZDNnRRAB,Glen's Bakehouse (HSR Layout),gunamala jain,108045980006784842592,True,5,,0,a year ago,"{""food"": 5, ""service_rating"": 5, ""atmosphere"": 5}"
Glen's Bakehouse (HSR Layout),095137 34879,"2337, SECTOR 1, HSR Layout 17th Cross, 24th Main Rd, Bengaluru, Karnataka 560102",12.9120508,77.6482099,Bakery and Cake Shop,,ChZDSUhNMG9nS0VJQ0FnTUN3cklLbkZ3EAE,Glen's Bakehouse (HSR Layout),Sanjoli Jain,116989097950732096223,False,5,Nice bakery,0,a year ago,
Glen's Bakehouse (HSR Layout),095137 34879,"2337, SECTOR 1, HSR Layout 17th Cross, 24th Main Rd, Bengaluru, Karnataka 560102",12.9120508,77.6482099,Bakery and Cake Shop,,ChdDSUhNMG9nS0VJQ0FnTUN3NUtxX19BRRAB,Glen's Bakehouse (HSR Layout),pulkit monga,115757434377990298333,True,5,"Our fav cafe of HSR. V reasonable , nice ambience and staff",0,a year ago,"{""dining_mode"": ""Dine in"", ""meal_type"": ""Brunch"", ""price_per_person"": ""₹400–600"", ""food"": 5, ""service_rating"": 5, ""atmosphere"": 5}"
Glen's Bakehouse (HSR Layout),095137 34879,"2337, SECTOR 1, HSR Layout 17th Cross, 24th Main Rd, Bengaluru, Karnataka 560102",12.9120508,77.6482099,Bakery and Cake Shop,,ChdDSUhNMG9nS0VJQ0FnTUN3aEtfX2xBRRAB,Glen's Bakehouse (HSR Layout),Rajit,108732458809737858281,True,5,,0,a year ago,
Glen's Bakehouse (HSR Layout),095137 34879,"2337, SECTOR 1, HSR Layout 17th Cross, 24th Main Rd, Bengaluru, Karnataka 560102",12.9120508,77.6482099,Bakery and Cake Shop,,ChdDSUhNMG9nS0VJQ0FnTUN3eUlMZnJnRRAB,Glen's Bakehouse (HSR Layout),Yasser Dhansay,116290750888394745023,False,5,,0,a year ago,"{""food"": 5, ""service_rating"": 5, ""atmosphere"": 5}"
Glen's Bakehouse (HSR Layout),095137 34879,"2337, SECTOR 1, HSR Layout 17th Cross, 24th Main Rd, Bengaluru, Karnataka 560102",12.9120508,77.6482099,Bakery and Cake Shop,,ChdDSUhNMG9nS0VJQ0FnTURRMnNlS3JnRRAB,Glen's Bakehouse (HSR Layout),Bharath Bommakanti,115518955356182317363,True,5,,0,a year ago,"{""dining_mode"": ""Dine in"", ""meal_type"": ""Lunch"", ""price_per_person"": ""₹400–600"", ""food"": 5, ""service_rating"": 4, ""atmosphere"": 5}"
Glen's Bakehouse (HSR Layout),095137 34879,"2337, SECTOR 1, HSR Layout 17th Cross, 24th Main Rd, Bengaluru, Karnataka 560102",12.9120508,77.6482099,Bakery and Cake Shop,,ChdDSUhNMG9nS0VJQ0FnTURRdktybG93RRAB,Glen's Bakehouse (HSR Layout),Sibaram Behera,112726469258904488978,True,4,"Cozy space , good food and on point service. They have great menu for veg and nonveg dishes . Their pizza and cakes are just awesome",0,a year ago,"{""food"": 4, ""service_rating"": 4, ""atmosphere"": 5}"
Glen's Bakehouse (HSR Layout),095137 34879,"2337, SECTOR 1, HSR Layout 17th Cross, 24th Main Rd, Bengaluru, Karnataka 560102",12.9120508,77.6482099,Bakery and Cake Shop,,ChZDSUhNMG9nS0VJQ0FnTUNRbVlMeExBEAE,Glen's Bakehouse (HSR Layout),EnigineeredReviews,118361817314904936006,True,5,,0,a year ago,"{""dining_mode"": ""Dine in"", ""meal_type"": ""Other"", ""food"": 5, ""service_rating"": 4, ""atmosphere"": 4}"
Glen's Bakehouse (HSR Layout),095137 34879,"2337, SECTOR 1, HSR Layout 17th Cross, 24th Main Rd, Bengaluru, Karnataka 560102",12.9120508,77.6482099,Bakery and Cake Shop,,ChdDSUhNMG9nS0VJQ0FnTUNRaWZtRzNnRRAB,Glen's Bakehouse (HSR Layout),Suraj Suru,116811081248198520238,True,5,"Visited Glen’s Bakehouse in HSR Layout yesterday and had a great experience! The cozy ambiance and friendly service made for a pleasant visit.  Tried the Traditional Pesto Penne Pasta, and it was fantastic—perfectly cooked pasta in a rich, flavorful pesto sauce with a nice balance of creaminess. Definitely a must-try! A great spot for a relaxed meal. Highly recommended! Rating: 4.9/5",0,a year ago,"{""dining_mode"": ""Dine in"", ""meal_type"": ""Lunch"", ""price_per_person"": ""₹1,200–1,400"", ""food"": 5, ""service_rating"": 5, ""atmosphere"": 5, ""recommended_dishes"": ""Peri Peri Fish Fingers, Garlic Bread with Cheese, Mini Cupcakes and Tarts, Chicken Pesto Pizza"", ""vegetarian_recommendation"": ""Would not recommend"", ""vegetarian_offerings"": ""Clearly labeled vegetarian dishes"", ""parking_space"": ""Difficult to find parking"", ""parking_options"": ""Parking is unavailable""}"
Glen's Bakehouse (HSR Layout),095137 34879,"2337, SECTOR 1, HSR Layout 17th Cross, 24th Main Rd, Bengaluru, Karnataka 560102",12.9120508,77.6482099,Bakery and Cake Shop,,ChdDSUhNMG9nS0VJQ0FnTUNRa2ZULXBnRRAB,Glen's Bakehouse (HSR Layout),sindhu kumari,101292899862757110566,True,4,,0,a year ago,"{""dining_mode"": ""Dine in"", ""meal_type"": ""Lunch"", ""price_per_person"": ""₹400–600"", ""food"": 5, ""service_rating"": 5, ""atmosphere"": 4}"
Glen's Bakehouse (HSR Layout),095137 34879,"2337, SECTOR 1, HSR Layout 17th Cross, 24th Main Rd, Bengaluru, Karnataka 560102",12.9120508,77.6482099,Bakery and Cake Shop,,ChdDSUhNMG9nS0VJQ0FnTUNRNnA3NWtBRRAB,Glen's Bakehouse (HSR Layout),chowdeshwar b,106483397199341489696,False,5,,0,a year ago,"{""food"": 5, ""service_rating"": 5, ""atmosphere"": 5}"
Glen's Bakehouse (HSR Layout),095137 34879,"2337, SECTOR 1, HSR Layout 17th Cross, 24th Main Rd, Bengaluru, Karnataka 560102",12.9120508,77.6482099,Bakery and Cake Shop,,ChdDSUhNMG9nS0VJQ0FnTUNRbks3VTN3RRAB,Glen's Bakehouse (HSR Layout),Harneet Singh,103685224725931954371,True,5,Amazing food and ambience. Great and must go place for dates and solo reading.,0,a year ago,"{""dining_mode"": ""Dine in"", ""meal_type"": ""Dinner"", ""food"": 5, ""service_rating"": 5, ""atmosphere"": 5, ""vegetarian_recommendation"": ""Highly recommend""}"
Glen's Bakehouse (HSR Layout),095137 34879,"2337, SECTOR 1, HSR Layout 17th Cross, 24th Main Rd, Bengaluru, Karnataka 560102",12.9120508,77.6482099,Bakery and Cake Shop,,ChZDSUhNMG9nS0VJQ0FnTUNRck5fNkJnEAE,Glen's Bakehouse (HSR Layout),Arjun Balakrishnan,100034616277952758449,True,5,They have the real cafe vibe and the food is yummy. Especially desserts,0,a year ago,"{""dining_mode"": ""Dine in"", ""meal_type"": ""Dinner"", ""price_per_person"": ""₹400–600"", ""food"": 5, ""service_rating"": 4, ""atmosphere"": 5, ""recommended_dishes"": ""Red Velvet Cupcake Eggless, Peri Peri Fish Fingers, Mini Cupcakes and Tarts"", ""parking_space"": ""Somewhat difficult to find parking"", ""parking_options"": ""Free street parking""}"
Glen's Bakehouse (HSR Layout),095137 34879,"2337, SECTOR 1, HSR Layout 17th Cross, 24th Main Rd, Bengaluru, Karnataka 560102",12.9120508,77.6482099,Bakery and Cake Shop,,ChdDSUhNMG9nS0VJQ0FnTUNRMU1LcGt3RRAB,Glen's Bakehouse (HSR Layout),Pankaj Nath,110038926900973606377,True,5,"Good good, decently priced",0,a year ago,"{""dining_mode"": ""Dine in"", ""meal_type"": ""Dinner"", ""price_per_person"": ""₹400–600"", ""food"": 5, ""service_rating"": 5, ""atmosphere"": 3, ""parking_space"": ""Somewhat difficult to find parking"", ""parking_options"": ""Free street parking""}"
Glen's Bakehouse (HSR Layout),095137 34879,"2337, SECTOR 1, HSR Layout 17th Cross, 24th Main Rd, Bengaluru, Karnataka 560102",12.9120508,77.6482099,Bakery and Cake Shop,,ChdDSUhNMG9nS0VJQ0FnTURndDZYdjNnRRAB,Glen's Bakehouse (HSR Layout),Rohini Saravanan,100102205684522843198,False,4,,0,a year ago,"{""food"": 5, ""service_rating"": 5, ""atmosphere"": 5}"
Glen's Bakehouse (HSR Layout),095137 34879,"2337, SECTOR 1, HSR Layout 17th Cross, 24th Main Rd, Bengaluru, Karnataka 560102",12.9120508,77.6482099,Bakery and Cake Shop,,ChdDSUhNMG9nS0VJQ0FnTURnMTQ3cW9nRRAB,Glen's Bakehouse (HSR Layout),Bilquis C,104733691995119960474,True,5,"Had the breakfast combo and spicy citrus chicken steak. The steak was too good and filling. It's a must try. Both the dishes costed around 700  Then we took macarons, filled chocolate donut, caramel donut and a fudgy brownie. It was amazing.",0,a year ago,"{""dining_mode"": ""Dine in"", ""meal_type"": ""Dinner"", ""price_per_person"": ""₹600–800"", ""food"": 5, ""service_rating"": 4, ""atmosphere"": 5, ""recommended_dishes"": ""Walnut Brownie Bash, Spicy Citrus Chicken Steak"", ""parking_space"": ""Somewhat difficult to find parking""}"
Glen's Bakehouse (HSR Layout),095137 34879,"2337, SECTOR 1, HSR Layout 17th Cross, 24th Main Rd, Bengaluru, Karnataka 560102",12.9120508,77.6482099,Bakery and Cake Shop,,ChdDSUhNMG9nS0VJQ0FnTURnbTVpMW1nRRAB,Glen's Bakehouse (HSR Layout),Deepankar Mallick,114793519974927638754,False,5,,0,a year ago,"{""dining_mode"": ""Dine in"", ""meal_type"": ""Other"", ""price_per_person"": ""₹400–600"", ""food"": 4, ""service_rating"": 4, ""atmosphere"": 5, ""recommended_dishes"": ""Red Velvet Cupcake Eggless, Chicken Lasagna""}"
Glen's Bakehouse (HSR Layout),095137 34879,"2337, SECTOR 1, HSR Layout 17th Cross, 24th Main Rd, Bengaluru, Karnataka 560102",12.9120508,77.6482099,Bakery and Cake Shop,,ChZDSUhNMG9nS0VJQ0FnTURnbzlmaE1BEAE,Glen's Bakehouse (HSR Layout),Ronald Royid,101214854124619051696,True,5,,0,a year ago,"{""food"": 5}"
Glen's Bakehouse (HSR Layout),095137 34879,"2337, SECTOR 1, HSR Layout 17th Cross, 24th Main Rd, Bengaluru, Karnataka 560102",12.9120508,77.6482099,Bakery and Cake Shop,,ChdDSUhNMG9nS0VJQ0FnTURnbzRqeGtnRRAB,Glen's Bakehouse (HSR Layout),Parag Chaudhari,107639977471780996773,True,5,,0,a year ago,"{""dining_mode"": ""Dine in"", ""meal_type"": ""Brunch"", ""price_per_person"": ""₹600–800"", ""food"": 5, ""service_rating"": 5, ""atmosphere"": 5}"
Glen's Bakehouse (HSR Layout),095137 34879,"2337, SECTOR 1, HSR Layout 17th Cross, 24th Main Rd, Bengaluru, Karnataka 560102",12.9120508,77.6482099,Bakery and Cake Shop,,ChZDSUhNMG9nS0VJQ0FnTURnbmN6TVhBEAE,Glen's Bakehouse (HSR Layout),Shubhro Purkayastha,111612761524780347075,True,5,Excellent chicken salad and pizzas..also great Darjeeling tea ..great experience,0,a year ago,"{""dining_mode"": ""Dine in"", ""meal_type"": ""Dinner"", ""price_per_person"": ""₹400–600"", ""food"": 5, ""service_rating"": 5, ""atmosphere"": 5}"
Glen's Bakehouse (HSR Layout),095137 34879,"2337, SECTOR 1, HSR Layout 17th Cross, 24th Main Rd, Bengaluru, Karnataka 560102",12.9120508,77.6482099,Bakery and Cake Shop,,ChZDSUhNMG9nS0VJQ0FnTURnbGFqX1ZBEAE,Glen's Bakehouse (HSR Layout),Varuniac S,108068258393241123742,True,5,,0,a year ago,"{""food"": 5, ""service_rating"": 5, ""atmosphere"": 5}"
Glen's Bakehouse (HSR Layout),095137 34879,"2337, SECTOR 1, HSR Layout 17th Cross, 24th Main Rd, Bengaluru, Karnataka 560102",12.9120508,77.6482099,Bakery and Cake Shop,,ChZDSUhNMG9nS0VJQ0FnTUNnOTRqZk5REAE,Glen's Bakehouse (HSR Layout),Kushala CL,108593992899078261008,True,3,"Favourite evening hangout spot with friends! Glen's Bakehouse never disappoints. Their iconic red velvet cupcakes are always a winner. The majito and cold coffee chocolate were soo good! Mini blueberry tart and mushroom puff are must-trys. Mango cheese custard was delicious too.  However, the Alfredo pasta was quite disappointing.  Cozy ambience, but room for improvement with service. Overall, still a great spot to unwind with friends!",0,Edited a year ago,"{""price_per_person"": ""₹400–600""}"
Glen's Bakehouse (HSR Layout),095137 34879,"2337, SECTOR 1, HSR Layout 17th Cross, 24th Main Rd, Bengaluru, Karnataka 560102",12.9120508,77.6482099,Bakery and Cake Shop,,ChdDSUhNMG9nS0VJQ0FnSURYcWZET253RRAB,Glen's Bakehouse (HSR Layout),Naveen S R,107280371807722127836,True,4,,0,Edited a year ago,"{""dining_mode"": ""Dine in"", ""meal_type"": ""Other"", ""price_per_person"": ""₹200–400"", ""food"": 4, ""service_rating"": 4, ""atmosphere"": 4, ""recommended_dishes"": ""Red Velvet Cupcake Eggless, Red Velvet Cake""}"
Glen's Bakehouse (HSR Layout),095137 34879,"2337, SECTOR 1, HSR Layout 17th Cross, 24th Main Rd, Bengaluru, Karnataka 560102",12.9120508,77.6482099,Bakery and Cake Shop,,ChdDSUhNMG9nS0VJQ0FnTURnenRYNTh3RRAB,Glen's Bakehouse (HSR Layout),Suriya Gayathri,117863583813347989816,True,2,"I visited Glen’s Bakehouse in HSR Layout for brunch, but unfortunately, my experience was not great.  The breakfast spread was quite average, and the croissants and bread were dry, which made them less enjoyable. Overall, the food lacked flavour and was not as good as I had expected.  Another major issue was the poor phone network inside the café. When I tried to make a payment via Google Pay, it took a long time due to the weak mobile signal. I asked the staff for WiFi access, but the connection they provided was extremely slow and did not help in completing the payment. I later found out that they had a high-speed WiFi connection, but they refused to share the details. This left me with no choice but to step outside in the scorching sun just to get a better network and complete my payment.  Overall, my experience here was disappointing, and I would think twice before visiting again.",0,a year ago,"{""dining_mode"": ""Dine in"", ""meal_type"": ""Brunch"", ""price_per_person"": ""₹400–600"", ""food"": 1, ""service_rating"": 2, ""atmosphere"": 2}"
Glen's Bakehouse (HSR Layout),095137 34879,"2337, SECTOR 1, HSR Layout 17th Cross, 24th Main Rd, Bengaluru, Karnataka 560102",12.9120508,77.6482099,Bakery and Cake Shop,,ChdDSUhNMG9nS0VJQ0FnTURnNXBudWtRRRAB,Glen's Bakehouse (HSR Layout),SHELDON,108429863938904820018,True,5,,0,a year ago,
Glen's Bakehouse (HSR Layout),095137 34879,"2337, SECTOR 1, HSR Layout 17th Cross, 24th Main Rd, Bengaluru, Karnataka 560102",12.9120508,77.6482099,Bakery and Cake Shop,,ChdDSUhNMG9nS0VJQ0FnTURnb3ZHSXJ3RRAB,Glen's Bakehouse (HSR Layout),Jana,103261567516769659344,False,4,,0,a year ago,"{""dining_mode"": ""Dine in"", ""meal_type"": ""Dinner"", ""price_per_person"": ""₹400–600"", ""food"": 4, ""service_rating"": 4, ""atmosphere"": 3, ""seating_type"": ""Outdoor patio / terrace""}"
Glen's Bakehouse (HSR Layout),095137 34879,"2337, SECTOR 1, HSR Layout 17th Cross, 24th Main Rd, Bengaluru, Karnataka 560102",12.9120508,77.6482099,Bakery and Cake Shop,,ChZDSUhNMG9nS0VJQ0FnTURnM0lINEhREAE,Glen's Bakehouse (HSR Layout),RAVI SANKAR M R,116330635316034722018,False,4,,0,a year ago,"{""food"": 4, ""service_rating"": 4, ""atmosphere"": 4}"
Glen's Bakehouse (HSR Layout),095137 34879,"2337, SECTOR 1, HSR Layout 17th Cross, 24th Main Rd, Bengaluru, Karnataka 560102",12.9120508,77.6482099,Bakery and Cake Shop,,ChZDSUhNMG9nS0VJQ0FnTURnN0pPeGNREAE,Glen's Bakehouse (HSR Layout),Umesh Patidar,111187188772639510601,True,5,,0,a year ago,
Glen's Bakehouse (HSR Layout),095137 34879,"2337, SECTOR 1, HSR Layout 17th Cross, 24th Main Rd, Bengaluru, Karnataka 560102",12.9120508,77.6482099,Bakery and Cake Shop,,ChZDSUhNMG9nS0VJQ0FnTUNnaTktZU13EAE,Glen's Bakehouse (HSR Layout),MD Mohsin Ghazi,101459771460259700265,True,5,,0,a year ago,"{""dining_mode"": ""Dine in"", ""meal_type"": ""Dinner"", ""price_per_person"": ""₹1,400–1,600"", ""food"": 5, ""service_rating"": 5, ""atmosphere"": 5}"
Glen's Bakehouse (HSR Layout),095137 34879,"2337, SECTOR 1, HSR Layout 17th Cross, 24th Main Rd, Bengaluru, Karnataka 560102",12.9120508,77.6482099,Bakery and Cake Shop,,ChdDSUhNMG9nS0VJQ0FnTUNnelpTanJBRRAB,Glen's Bakehouse (HSR Layout),Vishakha Rai,100553234942095932128,True,5,,0,a year ago,"{""dining_mode"": ""Dine in"", ""meal_type"": ""Breakfast"", ""price_per_person"": ""₹400–600"", ""food"": 4, ""service_rating"": 4, ""atmosphere"": 4}"
Glen's Bakehouse (HSR Layout),095137 34879,"2337, SECTOR 1, HSR Layout 17th Cross, 24th Main Rd, Bengaluru, Karnataka 560102",12.9120508,77.6482099,Bakery and Cake Shop,,ChZDSUhNMG9nS0VJQ0FnTUNnbWUybWRnEAE,Glen's Bakehouse (HSR Layout),Momina Khatun,101273320172019031888,False,5,,0,a year ago,"{""food"": 5, ""service_rating"": 5, ""atmosphere"": 5}"
Glen's Bakehouse (HSR Layout),095137 34879,"2337, SECTOR 1, HSR Layout 17th Cross, 24th Main Rd, Bengaluru, Karnataka 560102",12.9120508,77.6482099,Bakery and Cake Shop,,ChdDSUhNMG9nS0VJQ0FnTUNnOXJpWXVRRRAB,Glen's Bakehouse (HSR Layout),Vivekmanikandan D,118428678200099674402,True,4,Cakes were good. Could have been better if they served preheated bakery items. Apple pie was just ok.,0,a year ago,"{""food"": 4, ""service_rating"": 4, ""atmosphere"": 4}"
Glen's Bakehouse (HSR Layout),095137 34879,"2337, SECTOR 1, HSR Layout 17th Cross, 24th Main Rd, Bengaluru, Karnataka 560102",12.9120508,77.6482099,Bakery and Cake Shop,,ChZDSUhNMG9nS0VJQ0FnSURibDdfaFNBEAE,Glen's Bakehouse (HSR Layout),Anushka Jain,106478073519452098271,True,5,,0,Edited a year ago,"{""dining_mode"": ""Dine in"", ""meal_type"": ""Dinner"", ""price_per_person"": ""₹400–600"", ""food"": 5, ""service_rating"": 5, ""atmosphere"": 5, ""vegetarian_recommendation"": ""Somewhat recommend"", ""vegetarian_offerings"": ""Clearly labeled vegetarian dishes""}"
Glen's Bakehouse (HSR Layout),095137 34879,"2337, SECTOR 1, HSR Layout 17th Cross, 24th Main Rd, Bengaluru, Karnataka 560102",12.9120508,77.6482099,Bakery and Cake Shop,,ChZDSUhNMG9nS0VJQ0FnTUNndXZla2VREAE,Glen's Bakehouse (HSR Layout),chetan shettigar,102906263336263105511,False,5,,0,a year ago,"{""food"": 4, ""service_rating"": 5, ""atmosphere"": 4}"
Glen's Bakehouse (HSR Layout),095137 34879,"2337, SECTOR 1, HSR Layout 17th Cross, 24th Main Rd, Bengaluru, Karnataka 560102",12.9120508,77.6482099,Bakery and Cake Shop,,ChZDSUhNMG9nS0VJQ0FnSUM5cC1IbWFBEAE,Glen's Bakehouse (HSR Layout),Anuradha Bhattacharjee,101640600884387623512,True,4,"The blueberry cheesecake tasted more like medicine which I informed them ,earlier it was good hence I revisit today but highly disappointed,cheese Croissant 🥐 was yummy and chicken puff was good",0,Edited a year ago,"{""dining_mode"": ""Dine in"", ""meal_type"": ""Dinner"", ""price_per_person"": ""₹200–400"", ""food"": 3, ""service_rating"": 3, ""atmosphere"": 5}"
Glen's Bakehouse (HSR Layout),095137 34879,"2337, SECTOR 1, HSR Layout 17th Cross, 24th Main Rd, Bengaluru, Karnataka 560102",12.9120508,77.6482099,Bakery and Cake Shop,,ChZDSUhNMG9nS0VJQ0FnTUNnNHVxMmZREAE,Glen's Bakehouse (HSR Layout),Vijayan AD,106729815389832731528,True,5,,0,a year ago,
Glen's Bakehouse (HSR Layout),095137 34879,"2337, SECTOR 1, HSR Layout 17th Cross, 24th Main Rd, Bengaluru, Karnataka 560102",12.9120508,77.6482099,Bakery and Cake Shop,,ChdDSUhNMG9nS0VJQ0FnTUNnNEpteXRnRRAB,Glen's Bakehouse (HSR Layout),Geethashekar geetha,100984433111305791782,True,4,,0,a year ago,
Glen's Bakehouse (HSR Layout),095137 34879,"2337, SECTOR 1, HSR Layout 17th Cross, 24th Main Rd, Bengaluru, Karnataka 560102",12.9120508,77.6482099,Bakery and Cake Shop,,ChdDSUhNMG9nS0VJQ0FnTURBai0ySjNBRRAB,Glen's Bakehouse (HSR Layout),Nitin Dhimole,103543973505803071582,True,5,Costly but worth it,0,a year ago,"{""dining_mode"": ""Take out"", ""meal_type"": ""Other"", ""price_per_person"": ""₹200–400"", ""food"": 5, ""service_rating"": 3, ""atmosphere"": 4}"
Glen's Bakehouse (HSR Layout),095137 34879,"2337, SECTOR 1, HSR Layout 17th Cross, 24th Main Rd, Bengaluru, Karnataka 560102",12.9120508,77.6482099,Bakery and Cake Shop,,ChdDSUhNMG9nS0VJQ0FnTURBdV8zUzVBRRAB,Glen's Bakehouse (HSR Layout),Gurudeep Murthy,100906542888595856792,True,5,,0,a year ago,
Glen's Bakehouse (HSR Layout),095137 34879,"2337, SECTOR 1, HSR Layout 17th Cross, 24th Main Rd, Bengaluru, Karnataka 560102",12.9120508,77.6482099,Bakery and Cake Shop,,ChdDSUhNMG9nS0VJQ0FnTURBODQ3Q3FRRRAB,Glen's Bakehouse (HSR Layout),Ankita Gargi,108928303328534696415,True,4,It's a beautiful place to spend time with your friends and partner. I visit Glen's bakery to have my favourite walnut chocolate brownies and chicken puff and it's awesome. It's a place where once you go you want to go again for its snacks and dessert.,0,a year ago,"{""food"": 4, ""service_rating"": 4, ""atmosphere"": 5}"
Glen's Bakehouse (HSR Layout),095137 34879,"2337, SECTOR 1, HSR Layout 17th Cross, 24th Main Rd, Bengaluru, Karnataka 560102",12.9120508,77.6482099,Bakery and Cake Shop,,ChZDSUhNMG9nS0VJQ0FnTURBczZpbFR3EAE,Glen's Bakehouse (HSR Layout),Abdul Shafeeq TP,115483545143353904274,True,5,"Had a great experience at Glen's Bakehouse! Their red velvet cupcakes were delicious—soft, moist, and perfectly balanced in sweetness. The tarts were also excellent, with a rich and flavorful filling. A great place for dessert lovers with a cozy ambiance. Definitely worth a visit!",0,a year ago,"{""dining_mode"": ""Take out"", ""meal_type"": ""Other"", ""price_per_person"": ""₹1–200"", ""food"": 5, ""service_rating"": 5, ""atmosphere"": 5, ""recommended_dishes"": ""Red Velvet Cupcake Eggless, Cake"", ""parking_space"": ""Difficult to find parking"", ""parking_options"": ""Free street parking""}"
Glen's Bakehouse (HSR Layout),095137 34879,"2337, SECTOR 1, HSR Layout 17th Cross, 24th Main Rd, Bengaluru, Karnataka 560102",12.9120508,77.6482099,Bakery and Cake Shop,,ChdDSUhNMG9nS0VJQ0FnTURBbmZpQnZBRRAB,Glen's Bakehouse (HSR Layout),Mujibur Rahman,101973684540239088166,True,5,,0,a year ago,"{""dining_mode"": ""Dine in"", ""food"": 5, ""service_rating"": 5, ""atmosphere"": 5}"
Glen's Bakehouse (HSR Layout),095137 34879,"2337, SECTOR 1, HSR Layout 17th Cross, 24th Main Rd, Bengaluru, Karnataka 560102",12.9120508,77.6482099,Bakery and Cake Shop,,ChdDSUhNMG9nS0VJQ0FnTURBbHV2ajRBRRAB,Glen's Bakehouse (HSR Layout),Mahesh,107332915134485365419,True,1,Sold me something that is going to expire in 3 days. If you're selling things at a high price point you should have the courtesy to mention when it'll expire. Didn't even give me the bill for it.,0,a year ago,"{""service_rating"": 1}"
Glen's Bakehouse (HSR Layout),095137 34879,"2337, SECTOR 1, HSR Layout 17th Cross, 24th Main Rd, Bengaluru, Karnataka 560102",12.9120508,77.6482099,Bakery and Cake Shop,,ChdDSUhNMG9nS0VJQ0FnTURBaHJfdV93RRAB,Glen's Bakehouse (HSR Layout),Ayush Singh,117795693460858011718,False,5,,0,a year ago,
Glen's Bakehouse (HSR Layout),095137 34879,"2337, SECTOR 1, HSR Layout 17th Cross, 24th Main Rd, Bengaluru, Karnataka 560102",12.9120508,77.6482099,Bakery and Cake Shop,,ChZDSUhNMG9nS0VJQ0FnTURBclAyeWFREAE,Glen's Bakehouse (HSR Layout),Manisha Rana,104346328047538249413,True,5,,0,a year ago,"{""food"": 5, ""service_rating"": 4, ""atmosphere"": 5}"
Glen's Bakehouse (HSR Layout),095137 34879,"2337, SECTOR 1, HSR Layout 17th Cross, 24th Main Rd, Bengaluru, Karnataka 560102",12.9120508,77.6482099,Bakery and Cake Shop,,ChdDSUhNMG9nS0VJQ0FnTURBaElINDl3RRAB,Glen's Bakehouse (HSR Layout),Kumuda B R,104569064848853999257,True,5,,0,a year ago,"{""food"": 5, ""service_rating"": 5, ""atmosphere"": 5}"
Glen's Bakehouse (HSR Layout),095137 34879,"2337, SECTOR 1, HSR Layout 17th Cross, 24th Main Rd, Bengaluru, Karnataka 560102",12.9120508,77.6482099,Bakery and Cake Shop,,ChdDSUhNMG9nS0VJQ0FnTURBcUtfZDF3RRAB,Glen's Bakehouse (HSR Layout),Nikitha Karkera,110747726228922437248,False,5,,0,a year ago,
Glen's Bakehouse (HSR Layout),095137 34879,"2337, SECTOR 1, HSR Layout 17th Cross, 24th Main Rd, Bengaluru, Karnataka 560102",12.9120508,77.6482099,Bakery and Cake Shop,,ChdDSUhNMG9nS0VJQ0FnTURBOEtiSDVBRRAB,Glen's Bakehouse (HSR Layout),Ameer Hamza,108467844604148394381,True,5,,0,a year ago,"{""food"": 5, ""service_rating"": 3, ""atmosphere"": 5}"
Glen's Bakehouse (HSR Layout),095137 34879,"2337, SECTOR 1, HSR Layout 17th Cross, 24th Main Rd, Bengaluru, Karnataka 560102",12.9120508,77.6482099,Bakery and Cake Shop,,ChdDSUhNMG9nS0VJQ0FnTUNBbTlISjRnRRAB,Glen's Bakehouse (HSR Layout),Ritik Srivastava,101855192818788689827,False,4,,0,a year ago,"{""dining_mode"": ""Dine in"", ""meal_type"": ""Dinner"", ""price_per_person"": ""₹400–600"", ""recommended_dishes"": ""Chicken Lasagna, Red Velvet Cake"", ""vegetarian_recommendation"": ""Somewhat recommend"", ""vegetarian_offerings"": ""Large vegetarian selection"", ""parking_space"": ""Somewhat difficult to find parking"", ""parking_options"": ""Free street parking"", ""kid_friendliness"": ""Yes"", ""wheelchair_accessibility"": ""Yes""}"
Glen's Bakehouse (HSR Layout),095137 34879,"2337, SECTOR 1, HSR Layout 17th Cross, 24th Main Rd, Bengaluru, Karnataka 560102",12.9120508,77.6482099,Bakery and Cake Shop,,ChdDSUhNMG9nS0VJQ0FnTUNBNjhYbG1RRRAB,Glen's Bakehouse (HSR Layout),Rohit Das,106987625591336483978,True,5,,0,a year ago,"{""dining_mode"": ""Dine in"", ""meal_type"": ""Lunch"", ""price_per_person"": ""₹1,400–1,600"", ""food"": 4, ""service_rating"": 3, ""atmosphere"": 4}"
Glen's Bakehouse (HSR Layout),095137 34879,"2337, SECTOR 1, HSR Layout 17th Cross, 24th Main Rd, Bengaluru, Karnataka 560102",12.9120508,77.6482099,Bakery and Cake Shop,,ChZDSUhNMG9nS0VJQ0FnTUNBN2ZIOVZ3EAE,Glen's Bakehouse (HSR Layout),Bhavana Kota,101793682667259270156,True,1,"Glen’s Bakehouse has always been great, and I’ve tried it in many locations, but the HSR branch was disappointing. I had the butter croissant and chocolate mini cupcake—both were underwhelming. The croissant was too sour, not soft at all, and the cupcake didn’t seem fresh; it was very dry. And the ambience and service were good.",0,a year ago,"{""food"": 1, ""service_rating"": 5, ""atmosphere"": 5}"
Glen's Bakehouse (HSR Layout),095137 34879,"2337, SECTOR 1, HSR Layout 17th Cross, 24th Main Rd, Bengaluru, Karnataka 560102",12.9120508,77.6482099,Bakery and Cake Shop,,ChZDSUhNMG9nS0VJQ0FnTUNBN1o3cUtREAE,Glen's Bakehouse (HSR Layout),Nishant patil,114778192524930988743,False,4,,0,a year ago,
Glen's Bakehouse (HSR Layout),095137 34879,"2337, SECTOR 1, HSR Layout 17th Cross, 24th Main Rd, Bengaluru, Karnataka 560102",12.9120508,77.6482099,Bakery and Cake Shop,,ChZDSUhNMG9nS0VJQ0FnTUNBbGZXVVlREAE,Glen's Bakehouse (HSR Layout),Adnan Malik,114507262592136814550,True,5,,0,a year ago,
Glen's Bakehouse (HSR Layout),095137 34879,"2337, SECTOR 1, HSR Layout 17th Cross, 24th Main Rd, Bengaluru, Karnataka 560102",12.9120508,77.6482099,Bakery and Cake Shop,,ChdDSUhNMG9nS0VJQ0FnTUNBaGNEOC13RRAB,Glen's Bakehouse (HSR Layout),Shubham Huggi,109942571148434280563,True,5,,0,a year ago,
Glen's Bakehouse (HSR Layout),095137 34879,"2337, SECTOR 1, HSR Layout 17th Cross, 24th Main Rd, Bengaluru, Karnataka 560102",12.9120508,77.6482099,Bakery and Cake Shop,,ChZDSUhNMG9nS0VJQ0FnTUNBdVlueWJ3EAE,Glen's Bakehouse (HSR Layout),richa singh,112222835741700051456,False,4,,0,a year ago,
Glen's Bakehouse (HSR Layout),095137 34879,"2337, SECTOR 1, HSR Layout 17th Cross, 24th Main Rd, Bengaluru, Karnataka 560102",12.9120508,77.6482099,Bakery and Cake Shop,,ChZDSUhNMG9nS0VJQ0FnTUNBb2JEOEVREAE,Glen's Bakehouse (HSR Layout),Shubham Jain,112783364560624455958,True,5,,0,a year ago,"{""food"": 5, ""service_rating"": 5, ""atmosphere"": 4}"
Glen's Bakehouse (HSR Layout),095137 34879,"2337, SECTOR 1, HSR Layout 17th Cross, 24th Main Rd, Bengaluru, Karnataka 560102",12.9120508,77.6482099,Bakery and Cake Shop,,ChdDSUhNMG9nS0VJQ0FnTUNBMXV5Qy1nRRAB,Glen's Bakehouse (HSR Layout),shriya sukalikar,101468056713862659165,True,5,,0,a year ago,"{""food"": 4, ""service_rating"": 4, ""atmosphere"": 4}"
Glen's Bakehouse (HSR Layout),095137 34879,"2337, SECTOR 1, HSR Layout 17th Cross, 24th Main Rd, Bengaluru, Karnataka 560102",12.9120508,77.6482099,Bakery and Cake Shop,,ChZDSUhNMG9nS0VJQ0FnTUNBb3ViOUtBEAE,Glen's Bakehouse (HSR Layout),Jahnavi Devaki,118326917148774109029,False,2,"Service was bad, food was even worse. It was not the same as how it was before. We ordered sourdough pizza, it tasted worse than regular pizza",0,a year ago,"{""food"": 1, ""service_rating"": 2, ""atmosphere"": 4}"
Glen's Bakehouse (HSR Layout),095137 34879,"2337, SECTOR 1, HSR Layout 17th Cross, 24th Main Rd, Bengaluru, Karnataka 560102",12.9120508,77.6482099,Bakery and Cake Shop,,ChZDSUhNMG9nS0VJQ0FnSURfbS1XY0ZBEAE,Glen's Bakehouse (HSR Layout),neelesh dayal,112244152865811409012,True,5,,0,a year ago,
Glen's Bakehouse (HSR Layout),095137 34879,"2337, SECTOR 1, HSR Layout 17th Cross, 24th Main Rd, Bengaluru, Karnataka 560102",12.9120508,77.6482099,Bakery and Cake Shop,,ChdDSUhNMG9nS0VJQ0FnSURfcmYyd2t3RRAB,Glen's Bakehouse (HSR Layout),Amit Patel,105312061633791638638,True,1,Have been here twice. Everytime either the order is delayed or they don't even care about taking order.,0,a year ago,"{""dining_mode"": ""Dine in"", ""meal_type"": ""Breakfast"", ""food"": 2, ""service_rating"": 1, ""atmosphere"": 3}"
Glen's Bakehouse (HSR Layout),095137 34879,"2337, SECTOR 1, HSR Layout 17th Cross, 24th Main Rd, Bengaluru, Karnataka 560102",12.9120508,77.6482099,Bakery and Cake Shop,,ChZDSUhNMG9nS0VJQ0FnSURfcWNTMWNBEAE,Glen's Bakehouse (HSR Layout),Vijendra Kumar Y,103143903583156356081,False,5,,0,a year ago,"{""dining_mode"": ""Dine in"", ""meal_type"": ""Dinner"", ""price_per_person"": ""₹400–600"", ""recommended_dishes"": ""Red Velvet Cupcake Eggless, Cake, Chicken Lasagna, Garlic Bread with Cheese, Cheese Croissant"", ""vegetarian_recommendation"": ""Highly recommend""}"
Glen's Bakehouse (HSR Layout),095137 34879,"2337, SECTOR 1, HSR Layout 17th Cross, 24th Main Rd, Bengaluru, Karnataka 560102",12.9120508,77.6482099,Bakery and Cake Shop,,ChZDSUhNMG9nS0VJQ0FnSUNmbWV1dVlnEAE,Glen's Bakehouse (HSR Layout),Jijy Teni,115904912994514308615,True,4,,0,Edited a year ago,
Glen's Bakehouse (HSR Layout),095137 34879,"2337, SECTOR 1, HSR Layout 17th Cross, 24th Main Rd, Bengaluru, Karnataka 560102",12.9120508,77.6482099,Bakery and Cake Shop,,ChdDSUhNMG9nS0VJQ0FnSURfdk1IYzZ3RRAB,Glen's Bakehouse (HSR Layout),Ekta Khemchandani,108571126906108488666,True,4,,0,a year ago,"{""dining_mode"": ""Dine in"", ""meal_type"": ""Dinner"", ""food"": 4, ""service_rating"": 4, ""atmosphere"": 3, ""recommended_dishes"": ""Mini Cupcakes and Tarts""}"
Glen's Bakehouse (HSR Layout),095137 34879,"2337, SECTOR 1, HSR Layout 17th Cross, 24th Main Rd, Bengaluru, Karnataka 560102",12.9120508,77.6482099,Bakery and Cake Shop,,ChZDSUhNMG9nS0VJQ0FnSUNfXzk3OWF3EAE,Glen's Bakehouse (HSR Layout),Sumaiya Nadaf,107129299447881638367,True,4,It’s good.,0,a year ago,"{""dining_mode"": ""Dine in"", ""meal_type"": ""Other"", ""price_per_person"": ""₹1–200"", ""food"": 4, ""service_rating"": 4, ""atmosphere"": 4}"
Glen's Bakehouse (HSR Layout),095137 34879,"2337, SECTOR 1, HSR Layout 17th Cross, 24th Main Rd, Bengaluru, Karnataka 560102",12.9120508,77.6482099,Bakery and Cake Shop,,ChdDSUhNMG9nS0VJQ0FnSUNfcjc3R3hRRRAB,Glen's Bakehouse (HSR Layout),Shodhan S,117853959120529801984,False,1,,0,a year ago,
Glen's Bakehouse (HSR Layout),095137 34879,"2337, SECTOR 1, HSR Layout 17th Cross, 24th Main Rd, Bengaluru, Karnataka 560102",12.9120508,77.6482099,Bakery and Cake Shop,,ChdDSUhNMG9nS0VJQ0FnSUNfLS1mVnRRRRAB,Glen's Bakehouse (HSR Layout),Venkatesh.A Venki,100138586199965642783,False,1,,0,a year ago,
Glen's Bakehouse (HSR Layout),095137 34879,"2337, SECTOR 1, HSR Layout 17th Cross, 24th Main Rd, Bengaluru, Karnataka 560102",12.9120508,77.6482099,Bakery and Cake Shop,,ChZDSUhNMG9nS0VJQ0FnSUNfN2VuZ2ZREAE,Glen's Bakehouse (HSR Layout),Vinod Angadi,102008411160701585472,True,3,,0,a year ago,
Glen's Bakehouse (HSR Layout),095137 34879,"2337, SECTOR 1, HSR Layout 17th Cross, 24th Main Rd, Bengaluru, Karnataka 560102",12.9120508,77.6482099,Bakery and Cake Shop,,ChdDSUhNMG9nS0VJQ0FnSUNfNmFHQmpRRRAB,Glen's Bakehouse (HSR Layout),Shashidhar Chikkamath,108394928254642283899,True,3,,0,a year ago,"{""dining_mode"": ""Dine in"", ""meal_type"": ""Other"", ""price_per_person"": ""₹1–200"", ""food"": 2, ""service_rating"": 2, ""atmosphere"": 4}"
Glen's Bakehouse (HSR Layout),095137 34879,"2337, SECTOR 1, HSR Layout 17th Cross, 24th Main Rd, Bengaluru, Karnataka 560102",12.9120508,77.6482099,Bakery and Cake Shop,,ChZDSUhNMG9nS0VJQ0FnSUNfZ2JQLVZ3EAE,Glen's Bakehouse (HSR Layout),Ankit Kothari,105248343178153621403,True,5,,0,a year ago,"{""dining_mode"": ""Dine in"", ""meal_type"": ""Dinner"", ""price_per_person"": ""₹200–400"", ""food"": 5, ""service_rating"": 5, ""atmosphere"": 5, ""recommended_dishes"": ""Red Velvet Cupcake Eggless, Blueberry Signaturecheesecake"", ""vegetarian_recommendation"": ""Somewhat recommend"", ""vegetarian_offerings"": ""Clearly labeled vegetarian dishes"", ""parking_space"": ""Somewhat difficult to find parking"", ""parking_options"": ""Free parking lot, Free street parking"", ""wheelchair_accessibility"": ""Not needed""}"
Glen's Bakehouse (HSR Layout),095137 34879,"2337, SECTOR 1, HSR Layout 17th Cross, 24th Main Rd, Bengaluru, Karnataka 560102",12.9120508,77.6482099,Bakery and Cake Shop,,ChdDSUhNMG9nS0VJQ0FnSUNfenBmOC1RRRAB,Glen's Bakehouse (HSR Layout),Himayan Singha,113583602983038741983,True,4,Loved the Darjeeling tea... Probably the only authentic Darjeeling tea in Bengaluru! Loved every dish that I had ordered... Especially the Garlic Bread! The ambience could be improved a bit more... It's less on the minimal side more on the gloomy side!,0,a year ago,"{""dining_mode"": ""Dine in"", ""meal_type"": ""Other"", ""price_per_person"": ""₹400–600"", ""food"": 5, ""service_rating"": 5, ""atmosphere"": 4}"
Glen's Bakehouse (HSR Layout),095137 34879,"2337, SECTOR 1, HSR Layout 17th Cross, 24th Main Rd, Bengaluru, Karnataka 560102",12.9120508,77.6482099,Bakery and Cake Shop,,ChdDSUhNMG9nS0VJQ0FnSUNfeHJiVjdRRRAB,Glen's Bakehouse (HSR Layout),Lucifer morningstar,114293131012709874163,False,2,Discontinuance of paytm wallet is bummer,0,a year ago,
Glen's Bakehouse (HSR Layout),095137 34879,"2337, SECTOR 1, HSR Layout 17th Cross, 24th Main Rd, Bengaluru, Karnataka 560102",12.9120508,77.6482099,Bakery and Cake Shop,,ChdDSUhNMG9nS0VJQ0FnSUNfdXFiNDVRRRAB,Glen's Bakehouse (HSR Layout),jay Shankar giri,103496768151383461626,False,5,,0,a year ago,
Glen's Bakehouse (HSR Layout),095137 34879,"2337, SECTOR 1, HSR Layout 17th Cross, 24th Main Rd, Bengaluru, Karnataka 560102",12.9120508,77.6482099,Bakery and Cake Shop,,ChdDSUhNMG9nS0VJQ0FnSUNfc3NMSTlRRRAB,Glen's Bakehouse (HSR Layout),Isha Mathur,104882865606606918261,False,1,Very disappointed as Glen's has a good reputation. Ordered am egg puff which was frozen cold from inside. Pancakes sauce was also not good quality. Chocolate sauce of Holi in the Wall and even Cafe Here & Now is much better.,0,a year ago,"{""food"": 1, ""service_rating"": 1, ""atmosphere"": 3}"
Glen's Bakehouse (HSR Layout),095137 34879,"2337, SECTOR 1, HSR Layout 17th Cross, 24th Main Rd, Bengaluru, Karnataka 560102",12.9120508,77.6482099,Bakery and Cake Shop,,ChZDSUhNMG9nS0VJQ0FnSUNfNG9uQWFREAE,Glen's Bakehouse (HSR Layout),Kunal Bhuwania,103501623025574154598,False,4,,0,a year ago,
Glen's Bakehouse (HSR Layout),095137 34879,"2337, SECTOR 1, HSR Layout 17th Cross, 24th Main Rd, Bengaluru, Karnataka 560102",12.9120508,77.6482099,Bakery and Cake Shop,,ChdDSUhNMG9nS0VJQ0FnSURKM3FyRDRRRRAB,Glen's Bakehouse (HSR Layout),Hemant Modi,113843855864341411264,True,3,,0,Edited a year ago,"{""dining_mode"": ""Dine in"", ""meal_type"": ""Breakfast"", ""price_per_person"": ""₹200–400"", ""food"": 3, ""service_rating"": 4, ""atmosphere"": 4, ""recommended_dishes"": ""Red Velvet Cupcake Eggless""}"
Glen's Bakehouse (HSR Layout),095137 34879,"2337, SECTOR 1, HSR Layout 17th Cross, 24th Main Rd, Bengaluru, Karnataka 560102",12.9120508,77.6482099,Bakery and Cake Shop,,ChdDSUhNMG9nS0VJQ0FnSURIeHMtZTlBRRAB,Glen's Bakehouse (HSR Layout),Mani Prabhash,113683412054038207406,True,5,"""I had an exceptional dining experience at this restaurant! The ambiance was elegant, yet cozy, making it perfect for any occasion. Our server was attentive, knowledgeable, and friendly, ensuring we felt well taken care of.  The food was outstanding! Each dish was expertly prepared, presented, and bursting with flavor. From the fresh, crispy salads to the tender, juicy entrees, every bite was a delight.  I was thoroughly impressed with the attention to detail, quality of ingredients, and genuine hospitality. Whether you're a foodie, a couple, or a family, this restaurant is a must-visit destination!  Rating: 5/5 stars  Highly recommended!""",0,Edited a year ago,"{""dining_mode"": ""Dine in"", ""meal_type"": ""Lunch"", ""price_per_person"": ""₹800–1,000"", ""food"": 5, ""service_rating"": 5, ""atmosphere"": 5}"
Glen's Bakehouse (HSR Layout),095137 34879,"2337, SECTOR 1, HSR Layout 17th Cross, 24th Main Rd, Bengaluru, Karnataka 560102",12.9120508,77.6482099,Bakery and Cake Shop,,ChZDSUhNMG9nS0VJQ0FnSUNfcUt1MFNnEAE,Glen's Bakehouse (HSR Layout),Akshatha T C,118390506052831367013,True,1,Food is fine. But service is pathetic. They don't respond properly.,0,a year ago,"{""dining_mode"": ""Dine in"", ""meal_type"": ""Lunch"", ""price_per_person"": ""₹200–400"", ""food"": 3, ""service_rating"": 1, ""atmosphere"": 1, ""parking_space"": ""Difficult to find parking"", ""parking_options"": ""Parking is unavailable""}"
Glen's Bakehouse (HSR Layout),095137 34879,"2337, SECTOR 1, HSR Layout 17th Cross, 24th Main Rd, Bengaluru, Karnataka 560102",12.9120508,77.6482099,Bakery and Cake Shop,,ChZDSUhNMG9nS0VJQ0FnSUNfcUxIZmJREAE,Glen's Bakehouse (HSR Layout),mohan kumar,103863362582287317970,True,1,"Worst experience twice. We went to this place twice. They have very loud muic playing in background. We asked them to reduce the volume, the waiter said NO. Not even let me talk to manager or let me try. He just said NO and left. This happened with other people who were sitting in next table, they came with family and asked to reduce volume, but they didn't. Such a rude management. The whole point of music system, is to create a pleasant atmosphere. But instead if that it gives you a Pub atmosphere, which is meaningless and they dont even reduce the volume. Coming to food, its good. Not great. But you can try here. Though the prices are high. And service is pathetic. Bad experience.",0,a year ago,"{""food"": 3, ""service_rating"": 1, ""atmosphere"": 1}"
Glen's Bakehouse (HSR Layout),095137 34879,"2337, SECTOR 1, HSR Layout 17th Cross, 24th Main Rd, Bengaluru, Karnataka 560102",12.9120508,77.6482099,Bakery and Cake Shop,,ChZDSUhNMG9nS0VJQ0FnSUNfZ01YMFZnEAE,Glen's Bakehouse (HSR Layout),Jatish Tyagi,107714430727577431514,False,1,"Pathetic service and rude server. Asked for some whipped cream on top of a cinnamon role I ordered. Kept telling me that there’s no option to have extra whipped cream on top. I politely told him that I know there is no option but that I’m just requesting for it as an extra. Then he proceeded to bring meto a sad looking cinnamon role with the smallest amount of whipped cream and rudely told me that this is the last time they’re doing this. They won’t give extra whipped cream again. Previously had asked for this multiple times at Glens Koramangala and they were always happy to serve. Never visiting Glens HSR again. Shitty service, mid food, rude staff. Ruined what was supposed to be a memorable weekend.",0,a year ago,"{""dining_mode"": ""Dine in"", ""meal_type"": ""Dinner"", ""price_per_person"": ""₹600–800"", ""food"": 1, ""service_rating"": 1, ""atmosphere"": 1}"
Glen's Bakehouse (HSR Layout),095137 34879,"2337, SECTOR 1, HSR Layout 17th Cross, 24th Main Rd, Bengaluru, Karnataka 560102",12.9120508,77.6482099,Bakery and Cake Shop,,ChdDSUhNMG9nS0VJQ0FnSURmMzZlNnh3RRAB,Glen's Bakehouse (HSR Layout),Hiranmai Garikena,108262675218829505428,True,5,love this place,0,a year ago,"{""dining_mode"": ""Dine in"", ""meal_type"": ""Brunch"", ""price_per_person"": ""₹400–600"", ""food"": 5, ""service_rating"": 5, ""atmosphere"": 5, ""recommended_dishes"": ""Red Velvet Cupcake Eggless, Croissant Sandwich""}"
Glen's Bakehouse (HSR Layout),095137 34879,"2337, SECTOR 1, HSR Layout 17th Cross, 24th Main Rd, Bengaluru, Karnataka 560102",12.9120508,77.6482099,Bakery and Cake Shop,,ChdDSUhNMG9nS0VJQ0FnSURmaV9iR3BRRRAB,Glen's Bakehouse (HSR Layout),Nikhil Dutt,102717729443642507950,True,5,,0,a year ago,
Glen's Bakehouse (HSR Layout),095137 34879,"2337, SECTOR 1, HSR Layout 17th Cross, 24th Main Rd, Bengaluru, Karnataka 560102",12.9120508,77.6482099,Bakery and Cake Shop,,ChZDSUhNMG9nS0VJQ0FnSURmODYzVFJBEAE,Glen's Bakehouse (HSR Layout),Darshan Shankar,102212609220435732350,True,5,,0,a year ago,"{""dining_mode"": ""Dine in"", ""meal_type"": ""Dinner"", ""price_per_person"": ""₹1,200–1,400"", ""food"": 5, ""service_rating"": 5, ""atmosphere"": 5}"
Glen's Bakehouse (HSR Layout),095137 34879,"2337, SECTOR 1, HSR Layout 17th Cross, 24th Main Rd, Bengaluru, Karnataka 560102",12.9120508,77.6482099,Bakery and Cake Shop,,ChZDSUhNMG9nS0VJQ0FnSURmODZtSGF3EAE,Glen's Bakehouse (HSR Layout),Puja Kumari,102777897495285008961,False,4,,0,a year ago,"{""food"": 3, ""service_rating"": 5, ""atmosphere"": 5}"
Glen's Bakehouse (HSR Layout),095137 34879,"2337, SECTOR 1, HSR Layout 17th Cross, 24th Main Rd, Bengaluru, Karnataka 560102",12.9120508,77.6482099,Bakery and Cake Shop,,ChZDSUhNMG9nS0VJQ0FnSURmODZpa0VnEAE,Glen's Bakehouse (HSR Layout),Nisha,113290065433371653825,True,5,Yummy food,0,a year ago,"{""dining_mode"": ""Dine in"", ""meal_type"": ""Lunch"", ""price_per_person"": ""₹1–200""}"
Glen's Bakehouse (HSR Layout),095137 34879,"2337, SECTOR 1, HSR Layout 17th Cross, 24th Main Rd, Bengaluru, Karnataka 560102",12.9120508,77.6482099,Bakery and Cake Shop,,ChdDSUhNMG9nS0VJQ0FnSURmM2EtRWtRRRAB,Glen's Bakehouse (HSR Layout),Gangula Nagabhushana Reddy,111050347383597393185,False,5,,0,a year ago,
Glen's Bakehouse (HSR Layout),095137 34879,"2337, SECTOR 1, HSR Layout 17th Cross, 24th Main Rd, Bengaluru, Karnataka 560102",12.9120508,77.6482099,Bakery and Cake Shop,,ChdDSUhNMG9nS0VJQ0FnSURmaloyWWdnRRAB,Glen's Bakehouse (HSR Layout),Ajith Raj,106056382791729284179,True,5,,0,a year ago,
Glen's Bakehouse (HSR Layout),095137 34879,"2337, SECTOR 1, HSR Layout 17th Cross, 24th Main Rd, Bengaluru, Karnataka 560102",12.9120508,77.6482099,Bakery and Cake Shop,,ChZDSUhNMG9nS0VJQ0FnSURmMWVpRGRnEAE,Glen's Bakehouse (HSR Layout),Suhaib A,109634782782826637637,True,5,The butter cup cakes were my favourite i love the taste md i strongly suggest this,0,a year ago,"{""food"": 5, ""service_rating"": 5, ""atmosphere"": 5}"
Glen's Bakehouse (HSR Layout),095137 34879,"2337, SECTOR 1, HSR Layout 17th Cross, 24th Main Rd, Bengaluru, Karnataka 560102",12.9120508,77.6482099,Bakery and Cake Shop,,ChZDSUhNMG9nS0VJQ0FnSURmaGNtdEtBEAE,Glen's Bakehouse (HSR Layout),Lanuienla Longkumer,101516702373518292522,True,5,The desert section is pretty reasonable and tastes delicious. Definitely worth a visit,0,a year ago,"{""dining_mode"": ""Dine in"", ""meal_type"": ""Other"", ""price_per_person"": ""₹800–1,000"", ""food"": 4, ""service_rating"": 5, ""atmosphere"": 5, ""recommended_dishes"": ""Red Velvet Cupcake Eggless, Cake, Donuts""}"
Glen's Bakehouse (HSR Layout),095137 34879,"2337, SECTOR 1, HSR Layout 17th Cross, 24th Main Rd, Bengaluru, Karnataka 560102",12.9120508,77.6482099,Bakery and Cake Shop,,ChZDSUhNMG9nS0VJQ0FnSURmLVktUUhREAE,Glen's Bakehouse (HSR Layout),Muhammed Aflah,106993940625266077658,True,5,"They have a very good menu of pastries and some continental dishes. We tried their croissants and apple pie. They were good and reasonably priced. The croissant was really good but the apple pie I felt a bit over sweetened. They serve English breakfast as well which we tried another day. It was also decent, not the best though.",0,a year ago,"{""dining_mode"": ""Dine in"", ""meal_type"": ""Breakfast"", ""food"": 4, ""service_rating"": 4, ""atmosphere"": 5}"
Glen's Bakehouse (HSR Layout),095137 34879,"2337, SECTOR 1, HSR Layout 17th Cross, 24th Main Rd, Bengaluru, Karnataka 560102",12.9120508,77.6482099,Bakery and Cake Shop,,ChdDSUhNMG9nS0VJQ0FnSURma2Z5RDBBRRAB,Glen's Bakehouse (HSR Layout),Niraj Nayan Sharma,111202933743311673209,True,5,"With Glens mushrooming all over the city there is no reason to make the trek to indiranagar to sample their amazing cheese croissant, cinnamon rolls and cheesecakes",0,a year ago,"{""dining_mode"": ""Take out"", ""meal_type"": ""Other"", ""price_per_person"": ""₹200–400""}"
Glen's Bakehouse (HSR Layout),095137 34879,"2337, SECTOR 1, HSR Layout 17th Cross, 24th Main Rd, Bengaluru, Karnataka 560102",12.9120508,77.6482099,Bakery and Cake Shop,,ChdDSUhNMG9nS0VJQ0FnSURmdHEtZHlBRRAB,Glen's Bakehouse (HSR Layout),Pankaj Raina,117504063544246829915,True,3,Service quality could be improved,0,a year ago,"{""meal_type"": ""Breakfast"", ""food"": 3, ""service_rating"": 1, ""atmosphere"": 4}"
Glen's Bakehouse (HSR Layout),095137 34879,"2337, SECTOR 1, HSR Layout 17th Cross, 24th Main Rd, Bengaluru, Karnataka 560102",12.9120508,77.6482099,Bakery and Cake Shop,,ChdDSUhNMG9nS0VJQ0FnSURmc3FMNDB3RRAB,Glen's Bakehouse (HSR Layout),Sarath Rajan,111993210488210439465,True,5,,0,a year ago,"{""dining_mode"": ""Dine in"", ""meal_type"": ""Other"", ""price_per_person"": ""₹200–400"", ""food"": 5, ""service_rating"": 5, ""atmosphere"": 5}"
Glen's Bakehouse (HSR Layout),095137 34879,"2337, SECTOR 1, HSR Layout 17th Cross, 24th Main Rd, Bengaluru, Karnataka 560102",12.9120508,77.6482099,Bakery and Cake Shop,,ChZDSUhNMG9nS0VJQ0FnSURmbk5TaVF3EAE,Glen's Bakehouse (HSR Layout),Ajay Prakash,103686250406063576367,True,5,,0,a year ago,"{""dining_mode"": ""Dine in"", ""meal_type"": ""Other"", ""price_per_person"": ""₹400–600"", ""food"": 5, ""service_rating"": 4, ""atmosphere"": 5, ""recommended_dishes"": ""Red Velvet Cupcake Eggless, Chicken Lasagna, Peri Peri Fish Fingers, Red Velvet Cake, Mini Cupcakes and Tarts""}"
Glen's Bakehouse (HSR Layout),095137 34879,"2337, SECTOR 1, HSR Layout 17th Cross, 24th Main Rd, Bengaluru, Karnataka 560102",12.9120508,77.6482099,Bakery and Cake Shop,,ChZDSUhNMG9nS0VJQ0FnSURmOUlLNUdnEAE,Glen's Bakehouse (HSR Layout),Ashok Mallya,100974046064711511671,True,5,,0,a year ago,"{""dining_mode"": ""Take out"", ""meal_type"": ""Brunch"", ""price_per_person"": ""₹200–400"", ""food"": 5, ""service_rating"": 4, ""atmosphere"": 5, ""recommended_dishes"": ""Cake""}"
Glen's Bakehouse (HSR Layout),095137 34879,"2337, SECTOR 1, HSR Layout 17th Cross, 24th Main Rd, Bengaluru, Karnataka 560102",12.9120508,77.6482099,Bakery and Cake Shop,,ChdDSUhNMG9nS0VJQ0FnSURmbE1XRGp3RRAB,Glen's Bakehouse (HSR Layout),Preethi N.P,117317697424731852525,True,5,,0,a year ago,"{""dining_mode"": ""Delivery""}"
Glen's Bakehouse (HSR Layout),095137 34879,"2337, SECTOR 1, HSR Layout 17th Cross, 24th Main Rd, Bengaluru, Karnataka 560102",12.9120508,77.6482099,Bakery and Cake Shop,,ChZDSUhNMG9nS0VJQ0FnSUNmcC1pZGVREAE,Glen's Bakehouse (HSR Layout),Kumari Sudha,101495014583492134954,False,5,,0,a year ago,
Glen's Bakehouse (HSR Layout),095137 34879,"2337, SECTOR 1, HSR Layout 17th Cross, 24th Main Rd, Bengaluru, Karnataka 560102",12.9120508,77.6482099,Bakery and Cake Shop,,ChZDSUhNMG9nS0VJQ0FnSUNmczZlbGNnEAE,Glen's Bakehouse (HSR Layout),ShivaShankar Ganapathi,117324665274078150932,False,5,,0,a year ago,"{""dining_mode"": ""Dine in"", ""meal_type"": ""Lunch"", ""price_per_person"": ""₹1,400–1,600"", ""food"": 5, ""service_rating"": 5, ""atmosphere"": 5}"
Glen's Bakehouse (HSR Layout),095137 34879,"2337, SECTOR 1, HSR Layout 17th Cross, 24th Main Rd, Bengaluru, Karnataka 560102",12.9120508,77.6482099,Bakery and Cake Shop,,ChZDSUhNMG9nS0VJQ0FnSUNmMDRDRExREAE,Glen's Bakehouse (HSR Layout),Priya Kathiresan,107662433038640244697,True,5,Good place for dessert,0,a year ago,"{""food"": 5, ""service_rating"": 5, ""atmosphere"": 5}"
Glen's Bakehouse (HSR Layout),095137 34879,"2337, SECTOR 1, HSR Layout 17th Cross, 24th Main Rd, Bengaluru, Karnataka 560102",12.9120508,77.6482099,Bakery and Cake Shop,,ChdDSUhNMG9nS0VJQ0FnSUNmbFo2c3N3RRAB,Glen's Bakehouse (HSR Layout),Robert Lourembam,102905374421811442652,True,3,"It's an okay place. Their pizzas are good. Service can improve. The staff are very silent. They need to at least wear a smile. Overall, it's an overrated place.",0,a year ago,"{""dining_mode"": ""Dine in"", ""meal_type"": ""Lunch"", ""price_per_person"": ""₹1,000–1,200"", ""food"": 3, ""service_rating"": 3, ""atmosphere"": 4, ""recommended_dishes"": ""Red Velvet Cupcake Eggless""}"
Glen's Bakehouse (HSR Layout),095137 34879,"2337, SECTOR 1, HSR Layout 17th Cross, 24th Main Rd, Bengaluru, Karnataka 560102",12.9120508,77.6482099,Bakery and Cake Shop,,ChZDSUhNMG9nS0VJQ0FnSUNmN3A3b2JBEAE,Glen's Bakehouse (HSR Layout),Shilpi Sinha,113972677658159865956,True,3,"Very pretty cafe, the food isn't served hot though. The portions seem skimpy and nothing special in terms of flavours. Pancakes are decently soft although the chocolate sauce is not real chocolate but the fake Hershey's sweet syrup which doesn't help enhancing the pancakes IMO. The baked beans they serve is almost 100% ketchup flavoured.  Will not be coming here for their breakfast. Coffee is decent.",0,a year ago,"{""dining_mode"": ""Dine in"", ""meal_type"": ""Brunch"", ""price_per_person"": ""₹400–600"", ""food"": 3, ""service_rating"": 4, ""atmosphere"": 5, ""parking_space"": ""Difficult to find parking""}"
Glen's Bakehouse (HSR Layout),095137 34879,"2337, SECTOR 1, HSR Layout 17th Cross, 24th Main Rd, Bengaluru, Karnataka 560102",12.9120508,77.6482099,Bakery and Cake Shop,,ChZDSUhNMG9nS0VJQ0FnSUNmcm82eVF3EAE,Glen's Bakehouse (HSR Layout),Aarush khullar,100248116075748667064,True,4,Donuts are dry and tasteless. Cupcakes are the highlight of this place. Good atmosphere and service .,0,a year ago,"{""dining_mode"": ""Dine in"", ""meal_type"": ""Other"", ""price_per_person"": ""₹200–400"", ""food"": 3, ""service_rating"": 4, ""atmosphere"": 4, ""recommended_dishes"": ""Red Velvet Cupcake Eggless""}"
Glen's Bakehouse (HSR Layout),095137 34879,"2337, SECTOR 1, HSR Layout 17th Cross, 24th Main Rd, Bengaluru, Karnataka 560102",12.9120508,77.6482099,Bakery and Cake Shop,,ChZDSUhNMG9nS0VJQ0FnSUNma3N5ZURREAE,Glen's Bakehouse (HSR Layout),Arun Kandhikonda,117628546347360183918,True,4,,0,a year ago,"{""dining_mode"": ""Dine in"", ""price_per_person"": ""₹200–400"", ""food"": 4, ""service_rating"": 4, ""atmosphere"": 4, ""group_size"": ""Suitable for all group sizes""}"
Glen's Bakehouse (HSR Layout),095137 34879,"2337, SECTOR 1, HSR Layout 17th Cross, 24th Main Rd, Bengaluru, Karnataka 560102",12.9120508,77.6482099,Bakery and Cake Shop,,ChdDSUhNMG9nS0VJQ0FnSUNmNHByaDZ3RRAB,Glen's Bakehouse (HSR Layout),Pratham Chouhan,112682724497080781324,True,4,,0,a year ago,"{""food"": 4, ""service_rating"": 4, ""atmosphere"": 5}"
Glen's Bakehouse (HSR Layout),095137 34879,"2337, SECTOR 1, HSR Layout 17th Cross, 24th Main Rd, Bengaluru, Karnataka 560102",12.9120508,77.6482099,Bakery and Cake Shop,,ChdDSUhNMG9nS0VJQ0FnSUNmM0pmTjFRRRAB,Glen's Bakehouse (HSR Layout),Jagadish Prasad Dash,110579123875523951584,True,5,GLEN’S is a must visit for everyone. Best cakes and quick eats. Very good taste and ambience. Must try the Red Velvet cupcakes if you are a sweet teeth.,0,a year ago,"{""dining_mode"": ""Dine in"", ""meal_type"": ""Dinner"", ""price_per_person"": ""₹200–400"", ""food"": 5, ""service_rating"": 5, ""atmosphere"": 5, ""recommended_dishes"": ""Red Velvet Cupcake Eggless, Blueberry Signaturecheesecake"", ""vegetarian_recommendation"": ""Highly recommend"", ""vegetarian_offerings"": ""Vegetarian menu or section"", ""vegetarian_options"": ""Limited veg options.""}"
Glen's Bakehouse (HSR Layout),095137 34879,"2337, SECTOR 1, HSR Layout 17th Cross, 24th Main Rd, Bengaluru, Karnataka 560102",12.9120508,77.6482099,Bakery and Cake Shop,,ChdDSUhNMG9nS0VJQ0FnSUNmak4ySTlBRRAB,Glen's Bakehouse (HSR Layout),Ashraf Momin,101629270238422537415,True,5,Non veg served here is halal,0,a year ago,"{""food"": 5, ""service_rating"": 5, ""atmosphere"": 5}"
Glen's Bakehouse (HSR Layout),095137 34879,"2337, SECTOR 1, HSR Layout 17th Cross, 24th Main Rd, Bengaluru, Karnataka 560102",12.9120508,77.6482099,Bakery and Cake Shop,,ChZDSUhNMG9nS0VJQ0FnSUR2ajY2SlNnEAE,Glen's Bakehouse (HSR Layout),Shubham Deshpande,100893516243273030032,True,5,Amazing place for Desserts. Personally felt that pasta and pizza were okay but the cheese cake and other desserts were amazing! 10/10.,0,a year ago,"{""food"": 5, ""service_rating"": 5, ""atmosphere"": 3}"
Glen's Bakehouse (HSR Layout),095137 34879,"2337, SECTOR 1, HSR Layout 17th Cross, 24th Main Rd, Bengaluru, Karnataka 560102",12.9120508,77.6482099,Bakery and Cake Shop,,ChZDSUhNMG9nS0VJQ0FnSUR2bThIS2NBEAE,Glen's Bakehouse (HSR Layout),Arka Mallik,116731714329178853239,False,5,,0,a year ago,
Glen's Bakehouse (HSR Layout),095137 34879,"2337, SECTOR 1, HSR Layout 17th Cross, 24th Main Rd, Bengaluru, Karnataka 560102",12.9120508,77.6482099,Bakery and Cake Shop,,ChZDSUhNMG9nS0VJQ0FnSUR2NjZtOUVREAE,Glen's Bakehouse (HSR Layout),Pandian Recommends,110104474698446065127,True,5,Best bakes in the neighborhood of HSR,0,a year ago,"{""dining_mode"": ""Dine in"", ""meal_type"": ""Brunch"", ""price_per_person"": ""₹200–400"", ""food"": 5, ""service_rating"": 5, ""atmosphere"": 5}"
Glen's Bakehouse (HSR Layout),095137 34879,"2337, SECTOR 1, HSR Layout 17th Cross, 24th Main Rd, Bengaluru, Karnataka 560102",12.9120508,77.6482099,Bakery and Cake Shop,,ChZDSUhNMG9nS0VJQ0FnSUR2eFpUWWVnEAE,Glen's Bakehouse (HSR Layout),Vishal Kumar Saw,106262801239934023277,True,5,Amex works here. Food is good with nice calm ambience. The main issue is slow service. Every visit has only dissatisfaction with the service part.,0,a year ago,"{""dining_mode"": ""Dine in"", ""meal_type"": ""Breakfast"", ""price_per_person"": ""₹400–600"", ""food"": 4, ""service_rating"": 3, ""atmosphere"": 4, ""recommended_dishes"": ""Croissant Sandwich"", ""vegetarian_recommendation"": ""Somewhat recommend"", ""vegetarian_offerings"": ""Vegetarian menu or section, Clearly labeled vegetarian dishes"", ""parking_space"": ""Difficult to find parking"", ""parking_options"": ""Parking is unavailable"", ""kid_friendliness"": ""Kid- friendly"", ""wheelchair_accessibility"": ""Wheelchair accessibility is not present""}"
Glen's Bakehouse (HSR Layout),095137 34879,"2337, SECTOR 1, HSR Layout 17th Cross, 24th Main Rd, Bengaluru, Karnataka 560102",12.9120508,77.6482099,Bakery and Cake Shop,,ChdDSUhNMG9nS0VJQ0FnSUR2OGNpRGhnRRAB,Glen's Bakehouse (HSR Layout),Mukul Bhatia,101237480678385212263,True,4,,0,a year ago,"{""dining_mode"": ""Dine in"", ""meal_type"": ""Dinner"", ""price_per_person"": ""₹400–600"", ""food"": 4, ""service_rating"": 4, ""atmosphere"": 4}"
Glen's Bakehouse (HSR Layout),095137 34879,"2337, SECTOR 1, HSR Layout 17th Cross, 24th Main Rd, Bengaluru, Karnataka 560102",12.9120508,77.6482099,Bakery and Cake Shop,,ChZDSUhNMG9nS0VJQ0FnSUR2anV1cE9nEAE,Glen's Bakehouse (HSR Layout),Imran Imran,115454321322341189344,False,5,,0,a year ago,"{""food"": 5, ""service_rating"": 5, ""atmosphere"": 5}"
Glen's Bakehouse (HSR Layout),095137 34879,"2337, SECTOR 1, HSR Layout 17th Cross, 24th Main Rd, Bengaluru, Karnataka 560102",12.9120508,77.6482099,Bakery and Cake Shop,,ChZDSUhNMG9nS0VJQ0FnSUR2cHF2d1h3EAE,Glen's Bakehouse (HSR Layout),Manish Marwah,113698098151419166858,True,1,One of the worse experiences …. Food didn’t come almost 45 mins . Satya manager is unreachable …. They don’t give cutlery with food …. No salt pepper in spite of asking ….. no one in the restaurant still have to wait so long to eat food …. Can’t get more ridiculous… why run a restaurant when you can’t handle basics …. I strongly recommend not going here …. Still ended up paying for coffee which is totally cold and food which is not worth a penny,0,a year ago,"{""dining_mode"": ""Dine in"", ""meal_type"": ""Breakfast"", ""price_per_person"": ""₹600–800"", ""service_rating"": 1}"
Glen's Bakehouse (HSR Layout),095137 34879,"2337, SECTOR 1, HSR Layout 17th Cross, 24th Main Rd, Bengaluru, Karnataka 560102",12.9120508,77.6482099,Bakery and Cake Shop,,ChdDSUhNMG9nS0VJQ0FnSUR2cG9yN3NRRRAB,Glen's Bakehouse (HSR Layout),Pavan Kalyan,101225869911868501233,True,5,,0,a year ago,"{""food"": 5, ""service_rating"": 5, ""atmosphere"": 5}"
Glen's Bakehouse (HSR Layout),095137 34879,"2337, SECTOR 1, HSR Layout 17th Cross, 24th Main Rd, Bengaluru, Karnataka 560102",12.9120508,77.6482099,Bakery and Cake Shop,,ChZDSUhNMG9nS0VJQ0FnSUR2ckotN1F3EAE,Glen's Bakehouse (HSR Layout),Junkhna Hemnani,109915710589752123733,True,5,,0,a year ago,"{""dining_mode"": ""Dine in"", ""meal_type"": ""Other"", ""price_per_person"": ""₹200–400"", ""food"": 5, ""service_rating"": 5, ""atmosphere"": 5}"
Glen's Bakehouse (HSR Layout),095137 34879,"2337, SECTOR 1, HSR Layout 17th Cross, 24th Main Rd, Bengaluru, Karnataka 560102",12.9120508,77.6482099,Bakery and Cake Shop,,ChdDSUhNMG9nS0VJQ0FnSUR2eVBxTXpBRRAB,Glen's Bakehouse (HSR Layout),Jabir E K,115170181690291153150,True,5,,0,a year ago,"{""food"": 5, ""service_rating"": 5, ""atmosphere"": 5}"
Glen's Bakehouse (HSR Layout),095137 34879,"2337, SECTOR 1, HSR Layout 17th Cross, 24th Main Rd, Bengaluru, Karnataka 560102",12.9120508,77.6482099,Bakery and Cake Shop,,ChZDSUhNMG9nS0VJQ0FnSUR2d09qdEtREAE,Glen's Bakehouse (HSR Layout),anu angannan,117552315969140964694,True,4,,0,a year ago,
Glen's Bakehouse (HSR Layout),095137 34879,"2337, SECTOR 1, HSR Layout 17th Cross, 24th Main Rd, Bengaluru, Karnataka 560102",12.9120508,77.6482099,Bakery and Cake Shop,,ChdDSUhNMG9nS0VJQ0FnSUN2bjdybnZBRRAB,Glen's Bakehouse (HSR Layout),Maithri onkar murthy,105100618986487772651,True,5,,0,a year ago,"{""dining_mode"": ""Dine in"", ""meal_type"": ""Dinner"", ""price_per_person"": ""₹200–400"", ""food"": 5, ""service_rating"": 5, ""atmosphere"": 5}"
Glen's Bakehouse (HSR Layout),095137 34879,"2337, SECTOR 1, HSR Layout 17th Cross, 24th Main Rd, Bengaluru, Karnataka 560102",12.9120508,77.6482099,Bakery and Cake Shop,,ChZDSUhNMG9nS0VJQ0FnSUN2dDRpSktBEAE,Glen's Bakehouse (HSR Layout),Gitanjaly,114747739330698053316,True,4,The ambience here is so good.. Ideal for quick meetups.. Food is yummy..,0,a year ago,"{""dining_mode"": ""Dine in"", ""price_per_person"": ""₹200–400"", ""food"": 4, ""service_rating"": 5, ""atmosphere"": 5, ""noise_level"": ""Loud, but you can still talk"", ""wait_time"": ""No wait""}"
Glen's Bakehouse (HSR Layout),095137 34879,"2337, SECTOR 1, HSR Layout 17th Cross, 24th Main Rd, Bengaluru, Karnataka 560102",12.9120508,77.6482099,Bakery and Cake Shop,,ChZDSUhNMG9nS0VJQ0FnSUN2cDluT0tBEAE,Glen's Bakehouse (HSR Layout),Avanthi Amarnath,103952075826642825910,True,5,,0,a year ago,
Glen's Bakehouse (HSR Layout),095137 34879,"2337, SECTOR 1, HSR Layout 17th Cross, 24th Main Rd, Bengaluru, Karnataka 560102",12.9120508,77.6482099,Bakery and Cake Shop,,ChZDSUhNMG9nS0VJQ0FnSUN2azRpaFR3EAE,Glen's Bakehouse (HSR Layout),Anjali Damodar,115786945429854502251,True,2,,0,a year ago,"{""meal_type"": ""Brunch"", ""price_per_person"": ""₹1,200–1,400""}"
Glen's Bakehouse (HSR Layout),095137 34879,"2337, SECTOR 1, HSR Layout 17th Cross, 24th Main Rd, Bengaluru, Karnataka 560102",12.9120508,77.6482099,Bakery and Cake Shop,,ChZDSUhNMG9nS0VJQ0FnSUN2bHBXLVNREAE,Glen's Bakehouse (HSR Layout),pavan nayak,104007748073766662407,True,5,"Best service, fast service and friendly staff.",0,a year ago,"{""dining_mode"": ""Dine in"", ""meal_type"": ""Lunch"", ""price_per_person"": ""₹1,600–1,800"", ""food"": 4, ""service_rating"": 5, ""atmosphere"": 5}"
Glen's Bakehouse (HSR Layout),095137 34879,"2337, SECTOR 1, HSR Layout 17th Cross, 24th Main Rd, Bengaluru, Karnataka 560102",12.9120508,77.6482099,Bakery and Cake Shop,,ChdDSUhNMG9nS0VJQ0FnSUN2cG9XYXFnRRAB,Glen's Bakehouse (HSR Layout),Aaditya Saxena,102039372457722794097,True,5,Lovely place.... ambiance is adorable 😍,0,a year ago,"{""dining_mode"": ""Dine in"", ""meal_type"": ""Dinner"", ""price_per_person"": ""₹400–600"", ""food"": 5, ""service_rating"": 4, ""atmosphere"": 4}"
Glen's Bakehouse (HSR Layout),095137 34879,"2337, SECTOR 1, HSR Layout 17th Cross, 24th Main Rd, Bengaluru, Karnataka 560102",12.9120508,77.6482099,Bakery and Cake Shop,,ChdDSUhNMG9nS0VJQ0FnSUN2ckplVmxRRRAB,Glen's Bakehouse (HSR Layout),Tejaswi Buddharaju,113739395126287769940,True,4,"Glen never disappoints, apple pie and tiramisu as authentic and tasty as it could get.",0,a year ago,"{""food"": 5, ""service_rating"": 5, ""atmosphere"": 4}"
Glen's Bakehouse (HSR Layout),095137 34879,"2337, SECTOR 1, HSR Layout 17th Cross, 24th Main Rd, Bengaluru, Karnataka 560102",12.9120508,77.6482099,Bakery and Cake Shop,,ChZDSUhNMG9nS0VJQ0FnSUN2NlBUQ09nEAE,Glen's Bakehouse (HSR Layout),Rony Chakraborty,107979181474129783468,True,5,,0,a year ago,"{""meal_type"": ""Dinner"", ""food"": 5, ""service_rating"": 5, ""atmosphere"": 5}"
Glen's Bakehouse (HSR Layout),095137 34879,"2337, SECTOR 1, HSR Layout 17th Cross, 24th Main Rd, Bengaluru, Karnataka 560102",12.9120508,77.6482099,Bakery and Cake Shop,,ChZDSUhNMG9nS0VJQ0FnSUN2cU1Da1FREAE,Glen's Bakehouse (HSR Layout),MOHANISH PILLAI,114110133091446356644,True,5,"Amazing Place Ample Sitting Space Good Variety of Food Breakfast, Pastries, Pizza, Pasta etc are available Quick Service Sitting Space Inside and outside both Available Parking is tough here as it's on Main Road 2 Wheeler Parking on Roadside is Available Take Aways and Dine In Both are Available Cold Coffee is a waste do not try",0,a year ago,"{""dining_mode"": ""Dine in"", ""meal_type"": ""Dinner"", ""price_per_person"": ""₹800–1,000"", ""food"": 5, ""service_rating"": 5, ""atmosphere"": 5, ""recommended_dishes"": ""Red Velvet Cupcake Eggless, Blueberry Signaturecheesecake, Potato Wedges, Garlic Bread with Cheese"", ""vegetarian_recommendation"": ""Somewhat recommend"", ""vegetarian_offerings"": ""Clearly labeled vegetarian dishes"", ""parking_space"": ""Somewhat difficult to find parking"", ""parking_options"": ""Free street parking""}"
Glen's Bakehouse (HSR Layout),095137 34879,"2337, SECTOR 1, HSR Layout 17th Cross, 24th Main Rd, Bengaluru, Karnataka 560102",12.9120508,77.6482099,Bakery and Cake Shop,,ChdDSUhNMG9nS0VJQ0FnSURQeGYzaDl3RRAB,Glen's Bakehouse (HSR Layout),Aleena Babu,110874237254244185357,True,5,,0,a year ago,
Glen's Bakehouse (HSR Layout),095137 34879,"2337, SECTOR 1, HSR Layout 17th Cross, 24th Main Rd, Bengaluru, Karnataka 560102",12.9120508,77.6482099,Bakery and Cake Shop,,ChdDSUhNMG9nS0VJQ0FnSURQaWN1cl9nRRAB,Glen's Bakehouse (HSR Layout),Gaurav Y,103040861203009020590,True,4,,0,a year ago,"{""food"": 4, ""service_rating"": 5, ""atmosphere"": 5}"
Glen's Bakehouse (HSR Layout),095137 34879,"2337, SECTOR 1, HSR Layout 17th Cross, 24th Main Rd, Bengaluru, Karnataka 560102",12.9120508,77.6482099,Bakery and Cake Shop,,ChZDSUhNMG9nS0VJQ0FnSURQaWVqalBBEAE,Glen's Bakehouse (HSR Layout),krishna Sakhi,108901751788074257192,True,4,,0,a year ago,"{""food"": 4, ""service_rating"": 4, ""atmosphere"": 4}"
Glen's Bakehouse (HSR Layout),095137 34879,"2337, SECTOR 1, HSR Layout 17th Cross, 24th Main Rd, Bengaluru, Karnataka 560102",12.9120508,77.6482099,Bakery and Cake Shop,,ChdDSUhNMG9nS0VJQ0FnSURQOGVudGtBRRAB,Glen's Bakehouse (HSR Layout),INDRANI SARKAR,109022655027779146502,True,5,,0,a year ago,"{""food"": 1, ""service_rating"": 1, ""atmosphere"": 2}"
Glen's Bakehouse (HSR Layout),095137 34879,"2337, SECTOR 1, HSR Layout 17th Cross, 24th Main Rd, Bengaluru, Karnataka 560102",12.9120508,77.6482099,Bakery and Cake Shop,,ChdDSUhNMG9nS0VJQ0FnSURQOFp6dXZnRRAB,Glen's Bakehouse (HSR Layout),Kiran KL,118061049622642134309,True,1,Worst taste Cake house is better than this,0,a year ago,"{""food"": 1, ""service_rating"": 1, ""atmosphere"": 1}"
Glen's Bakehouse (HSR Layout),095137 34879,"2337, SECTOR 1, HSR Layout 17th Cross, 24th Main Rd, Bengaluru, Karnataka 560102",12.9120508,77.6482099,Bakery and Cake Shop,,ChZDSUhNMG9nS0VJQ0FnSURQc2JmZEVBEAE,Glen's Bakehouse (HSR Layout),Janhavi Sahu,101791129172127960409,True,4,,0,a year ago,
Glen's Bakehouse (HSR Layout),095137 34879,"2337, SECTOR 1, HSR Layout 17th Cross, 24th Main Rd, Bengaluru, Karnataka 560102",12.9120508,77.6482099,Bakery and Cake Shop,,ChdDSUhNMG9nS0VJQ0FnSURQNnZDYnNRRRAB,Glen's Bakehouse (HSR Layout),Sukanya Pal,109899795632602844894,True,5,Polite staff and awesome food.,0,Edited a year ago,"{""dining_mode"": ""Take out"", ""meal_type"": ""Other"", ""price_per_person"": ""₹200–400"", ""food"": 5, ""service_rating"": 5, ""atmosphere"": 5}"
Glen's Bakehouse (HSR Layout),095137 34879,"2337, SECTOR 1, HSR Layout 17th Cross, 24th Main Rd, Bengaluru, Karnataka 560102",12.9120508,77.6482099,Bakery and Cake Shop,,ChdDSUhNMG9nS0VJQ0FnSURQaHQtdHZ3RRAB,Glen's Bakehouse (HSR Layout),Sumit chatterjee,108414426388862110173,True,1,"One of the worst serviced place you could visit, they just hired people and not even one is properly trainer. They don't ask you to wait or guide you for the tables. They don't clean the tables and the ignorance is just too annoying to take.  After an outlet grows in audience people just don't care.  Food has degraded at a level where now even zepto cafe food seems good.",0,a year ago,"{""dining_mode"": ""Dine in"", ""meal_type"": ""Dinner"", ""price_per_person"": ""₹800–1,000"", ""food"": 2, ""service_rating"": 1, ""atmosphere"": 1}"
Glen's Bakehouse (HSR Layout),095137 34879,"2337, SECTOR 1, HSR Layout 17th Cross, 24th Main Rd, Bengaluru, Karnataka 560102",12.9120508,77.6482099,Bakery and Cake Shop,,ChdDSUhNMG9nS0VJQ0FnSURQNHBuVnhBRRAB,Glen's Bakehouse (HSR Layout),Kevin David,107681684325934714451,True,5,One of the best out there. Great food and great cakes,0,a year ago,"{""dining_mode"": ""Dine in"", ""meal_type"": ""Dinner"", ""price_per_person"": ""₹400–600"", ""food"": 5, ""service_rating"": 3, ""atmosphere"": 5, ""recommended_dishes"": ""Chicken Lasagna, Blueberry Signaturecheesecake, Blueberry Cheese Cake pcs, Garlic Bread with Cheese""}"
Glen's Bakehouse (HSR Layout),095137 34879,"2337, SECTOR 1, HSR Layout 17th Cross, 24th Main Rd, Bengaluru, Karnataka 560102",12.9120508,77.6482099,Bakery and Cake Shop,,ChdDSUhNMG9nS0VJQ0FnSURQdkxfMDFBRRAB,Glen's Bakehouse (HSR Layout),shivam bose,101440001918453533939,True,4,,0,a year ago,"{""dining_mode"": ""Take out""}"
Glen's Bakehouse (HSR Layout),095137 34879,"2337, SECTOR 1, HSR Layout 17th Cross, 24th Main Rd, Bengaluru, Karnataka 560102",12.9120508,77.6482099,Bakery and Cake Shop,,ChdDSUhNMG9nS0VJQ0FnSURQdk5MbGp3RRAB,Glen's Bakehouse (HSR Layout),Nigam Agarwal,116160803634371420983,True,4,"Glen’s Bakehouse in HSR Layout is a charming café that’s perfect for those who love freshly baked treats and a relaxed ambiance. Their signature cupcakes and cheesecakes are a must-try – moist, flavorful, and beautifully presented. The red velvet cupcake and baked cheesecake are especially popular and live up to the hype.  If you’re in the mood for something savory, their pizzas, pastas, and all-day breakfast options are equally delightful. Pair your meal with their specialty coffees or refreshing iced teas for a complete experience.  The café’s cozy interiors and outdoor seating make it an ideal spot for catching up with friends or enjoying some quiet time with a good book. With great food, friendly service, and a lovely vibe, Glen’s Bakehouse is a gem in HSR that’s worth visiting!",0,a year ago,"{""dining_mode"": ""Dine in"", ""meal_type"": ""Brunch"", ""price_per_person"": ""₹1–200"", ""food"": 4, ""service_rating"": 4, ""atmosphere"": 5, ""recommended_dishes"": ""Red Velvet Cupcake Eggless"", ""vegetarian_recommendation"": ""Highly recommend"", ""vegetarian_offerings"": ""Large vegetarian selection""}"
Glen's Bakehouse (HSR Layout),095137 34879,"2337, SECTOR 1, HSR Layout 17th Cross, 24th Main Rd, Bengaluru, Karnataka 560102",12.9120508,77.6482099,Bakery and Cake Shop,,ChZDSUhNMG9nS0VJQ0FnSURQcE1pRUpnEAE,Glen's Bakehouse (HSR Layout),Arjun Bigi,100005055327282821322,True,5,One of the oldest & finest cafe. They impress me consistently. I am big fan of their shelved products. Especially the doughnuts & cup cakes,0,a year ago,"{""dining_mode"": ""Dine in"", ""meal_type"": ""Other"", ""price_per_person"": ""₹1–200"", ""food"": 5, ""service_rating"": 4, ""atmosphere"": 5, ""recommended_dishes"": ""Red Velvet Cupcake Eggless, Donuts""}"
Glen's Bakehouse (HSR Layout),095137 34879,"2337, SECTOR 1, HSR Layout 17th Cross, 24th Main Rd, Bengaluru, Karnataka 560102",12.9120508,77.6482099,Bakery and Cake Shop,,ChdDSUhNMG9nS0VJQ0FnSURQeUlpcHJRRRAB,Glen's Bakehouse (HSR Layout),adithi hegde,116314847227041281240,True,4,,0,a year ago,
Glen's Bakehouse (HSR Layout),095137 34879,"2337, SECTOR 1, HSR Layout 17th Cross, 24th Main Rd, Bengaluru, Karnataka 560102",12.9120508,77.6482099,Bakery and Cake Shop,,ChdDSUhNMG9nS0VJQ0FnSUNQMWJQdHhBRRAB,Glen's Bakehouse (HSR Layout),Rajat Khatri,117434278838935691289,True,4,,0,a year ago,"{""dining_mode"": ""Take out"", ""meal_type"": ""Brunch"", ""price_per_person"": ""₹200–400"", ""food"": 4, ""service_rating"": 3, ""atmosphere"": 3, ""recommended_dishes"": ""Red Velvet Cupcake Eggless""}"
Glen's Bakehouse (HSR Layout),095137 34879,"2337, SECTOR 1, HSR Layout 17th Cross, 24th Main Rd, Bengaluru, Karnataka 560102",12.9120508,77.6482099,Bakery and Cake Shop,,ChdDSUhNMG9nS0VJQ0FnSUNQcGEySS13RRAB,Glen's Bakehouse (HSR Layout),Arunjith sahadevan,109655772640727061454,True,4,,0,a year ago,"{""food"": 4, ""service_rating"": 4, ""atmosphere"": 4}"
Glen's Bakehouse (HSR Layout),095137 34879,"2337, SECTOR 1, HSR Layout 17th Cross, 24th Main Rd, Bengaluru, Karnataka 560102",12.9120508,77.6482099,Bakery and Cake Shop,,ChZDSUhNMG9nS0VJQ0FnSUNQeGNuVkRREAE,Glen's Bakehouse (HSR Layout),Swaroop,106673291989435364346,True,5,,0,a year ago,"{""dining_mode"": ""Dine in"", ""meal_type"": ""Brunch"", ""price_per_person"": ""₹400–600"", ""food"": 5, ""service_rating"": 5, ""atmosphere"": 5, ""vegetarian_recommendation"": ""Highly recommend"", ""parking_space"": ""Somewhat difficult to find parking"", ""kid_friendliness"": ""Definitely kid-friendly"", ""wheelchair_accessibility"": ""Partially accessible for wheelchairs""}"
Glen's Bakehouse (HSR Layout),095137 34879,"2337, SECTOR 1, HSR Layout 17th Cross, 24th Main Rd, Bengaluru, Karnataka 560102",12.9120508,77.6482099,Bakery and Cake Shop,,ChZDSUhNMG9nS0VJQ0FnSUNQenM3TkJnEAE,Glen's Bakehouse (HSR Layout),kajal Kumari,118012355115646312657,True,3,Cupcakes are good.,0,a year ago,"{""food"": 2, ""service_rating"": 4, ""atmosphere"": 5}"
Glen's Bakehouse (HSR Layout),095137 34879,"2337, SECTOR 1, HSR Layout 17th Cross, 24th Main Rd, Bengaluru, Karnataka 560102",12.9120508,77.6482099,Bakery and Cake Shop,,ChdDSUhNMG9nS0VJQ0FnSUNQOXEyMnZRRRAB,Glen's Bakehouse (HSR Layout),Ronak Gupta,117387756230515239663,False,5,I marely had that delicious food in my life.,0,a year ago,"{""dining_mode"": ""Dine in"", ""meal_type"": ""Dinner"", ""price_per_person"": ""₹400–600"", ""food"": 5, ""service_rating"": 5, ""atmosphere"": 5}"
Glen's Bakehouse (HSR Layout),095137 34879,"2337, SECTOR 1, HSR Layout 17th Cross, 24th Main Rd, Bengaluru, Karnataka 560102",12.9120508,77.6482099,Bakery and Cake Shop,,ChdDSUhNMG9nS0VJQ0FnSUNQMW9idThnRRAB,Glen's Bakehouse (HSR Layout),Joshy Mathew,109828186504153419879,True,5,Service can be better. Cost is bit high,0,a year ago,"{""food"": 5, ""service_rating"": 4, ""atmosphere"": 5}"
Glen's Bakehouse (HSR Layout),095137 34879,"2337, SECTOR 1, HSR Layout 17th Cross, 24th Main Rd, Bengaluru, Karnataka 560102",12.9120508,77.6482099,Bakery and Cake Shop,,ChZDSUhNMG9nS0VJQ0FnSURuOUp5emRBEAE,Glen's Bakehouse (HSR Layout),Hriiyio Piku,110579019035836758296,False,5,Excellent service excellent food,0,Edited a year ago,"{""dining_mode"": ""Dine in"", ""meal_type"": ""Dinner"", ""price_per_person"": ""₹1,000–1,200"", ""food"": 5, ""service_rating"": 5, ""atmosphere"": 5, ""recommended_dishes"": ""Chicken Lasagna, Peri Peri Fish Fingers""}"
Glen's Bakehouse (HSR Layout),095137 34879,"2337, SECTOR 1, HSR Layout 17th Cross, 24th Main Rd, Bengaluru, Karnataka 560102",12.9120508,77.6482099,Bakery and Cake Shop,,ChZDSUhNMG9nS0VJQ0FnSUNQN05qekRnEAE,Glen's Bakehouse (HSR Layout),Karthik Rajendra,118307075247581609524,True,3,,0,a year ago,
Glen's Bakehouse (HSR Layout),095137 34879,"2337, SECTOR 1, HSR Layout 17th Cross, 24th Main Rd, Bengaluru, Karnataka 560102",12.9120508,77.6482099,Bakery and Cake Shop,,ChdDSUhNMG9nS0VJQ0FnSUQzNDdfSTFRRRAB,Glen's Bakehouse (HSR Layout),Aiswarya K,115649946165062958782,True,4,"I really love their mini cupcakes but my favorite is hazelnut one. Also love vanilla,chocolate and belgium chocolate. I also like their blueberry donut.",0,a year ago,"{""dining_mode"": ""Dine in"", ""meal_type"": ""Other"", ""price_per_person"": ""₹1–200"", ""food"": 4, ""service_rating"": 4, ""atmosphere"": 4, ""recommended_dishes"": ""Donuts, Mini Cupcakes and Tarts"", ""parking_space"": ""Difficult to find parking"", ""parking_options"": ""Free street parking""}"
Glen's Bakehouse (HSR Layout),095137 34879,"2337, SECTOR 1, HSR Layout 17th Cross, 24th Main Rd, Bengaluru, Karnataka 560102",12.9120508,77.6482099,Bakery and Cake Shop,,ChdDSUhNMG9nS0VJQ0FnSUQzNDV6Z3lBRRAB,Glen's Bakehouse (HSR Layout),Sheikh Dawood,102158960152827710550,True,5,,0,a year ago,"{""food"": 5, ""service_rating"": 5, ""atmosphere"": 5}"
Glen's Bakehouse (HSR Layout),095137 34879,"2337, SECTOR 1, HSR Layout 17th Cross, 24th Main Rd, Bengaluru, Karnataka 560102",12.9120508,77.6482099,Bakery and Cake Shop,,ChdDSUhNMG9nS0VJQ0FnSUMzMWJmT3p3RRAB,Glen's Bakehouse (HSR Layout),Monoj Ghosh,117593673266053000086,False,5,,0,Edited a year ago,"{""meal_type"": ""Dinner"", ""price_per_person"": ""₹400–600"", ""food"": 4, ""service_rating"": 4, ""atmosphere"": 4, ""recommended_dishes"": ""Red Velvet Cupcake Eggless, Chicken Lasagna""}"
Glen's Bakehouse (HSR Layout),095137 34879,"2337, SECTOR 1, HSR Layout 17th Cross, 24th Main Rd, Bengaluru, Karnataka 560102",12.9120508,77.6482099,Bakery and Cake Shop,,ChdDSUhNMG9nS0VJQ0FnSUQzdXJfOG53RRAB,Glen's Bakehouse (HSR Layout),Mohan Babu,103201095072832571303,True,3,,0,a year ago,"{""food"": 3, ""service_rating"": 4, ""atmosphere"": 4}"
Glen's Bakehouse (HSR Layout),095137 34879,"2337, SECTOR 1, HSR Layout 17th Cross, 24th Main Rd, Bengaluru, Karnataka 560102",12.9120508,77.6482099,Bakery and Cake Shop,,ChZDSUhNMG9nS0VJQ0FnSUQzcXZUellREAE,Glen's Bakehouse (HSR Layout),Atifz zzz,100187925378580071941,True,5,,0,a year ago,"{""price_per_person"": ""₹800–1,000"", ""food"": 4, ""service_rating"": 4, ""atmosphere"": 5}"
Glen's Bakehouse (HSR Layout),095137 34879,"2337, SECTOR 1, HSR Layout 17th Cross, 24th Main Rd, Bengaluru, Karnataka 560102",12.9120508,77.6482099,Bakery and Cake Shop,,ChdDSUhNMG9nS0VJQ0FnSUQzd3FxTnVBRRAB,Glen's Bakehouse (HSR Layout),Bharath Manchikanti,103771434000096020244,True,5,The mocha is a must try. The croissant and the cupcakes are very soothing,0,a year ago,"{""food"": 5, ""service_rating"": 5, ""atmosphere"": 5}"
Glen's Bakehouse (HSR Layout),095137 34879,"2337, SECTOR 1, HSR Layout 17th Cross, 24th Main Rd, Bengaluru, Karnataka 560102",12.9120508,77.6482099,Bakery and Cake Shop,,ChZDSUhNMG9nS0VJQ0FnSUQzX0p1Q0NBEAE,Glen's Bakehouse (HSR Layout),Bhavya Vadde,106555009075896761624,False,5,Great way to end a stressful day is to treat yourself with gooodd food 🤤😍 and girls gossips 🤭 night 💜🍹,0,a year ago,"{""dining_mode"": ""Dine in"", ""meal_type"": ""Dinner"", ""food"": 5, ""service_rating"": 5, ""atmosphere"": 5}"
Glen's Bakehouse (HSR Layout),095137 34879,"2337, SECTOR 1, HSR Layout 17th Cross, 24th Main Rd, Bengaluru, Karnataka 560102",12.9120508,77.6482099,Bakery and Cake Shop,,ChdDSUhNMG9nS0VJQ0FnSUQzc0pUend3RRAB,Glen's Bakehouse (HSR Layout),Niveditha vk,100291223661331770741,True,5,,0,a year ago,"{""food"": 5, ""service_rating"": 5, ""atmosphere"": 5}"
Glen's Bakehouse (HSR Layout),095137 34879,"2337, SECTOR 1, HSR Layout 17th Cross, 24th Main Rd, Bengaluru, Karnataka 560102",12.9120508,77.6482099,Bakery and Cake Shop,,ChdDSUhNMG9nS0VJQ0FnSUQzNExTMXJBRRAB,Glen's Bakehouse (HSR Layout),priya paulose,110715639427114064167,True,5,,0,a year ago,"{""food"": 5, ""service_rating"": 5, ""atmosphere"": 5}"
Glen's Bakehouse (HSR Layout),095137 34879,"2337, SECTOR 1, HSR Layout 17th Cross, 24th Main Rd, Bengaluru, Karnataka 560102",12.9120508,77.6482099,Bakery and Cake Shop,,ChdDSUhNMG9nS0VJQ0FnSUMzM2R2UjB3RRAB,Glen's Bakehouse (HSR Layout),Glenda D'Souza,112851463658891249805,True,5,,0,a year ago,
Glen's Bakehouse (HSR Layout),095137 34879,"2337, SECTOR 1, HSR Layout 17th Cross, 24th Main Rd, Bengaluru, Karnataka 560102",12.9120508,77.6482099,Bakery and Cake Shop,,ChZDSUhNMG9nS0VJQ0FnSUMzcHJfRlpREAE,Glen's Bakehouse (HSR Layout),Sasha Ferdinand,115404299667129093682,True,5,,0,a year ago,"{""food"": 5, ""service_rating"": 5, ""atmosphere"": 5}"
Glen's Bakehouse (HSR Layout),095137 34879,"2337, SECTOR 1, HSR Layout 17th Cross, 24th Main Rd, Bengaluru, Karnataka 560102",12.9120508,77.6482099,Bakery and Cake Shop,,ChdDSUhNMG9nS0VJQ0FnSUMzcHYyZmtnRRAB,Glen's Bakehouse (HSR Layout),Kalpana Chetry,109055596300609989589,False,5,,0,a year ago,"{""food"": 5, ""service_rating"": 5, ""atmosphere"": 5}"
Glen's Bakehouse (HSR Layout),095137 34879,"2337, SECTOR 1, HSR Layout 17th Cross, 24th Main Rd, Bengaluru, Karnataka 560102",12.9120508,77.6482099,Bakery and Cake Shop,,ChdDSUhNMG9nS0VJQ0FnSUMzeXN1UDhnRRAB,Glen's Bakehouse (HSR Layout),joysring Difoesa,102079416272587538374,False,5,,0,a year ago,"{""food"": 5, ""service_rating"": 5, ""atmosphere"": 5}"
Glen's Bakehouse (HSR Layout),095137 34879,"2337, SECTOR 1, HSR Layout 17th Cross, 24th Main Rd, Bengaluru, Karnataka 560102",12.9120508,77.6482099,Bakery and Cake Shop,,ChdDSUhNMG9nS0VJQ0FnSUMzN0xienR3RRAB,Glen's Bakehouse (HSR Layout),jonalee bajpai,105664306323181998089,False,1,The food quality and taste have deteriorated over the time… orderef pizza that has stale baby corn… pumpkin soup tasted like dal pani without salt… pasta pesto was also tasteless and overcooked. Very very disappointed,0,a year ago,
Glen's Bakehouse (HSR Layout),095137 34879,"2337, SECTOR 1, HSR Layout 17th Cross, 24th Main Rd, Bengaluru, Karnataka 560102",12.9120508,77.6482099,Bakery and Cake Shop,,ChdDSUhNMG9nS0VJQ0FnSURYcmZqeWp3RRAB,Glen's Bakehouse (HSR Layout),aseema sulakhe,117543912884967942157,True,4,A fan of their desserts! Tarts and cupcakes are really good,0,a year ago,"{""food"": 4, ""service_rating"": 5, ""atmosphere"": 5}"
Glen's Bakehouse (HSR Layout),095137 34879,"2337, SECTOR 1, HSR Layout 17th Cross, 24th Main Rd, Bengaluru, Karnataka 560102",12.9120508,77.6482099,Bakery and Cake Shop,,ChZDSUhNMG9nS0VJQ0FnSURYaWZHbmFREAE,Glen's Bakehouse (HSR Layout),Sumalatha Gowda,102731348819469895514,True,5,Nice place to hang out and birthday meet ups,0,a year ago,"{""dining_mode"": ""Dine in"", ""meal_type"": ""Brunch"", ""food"": 4, ""service_rating"": 4, ""atmosphere"": 4, ""recommended_dishes"": ""Cake""}"
Glen's Bakehouse (HSR Layout),095137 34879,"2337, SECTOR 1, HSR Layout 17th Cross, 24th Main Rd, Bengaluru, Karnataka 560102",12.9120508,77.6482099,Bakery and Cake Shop,,ChZDSUhNMG9nS0VJQ0FnSURYOGZEVkhnEAE,Glen's Bakehouse (HSR Layout),Netish Johnachan,106180165305857209392,True,3,"Waiters are clueless about the menu , waiting period for food is minimum 30 minutes and at the end the food tasted just average . We ordered chicken steak , chicken pesto and citrus chicken . Citrus chicken was a disaster and the Manager agreed it was below par.",0,a year ago,"{""dining_mode"": ""Dine in"", ""meal_type"": ""Lunch"", ""price_per_person"": ""₹2,000+"", ""food"": 3, ""service_rating"": 3, ""atmosphere"": 4}"
Glen's Bakehouse (HSR Layout),095137 34879,"2337, SECTOR 1, HSR Layout 17th Cross, 24th Main Rd, Bengaluru, Karnataka 560102",12.9120508,77.6482099,Bakery and Cake Shop,,ChZDSUhNMG9nS0VJQ0FnSURYa2VfSEFnEAE,Glen's Bakehouse (HSR Layout),Prashant H,101222256067239117052,True,4,,0,a year ago,
Glen's Bakehouse (HSR Layout),095137 34879,"2337, SECTOR 1, HSR Layout 17th Cross, 24th Main Rd, Bengaluru, Karnataka 560102",12.9120508,77.6482099,Bakery and Cake Shop,,ChdDSUhNMG9nS0VJQ0FnSURYa2JuZGxRRRAB,Glen's Bakehouse (HSR Layout),Shruti Roy,116449946163949588316,False,5,,0,a year ago,"{""food"": 5, ""service_rating"": 5, ""atmosphere"": 5}"
Glen's Bakehouse (HSR Layout),095137 34879,"2337, SECTOR 1, HSR Layout 17th Cross, 24th Main Rd, Bengaluru, Karnataka 560102",12.9120508,77.6482099,Bakery and Cake Shop,,ChZDSUhNMG9nS0VJQ0FnSURYa2VhY2ZBEAE,Glen's Bakehouse (HSR Layout),Meghna Ghosh,104331768990070915039,True,5,,0,a year ago,"{""dining_mode"": ""Dine in"", ""price_per_person"": ""₹200–400"", ""food"": 5, ""service_rating"": 5, ""atmosphere"": 5}"
Glen's Bakehouse (HSR Layout),095137 34879,"2337, SECTOR 1, HSR Layout 17th Cross, 24th Main Rd, Bengaluru, Karnataka 560102",12.9120508,77.6482099,Bakery and Cake Shop,,ChdDSUhNMG9nS0VJQ0FnSURYN3BtQ3pRRRAB,Glen's Bakehouse (HSR Layout),Priya Nandi,104169613383919296137,True,5,Amazing place to chill and a good place if you are a cupcake lover,0,a year ago,"{""food"": 5, ""service_rating"": 5, ""atmosphere"": 5}"
Glen's Bakehouse (HSR Layout),095137 34879,"2337, SECTOR 1, HSR Layout 17th Cross, 24th Main Rd, Bengaluru, Karnataka 560102",12.9120508,77.6482099,Bakery and Cake Shop,,ChdDSUhNMG9nS0VJQ0FnSURYeHZma3JBRRAB,Glen's Bakehouse (HSR Layout),vamsi krishna,107032810817703262410,True,5,Great atmosphere,0,a year ago,"{""food"": 5, ""service_rating"": 5, ""atmosphere"": 5}"
Glen's Bakehouse (HSR Layout),095137 34879,"2337, SECTOR 1, HSR Layout 17th Cross, 24th Main Rd, Bengaluru, Karnataka 560102",12.9120508,77.6482099,Bakery and Cake Shop,,ChdDSUhNMG9nS0VJQ0FnSURYM09QMDRRRRAB,Glen's Bakehouse (HSR Layout),biswajit basak,109293552339932792062,True,3,,0,a year ago,"{""dining_mode"": ""Dine in"", ""food"": 3, ""service_rating"": 4, ""atmosphere"": 4}"
Glen's Bakehouse (HSR Layout),095137 34879,"2337, SECTOR 1, HSR Layout 17th Cross, 24th Main Rd, Bengaluru, Karnataka 560102",12.9120508,77.6482099,Bakery and Cake Shop,,ChdDSUhNMG9nS0VJQ0FnSURYbEkyTXpBRRAB,Glen's Bakehouse (HSR Layout),Dhiraj kumar,109658242316941096181,False,5,,0,a year ago,"{""food"": 3, ""service_rating"": 4, ""atmosphere"": 5}"
Glen's Bakehouse (HSR Layout),095137 34879,"2337, SECTOR 1, HSR Layout 17th Cross, 24th Main Rd, Bengaluru, Karnataka 560102",12.9120508,77.6482099,Bakery and Cake Shop,,ChdDSUhNMG9nS0VJQ0FnSURYcEstd3NRRRAB,Glen's Bakehouse (HSR Layout),Shreya Patodia,107832254061660525700,False,5,,0,a year ago,
Glen's Bakehouse (HSR Layout),095137 34879,"2337, SECTOR 1, HSR Layout 17th Cross, 24th Main Rd, Bengaluru, Karnataka 560102",12.9120508,77.6482099,Bakery and Cake Shop,,ChdDSUhNMG9nS0VJQ0FnSUNYdjRqVy1nRRAB,Glen's Bakehouse (HSR Layout),Akshatha Gowda N,114656746645351191001,True,1,"Horrible service, very ignorant staff.",0,a year ago,"{""dining_mode"": ""Dine in"", ""meal_type"": ""Lunch"", ""price_per_person"": ""₹1,000–1,200""}"
Glen's Bakehouse (HSR Layout),095137 34879,"2337, SECTOR 1, HSR Layout 17th Cross, 24th Main Rd, Bengaluru, Karnataka 560102",12.9120508,77.6482099,Bakery and Cake Shop,,ChZDSUhNMG9nS0VJQ0FnSUNYOTZUak9nEAE,Glen's Bakehouse (HSR Layout),Arunima Anand,101903410765576570526,True,5,,0,a year ago,"{""dining_mode"": ""Take out"", ""meal_type"": ""Other"", ""price_per_person"": ""₹400–600"", ""food"": 5, ""service_rating"": 4, ""atmosphere"": 5, ""recommended_dishes"": ""Red Velvet Cupcake Eggless, Blueberry Signaturecheesecake, Blueberry Cheese Cake pcs""}"
Glen's Bakehouse (HSR Layout),095137 34879,"2337, SECTOR 1, HSR Layout 17th Cross, 24th Main Rd, Bengaluru, Karnataka 560102",12.9120508,77.6482099,Bakery and Cake Shop,,ChZDSUhNMG9nS0VJQ0FnSURMbmZiblVnEAE,Glen's Bakehouse (HSR Layout),Plank Ton,116044226319156537983,True,3,"Good atmosphere but slow service. They are nice and friendly but the service was extremely sluggish. I guess it's understaffed. The food is quite tasty, but I gave it with 3 stars because the quantity is geared towards children, not adults. It's expensive, so you'd expect a decent quantity, right? It's a nice little cafe, though.",0,Edited a year ago,"{""dining_mode"": ""Dine in"", ""meal_type"": ""Dinner"", ""price_per_person"": ""₹600–800"", ""food"": 3, ""service_rating"": 2, ""atmosphere"": 5}"
Glen's Bakehouse (HSR Layout),095137 34879,"2337, SECTOR 1, HSR Layout 17th Cross, 24th Main Rd, Bengaluru, Karnataka 560102",12.9120508,77.6482099,Bakery and Cake Shop,,ChZDSUhNMG9nS0VJQ0FnSUNYdDRuMkh3EAE,Glen's Bakehouse (HSR Layout),Tanmayee Mishra,116792870025484464916,False,4,,0,a year ago,"{""dining_mode"": ""Dine in"", ""meal_type"": ""Other"", ""food"": 4, ""service_rating"": 3, ""atmosphere"": 3}"
Glen's Bakehouse (HSR Layout),095137 34879,"2337, SECTOR 1, HSR Layout 17th Cross, 24th Main Rd, Bengaluru, Karnataka 560102",12.9120508,77.6482099,Bakery and Cake Shop,,ChdDSUhNMG9nS0VJQ0FnSUNYNTUzNGxnRRAB,Glen's Bakehouse (HSR Layout),Dilipraj SN,116120108914361526917,False,5,,0,a year ago,"{""dining_mode"": ""Dine in"", ""meal_type"": ""Brunch"", ""price_per_person"": ""₹800–1,000"", ""food"": 5, ""service_rating"": 5, ""atmosphere"": 5, ""recommended_dishes"": ""Red Velvet Cupcake Eggless""}"
Glen's Bakehouse (HSR Layout),095137 34879,"2337, SECTOR 1, HSR Layout 17th Cross, 24th Main Rd, Bengaluru, Karnataka 560102",12.9120508,77.6482099,Bakery and Cake Shop,,ChZDSUhNMG9nS0VJQ0FnSUNYcDczVmNnEAE,Glen's Bakehouse (HSR Layout),Sibir Das,107104393715351733536,True,5,,0,a year ago,"{""dining_mode"": ""Dine in"", ""meal_type"": ""Brunch"", ""price_per_person"": ""₹800–1,000"", ""food"": 5, ""service_rating"": 5, ""atmosphere"": 5}"
Glen's Bakehouse (HSR Layout),095137 34879,"2337, SECTOR 1, HSR Layout 17th Cross, 24th Main Rd, Bengaluru, Karnataka 560102",12.9120508,77.6482099,Bakery and Cake Shop,,ChdDSUhNMG9nS0VJQ0FnSUNYMjVDWDNRRRAB,Glen's Bakehouse (HSR Layout),Gopal Rai,108331484439800196808,False,1,,0,a year ago,
Glen's Bakehouse (HSR Layout),095137 34879,"2337, SECTOR 1, HSR Layout 17th Cross, 24th Main Rd, Bengaluru, Karnataka 560102",12.9120508,77.6482099,Bakery and Cake Shop,,ChZDSUhNMG9nS0VJQ0FnSUNYcV9hSU1BEAE,Glen's Bakehouse (HSR Layout),Manish Singh,101607121278385078000,False,5,,0,a year ago,
Glen's Bakehouse (HSR Layout),095137 34879,"2337, SECTOR 1, HSR Layout 17th Cross, 24th Main Rd, Bengaluru, Karnataka 560102",12.9120508,77.6482099,Bakery and Cake Shop,,ChdDSUhNMG9nS0VJQ0FnSUNlc2RUNGh3RRAB,Glen's Bakehouse (HSR Layout),Pratik Ghosh,103565207560825559741,True,5,,0,Edited a year ago,"{""dining_mode"": ""Dine in"", ""meal_type"": ""Other"", ""price_per_person"": ""₹200–400"", ""food"": 5, ""service_rating"": 4, ""atmosphere"": 5}"
Glen's Bakehouse (HSR Layout),095137 34879,"2337, SECTOR 1, HSR Layout 17th Cross, 24th Main Rd, Bengaluru, Karnataka 560102",12.9120508,77.6482099,Bakery and Cake Shop,,ChdDSUhNMG9nS0VJQ0FnSUNYeTREOTdnRRAB,Glen's Bakehouse (HSR Layout),anirban roy,108975017084321612506,True,5,,0,a year ago,
Glen's Bakehouse (HSR Layout),095137 34879,"2337, SECTOR 1, HSR Layout 17th Cross, 24th Main Rd, Bengaluru, Karnataka 560102",12.9120508,77.6482099,Bakery and Cake Shop,,ChZDSUhNMG9nS0VJQ0FnSUNYMDd1dVdBEAE,Glen's Bakehouse (HSR Layout),Devansh patidar,112820963337651765761,True,1,,0,a year ago,
Glen's Bakehouse (HSR Layout),095137 34879,"2337, SECTOR 1, HSR Layout 17th Cross, 24th Main Rd, Bengaluru, Karnataka 560102",12.9120508,77.6482099,Bakery and Cake Shop,,ChdDSUhNMG9nS0VJQ0FnSUNYNDhHNDVBRRAB,Glen's Bakehouse (HSR Layout),Abhay Rana,101629526107370089361,True,5,,0,a year ago,
Glen's Bakehouse (HSR Layout),095137 34879,"2337, SECTOR 1, HSR Layout 17th Cross, 24th Main Rd, Bengaluru, Karnataka 560102",12.9120508,77.6482099,Bakery and Cake Shop,,ChZDSUhNMG9nS0VJQ0FnSUNYcGZDUE9nEAE,Glen's Bakehouse (HSR Layout),Aparajita Kumar,113639435320233925143,True,5,,0,a year ago,
Glen's Bakehouse (HSR Layout),095137 34879,"2337, SECTOR 1, HSR Layout 17th Cross, 24th Main Rd, Bengaluru, Karnataka 560102",12.9120508,77.6482099,Bakery and Cake Shop,,ChdDSUhNMG9nS0VJQ0FnSUNYeFlMTG5nRRAB,Glen's Bakehouse (HSR Layout),Goutham M,104800774235346983864,True,5,,0,a year ago,
Glen's Bakehouse (HSR Layout),095137 34879,"2337, SECTOR 1, HSR Layout 17th Cross, 24th Main Rd, Bengaluru, Karnataka 560102",12.9120508,77.6482099,Bakery and Cake Shop,,ChZDSUhNMG9nS0VJQ0FnSUNYNmFhRFpREAE,Glen's Bakehouse (HSR Layout),Mounika I,118196999458957058564,True,4,,0,a year ago,
Glen's Bakehouse (HSR Layout),095137 34879,"2337, SECTOR 1, HSR Layout 17th Cross, 24th Main Rd, Bengaluru, Karnataka 560102",12.9120508,77.6482099,Bakery and Cake Shop,,ChZDSUhNMG9nS0VJQ0FnSUM5bE9LZlpnEAE,Glen's Bakehouse (HSR Layout),Swikriti Saxena,104015141879035544601,True,5,"I love the young vibe of the place, great outdoor set up to get the best coffee in town and work under a tree.",0,Edited a year ago,"{""dining_mode"": ""Dine in"", ""meal_type"": ""Lunch"", ""food"": 5, ""service_rating"": 5, ""atmosphere"": 5}"
Glen's Bakehouse (HSR Layout),095137 34879,"2337, SECTOR 1, HSR Layout 17th Cross, 24th Main Rd, Bengaluru, Karnataka 560102",12.9120508,77.6482099,Bakery and Cake Shop,,ChdDSUhNMG9nS0VJQ0FnSUNYaG9tTm1BRRAB,Glen's Bakehouse (HSR Layout),Divya teja V,108103885827527777891,True,5,,0,a year ago,
Glen's Bakehouse (HSR Layout),095137 34879,"2337, SECTOR 1, HSR Layout 17th Cross, 24th Main Rd, Bengaluru, Karnataka 560102",12.9120508,77.6482099,Bakery and Cake Shop,,ChdDSUhNMG9nS0VJQ0FnSUNYOHQ2WDBBRRAB,Glen's Bakehouse (HSR Layout),Pallab Biswas,101696754289779405593,True,4,,0,a year ago,"{""dining_mode"": ""Dine in"", ""meal_type"": ""Breakfast"", ""food"": 4, ""service_rating"": 4, ""atmosphere"": 4}"
Glen's Bakehouse (HSR Layout),095137 34879,"2337, SECTOR 1, HSR Layout 17th Cross, 24th Main Rd, Bengaluru, Karnataka 560102",12.9120508,77.6482099,Bakery and Cake Shop,,ChdDSUhNMG9nS0VJQ0FnSUNYZ3QzajVnRRAB,Glen's Bakehouse (HSR Layout),Amrit Dasgupta,107738333428424085815,True,5,,0,a year ago,"{""food"": 5, ""service_rating"": 5, ""atmosphere"": 5}"
Glen's Bakehouse (HSR Layout),095137 34879,"2337, SECTOR 1, HSR Layout 17th Cross, 24th Main Rd, Bengaluru, Karnataka 560102",12.9120508,77.6482099,Bakery and Cake Shop,,ChdDSUhNMG9nS0VJQ0FnSUNYaExYQXVRRRAB,Glen's Bakehouse (HSR Layout),Sreedhar Muthalagiri,106419390735387618333,True,5,,0,a year ago,
Glen's Bakehouse (HSR Layout),095137 34879,"2337, SECTOR 1, HSR Layout 17th Cross, 24th Main Rd, Bengaluru, Karnataka 560102",12.9120508,77.6482099,Bakery and Cake Shop,,ChdDSUhNMG9nS0VJQ0FnSUNYLUx2VWd3RRAB,Glen's Bakehouse (HSR Layout),mansi goyal,105733288084448341309,True,5,,0,a year ago,"{""dining_mode"": ""Dine in"", ""meal_type"": ""Dinner"", ""price_per_person"": ""₹800–1,000"", ""food"": 5, ""service_rating"": 3, ""atmosphere"": 5, ""recommended_dishes"": ""Red Velvet Cupcake Eggless, Blueberry Cheese Cake pcs, Potato Wedges, Garlic Bread with Cheese""}"
Glen's Bakehouse (HSR Layout),095137 34879,"2337, SECTOR 1, HSR Layout 17th Cross, 24th Main Rd, Bengaluru, Karnataka 560102",12.9120508,77.6482099,Bakery and Cake Shop,,ChdDSUhNMG9nS0VJQ0FnSUNYaU5Ua25RRRAB,Glen's Bakehouse (HSR Layout),Guru datta,111359494994859611003,True,4,English breakfast was good. Cafe vibe is like goa.Its on main road.,0,a year ago,"{""food"": 4, ""service_rating"": 4, ""atmosphere"": 5}"
Glen's Bakehouse (HSR Layout),095137 34879,"2337, SECTOR 1, HSR Layout 17th Cross, 24th Main Rd, Bengaluru, Karnataka 560102",12.9120508,77.6482099,Bakery and Cake Shop,,ChdDSUhNMG9nS0VJQ0FnSUNYd0pqaGxBRRAB,Glen's Bakehouse (HSR Layout),Sagnik Chakraborty,112215352997007456525,True,5,,0,a year ago,"{""food"": 5, ""service_rating"": 4, ""atmosphere"": 5}"
Glen's Bakehouse (HSR Layout),095137 34879,"2337, SECTOR 1, HSR Layout 17th Cross, 24th Main Rd, Bengaluru, Karnataka 560102",12.9120508,77.6482099,Bakery and Cake Shop,,ChdDSUhNMG9nS0VJQ0FnSURuel9EbDNnRRAB,Glen's Bakehouse (HSR Layout),Archana Joshi,115300023054304043117,True,3,,0,a year ago,"{""dining_mode"": ""Dine in"", ""meal_type"": ""Lunch"", ""price_per_person"": ""₹1,200–1,400"", ""food"": 2, ""service_rating"": 3, ""atmosphere"": 4, ""recommended_dishes"": ""Red Velvet Cupcake Eggless, Blueberry Signaturecheesecake"", ""vegetarian_recommendation"": ""Would not recommend"", ""vegetarian_offerings"": ""Clearly labeled vegetarian dishes""}"
Glen's Bakehouse (HSR Layout),095137 34879,"2337, SECTOR 1, HSR Layout 17th Cross, 24th Main Rd, Bengaluru, Karnataka 560102",12.9120508,77.6482099,Bakery and Cake Shop,,ChZDSUhNMG9nS0VJQ0FnSURuOTdMX1ZBEAE,Glen's Bakehouse (HSR Layout),Vishal Khandelwal,108281369158930254496,True,5,,0,a year ago,"{""food"": 5, ""service_rating"": 4, ""atmosphere"": 5}"
Glen's Bakehouse (HSR Layout),095137 34879,"2337, SECTOR 1, HSR Layout 17th Cross, 24th Main Rd, Bengaluru, Karnataka 560102",12.9120508,77.6482099,Bakery and Cake Shop,,ChdDSUhNMG9nS0VJQ0FnSURuMDUzc3FRRRAB,Glen's Bakehouse (HSR Layout),Yeshwanth Gopala,117344160021887624922,True,4,,0,a year ago,"{""dining_mode"": ""Dine in"", ""meal_type"": ""Dinner"", ""price_per_person"": ""₹400–600"", ""food"": 5, ""service_rating"": 4, ""atmosphere"": 4, ""recommended_dishes"": ""Chicken Lasagna, Blueberry Signaturecheesecake, Peri Peri Fish Fingers, Chicken Pesto Pizza""}"
Glen's Bakehouse (HSR Layout),095137 34879,"2337, SECTOR 1, HSR Layout 17th Cross, 24th Main Rd, Bengaluru, Karnataka 560102",12.9120508,77.6482099,Bakery and Cake Shop,,ChZDSUhNMG9nS0VJQ0FnSURubFkyOVRREAE,Glen's Bakehouse (HSR Layout),Kushagra Sinha,105684983801702154899,True,4,,0,a year ago,"{""food"": 4, ""service_rating"": 3, ""atmosphere"": 3}"
Glen's Bakehouse (HSR Layout),095137 34879,"2337, SECTOR 1, HSR Layout 17th Cross, 24th Main Rd, Bengaluru, Karnataka 560102",12.9120508,77.6482099,Bakery and Cake Shop,,ChZDSUhNMG9nS0VJQ0FnSURub1lQUkZREAE,Glen's Bakehouse (HSR Layout),Ayesha,104260522528034471167,True,3,"Not as good as expected. Compared to the other branches, I feel the service was not up to the mark. Staff was not very helpful and the coffee was okay ish.",0,a year ago,"{""dining_mode"": ""Dine in"", ""meal_type"": ""Other"", ""price_per_person"": ""₹400–600"", ""food"": 3, ""service_rating"": 3, ""atmosphere"": 3}"
Glen's Bakehouse (HSR Layout),095137 34879,"2337, SECTOR 1, HSR Layout 17th Cross, 24th Main Rd, Bengaluru, Karnataka 560102",12.9120508,77.6482099,Bakery and Cake Shop,,ChZDSUhNMG9nS0VJQ0FnSURudnBqZ1RnEAE,Glen's Bakehouse (HSR Layout),Pranav Arya,112922786405919831068,True,1,"The ambience: Let's start with the open sewage right at the entrance inside the restaurant's complex. The stink was absolutely disgusting and filled the whole atmosphere. But that's ok, who cares.  The food: Americano tastes, and came lukewarm. The spinach and corn sandwich was alright. Garlic bread came fresh and nicely toasted but I wish there was a bit more garlic on it. Instead there was too much cheese. Maybe they can call it ""cheesy bread with a hint of garlic"".  Trying to understand the hype around this place. Probably a nice place to hang with your date but not for the food. Hope things will get better.",0,a year ago,"{""food"": 1}"
Glen's Bakehouse (HSR Layout),095137 34879,"2337, SECTOR 1, HSR Layout 17th Cross, 24th Main Rd, Bengaluru, Karnataka 560102",12.9120508,77.6482099,Bakery and Cake Shop,,ChdDSUhNMG9nS0VJQ0FnSURuaHJpMzJBRRAB,Glen's Bakehouse (HSR Layout),yaswanth sai,105937504400296780048,True,4,,0,a year ago,"{""dining_mode"": ""Take out"", ""food"": 4, ""service_rating"": 3, ""atmosphere"": 5}"
Glen's Bakehouse (HSR Layout),095137 34879,"2337, SECTOR 1, HSR Layout 17th Cross, 24th Main Rd, Bengaluru, Karnataka 560102",12.9120508,77.6482099,Bakery and Cake Shop,,ChZDSUhNMG9nS0VJQ0FnSURuMHVPaU93EAE,Glen's Bakehouse (HSR Layout),Daksh Khurana,105992215618287870787,True,2,"Atmosphere is good, food is avergae, got served   old tiramisu which tasted sour.",0,a year ago,"{""dining_mode"": ""Dine in"", ""meal_type"": ""Lunch"", ""price_per_person"": ""₹600–800"", ""food"": 2, ""service_rating"": 3, ""atmosphere"": 4}"
Glen's Bakehouse (HSR Layout),095137 34879,"2337, SECTOR 1, HSR Layout 17th Cross, 24th Main Rd, Bengaluru, Karnataka 560102",12.9120508,77.6482099,Bakery and Cake Shop,,ChZDSUhNMG9nS0VJQ0FnSURuOU9xckR3EAE,Glen's Bakehouse (HSR Layout),Dinchen Tamang Tamang,106400201735304762064,False,5,We order chicken pesto pizza and sundae it's was really good👍,0,a year ago,"{""dining_mode"": ""Dine in"", ""meal_type"": ""Other"", ""price_per_person"": ""₹1,000–1,200"", ""food"": 5, ""service_rating"": 5, ""atmosphere"": 5, ""recommended_dishes"": ""Red Velvet Sundae El""}"
Glen's Bakehouse (HSR Layout),095137 34879,"2337, SECTOR 1, HSR Layout 17th Cross, 24th Main Rd, Bengaluru, Karnataka 560102",12.9120508,77.6482099,Bakery and Cake Shop,,ChdDSUhNMG9nS0VJQ0FnSURuOUtUaG5nRRAB,Glen's Bakehouse (HSR Layout),Chintu Sahoo,113891179763826676400,False,5,Excellent food 😋,0,a year ago,"{""dining_mode"": ""Dine in"", ""food"": 5, ""service_rating"": 5, ""atmosphere"": 5}"
Glen's Bakehouse (HSR Layout),095137 34879,"2337, SECTOR 1, HSR Layout 17th Cross, 24th Main Rd, Bengaluru, Karnataka 560102",12.9120508,77.6482099,Bakery and Cake Shop,,ChdDSUhNMG9nS0VJQ0FnSURubU1hX3d3RRAB,Glen's Bakehouse (HSR Layout),Kanika Abichandani,107081038197475677497,False,5,,0,a year ago,"{""food"": 5, ""service_rating"": 3, ""atmosphere"": 5}"
Glen's Bakehouse (HSR Layout),095137 34879,"2337, SECTOR 1, HSR Layout 17th Cross, 24th Main Rd, Bengaluru, Karnataka 560102",12.9120508,77.6482099,Bakery and Cake Shop,,ChdDSUhNMG9nS0VJQ0FnSURucU1fQnlBRRAB,Glen's Bakehouse (HSR Layout),Nikita Sharma,104070797273867087295,True,1,"Worst food ever, could not drink the coffee at all!",0,a year ago,
Glen's Bakehouse (HSR Layout),095137 34879,"2337, SECTOR 1, HSR Layout 17th Cross, 24th Main Rd, Bengaluru, Karnataka 560102",12.9120508,77.6482099,Bakery and Cake Shop,,ChdDSUhNMG9nS0VJQ0FnSURuaUtYbzlRRRAB,Glen's Bakehouse (HSR Layout),Emilo Odyuo,116586482984791796797,False,5,Thank you Sopon for excellence service,0,a year ago,"{""food"": 5, ""service_rating"": 5, ""atmosphere"": 5}"
Glen's Bakehouse (HSR Layout),095137 34879,"2337, SECTOR 1, HSR Layout 17th Cross, 24th Main Rd, Bengaluru, Karnataka 560102",12.9120508,77.6482099,Bakery and Cake Shop,,ChdDSUhNMG9nS0VJQ0FnSURuaUkyTjh3RRAB,Glen's Bakehouse (HSR Layout),Dillidao Jigdung,113244610019136758430,True,5,This is my second time visit in this place and I like it so much Thank you so much Sopon for excellent service.,0,a year ago,"{""food"": 5, ""service_rating"": 5, ""atmosphere"": 5}"
Glen's Bakehouse (HSR Layout),095137 34879,"2337, SECTOR 1, HSR Layout 17th Cross, 24th Main Rd, Bengaluru, Karnataka 560102",12.9120508,77.6482099,Bakery and Cake Shop,,ChdDSUhNMG9nS0VJQ0FnSURuaUxYZS13RRAB,Glen's Bakehouse (HSR Layout),Mary Biri,117098716623790892527,False,5,"Food is so good , thank you supong for excellent service will visit again",0,a year ago,"{""food"": 5, ""service_rating"": 5, ""atmosphere"": 5}"
Glen's Bakehouse (HSR Layout),095137 34879,"2337, SECTOR 1, HSR Layout 17th Cross, 24th Main Rd, Bengaluru, Karnataka 560102",12.9120508,77.6482099,Bakery and Cake Shop,,ChZDSUhNMG9nS0VJQ0FnSURub0tfUkpREAE,Glen's Bakehouse (HSR Layout),Mohith Kothari,117197706356039984542,True,5,Coming here only for red velvet,0,a year ago,"{""dining_mode"": ""Dine in"", ""meal_type"": ""Lunch"", ""price_per_person"": ""₹200–400"", ""food"": 4, ""service_rating"": 3, ""atmosphere"": 4, ""recommended_dishes"": ""Red Velvet Cupcake Eggless""}"
Glen's Bakehouse (HSR Layout),095137 34879,"2337, SECTOR 1, HSR Layout 17th Cross, 24th Main Rd, Bengaluru, Karnataka 560102",12.9120508,77.6482099,Bakery and Cake Shop,,ChdDSUhNMG9nS0VJQ0FnSURub04ySXJBRRAB,Glen's Bakehouse (HSR Layout),Sowbharnika R.N,112204216178449168308,False,5,Best place to have your brunch or dessert. Takeaways are also available.,0,a year ago,"{""dining_mode"": ""Dine in"", ""meal_type"": ""Brunch"", ""food"": 5, ""service_rating"": 5, ""atmosphere"": 5}"
Glen's Bakehouse (HSR Layout),095137 34879,"2337, SECTOR 1, HSR Layout 17th Cross, 24th Main Rd, Bengaluru, Karnataka 560102",12.9120508,77.6482099,Bakery and Cake Shop,,ChdDSUhNMG9nS0VJQ0FnSUNudjZuWHB3RRAB,Glen's Bakehouse (HSR Layout),Catrine Catrine,114989114523977782588,False,5,,0,a year ago,"{""food"": 5, ""service_rating"": 5, ""atmosphere"": 5}"
Glen's Bakehouse (HSR Layout),095137 34879,"2337, SECTOR 1, HSR Layout 17th Cross, 24th Main Rd, Bengaluru, Karnataka 560102",12.9120508,77.6482099,Bakery and Cake Shop,,ChdDSUhNMG9nS0VJQ0FnSUNIN1pMYXl3RRAB,Glen's Bakehouse (HSR Layout),Radhika Kaushik,101041360830300434417,True,5,,0,Edited a year ago,"{""dining_mode"": ""Dine in"", ""meal_type"": ""Dinner"", ""price_per_person"": ""₹2,000+"", ""food"": 5, ""service_rating"": 5, ""atmosphere"": 5, ""recommended_dishes"": ""Red Velvet Cupcake Eggless"", ""vegetarian_recommendation"": ""Highly recommend"", ""vegetarian_offerings"": ""Large vegetarian selection"", ""parking_space"": ""Plenty of parking"", ""parking_options"": ""Free parking lot"", ""kid_friendliness"": ""Yes"", ""wheelchair_accessibility"": ""Yes""}"
Glen's Bakehouse (HSR Layout),095137 34879,"2337, SECTOR 1, HSR Layout 17th Cross, 24th Main Rd, Bengaluru, Karnataka 560102",12.9120508,77.6482099,Bakery and Cake Shop,,ChZDSUhNMG9nS0VJQ0FnSUNuazktNmZREAE,Glen's Bakehouse (HSR Layout),Kalyani Modugula,109895362633397300311,False,5,,0,a year ago,"{""food"": 5, ""service_rating"": 4, ""atmosphere"": 5}"
Glen's Bakehouse (HSR Layout),095137 34879,"2337, SECTOR 1, HSR Layout 17th Cross, 24th Main Rd, Bengaluru, Karnataka 560102",12.9120508,77.6482099,Bakery and Cake Shop,,ChdDSUhNMG9nS0VJQ0FnSUNuazlpbG5RRRAB,Glen's Bakehouse (HSR Layout),Neha Girdhar,115205325776658149941,True,4,,0,a year ago,"{""dining_mode"": ""Dine in"", ""meal_type"": ""Dinner"", ""price_per_person"": ""₹800–1,000"", ""food"": 4, ""service_rating"": 4, ""atmosphere"": 4}"
Glen's Bakehouse (HSR Layout),095137 34879,"2337, SECTOR 1, HSR Layout 17th Cross, 24th Main Rd, Bengaluru, Karnataka 560102",12.9120508,77.6482099,Bakery and Cake Shop,,ChdDSUhNMG9nS0VJQ0FnSUNuNDVlbXV3RRAB,Glen's Bakehouse (HSR Layout),Neha Khare,100088018963107512929,True,3,,0,a year ago,"{""dining_mode"": ""Dine in"", ""meal_type"": ""Other"", ""price_per_person"": ""₹400–600"", ""food"": 3, ""service_rating"": 4, ""atmosphere"": 4, ""recommended_dishes"": ""Cake, Mini Cupcakes and Tarts""}"
Glen's Bakehouse (HSR Layout),095137 34879,"2337, SECTOR 1, HSR Layout 17th Cross, 24th Main Rd, Bengaluru, Karnataka 560102",12.9120508,77.6482099,Bakery and Cake Shop,,ChZDSUhNMG9nS0VJQ0FnSUNuNF8zSUZREAE,Glen's Bakehouse (HSR Layout),Sanidhya Singh Rajawat,106234961257905627354,True,5,All the bakery items are amazing. Food menu is also huge.,0,a year ago,"{""food"": 5, ""service_rating"": 5, ""atmosphere"": 5}"
Glen's Bakehouse (HSR Layout),095137 34879,"2337, SECTOR 1, HSR Layout 17th Cross, 24th Main Rd, Bengaluru, Karnataka 560102",12.9120508,77.6482099,Bakery and Cake Shop,,ChZDSUhNMG9nS0VJQ0FnSUNudy1HcEd3EAE,Glen's Bakehouse (HSR Layout),Varun Goel,116055263514875674267,True,4,"A decent spot to hang out with friends and enjoy a conversation in a laid-back setting with no loud music. The food is decent overall—while the cheese garlic bread was quite good, the eggless cheesecake we tried was just average.",0,a year ago,"{""dining_mode"": ""Dine in"", ""price_per_person"": ""₹400–600"", ""food"": 4, ""service_rating"": 4, ""atmosphere"": 3, ""vegetarian_recommendation"": ""Somewhat recommend"", ""vegetarian_offerings"": ""Clearly labeled vegetarian dishes"", ""vegetarian_options"": ""Decent number of vegetarian options""}"
Glen's Bakehouse (HSR Layout),095137 34879,"2337, SECTOR 1, HSR Layout 17th Cross, 24th Main Rd, Bengaluru, Karnataka 560102",12.9120508,77.6482099,Bakery and Cake Shop,,ChdDSUhNMG9nS0VJQ0FnSUNuamVlMWtnRRAB,Glen's Bakehouse (HSR Layout),anu raj,103136772263274949536,True,5,,0,a year ago,
Glen's Bakehouse (HSR Layout),095137 34879,"2337, SECTOR 1, HSR Layout 17th Cross, 24th Main Rd, Bengaluru, Karnataka 560102",12.9120508,77.6482099,Bakery and Cake Shop,,ChdDSUhNMG9nS0VJQ0FnSUNuMWR1djNnRRAB,Glen's Bakehouse (HSR Layout),Lakshmi Narayan S,109556598454258085610,True,1,Very unfortunate to get half baked mini cup cakes . Chef needs little focus while preparing,0,a year ago,"{""dining_mode"": ""Take out"", ""meal_type"": ""Other"", ""price_per_person"": ""₹200–400"", ""food"": 1, ""service_rating"": 3, ""atmosphere"": 5, ""recommended_dishes"": ""Cake""}"
Glen's Bakehouse (HSR Layout),095137 34879,"2337, SECTOR 1, HSR Layout 17th Cross, 24th Main Rd, Bengaluru, Karnataka 560102",12.9120508,77.6482099,Bakery and Cake Shop,,ChZDSUhNMG9nS0VJQ0FnSUNuNWViR01nEAE,Glen's Bakehouse (HSR Layout),shakeeb qs,111766114533833421362,True,4,,0,a year ago,"{""food"": 4, ""service_rating"": 3, ""atmosphere"": 4}"
Glen's Bakehouse (HSR Layout),095137 34879,"2337, SECTOR 1, HSR Layout 17th Cross, 24th Main Rd, Bengaluru, Karnataka 560102",12.9120508,77.6482099,Bakery and Cake Shop,,ChdDSUhNMG9nS0VJQ0FnSUNud3VPdjRBRRAB,Glen's Bakehouse (HSR Layout),rahulsadu,112060815968254542662,True,5,"Superb, the brunch options are great. Great atmosphere. Must visit.",0,a year ago,"{""dining_mode"": ""Dine in"", ""meal_type"": ""Brunch"", ""price_per_person"": ""₹1,000–1,200"", ""food"": 5, ""service_rating"": 5, ""atmosphere"": 5}"
Glen's Bakehouse (HSR Layout),095137 34879,"2337, SECTOR 1, HSR Layout 17th Cross, 24th Main Rd, Bengaluru, Karnataka 560102",12.9120508,77.6482099,Bakery and Cake Shop,,ChdDSUhNMG9nS0VJQ0FnSUNuN1ByRG9RRRAB,Glen's Bakehouse (HSR Layout),gokul svg,117970797860609509732,False,4,,0,a year ago,"{""dining_mode"": ""Dine in"", ""meal_type"": ""Dinner"", ""price_per_person"": ""₹1,000–1,200"", ""food"": 4, ""service_rating"": 4, ""atmosphere"": 5, ""recommended_dishes"": ""Red Velvet Cake, Spicy Citrus Chicken Steak""}"
Glen's Bakehouse (HSR Layout),095137 34879,"2337, SECTOR 1, HSR Layout 17th Cross, 24th Main Rd, Bengaluru, Karnataka 560102",12.9120508,77.6482099,Bakery and Cake Shop,,ChdDSUhNMG9nS0VJQ0FnSUNudE5iaXh3RRAB,Glen's Bakehouse (HSR Layout),Mahima Shanbag,117436961094888432850,True,3,Food is not that great here,0,a year ago,"{""dining_mode"": ""Dine in"", ""meal_type"": ""Breakfast"", ""price_per_person"": ""₹1,000–1,200"", ""food"": 2, ""service_rating"": 3, ""atmosphere"": 3, ""recommended_dishes"": ""Red Velvet Cupcake Eggless""}"
Glen's Bakehouse (HSR Layout),095137 34879,"2337, SECTOR 1, HSR Layout 17th Cross, 24th Main Rd, Bengaluru, Karnataka 560102",12.9120508,77.6482099,Bakery and Cake Shop,,ChZDSUhNMG9nS0VJQ0FnSUNuLUpQLVZnEAE,Glen's Bakehouse (HSR Layout),Anirudh Rao Kasuganti,110013532267823917476,True,4,,0,a year ago,"{""food"": 4, ""service_rating"": 3, ""atmosphere"": 4}"
Glen's Bakehouse (HSR Layout),095137 34879,"2337, SECTOR 1, HSR Layout 17th Cross, 24th Main Rd, Bengaluru, Karnataka 560102",12.9120508,77.6482099,Bakery and Cake Shop,,ChZDSUhNMG9nS0VJQ0FnSUNuNE4tTlp3EAE,Glen's Bakehouse (HSR Layout),DEEKSHA KANOJIYA,108457660541725840105,True,5,,0,a year ago,
Glen's Bakehouse (HSR Layout),095137 34879,"2337, SECTOR 1, HSR Layout 17th Cross, 24th Main Rd, Bengaluru, Karnataka 560102",12.9120508,77.6482099,Bakery and Cake Shop,,ChdDSUhNMG9nS0VJQ0FnSUNuNE91OTJnRRAB,Glen's Bakehouse (HSR Layout),Vishesh Upadhyay,102685105237533024026,True,1,"Taste is okay. But service is worse. We ordered butter croissants and the order was taken. After 20 mins, the server came and told us it was not available. It was really frustrating. Then we ordered a simple garlic bread which took more than 40 minutes to come. When I complained about all this to their manager, he said the kitchen was really busy today. No Empathy at all. It isn't worth it",0,a year ago,"{""dining_mode"": ""Dine in"", ""meal_type"": ""Other"", ""price_per_person"": ""₹200–400"", ""food"": 3, ""service_rating"": 1, ""atmosphere"": 3, ""parking_space"": ""Difficult to find parking"", ""parking_options"": ""Parking is unavailable""}"
Glen's Bakehouse (HSR Layout),095137 34879,"2337, SECTOR 1, HSR Layout 17th Cross, 24th Main Rd, Bengaluru, Karnataka 560102",12.9120508,77.6482099,Bakery and Cake Shop,,ChdDSUhNMG9nS0VJQ0FnSUNuNE42MDZRRRAB,Glen's Bakehouse (HSR Layout),kameshwar goel,112602001232241095036,True,4,,0,a year ago,
Glen's Bakehouse (HSR Layout),095137 34879,"2337, SECTOR 1, HSR Layout 17th Cross, 24th Main Rd, Bengaluru, Karnataka 560102",12.9120508,77.6482099,Bakery and Cake Shop,,ChZDSUhNMG9nS0VJQ0FnSURIMzUtSlJ3EAE,Glen's Bakehouse (HSR Layout),Lasya Reddy,106604851587887488874,True,4,,0,a year ago,"{""dining_mode"": ""Dine in"", ""meal_type"": ""Lunch"", ""food"": 5, ""service_rating"": 4, ""atmosphere"": 5, ""recommended_dishes"": ""Blueberry Signaturecheesecake, Blueberry Cheese Cake pcs, Mini Cupcakes and Tarts""}"
Glen's Bakehouse (HSR Layout),095137 34879,"2337, SECTOR 1, HSR Layout 17th Cross, 24th Main Rd, Bengaluru, Karnataka 560102",12.9120508,77.6482099,Bakery and Cake Shop,,ChZDSUhNMG9nS0VJQ0FnSURIMDZMaE13EAE,Glen's Bakehouse (HSR Layout),Souvik Pramanik,114693777439363769270,True,4,,0,a year ago,
Glen's Bakehouse (HSR Layout),095137 34879,"2337, SECTOR 1, HSR Layout 17th Cross, 24th Main Rd, Bengaluru, Karnataka 560102",12.9120508,77.6482099,Bakery and Cake Shop,,ChdDSUhNMG9nS0VJQ0FnSURIbFpiNm53RRAB,Glen's Bakehouse (HSR Layout),Aditya Bhat,114328880975188732030,True,4,Amazing food and desserts...😋👌,0,a year ago,"{""dining_mode"": ""Dine in"", ""meal_type"": ""Dinner"", ""price_per_person"": ""₹400–600"", ""food"": 5, ""service_rating"": 4, ""atmosphere"": 4, ""vegetarian_recommendation"": ""Highly recommend""}"
Glen's Bakehouse (HSR Layout),095137 34879,"2337, SECTOR 1, HSR Layout 17th Cross, 24th Main Rd, Bengaluru, Karnataka 560102",12.9120508,77.6482099,Bakery and Cake Shop,,ChdDSUhNMG9nS0VJQ0FnSURIOGNxXzVBRRAB,Glen's Bakehouse (HSR Layout),R R,112982275899863974610,True,4,,0,a year ago,"{""dining_mode"": ""Dine in"", ""meal_type"": ""Other"", ""price_per_person"": ""₹600–800"", ""food"": 4, ""service_rating"": 5, ""atmosphere"": 5, ""parking_space"": ""Plenty of parking"", ""parking_options"": ""Free parking lot""}"
Glen's Bakehouse (HSR Layout),095137 34879,"2337, SECTOR 1, HSR Layout 17th Cross, 24th Main Rd, Bengaluru, Karnataka 560102",12.9120508,77.6482099,Bakery and Cake Shop,,ChZDSUhNMG9nS0VJQ0FnSURIaHJ2TFNnEAE,Glen's Bakehouse (HSR Layout),Aman,114157248986728629827,False,1,Quality is inferior to quantity for them. They don't have the courtesy of how to treat their customers. Wouldn't recommend this place.,0,a year ago,"{""food"": 1, ""service_rating"": 1, ""atmosphere"": 1}"
Glen's Bakehouse (HSR Layout),095137 34879,"2337, SECTOR 1, HSR Layout 17th Cross, 24th Main Rd, Bengaluru, Karnataka 560102",12.9120508,77.6482099,Bakery and Cake Shop,,ChZDSUhNMG9nS0VJQ0FnSURIOHBEaklREAE,Glen's Bakehouse (HSR Layout),Priyanshi Pandey,114229269599256423948,True,4,Cupcakes were really good and appropriate size for someone who isn’t into too much sweet. Americano is not good. They should improve their coffee beans quality. Puffs were delicious. Vibe and atmosphere is really cool.,0,a year ago,"{""price_per_person"": ""₹1,000–1,200"", ""food"": 4, ""service_rating"": 5, ""atmosphere"": 5}"
Glen's Bakehouse (HSR Layout),095137 34879,"2337, SECTOR 1, HSR Layout 17th Cross, 24th Main Rd, Bengaluru, Karnataka 560102",12.9120508,77.6482099,Bakery and Cake Shop,,ChdDSUhNMG9nS0VJQ0FnSURIdU0ySWl3RRAB,Glen's Bakehouse (HSR Layout),Imtiaz Ali,118151409791333992812,False,5,,0,a year ago,"{""dining_mode"": ""Take out"", ""food"": 5, ""service_rating"": 5, ""atmosphere"": 5}"
Glen's Bakehouse (HSR Layout),095137 34879,"2337, SECTOR 1, HSR Layout 17th Cross, 24th Main Rd, Bengaluru, Karnataka 560102",12.9120508,77.6482099,Bakery and Cake Shop,,ChZDSUhNMG9nS0VJQ0FnSURIdUlueEh3EAE,Glen's Bakehouse (HSR Layout),Monika Chowdhary,100707585627981279364,True,2,"I liked the Glens bake house at other places , this is just average",0,a year ago,"{""food"": 2, ""service_rating"": 4, ""atmosphere"": 4}"
Glen's Bakehouse (HSR Layout),095137 34879,"2337, SECTOR 1, HSR Layout 17th Cross, 24th Main Rd, Bengaluru, Karnataka 560102",12.9120508,77.6482099,Bakery and Cake Shop,,ChdDSUhNMG9nS0VJQ0FnSURIaUxqUTN3RRAB,Glen's Bakehouse (HSR Layout),VISMAYA SURENDRAN,104500790002007539089,True,5,,0,a year ago,"{""dining_mode"": ""Dine in"", ""meal_type"": ""Lunch"", ""price_per_person"": ""₹600–800"", ""food"": 5, ""service_rating"": 5, ""atmosphere"": 5, ""recommended_dishes"": ""Blueberry Signaturecheesecake""}"
Glen's Bakehouse (HSR Layout),095137 34879,"2337, SECTOR 1, HSR Layout 17th Cross, 24th Main Rd, Bengaluru, Karnataka 560102",12.9120508,77.6482099,Bakery and Cake Shop,,ChdDSUhNMG9nS0VJQ0FnSURIa0xyMy1RRRAB,Glen's Bakehouse (HSR Layout),Hemanth,113527303486926144201,True,4,,0,a year ago,"{""dining_mode"": ""Dine in"", ""meal_type"": ""Brunch"", ""price_per_person"": ""₹200–400"", ""food"": 4, ""service_rating"": 3, ""atmosphere"": 5}"
Glen's Bakehouse (HSR Layout),095137 34879,"2337, SECTOR 1, HSR Layout 17th Cross, 24th Main Rd, Bengaluru, Karnataka 560102",12.9120508,77.6482099,Bakery and Cake Shop,,ChZDSUhNMG9nS0VJQ0FnSUNINzVIRWRnEAE,Glen's Bakehouse (HSR Layout),PRAGATI PRIYA,116196011894310069034,False,5,,0,a year ago,"{""food"": 5, ""service_rating"": 5, ""atmosphere"": 5}"
Glen's Bakehouse (HSR Layout),095137 34879,"2337, SECTOR 1, HSR Layout 17th Cross, 24th Main Rd, Bengaluru, Karnataka 560102",12.9120508,77.6482099,Bakery and Cake Shop,,ChZDSUhNMG9nS0VJQ0FnSUNIOTRYcWRnEAE,Glen's Bakehouse (HSR Layout),Aditya Vikram Budholiya,108593595642313588805,False,4,,0,a year ago,
Glen's Bakehouse (HSR Layout),095137 34879,"2337, SECTOR 1, HSR Layout 17th Cross, 24th Main Rd, Bengaluru, Karnataka 560102",12.9120508,77.6482099,Bakery and Cake Shop,,ChZDSUhNMG9nS0VJQ0FnSUNIeTZmdkV3EAE,Glen's Bakehouse (HSR Layout),prerna jaiswal,117233418388405790220,True,4,,0,a year ago,
Glen's Bakehouse (HSR Layout),095137 34879,"2337, SECTOR 1, HSR Layout 17th Cross, 24th Main Rd, Bengaluru, Karnataka 560102",12.9120508,77.6482099,Bakery and Cake Shop,,ChdDSUhNMG9nS0VJQ0FnSUNIamNhTS13RRAB,Glen's Bakehouse (HSR Layout),Vikram Jyoti Nath,102781792626190270791,True,5,Excellent food and ambience!!,0,a year ago,"{""food"": 5, ""service_rating"": 4, ""atmosphere"": 5}"
Glen's Bakehouse (HSR Layout),095137 34879,"2337, SECTOR 1, HSR Layout 17th Cross, 24th Main Rd, Bengaluru, Karnataka 560102",12.9120508,77.6482099,Bakery and Cake Shop,,ChZDSUhNMG9nS0VJQ0FnSUNIeVpHV1JnEAE,Glen's Bakehouse (HSR Layout),Priyank Kumar,111222529634499986643,True,4,Chicken pizza here is the best in Bangalore in my opinion but everything else I tried is average or below average. I will only come here for pizza and skip any desserts. Also the place is not wheelchair friendly at all.,0,a year ago,"{""dining_mode"": ""Dine in"", ""meal_type"": ""Dinner"", ""price_per_person"": ""₹600–800"", ""food"": 4, ""service_rating"": 3, ""atmosphere"": 4, ""vegetarian_recommendation"": ""Would not recommend"", ""vegetarian_offerings"": ""Vegetarian menu or section, Clearly labeled vegetarian dishes""}"
Glen's Bakehouse (HSR Layout),095137 34879,"2337, SECTOR 1, HSR Layout 17th Cross, 24th Main Rd, Bengaluru, Karnataka 560102",12.9120508,77.6482099,Bakery and Cake Shop,,ChdDSUhNMG9nS0VJQ0FnSUNIa2NuM2t3RRAB,Glen's Bakehouse (HSR Layout),Ariba khan,110459806300961094053,True,3,,0,a year ago,"{""dining_mode"": ""Take out"", ""food"": 3, ""service_rating"": 4, ""atmosphere"": 4}"
Glen's Bakehouse (HSR Layout),095137 34879,"2337, SECTOR 1, HSR Layout 17th Cross, 24th Main Rd, Bengaluru, Karnataka 560102",12.9120508,77.6482099,Bakery and Cake Shop,,ChZDSUhNMG9nS0VJQ0FnSUNIbHVHYkJnEAE,Glen's Bakehouse (HSR Layout),Praneeth Puttappa,108421741751057119479,False,4,,0,a year ago,"{""dining_mode"": ""Dine in"", ""meal_type"": ""Dinner"", ""food"": 4, ""service_rating"": 4, ""atmosphere"": 4, ""recommended_dishes"": ""Red Velvet Cupcake Eggless""}"
Glen's Bakehouse (HSR Layout),095137 34879,"2337, SECTOR 1, HSR Layout 17th Cross, 24th Main Rd, Bengaluru, Karnataka 560102",12.9120508,77.6482099,Bakery and Cake Shop,,ChZDSUhNMG9nS0VJQ0FnSUNIMHJyVFdnEAE,Glen's Bakehouse (HSR Layout),Pinky Bhakat,107718526687386583842,True,5,,0,a year ago,"{""dining_mode"": ""Dine in"", ""meal_type"": ""Brunch"", ""price_per_person"": ""₹400–600"", ""food"": 4, ""service_rating"": 4, ""atmosphere"": 5, ""recommended_dishes"": ""Red Velvet Cupcake Eggless, Peri Peri Fish Fingers""}"
Glen's Bakehouse (HSR Layout),095137 34879,"2337, SECTOR 1, HSR Layout 17th Cross, 24th Main Rd, Bengaluru, Karnataka 560102",12.9120508,77.6482099,Bakery and Cake Shop,,ChZDSUhNMG9nS0VJQ0FnSUNIM0tUMGV3EAE,Glen's Bakehouse (HSR Layout),Saman Bhoyar,101466621287988119992,False,4,,0,a year ago,"{""dining_mode"": ""Dine in"", ""meal_type"": ""Dinner"", ""price_per_person"": ""₹200–400"", ""food"": 5, ""service_rating"": 4, ""atmosphere"": 4, ""recommended_dishes"": ""Red Velvet Cake""}"
Glen's Bakehouse (HSR Layout),095137 34879,"2337, SECTOR 1, HSR Layout 17th Cross, 24th Main Rd, Bengaluru, Karnataka 560102",12.9120508,77.6482099,Bakery and Cake Shop,,ChdDSUhNMG9nS0VJQ0FnSUNIN0otNHNnRRAB,Glen's Bakehouse (HSR Layout),Anurag Pillai,101651701326300387636,True,3,Service staff take a lot of time and sometimes don't even convey the order to the kitchen staff. Other Glen Branches are better.,0,a year ago,"{""food"": 5, ""service_rating"": 2, ""atmosphere"": 4}"
Glen's Bakehouse (HSR Layout),095137 34879,"2337, SECTOR 1, HSR Layout 17th Cross, 24th Main Rd, Bengaluru, Karnataka 560102",12.9120508,77.6482099,Bakery and Cake Shop,,ChdDSUhNMG9nS0VJQ0FnSUNIcktTODNBRRAB,Glen's Bakehouse (HSR Layout),Suddhasattwa Mallik,115396888536084119214,True,5,Had been to Glen's Bakehouse at HSR yesterday (1.9.24) evening. The place is right on the road and parking isn't much of a problem. There's ample space so getting a table isn't an issue. Ambience is good with quite a few witty comments didplayed. People are very friendly and helpful and eager to suggest dishes which may suit your liking. Special mention needs to be made of Mr. Piku who was very courteous and served us with a warm smile. He took care of our minor requirements also. I wish him all the success in his career.,0,a year ago,"{""dining_mode"": ""Dine in"", ""meal_type"": ""Dinner"", ""price_per_person"": ""₹1,200–1,400"", ""food"": 4, ""service_rating"": 5, ""atmosphere"": 5, ""recommended_dishes"": ""Croissant Sandwich""}"
Glen's Bakehouse (HSR Layout),095137 34879,"2337, SECTOR 1, HSR Layout 17th Cross, 24th Main Rd, Bengaluru, Karnataka 560102",12.9120508,77.6482099,Bakery and Cake Shop,,ChdDSUhNMG9nS0VJQ0FnSUNIdEpINnhnRRAB,Glen's Bakehouse (HSR Layout),Irayya Neperi,110451673283647660791,True,1,"Service was worst…repeatedly asked for menu and order status , nobody given water also….but other area glen’s service was good",0,a year ago,"{""food"": 4, ""service_rating"": 1, ""atmosphere"": 4}"
Glen's Bakehouse (HSR Layout),095137 34879,"2337, SECTOR 1, HSR Layout 17th Cross, 24th Main Rd, Bengaluru, Karnataka 560102",12.9120508,77.6482099,Bakery and Cake Shop,,ChZDSUhNMG9nS0VJQ0FnSUNIbExfakV3EAE,Glen's Bakehouse (HSR Layout),Tushar Shukla,114828143737546791987,True,4,,0,a year ago,"{""dining_mode"": ""Dine in"", ""meal_type"": ""Lunch"", ""price_per_person"": ""₹200–400"", ""food"": 4, ""service_rating"": 3, ""atmosphere"": 3, ""recommended_dishes"": ""Red Velvet Cake, Mini Cupcakes and Tarts""}"
Glen's Bakehouse (HSR Layout),095137 34879,"2337, SECTOR 1, HSR Layout 17th Cross, 24th Main Rd, Bengaluru, Karnataka 560102",12.9120508,77.6482099,Bakery and Cake Shop,,ChdDSUhNMG9nS0VJQ0FnSUNIbE9YZzN3RRAB,Glen's Bakehouse (HSR Layout),Saif Md,116809583617085364213,True,1,3 times I went to this place. In sort not recommend,0,a year ago,"{""meal_type"": ""Dinner"", ""price_per_person"": ""₹400–600"", ""food"": 1, ""service_rating"": 1, ""atmosphere"": 3}"
Glen's Bakehouse (HSR Layout),095137 34879,"2337, SECTOR 1, HSR Layout 17th Cross, 24th Main Rd, Bengaluru, Karnataka 560102",12.9120508,77.6482099,Bakery and Cake Shop,,ChZDSUhNMG9nS0VJQ0FnSUNqeDlpM1J3EAE,Glen's Bakehouse (HSR Layout),Devansh Verma,102199723635120393263,False,4,,0,Edited a year ago,
Glen's Bakehouse (HSR Layout),095137 34879,"2337, SECTOR 1, HSR Layout 17th Cross, 24th Main Rd, Bengaluru, Karnataka 560102",12.9120508,77.6482099,Bakery and Cake Shop,,ChdDSUhNMG9nS0VJQ0FnSUNIeElISzF3RRAB,Glen's Bakehouse (HSR Layout),Swarnaditya Roy,115310854355152260358,False,1,45 mins waiting to serve breakfast and dry tasteless cinnamon role. Ordered butter croissant . After 30 mins waiting they told not available,0,a year ago,"{""food"": 2, ""service_rating"": 1, ""atmosphere"": 3}"
Glen's Bakehouse (HSR Layout),095137 34879,"2337, SECTOR 1, HSR Layout 17th Cross, 24th Main Rd, Bengaluru, Karnataka 560102",12.9120508,77.6482099,Bakery and Cake Shop,,ChdDSUhNMG9nS0VJQ0FnSUNINkl1QzBBRRAB,Glen's Bakehouse (HSR Layout),uma M,116653399088222628205,False,5,,0,a year ago,
Glen's Bakehouse (HSR Layout),095137 34879,"2337, SECTOR 1, HSR Layout 17th Cross, 24th Main Rd, Bengaluru, Karnataka 560102",12.9120508,77.6482099,Bakery and Cake Shop,,ChdDSUhNMG9nS0VJQ0FnSUNINkpXa2hBRRAB,Glen's Bakehouse (HSR Layout),Akash Jumde,114214232580130419712,True,5,,0,a year ago,
Glen's Bakehouse (HSR Layout),095137 34879,"2337, SECTOR 1, HSR Layout 17th Cross, 24th Main Rd, Bengaluru, Karnataka 560102",12.9120508,77.6482099,Bakery and Cake Shop,,ChZDSUhNMG9nS0VJQ0FnSUNINkpHRUJBEAE,Glen's Bakehouse (HSR Layout),Vishnu Jejo,110437522522978416898,True,3,,0,a year ago,"{""dining_mode"": ""Dine in"", ""meal_type"": ""Other"", ""price_per_person"": ""₹800–1,000"", ""food"": 3, ""service_rating"": 4, ""atmosphere"": 3, ""recommended_dishes"": ""Cake, Mini Cupcakes and Tarts""}"
Glen's Bakehouse (HSR Layout),095137 34879,"2337, SECTOR 1, HSR Layout 17th Cross, 24th Main Rd, Bengaluru, Karnataka 560102",12.9120508,77.6482099,Bakery and Cake Shop,,ChZDSUhNMG9nS0VJQ0FnSUNIaU9IcUJREAE,Glen's Bakehouse (HSR Layout),arnab d,105078034500386489118,True,3,,0,a year ago,"{""food"": 3, ""service_rating"": 3, ""atmosphere"": 3}"
Glen's Bakehouse (HSR Layout),095137 34879,"2337, SECTOR 1, HSR Layout 17th Cross, 24th Main Rd, Bengaluru, Karnataka 560102",12.9120508,77.6482099,Bakery and Cake Shop,,ChZDSUhNMG9nS0VJQ0FnSUQ3NV9IWE9nEAE,Glen's Bakehouse (HSR Layout),Roopitha ..,104135762716201282796,True,4,,0,a year ago,
Glen's Bakehouse (HSR Layout),095137 34879,"2337, SECTOR 1, HSR Layout 17th Cross, 24th Main Rd, Bengaluru, Karnataka 560102",12.9120508,77.6482099,Bakery and Cake Shop,,ChdDSUhNMG9nS0VJQ0FnSUQ3emJINTVBRRAB,Glen's Bakehouse (HSR Layout),Anchit Bajpai,117148477641165899643,True,5,"It's a pretty good, decent place with a quiet warm ambience",0,a year ago,"{""food"": 5, ""service_rating"": 5, ""atmosphere"": 5}"
Glen's Bakehouse (HSR Layout),095137 34879,"2337, SECTOR 1, HSR Layout 17th Cross, 24th Main Rd, Bengaluru, Karnataka 560102",12.9120508,77.6482099,Bakery and Cake Shop,,ChdDSUhNMG9nS0VJQ0FnSUQ3aWFqYWtnRRAB,Glen's Bakehouse (HSR Layout),Teju M B,115887396148713178804,True,5,"Good English food to try out in HSR layout , though parking on peek hours is challenging , still it’s worth for the wait .  I went with Chicken lasagna  checking out the highest reviews but somehow dint like it , as it’s less of chicken n more of cheese and pasta 😒 Chicken streak ,pizza , coffee and other items were good .",0,a year ago,"{""dining_mode"": ""Dine in"", ""meal_type"": ""Brunch"", ""price_per_person"": ""₹600–800"", ""food"": 4, ""service_rating"": 5, ""atmosphere"": 5, ""recommended_dishes"": ""Red Velvet Cupcake Eggless""}"
Glen's Bakehouse (HSR Layout),095137 34879,"2337, SECTOR 1, HSR Layout 17th Cross, 24th Main Rd, Bengaluru, Karnataka 560102",12.9120508,77.6482099,Bakery and Cake Shop,,ChdDSUhNMG9nS0VJQ0FnSUQ3a2NMeTR3RRAB,Glen's Bakehouse (HSR Layout),Kunal Savita,102851124504470182942,True,1,"Glen's Bakehouse consistently disappoints me.  I recently ordered Eggs Benedict, and it was terrible. The English muffin served was extremely hard, and the eggs were not properly poached - the yolks were completely cooked through. I also ordered a banana smoothie as a healthier option, but it was filled with sugar and had an off-putting sugar syrup taste. There was no discernible banana flavor at all.  The ham was okay, and the egg itself was okay, but the English muffin was awful. The chocolate croissant was decent, but it's hard to go wrong with that.  Overall, this is not a place I would recommend. I've given Glen's Bakehouse several chances, and it has consistently underwhelmed and disappointed me. It was a horrible experience.",0,a year ago,"{""dining_mode"": ""Dine in"", ""meal_type"": ""Brunch"", ""price_per_person"": ""₹800–1,000"", ""food"": 1, ""service_rating"": 2, ""atmosphere"": 3}"
Glen's Bakehouse (HSR Layout),095137 34879,"2337, SECTOR 1, HSR Layout 17th Cross, 24th Main Rd, Bengaluru, Karnataka 560102",12.9120508,77.6482099,Bakery and Cake Shop,,ChdDSUhNMG9nS0VJQ0FnSUQ3d3QyNDBBRRAB,Glen's Bakehouse (HSR Layout),Abhijit Singh,110438792068768593252,True,5,,0,a year ago,
Glen's Bakehouse (HSR Layout),095137 34879,"2337, SECTOR 1, HSR Layout 17th Cross, 24th Main Rd, Bengaluru, Karnataka 560102",12.9120508,77.6482099,Bakery and Cake Shop,,ChZDSUhNMG9nS0VJQ0FnSUQ3MUtPNEVBEAE,Glen's Bakehouse (HSR Layout),Manaswita Sinha,108784877129231013864,True,5,,0,a year ago,
Glen's Bakehouse (HSR Layout),095137 34879,"2337, SECTOR 1, HSR Layout 17th Cross, 24th Main Rd, Bengaluru, Karnataka 560102",12.9120508,77.6482099,Bakery and Cake Shop,,ChZDSUhNMG9nS0VJQ0FnSUQ3MUlhMFRREAE,Glen's Bakehouse (HSR Layout),dhilshadh davood,101929051330371419932,True,5,Red velvet cup cake is a must have.,0,a year ago,"{""food"": 5, ""service_rating"": 4, ""atmosphere"": 4}"
Glen's Bakehouse (HSR Layout),095137 34879,"2337, SECTOR 1, HSR Layout 17th Cross, 24th Main Rd, Bengaluru, Karnataka 560102",12.9120508,77.6482099,Bakery and Cake Shop,,ChdDSUhNMG9nS0VJQ0FnSUQ3Mk92Ump3RRAB,Glen's Bakehouse (HSR Layout),Kushal Kothari,104404816333128620358,True,4,,0,a year ago,"{""dining_mode"": ""Take out"", ""meal_type"": ""Other"", ""price_per_person"": ""₹200–400"", ""food"": 4, ""service_rating"": 4, ""atmosphere"": 5}"
Glen's Bakehouse (HSR Layout),095137 34879,"2337, SECTOR 1, HSR Layout 17th Cross, 24th Main Rd, Bengaluru, Karnataka 560102",12.9120508,77.6482099,Bakery and Cake Shop,,ChZDSUhNMG9nS0VJQ0FnSUM5elBtYUd3EAE,Glen's Bakehouse (HSR Layout),Shreya Prasad,112300891527914782662,True,4,"The quality of the food at this place is truly exceptional, making it a must-visit spot for any food lover. I make it a point to visit here regularly, ensuring that I carve out time from my schedule every 15 days to indulge in the delicious offerings they have. This place has become one of my absolute favorites, and I always look forward to returning.  Among the many dishes I enjoy, the veg lasagna and the peri peri paneer stand out as my personal favorites. The flavors are rich and satisfying, making every bite a delight. To complement these savory dishes, I usually order a hazelnut coffee, which is nothing short of amazing. The balance of the coffee’s robust flavor with the nutty sweetness of hazelnut is perfect, making it the ideal beverage to accompany my meal.  Of course, no visit here is complete without indulging in their cupcakes. They are simply mandatory, a treat I can never pass up. The soft, moist texture and rich frosting make them an absolute must-try.  For those looking for other recommendations, the croissant with hot coffee is a delightful combination, perfect for a lighter snack. And if you’re in the mood for something heartier, the pizza here is another excellent choice. However, it’s worth noting that the preparation time can sometimes be quite long, which might be a bit frustrating, especially if you’re in a hurry. Despite this, the overall experience is still well worth it.  In conclusion, this place is a gem that I highly recommend to anyone. Whether you’re there for the veg lasagna, peri peri paneer, hazelnut coffee, or cupcakes, you’re in for a treat. Just be prepared for a bit of a wait at times, but trust me, it’s worth it.",0,a year ago,"{""dining_mode"": ""Dine in"", ""meal_type"": ""Dinner"", ""price_per_person"": ""₹400–600"", ""food"": 5, ""service_rating"": 4, ""atmosphere"": 4, ""recommended_dishes"": ""Red Velvet Cupcake Eggless, Chicken Lasagna, Croissant Sandwich""}"
Glen's Bakehouse (HSR Layout),095137 34879,"2337, SECTOR 1, HSR Layout 17th Cross, 24th Main Rd, Bengaluru, Karnataka 560102",12.9120508,77.6482099,Bakery and Cake Shop,,ChdDSUhNMG9nS0VJQ0FnSUM3MzYzWTRnRRAB,Glen's Bakehouse (HSR Layout),Sasikumar Shanmugam,112330761198924869128,True,4,Good place for bakery items and pizza. Tarts and cup cakes are must try.,0,a year ago,"{""food"": 4, ""service_rating"": 4, ""atmosphere"": 4}"
Glen's Bakehouse (HSR Layout),095137 34879,"2337, SECTOR 1, HSR Layout 17th Cross, 24th Main Rd, Bengaluru, Karnataka 560102",12.9120508,77.6482099,Bakery and Cake Shop,,ChZDSUhNMG9nS0VJQ0FnSUM3Ny1iN1N3EAE,Glen's Bakehouse (HSR Layout),Janvi talukdar,117125874356515947930,True,5,,0,a year ago,"{""dining_mode"": ""Dine in"", ""meal_type"": ""Dinner"", ""price_per_person"": ""₹400–600"", ""food"": 5, ""service_rating"": 5, ""atmosphere"": 5}"
Glen's Bakehouse (HSR Layout),095137 34879,"2337, SECTOR 1, HSR Layout 17th Cross, 24th Main Rd, Bengaluru, Karnataka 560102",12.9120508,77.6482099,Bakery and Cake Shop,,ChZDSUhNMG9nS0VJQ0FnSUM3b1pTVFRBEAE,Glen's Bakehouse (HSR Layout),Utkarsh Tripathi,111055414093272344046,True,1,,0,a year ago,
Glen's Bakehouse (HSR Layout),095137 34879,"2337, SECTOR 1, HSR Layout 17th Cross, 24th Main Rd, Bengaluru, Karnataka 560102",12.9120508,77.6482099,Bakery and Cake Shop,,ChZDSUhNMG9nS0VJQ0FnSUM3X3RyTllREAE,Glen's Bakehouse (HSR Layout),Akash chaturvedi,117466283882412180612,True,2,"Vibe is good but food is not. Sadly, this place is over hyped.",0,a year ago,"{""food"": 1, ""service_rating"": 1, ""atmosphere"": 4}"
Glen's Bakehouse (HSR Layout),095137 34879,"2337, SECTOR 1, HSR Layout 17th Cross, 24th Main Rd, Bengaluru, Karnataka 560102",12.9120508,77.6482099,Bakery and Cake Shop,,ChdDSUhNMG9nS0VJQ0FnSUM3dHBINDl3RRAB,Glen's Bakehouse (HSR Layout),devendra kumar,111857925085948999224,True,2,It's bit costly as compared to others,0,a year ago,"{""dining_mode"": ""Dine in"", ""meal_type"": ""Other"", ""price_per_person"": ""₹1,000–1,200"", ""food"": 2, ""service_rating"": 2, ""atmosphere"": 2}"
Glen's Bakehouse (HSR Layout),095137 34879,"2337, SECTOR 1, HSR Layout 17th Cross, 24th Main Rd, Bengaluru, Karnataka 560102",12.9120508,77.6482099,Bakery and Cake Shop,,ChdDSUhNMG9nS0VJQ0FnSUM3c3VLOTJBRRAB,Glen's Bakehouse (HSR Layout),RISHMA WODEHRA,100295479140232962157,True,4,"Food is really good, service is quite slow. Love their  glen special coffee.",0,a year ago,"{""dining_mode"": ""Dine in"", ""meal_type"": ""Other"", ""price_per_person"": ""₹400–600"", ""food"": 5, ""service_rating"": 4, ""atmosphere"": 4}"
Glen's Bakehouse (HSR Layout),095137 34879,"2337, SECTOR 1, HSR Layout 17th Cross, 24th Main Rd, Bengaluru, Karnataka 560102",12.9120508,77.6482099,Bakery and Cake Shop,,ChdDSUhNMG9nS0VJQ0FnSUM3dlBYZTJ3RRAB,Glen's Bakehouse (HSR Layout),Ryka,110637772138025529270,False,2,,0,a year ago,
Glen's Bakehouse (HSR Layout),095137 34879,"2337, SECTOR 1, HSR Layout 17th Cross, 24th Main Rd, Bengaluru, Karnataka 560102",12.9120508,77.6482099,Bakery and Cake Shop,,ChdDSUhNMG9nS0VJQ0FnSUM3bkpTRnp3RRAB,Glen's Bakehouse (HSR Layout),Dr.Mohana Parivallal,110771672184369194096,True,4,The food service is better when compared to other branches of Glens. It’s a very spacious cafe and has both outdoor and indoor seating with greenery around. The takeaway is at the front before you enter the cafe which displays all the pastries available. As you walk through you enter the cafe connected to the outdoor seating. Good place to hangout with friends and chat your heart away.,0,a year ago,"{""food"": 3, ""service_rating"": 4, ""atmosphere"": 5}"
Glen's Bakehouse (HSR Layout),095137 34879,"2337, SECTOR 1, HSR Layout 17th Cross, 24th Main Rd, Bengaluru, Karnataka 560102",12.9120508,77.6482099,Bakery and Cake Shop,,ChdDSUhNMG9nS0VJQ0FnSUNidFlLYmpRRRAB,Glen's Bakehouse (HSR Layout),FASTX,107458657779656401835,True,4,Good place,0,Edited a year ago,"{""food"": 4, ""service_rating"": 4, ""atmosphere"": 4}"
Glen's Bakehouse (HSR Layout),095137 34879,"2337, SECTOR 1, HSR Layout 17th Cross, 24th Main Rd, Bengaluru, Karnataka 560102",12.9120508,77.6482099,Bakery and Cake Shop,,ChZDSUhNMG9nS0VJQ0FnSUM3cE83ZlZBEAE,Glen's Bakehouse (HSR Layout),Neha Kumari,101660379957717929377,True,5,,0,a year ago,
Glen's Bakehouse (HSR Layout),095137 34879,"2337, SECTOR 1, HSR Layout 17th Cross, 24th Main Rd, Bengaluru, Karnataka 560102",12.9120508,77.6482099,Bakery and Cake Shop,,ChdDSUhNMG9nS0VJQ0FnSUM3cE1LdGxBRRAB,Glen's Bakehouse (HSR Layout),Pavani Gajendra,107761104369146869573,True,4,,0,a year ago,"{""dining_mode"": ""Dine in"", ""meal_type"": ""Other"", ""price_per_person"": ""₹400–600"", ""food"": 4, ""service_rating"": 3, ""atmosphere"": 4, ""recommended_dishes"": ""Red Velvet Cupcake Eggless, Mushroom Puff""}"
Glen's Bakehouse (HSR Layout),095137 34879,"2337, SECTOR 1, HSR Layout 17th Cross, 24th Main Rd, Bengaluru, Karnataka 560102",12.9120508,77.6482099,Bakery and Cake Shop,,ChdDSUhNMG9nS0VJQ0FnSUM3aFA3eDB3RRAB,Glen's Bakehouse (HSR Layout),Wakil Ahmad,106184433027422966319,True,4,"They are reasonable,  they are quick and they are good at baking.  One of the better croissants in bangalore and really cool mini tarts and cupcakes.  Overall good for coffee,  bakes and snacks.",0,a year ago,"{""price_per_person"": ""₹1–200"", ""food"": 4, ""service_rating"": 4, ""atmosphere"": 4}"
Glen's Bakehouse (HSR Layout),095137 34879,"2337, SECTOR 1, HSR Layout 17th Cross, 24th Main Rd, Bengaluru, Karnataka 560102",12.9120508,77.6482099,Bakery and Cake Shop,,ChdDSUhNMG9nS0VJQ0FnSUM3c09fZmlBRRAB,Glen's Bakehouse (HSR Layout),Harishjohn 333,103929342619894058751,False,5,,0,a year ago,
Glen's Bakehouse (HSR Layout),095137 34879,"2337, SECTOR 1, HSR Layout 17th Cross, 24th Main Rd, Bengaluru, Karnataka 560102",12.9120508,77.6482099,Bakery and Cake Shop,,ChdDSUhNMG9nS0VJQ0FnSUM3c01tVzdBRRAB,Glen's Bakehouse (HSR Layout),Pooja Singh,107655204973021586099,True,2,,0,a year ago,"{""dining_mode"": ""Dine in"", ""meal_type"": ""Dinner"", ""price_per_person"": ""₹200–400"", ""food"": 2, ""service_rating"": 1, ""atmosphere"": 4}"
Glen's Bakehouse (HSR Layout),095137 34879,"2337, SECTOR 1, HSR Layout 17th Cross, 24th Main Rd, Bengaluru, Karnataka 560102",12.9120508,77.6482099,Bakery and Cake Shop,,ChdDSUhNMG9nS0VJQ0FnSUM3NE0yYTRRRRAB,Glen's Bakehouse (HSR Layout),Abhilash Tripathy,117684134891582488486,True,5,So good taste. Pizza and coffee must try  Wifi pw- Customer@2023 🫡,0,a year ago,"{""dining_mode"": ""Dine in"", ""meal_type"": ""Dinner"", ""price_per_person"": ""₹400–600"", ""food"": 5, ""service_rating"": 5, ""atmosphere"": 5}"
Glen's Bakehouse (HSR Layout),095137 34879,"2337, SECTOR 1, HSR Layout 17th Cross, 24th Main Rd, Bengaluru, Karnataka 560102",12.9120508,77.6482099,Bakery and Cake Shop,,ChdDSUhNMG9nS0VJQ0FnSURiel9YZ2x3RRAB,Glen's Bakehouse (HSR Layout),Fajar Firoz,116111822263117169146,True,5,,0,a year ago,
Glen's Bakehouse (HSR Layout),095137 34879,"2337, SECTOR 1, HSR Layout 17th Cross, 24th Main Rd, Bengaluru, Karnataka 560102",12.9120508,77.6482099,Bakery and Cake Shop,,ChZDSUhNMG9nS0VJQ0FnSURiMjdhYkdnEAE,Glen's Bakehouse (HSR Layout),Gagan C,106627440235007453901,True,5,The food is delicious and the atmosphere is great.,0,a year ago,"{""dining_mode"": ""Dine in"", ""meal_type"": ""Dinner"", ""price_per_person"": ""₹400–600"", ""food"": 5, ""service_rating"": 5, ""atmosphere"": 5, ""recommended_dishes"": ""Red Velvet Cupcake Eggless""}"
Glen's Bakehouse (HSR Layout),095137 34879,"2337, SECTOR 1, HSR Layout 17th Cross, 24th Main Rd, Bengaluru, Karnataka 560102",12.9120508,77.6482099,Bakery and Cake Shop,,ChdDSUhNMG9nS0VJQ0FnSURiNGF6T3BBRRAB,Glen's Bakehouse (HSR Layout),Mehak Agrawal,111129374322437171022,True,4,Love their red velvet cup cakes!  They have such good and tasty desserts that you won’t be able to resist yourself from eating them. This places looks so cozy in the evening and is perfect for those cute dates with your partners or besties!,0,Edited a year ago,"{""dining_mode"": ""Dine in"", ""meal_type"": ""Dinner"", ""price_per_person"": ""₹200–400"", ""food"": 4, ""service_rating"": 4, ""atmosphere"": 4, ""recommended_dishes"": ""Red Velvet Cupcake Eggless, Red Velvet Cake"", ""vegetarian_recommendation"": ""Somewhat recommend"", ""vegetarian_offerings"": ""Vegetarian menu or section, Clearly labeled vegetarian dishes"", ""parking_space"": ""Plenty of parking"", ""parking_options"": ""Free parking lot""}"
Glen's Bakehouse (HSR Layout),095137 34879,"2337, SECTOR 1, HSR Layout 17th Cross, 24th Main Rd, Bengaluru, Karnataka 560102",12.9120508,77.6482099,Bakery and Cake Shop,,ChRDSUhNMG9nS0VJQ0FnSURiMWY1eBAB,Glen's Bakehouse (HSR Layout),CHANDANA B,109354243155023697554,True,1,,0,a year ago,
Glen's Bakehouse (HSR Layout),095137 34879,"2337, SECTOR 1, HSR Layout 17th Cross, 24th Main Rd, Bengaluru, Karnataka 560102",12.9120508,77.6482099,Bakery and Cake Shop,,ChdDSUhNMG9nS0VJQ0FnSURiMWZEUm9RRRAB,Glen's Bakehouse (HSR Layout),Gregory Rozario,111622590277049587889,True,4,,0,a year ago,"{""food"": 4, ""service_rating"": 5, ""atmosphere"": 5}"
Glen's Bakehouse (HSR Layout),095137 34879,"2337, SECTOR 1, HSR Layout 17th Cross, 24th Main Rd, Bengaluru, Karnataka 560102",12.9120508,77.6482099,Bakery and Cake Shop,,ChZDSUhNMG9nS0VJQ0FnSURib2NqU0VnEAE,Glen's Bakehouse (HSR Layout),Satwik Das,100264517572947365646,True,2,Cutlary aren't provided unless requested. Weird service for such a hyped place.,0,a year ago,"{""dining_mode"": ""Dine in"", ""meal_type"": ""Dinner"", ""price_per_person"": ""₹600–800"", ""food"": 3, ""service_rating"": 1, ""atmosphere"": 3, ""recommended_dishes"": ""Red Velvet Cupcake Eggless, Mini Cupcakes and Tarts""}"
Glen's Bakehouse (HSR Layout),095137 34879,"2337, SECTOR 1, HSR Layout 17th Cross, 24th Main Rd, Bengaluru, Karnataka 560102",12.9120508,77.6482099,Bakery and Cake Shop,,ChdDSUhNMG9nS0VJQ0FnSURiMW92T293RRAB,Glen's Bakehouse (HSR Layout),Prakhar kulshrestha,117682552785616202201,True,3,,0,a year ago,"{""food"": 3, ""service_rating"": 4, ""atmosphere"": 4}"
Glen's Bakehouse (HSR Layout),095137 34879,"2337, SECTOR 1, HSR Layout 17th Cross, 24th Main Rd, Bengaluru, Karnataka 560102",12.9120508,77.6482099,Bakery and Cake Shop,,ChZDSUhNMG9nS0VJQ0FnSURidXFqbUJBEAE,Glen's Bakehouse (HSR Layout),Samprithy,105986221971401518737,True,5,,0,a year ago,"{""food"": 4, ""service_rating"": 4, ""atmosphere"": 4}"
Glen's Bakehouse (HSR Layout),095137 34879,"2337, SECTOR 1, HSR Layout 17th Cross, 24th Main Rd, Bengaluru, Karnataka 560102",12.9120508,77.6482099,Bakery and Cake Shop,,ChZDSUhNMG9nS0VJQ0FnSURibXVhY0xREAE,Glen's Bakehouse (HSR Layout),Varun Nagpal,118339301833796502538,False,4,,0,a year ago,
Glen's Bakehouse (HSR Layout),095137 34879,"2337, SECTOR 1, HSR Layout 17th Cross, 24th Main Rd, Bengaluru, Karnataka 560102",12.9120508,77.6482099,Bakery and Cake Shop,,ChZDSUhNMG9nS0VJQ0FnSURia3B2V1JBEAE,Glen's Bakehouse (HSR Layout),Srividya Karunanithi,109116617920378436969,False,5,Vanilla stuffed donut and Caramel stuffed donuts are ultimate. Bit costly though.,0,a year ago,"{""dining_mode"": ""Dine in"", ""food"": 4, ""service_rating"": 3, ""atmosphere"": 4}"
Glen's Bakehouse (HSR Layout),095137 34879,"2337, SECTOR 1, HSR Layout 17th Cross, 24th Main Rd, Bengaluru, Karnataka 560102",12.9120508,77.6482099,Bakery and Cake Shop,,ChdDSUhNMG9nS0VJQ0FnSURibExYUndnRRAB,Glen's Bakehouse (HSR Layout),Puneeth A,103772002743719674092,False,5,,0,a year ago,
Glen's Bakehouse (HSR Layout),095137 34879,"2337, SECTOR 1, HSR Layout 17th Cross, 24th Main Rd, Bengaluru, Karnataka 560102",12.9120508,77.6482099,Bakery and Cake Shop,,ChZDSUhNMG9nS0VJQ0FnSURibE5HeVBnEAE,Glen's Bakehouse (HSR Layout),Amartya Bhaduri,100619294158195671616,True,5,,0,a year ago,"{""food"": 5, ""service_rating"": 5, ""atmosphere"": 5}"
Glen's Bakehouse (HSR Layout),095137 34879,"2337, SECTOR 1, HSR Layout 17th Cross, 24th Main Rd, Bengaluru, Karnataka 560102",12.9120508,77.6482099,Bakery and Cake Shop,,ChdDSUhNMG9nS0VJQ0FnSURicEppVjd3RRAB,Glen's Bakehouse (HSR Layout),Mohasin Tade,108514514146141353353,True,5,,0,a year ago,"{""meal_type"": ""Brunch"", ""food"": 4, ""service_rating"": 3, ""atmosphere"": 5}"
Glen's Bakehouse (HSR Layout),095137 34879,"2337, SECTOR 1, HSR Layout 17th Cross, 24th Main Rd, Bengaluru, Karnataka 560102",12.9120508,77.6482099,Bakery and Cake Shop,,ChdDSUhNMG9nS0VJQ0FnSURicU8tczRRRRAB,Glen's Bakehouse (HSR Layout),Sreelakshmi S Kumar,115770783691244416572,True,5,,0,a year ago,"{""food"": 4, ""service_rating"": 4, ""atmosphere"": 5}"
Glen's Bakehouse (HSR Layout),095137 34879,"2337, SECTOR 1, HSR Layout 17th Cross, 24th Main Rd, Bengaluru, Karnataka 560102",12.9120508,77.6482099,Bakery and Cake Shop,,ChdDSUhNMG9nS0VJQ0FnSURiME9hNDRBRRAB,Glen's Bakehouse (HSR Layout),Ankita Maharana,106705542949232603107,True,5,,0,a year ago,"{""food"": 5, ""service_rating"": 4, ""atmosphere"": 5}"
Glen's Bakehouse (HSR Layout),095137 34879,"2337, SECTOR 1, HSR Layout 17th Cross, 24th Main Rd, Bengaluru, Karnataka 560102",12.9120508,77.6482099,Bakery and Cake Shop,,ChZDSUhNMG9nS0VJQ0FnSUNidi1yTlhnEAE,Glen's Bakehouse (HSR Layout),moulik gajjar,114116339978721190974,True,4,,0,a year ago,
Glen's Bakehouse (HSR Layout),095137 34879,"2337, SECTOR 1, HSR Layout 17th Cross, 24th Main Rd, Bengaluru, Karnataka 560102",12.9120508,77.6482099,Bakery and Cake Shop,,ChdDSUhNMG9nS0VJQ0FnSUNiajhMVDBnRRAB,Glen's Bakehouse (HSR Layout),Sarat Addepalli,102601344183715956324,True,4,,0,a year ago,"{""meal_type"": ""Breakfast"", ""price_per_person"": ""₹400–600"", ""food"": 4, ""service_rating"": 3, ""atmosphere"": 4, ""vegetarian_recommendation"": ""Somewhat recommend"", ""vegetarian_offerings"": ""Large vegetarian selection""}"
Glen's Bakehouse (HSR Layout),095137 34879,"2337, SECTOR 1, HSR Layout 17th Cross, 24th Main Rd, Bengaluru, Karnataka 560102",12.9120508,77.6482099,Bakery and Cake Shop,,ChZDSUhNMG9nS0VJQ0FnSUNiOTdlRFJ3EAE,Glen's Bakehouse (HSR Layout),Hardik Parihar,108444368382257658965,True,5,,0,a year ago,
Glen's Bakehouse (HSR Layout),095137 34879,"2337, SECTOR 1, HSR Layout 17th Cross, 24th Main Rd, Bengaluru, Karnataka 560102",12.9120508,77.6482099,Bakery and Cake Shop,,ChdDSUhNMG9nS0VJQ0FnSUNiOV9IUTdRRRAB,Glen's Bakehouse (HSR Layout),Kaushik Dash,112206756008228108400,True,5,,0,a year ago,
Glen's Bakehouse (HSR Layout),095137 34879,"2337, SECTOR 1, HSR Layout 17th Cross, 24th Main Rd, Bengaluru, Karnataka 560102",12.9120508,77.6482099,Bakery and Cake Shop,,ChdDSUhNMG9nS0VJQ0FnSUNiMDlmdjhBRRAB,Glen's Bakehouse (HSR Layout),Varsha Mohanty,109554937192705395232,True,1,Horrible place pathetic see service. Please read my screenshot for the incident I  had face Spoiled my entire Sunday mood after visiting this place,0,a year ago,"{""food"": 1, ""service_rating"": 1, ""atmosphere"": 1}"
Glen's Bakehouse (HSR Layout),095137 34879,"2337, SECTOR 1, HSR Layout 17th Cross, 24th Main Rd, Bengaluru, Karnataka 560102",12.9120508,77.6482099,Bakery and Cake Shop,,ChdDSUhNMG9nS0VJQ0FnSUNiM2ZXYjVnRRAB,Glen's Bakehouse (HSR Layout),nikhil venkat,113444087009316670393,True,5,,0,a year ago,"{""dining_mode"": ""Take out"", ""meal_type"": ""Other"", ""food"": 5, ""service_rating"": 4, ""atmosphere"": 5, ""recommended_dishes"": ""Blueberry Signaturecheesecake, Red Velvet Cake, Chicken Lasagna, Potato Wedges, Donuts, Mini Cupcakes and Tarts, Red Velvet Sundae El, Truffle""}"
Glen's Bakehouse (HSR Layout),095137 34879,"2337, SECTOR 1, HSR Layout 17th Cross, 24th Main Rd, Bengaluru, Karnataka 560102",12.9120508,77.6482099,Bakery and Cake Shop,,ChdDSUhNMG9nS0VJQ0FnSUNiOFpmZjdBRRAB,Glen's Bakehouse (HSR Layout),Sourav Lodh,100205966893071603214,True,5,,0,a year ago,
Glen's Bakehouse (HSR Layout),095137 34879,"2337, SECTOR 1, HSR Layout 17th Cross, 24th Main Rd, Bengaluru, Karnataka 560102",12.9120508,77.6482099,Bakery and Cake Shop,,ChZDSUhNMG9nS0VJQ0FnSUNiOGM3UGVREAE,Glen's Bakehouse (HSR Layout),Raj.D Sud,114867308786316798543,True,5,,0,a year ago,"{""food"": 5, ""service_rating"": 5, ""atmosphere"": 5}"
Glen's Bakehouse (HSR Layout),095137 34879,"2337, SECTOR 1, HSR Layout 17th Cross, 24th Main Rd, Bengaluru, Karnataka 560102",12.9120508,77.6482099,Bakery and Cake Shop,,ChdDSUhNMG9nS0VJQ0FnSUNiMGZ6SmdBRRAB,Glen's Bakehouse (HSR Layout),AmarnHappy,113356978006819629203,True,4,"Nice ambience , perfect food . Coffee quality could be better",0,a year ago,"{""dining_mode"": ""Dine in"", ""meal_type"": ""Brunch"", ""price_per_person"": ""₹600–800"", ""food"": 5, ""service_rating"": 4, ""atmosphere"": 5}"
Glen's Bakehouse (HSR Layout),095137 34879,"2337, SECTOR 1, HSR Layout 17th Cross, 24th Main Rd, Bengaluru, Karnataka 560102",12.9120508,77.6482099,Bakery and Cake Shop,,ChdDSUhNMG9nS0VJQ0FnSUNia2ZDWHFnRRAB,Glen's Bakehouse (HSR Layout),Arnab Nandan,117028383628114954462,True,4,,0,a year ago,
Glen's Bakehouse (HSR Layout),095137 34879,"2337, SECTOR 1, HSR Layout 17th Cross, 24th Main Rd, Bengaluru, Karnataka 560102",12.9120508,77.6482099,Bakery and Cake Shop,,ChdDSUhNMG9nS0VJQ0FnSUNiM3AyLXZnRRAB,Glen's Bakehouse (HSR Layout),Nagaveni Sampagaon,110417192072957283861,False,1,Service is not at all good Please check out the boxes before you take it home. I have paid for 8 pieces of cup cakes but they have packed only 6 pieces. I noticed it when I came back.  When we have paid the full amount what is the problem to deliver it correctly.,0,a year ago,"{""food"": 2, ""service_rating"": 1, ""atmosphere"": 2}"
Glen's Bakehouse (HSR Layout),095137 34879,"2337, SECTOR 1, HSR Layout 17th Cross, 24th Main Rd, Bengaluru, Karnataka 560102",12.9120508,77.6482099,Bakery and Cake Shop,,ChZDSUhNMG9nS0VJQ0FnSUNia3JYV1BREAE,Glen's Bakehouse (HSR Layout),Siddharth Sao,118317178834105437601,False,2,"Poor service, overrated and not worth the hype. Lacks basic hygiene.",0,a year ago,"{""dining_mode"": ""Dine in"", ""meal_type"": ""Other"", ""price_per_person"": ""₹400–600"", ""food"": 2, ""service_rating"": 1, ""atmosphere"": 3}"
Glen's Bakehouse (HSR Layout),095137 34879,"2337, SECTOR 1, HSR Layout 17th Cross, 24th Main Rd, Bengaluru, Karnataka 560102",12.9120508,77.6482099,Bakery and Cake Shop,,ChdDSUhNMG9nS0VJQ0FnSUNib3J1TGdRRRAB,Glen's Bakehouse (HSR Layout),Akhilesh Kumbhar,104012570079764410400,True,5,,0,a year ago,"{""food"": 4, ""service_rating"": 5, ""atmosphere"": 5}"
Glen's Bakehouse (HSR Layout),095137 34879,"2337, SECTOR 1, HSR Layout 17th Cross, 24th Main Rd, Bengaluru, Karnataka 560102",12.9120508,77.6482099,Bakery and Cake Shop,,ChdDSUhNMG9nS0VJQ0FnSUNib3IzMHNRRRAB,Glen's Bakehouse (HSR Layout),Umesh Kenchappareddy,104378851673675948998,True,5,,0,a year ago,"{""food"": 5, ""service_rating"": 5, ""atmosphere"": 5}"
Glen's Bakehouse (HSR Layout),095137 34879,"2337, SECTOR 1, HSR Layout 17th Cross, 24th Main Rd, Bengaluru, Karnataka 560102",12.9120508,77.6482099,Bakery and Cake Shop,,ChZDSUhNMG9nS0VJQ0FnSUNiN1Bta1dnEAE,Glen's Bakehouse (HSR Layout),Vandana v.k,115725096029680538048,True,5,,0,a year ago,"{""dining_mode"": ""Dine in"", ""meal_type"": ""Brunch"", ""price_per_person"": ""₹600–800"", ""food"": 5, ""service_rating"": 5, ""atmosphere"": 5, ""recommended_dishes"": ""Red Velvet Cupcake Eggless, Croissant Sandwich""}"
Glen's Bakehouse (HSR Layout),095137 34879,"2337, SECTOR 1, HSR Layout 17th Cross, 24th Main Rd, Bengaluru, Karnataka 560102",12.9120508,77.6482099,Bakery and Cake Shop,,ChdDSUhNMG9nS0VJQ0FnSUNick1PRnlnRRAB,Glen's Bakehouse (HSR Layout),Ayushi Rai,108828385203837090312,True,3,,0,a year ago,
Glen's Bakehouse (HSR Layout),095137 34879,"2337, SECTOR 1, HSR Layout 17th Cross, 24th Main Rd, Bengaluru, Karnataka 560102",12.9120508,77.6482099,Bakery and Cake Shop,,ChdDSUhNMG9nS0VJQ0FnSUNibE1XZ3J3RRAB,Glen's Bakehouse (HSR Layout),Sreya Das,101293932016082352857,True,4,,0,a year ago,
Glen's Bakehouse (HSR Layout),095137 34879,"2337, SECTOR 1, HSR Layout 17th Cross, 24th Main Rd, Bengaluru, Karnataka 560102",12.9120508,77.6482099,Bakery and Cake Shop,,ChdDSUhNMG9nS0VJQ0FnSURyMzZQUjlRRRAB,Glen's Bakehouse (HSR Layout),Shreyans Bhardwaj,115103638787117245733,True,4,,0,a year ago,
Glen's Bakehouse (HSR Layout),095137 34879,"2337, SECTOR 1, HSR Layout 17th Cross, 24th Main Rd, Bengaluru, Karnataka 560102",12.9120508,77.6482099,Bakery and Cake Shop,,ChZDSUhNMG9nS0VJQ0FnSURyMzRIX1ZBEAE,Glen's Bakehouse (HSR Layout),Jayashree Mallick,100313004072708411319,True,4,,0,a year ago,"{""dining_mode"": ""Dine in"", ""meal_type"": ""Dinner"", ""food"": 4, ""service_rating"": 4, ""atmosphere"": 5}"
Glen's Bakehouse (HSR Layout),095137 34879,"2337, SECTOR 1, HSR Layout 17th Cross, 24th Main Rd, Bengaluru, Karnataka 560102",12.9120508,77.6482099,Bakery and Cake Shop,,ChdDSUhNMG9nS0VJQ0FnSURyejRic19BRRAB,Glen's Bakehouse (HSR Layout),Abirami Badhe,111176180584500228797,True,5,,0,a year ago,"{""dining_mode"": ""Dine in"", ""meal_type"": ""Lunch"", ""price_per_person"": ""₹600–800"", ""food"": 5, ""service_rating"": 3, ""atmosphere"": 4, ""recommended_dishes"": ""Red Velvet Cupcake Eggless, Chicken Pesto Pizza""}"
Glen's Bakehouse (HSR Layout),095137 34879,"2337, SECTOR 1, HSR Layout 17th Cross, 24th Main Rd, Bengaluru, Karnataka 560102",12.9120508,77.6482099,Bakery and Cake Shop,,ChZDSUhNMG9nS0VJQ0FnSURyMjRlYlV3EAE,Glen's Bakehouse (HSR Layout),Ashish Vohra,114100688801888858652,True,5,,0,a year ago,
Glen's Bakehouse (HSR Layout),095137 34879,"2337, SECTOR 1, HSR Layout 17th Cross, 24th Main Rd, Bengaluru, Karnataka 560102",12.9120508,77.6482099,Bakery and Cake Shop,,ChdDSUhNMG9nS0VJQ0FnSURydlpLNHNBRRAB,Glen's Bakehouse (HSR Layout),Abhishek Saxena,114060166695278084623,True,3,,0,a year ago,
Glen's Bakehouse (HSR Layout),095137 34879,"2337, SECTOR 1, HSR Layout 17th Cross, 24th Main Rd, Bengaluru, Karnataka 560102",12.9120508,77.6482099,Bakery and Cake Shop,,ChdDSUhNMG9nS0VJQ0FnSURycWNqQTZRRRAB,Glen's Bakehouse (HSR Layout),Rajat Tripathi,113004115680399125648,True,4,"I've visited Glen’s Bakehouse a couple of times, and each visit has been really good. It is in a cozy house with both indoor and outdoor seating. This bakehouse has really good atmosphere. Breakfast and brunch scenes are delightful, making it an ideal spot to start the day.  The food here is top-notch. I would recommend Blueberry Cheesecake, Pizza Primavera, Willy’s Classic Hot Chocolate, Veg cheesy bechamel pasta penne, and the mixed Berry milkshake.  This place is neat and clean. The staff is welcoming and attentive, ensuring a pleasant dining experience with quick service. For parking there is free street parking option and you may get the parking easily on weekdays. On weekends, it could be a challenge.  Making a reservation on weekends is recommended to avoid wait times. Overall, Glen’s Bakehouse offers great vibes with exceptional food and service, making it a must-visit.",0,a year ago,"{""dining_mode"": ""Dine in"", ""meal_type"": ""Dinner"", ""price_per_person"": ""₹600–800"", ""food"": 4, ""service_rating"": 4, ""atmosphere"": 5, ""recommended_dishes"": ""Blueberry Signaturecheesecake"", ""vegetarian_recommendation"": ""Highly recommend"", ""vegetarian_offerings"": ""Large vegetarian selection""}"
Glen's Bakehouse (HSR Layout),095137 34879,"2337, SECTOR 1, HSR Layout 17th Cross, 24th Main Rd, Bengaluru, Karnataka 560102",12.9120508,77.6482099,Bakery and Cake Shop,,ChZDSUhNMG9nS0VJQ0FnSURyN3FxdmFnEAE,Glen's Bakehouse (HSR Layout),Chandrakant Chawla,110998667517195210556,True,1,"We had to wait more than 15 min to place an order. No one at sight to see whether new customer has arrived. Had to pick up the menu card from the adjacent table.  When enquired on the biling counter why no one is taking order, a person was called to take order.  Very bad experience.",0,a year ago,"{""dining_mode"": ""Dine in"", ""meal_type"": ""Dinner"", ""food"": 3, ""service_rating"": 1, ""atmosphere"": 2}"
Glen's Bakehouse (HSR Layout),095137 34879,"2337, SECTOR 1, HSR Layout 17th Cross, 24th Main Rd, Bengaluru, Karnataka 560102",12.9120508,77.6482099,Bakery and Cake Shop,,ChdDSUhNMG9nS0VJQ0FnSURyOHEyUXpBRRAB,Glen's Bakehouse (HSR Layout),Aaric,108105371154761175965,True,4,,0,a year ago,"{""dining_mode"": ""Dine in"", ""meal_type"": ""Breakfast"", ""price_per_person"": ""₹600–800"", ""food"": 3, ""service_rating"": 4, ""atmosphere"": 5, ""recommended_dishes"": ""Blueberry Cheese Cake pcs""}"
Glen's Bakehouse (HSR Layout),095137 34879,"2337, SECTOR 1, HSR Layout 17th Cross, 24th Main Rd, Bengaluru, Karnataka 560102",12.9120508,77.6482099,Bakery and Cake Shop,,ChZDSUhNMG9nS0VJQ0FnSURyNHNhZk9BEAE,Glen's Bakehouse (HSR Layout),SABA DAFEDAR,110452622705697188614,True,5,I love the mini cupcakes. They have their perfect frosting on cupcakes.,0,a year ago,"{""dining_mode"": ""Take out"", ""meal_type"": ""Other"", ""price_per_person"": ""₹1–200"", ""food"": 5, ""service_rating"": 5, ""atmosphere"": 5, ""recommended_dishes"": ""Red Velvet Cupcake Eggless, Cake, Mini Cupcakes and Tarts""}"
Glen's Bakehouse (HSR Layout),095137 34879,"2337, SECTOR 1, HSR Layout 17th Cross, 24th Main Rd, Bengaluru, Karnataka 560102",12.9120508,77.6482099,Bakery and Cake Shop,,ChdDSUhNMG9nS0VJQ0FnSURyb3R5MG9BRRAB,Glen's Bakehouse (HSR Layout),chengappa c.b,105278789747506148848,True,4,It's nice place to hangout Got a lot in the menu,0,a year ago,"{""food"": 4, ""service_rating"": 4, ""atmosphere"": 4}"
Glen's Bakehouse (HSR Layout),095137 34879,"2337, SECTOR 1, HSR Layout 17th Cross, 24th Main Rd, Bengaluru, Karnataka 560102",12.9120508,77.6482099,Bakery and Cake Shop,,ChZDSUhNMG9nS0VJQ0FnSURyd3BiUEhREAE,Glen's Bakehouse (HSR Layout),aditi mishra,101209607942954339139,True,5,"Perfect place for a 11 pm coffee, a date night, hanging out with friends or even office lunches. The sourdough pizza, hot mocha, and red velvet mini cake would definitely be my top recommendations. Beautiful aesthetics(5/5), delicious food(5/5), at a mid range price(3/5) and an okay staff(4/5)",0,a year ago,"{""dining_mode"": ""Dine in"", ""meal_type"": ""Brunch"", ""price_per_person"": ""₹200–400"", ""recommended_dishes"": ""Red Velvet Cupcake Eggless, Garlic Bread with Cheese, Chicken Pesto Pizza""}"
Glen's Bakehouse (HSR Layout),095137 34879,"2337, SECTOR 1, HSR Layout 17th Cross, 24th Main Rd, Bengaluru, Karnataka 560102",12.9120508,77.6482099,Bakery and Cake Shop,,ChdDSUhNMG9nS0VJQ0FnSURyakxPRC1nRRAB,Glen's Bakehouse (HSR Layout),MOHAN KRISHNA LANDA (MOHANKRISHNA),106787284179298291607,True,4,,0,a year ago,"{""food"": 4, ""service_rating"": 4, ""atmosphere"": 4}"
Glen's Bakehouse (HSR Layout),095137 34879,"2337, SECTOR 1, HSR Layout 17th Cross, 24th Main Rd, Bengaluru, Karnataka 560102",12.9120508,77.6482099,Bakery and Cake Shop,,ChZDSUhNMG9nS0VJQ0FnSURyOU1EX2JnEAE,Glen's Bakehouse (HSR Layout),Bushan Gowda,116527734350085233357,False,5,,0,a year ago,
Glen's Bakehouse (HSR Layout),095137 34879,"2337, SECTOR 1, HSR Layout 17th Cross, 24th Main Rd, Bengaluru, Karnataka 560102",12.9120508,77.6482099,Bakery and Cake Shop,,ChdDSUhNMG9nS0VJQ0FnSURyeE5ldnpnRRAB,Glen's Bakehouse (HSR Layout),Anirudh Gargi,114356388386066046007,True,4,One of the best and predictable desert options. Love the outdoor seating towards the backside of the shop. Go for cheesecake - they have been good at it from years again and again.  Glen is pride of Bangalore.,0,a year ago,"{""dining_mode"": ""Dine in"", ""meal_type"": ""Dinner"", ""price_per_person"": ""₹200–400"", ""food"": 5, ""service_rating"": 5, ""atmosphere"": 5, ""recommended_dishes"": ""Blueberry Signaturecheesecake, Red Velvet Cake, Garlic Bread with Cheese, Mini Cupcakes and Tarts""}"
Glen's Bakehouse (HSR Layout),095137 34879,"2337, SECTOR 1, HSR Layout 17th Cross, 24th Main Rd, Bengaluru, Karnataka 560102",12.9120508,77.6482099,Bakery and Cake Shop,,ChZDSUhNMG9nS0VJQ0FnSURyLUx2SElnEAE,Glen's Bakehouse (HSR Layout),Sam Noel,115205956248158680316,True,5,Service is Bad...,0,a year ago,"{""food"": 5, ""service_rating"": 3, ""atmosphere"": 5}"
Glen's Bakehouse (HSR Layout),095137 34879,"2337, SECTOR 1, HSR Layout 17th Cross, 24th Main Rd, Bengaluru, Karnataka 560102",12.9120508,77.6482099,Bakery and Cake Shop,,ChdDSUhNMG9nS0VJQ0FnSURydUlHNTFRRRAB,Glen's Bakehouse (HSR Layout),Soumabrata Sarkar,111650475790638927444,False,5,,0,a year ago,"{""food"": 5, ""service_rating"": 5, ""atmosphere"": 5}"
Glen's Bakehouse (HSR Layout),095137 34879,"2337, SECTOR 1, HSR Layout 17th Cross, 24th Main Rd, Bengaluru, Karnataka 560102",12.9120508,77.6482099,Bakery and Cake Shop,,ChZDSUhNMG9nS0VJQ0FnSURyaUxlMGVBEAE,Glen's Bakehouse (HSR Layout),Raveena Nandish,112343951891014178731,True,1,"The food is definitely great as we all know But behaviour of staff is not great, very lethargic and lazy gives wrong bill wrong order so apologies",0,a year ago,
Glen's Bakehouse (HSR Layout),095137 34879,"2337, SECTOR 1, HSR Layout 17th Cross, 24th Main Rd, Bengaluru, Karnataka 560102",12.9120508,77.6482099,Bakery and Cake Shop,,ChdDSUhNMG9nS0VJQ0FnSUNydjktZWp3RRAB,Glen's Bakehouse (HSR Layout),nivedita roychowdhury,100852749125249584883,True,5,,0,a year ago,
Glen's Bakehouse (HSR Layout),095137 34879,"2337, SECTOR 1, HSR Layout 17th Cross, 24th Main Rd, Bengaluru, Karnataka 560102",12.9120508,77.6482099,Bakery and Cake Shop,,ChdDSUhNMG9nS0VJQ0FnSUNyeDRqWGx3RRAB,Glen's Bakehouse (HSR Layout),Muskan Bothra,116156720424891879107,True,5,"Perfect for breakfast or evening chill session. Whether you're alone or with people, the ambience fits right in. They have a huge sitting area with multiple vibe options. Their food is perfect. There will hardly be any place where all the food you oredered was up to the mark. Services were good. Staff was well behaved. And everything was priced well.  We ordered- Veg puffs, hot chocolate (such flavour!), chocolate croissant, butter croissant, white velvet mousse, iced tea.  One of my favourite places in Bangalore.  P. S. I'm a vegetarian and they had a lot of veg options too.",0,a year ago,"{""dining_mode"": ""Dine in"", ""meal_type"": ""Dinner"", ""price_per_person"": ""₹400–600"", ""food"": 5, ""service_rating"": 5, ""atmosphere"": 5}"
Glen's Bakehouse (HSR Layout),095137 34879,"2337, SECTOR 1, HSR Layout 17th Cross, 24th Main Rd, Bengaluru, Karnataka 560102",12.9120508,77.6482099,Bakery and Cake Shop,,ChdDSUhNMG9nS0VJQ0FnSUNyLWJyRC1nRRAB,Glen's Bakehouse (HSR Layout),Shambhavi Singh,105491893362424495262,False,3,,0,a year ago,
Glen's Bakehouse (HSR Layout),095137 34879,"2337, SECTOR 1, HSR Layout 17th Cross, 24th Main Rd, Bengaluru, Karnataka 560102",12.9120508,77.6482099,Bakery and Cake Shop,,ChdDSUhNMG9nS0VJQ0FnSUNydnZpNXBRRRAB,Glen's Bakehouse (HSR Layout),neela Sao,105257321225089042728,False,1,,0,a year ago,"{""dining_mode"": ""Dine in"", ""meal_type"": ""Other"", ""price_per_person"": ""₹400–600"", ""food"": 3, ""service_rating"": 1, ""atmosphere"": 1}"
Glen's Bakehouse (HSR Layout),095137 34879,"2337, SECTOR 1, HSR Layout 17th Cross, 24th Main Rd, Bengaluru, Karnataka 560102",12.9120508,77.6482099,Bakery and Cake Shop,,ChdDSUhNMG9nS0VJQ0FnSUNyam9lb3N3RRAB,Glen's Bakehouse (HSR Layout),Fawaaz Shariff,107873807802281909967,True,1,Worst service,0,a year ago,
Glen's Bakehouse (HSR Layout),095137 34879,"2337, SECTOR 1, HSR Layout 17th Cross, 24th Main Rd, Bengaluru, Karnataka 560102",12.9120508,77.6482099,Bakery and Cake Shop,,ChZDSUhNMG9nS0VJQ0FnSUNyNXJxQUxBEAE,Glen's Bakehouse (HSR Layout),Shradha Shrivastav,109775543525773667851,True,1,"I recently tried Glen's Bakehouse in HSR layout. And the red velvet cake and cheesecake was extremely disappointed. The red velvet cake was dry and overly sweet, while the cheesecake was dense and bland. I expected better quality and taste..Highly disappointed!!!",0,a year ago,"{""dining_mode"": ""Take out"", ""meal_type"": ""Other"", ""price_per_person"": ""₹600–800"", ""food"": 1, ""service_rating"": 2, ""atmosphere"": 4}"
Glen's Bakehouse (HSR Layout),095137 34879,"2337, SECTOR 1, HSR Layout 17th Cross, 24th Main Rd, Bengaluru, Karnataka 560102",12.9120508,77.6482099,Bakery and Cake Shop,,ChZDSUhNMG9nS0VJQ0FnSUNyNXF6bFF3EAE,Glen's Bakehouse (HSR Layout),Shubham Chaurasia,117819826668179374289,True,1,Didn’t like the taste of blueberry chase cake & red velvet cake.,0,a year ago,"{""dining_mode"": ""Take out"", ""meal_type"": ""Dinner"", ""price_per_person"": ""₹600–800""}"
Glen's Bakehouse (HSR Layout),095137 34879,"2337, SECTOR 1, HSR Layout 17th Cross, 24th Main Rd, Bengaluru, Karnataka 560102",12.9120508,77.6482099,Bakery and Cake Shop,,ChdDSUhNMG9nS0VJQ0FnSUNyZ3NqV3ZRRRAB,Glen's Bakehouse (HSR Layout),Eishaan Shukla,116366697263139715825,True,5,,0,a year ago,"{""food"": 5, ""service_rating"": 4, ""atmosphere"": 5}"
Glen's Bakehouse (HSR Layout),095137 34879,"2337, SECTOR 1, HSR Layout 17th Cross, 24th Main Rd, Bengaluru, Karnataka 560102",12.9120508,77.6482099,Bakery and Cake Shop,,ChdDSUhNMG9nS0VJQ0FnSUNyeklfSjJRRRAB,Glen's Bakehouse (HSR Layout),rajesh kumar,118107719484809406499,True,4,,0,a year ago,"{""food"": 4, ""service_rating"": 2, ""atmosphere"": 4}"
Glen's Bakehouse (HSR Layout),095137 34879,"2337, SECTOR 1, HSR Layout 17th Cross, 24th Main Rd, Bengaluru, Karnataka 560102",12.9120508,77.6482099,Bakery and Cake Shop,,ChdDSUhNMG9nS0VJQ0FnSUNyMUoycG53RRAB,Glen's Bakehouse (HSR Layout),Sumit Chandani,115171797019251285604,True,4,,0,a year ago,"{""food"": 4, ""service_rating"": 4, ""atmosphere"": 3}"
Glen's Bakehouse (HSR Layout),095137 34879,"2337, SECTOR 1, HSR Layout 17th Cross, 24th Main Rd, Bengaluru, Karnataka 560102",12.9120508,77.6482099,Bakery and Cake Shop,,ChdDSUhNMG9nS0VJQ0FnSUNyaU9McmlRRRAB,Glen's Bakehouse (HSR Layout),Tanvi Shetty,112936580234796016507,True,4,,0,a year ago,"{""food"": 4, ""service_rating"": 3, ""atmosphere"": 4}"
Glen's Bakehouse (HSR Layout),095137 34879,"2337, SECTOR 1, HSR Layout 17th Cross, 24th Main Rd, Bengaluru, Karnataka 560102",12.9120508,77.6482099,Bakery and Cake Shop,,ChZDSUhNMG9nS0VJQ0FnSUNya0pDbk5BEAE,Glen's Bakehouse (HSR Layout),Aditya Raj,106669491145441569099,True,4,,0,a year ago,"{""dining_mode"": ""Take out"", ""meal_type"": ""Dinner"", ""price_per_person"": ""₹200–400"", ""food"": 4, ""service_rating"": 3, ""atmosphere"": 3}"
Glen's Bakehouse (HSR Layout),095137 34879,"2337, SECTOR 1, HSR Layout 17th Cross, 24th Main Rd, Bengaluru, Karnataka 560102",12.9120508,77.6482099,Bakery and Cake Shop,,ChZDSUhNMG9nS0VJQ0FnSUNyb0xlZWJBEAE,Glen's Bakehouse (HSR Layout),jeevan reddy,114907734901028763522,False,1,Service worst,0,a year ago,
Glen's Bakehouse (HSR Layout),095137 34879,"2337, SECTOR 1, HSR Layout 17th Cross, 24th Main Rd, Bengaluru, Karnataka 560102",12.9120508,77.6482099,Bakery and Cake Shop,,ChdDSUhNMG9nS0VJQ0FnSURMci1uQXBnRRAB,Glen's Bakehouse (HSR Layout),Jonil Jidung,110775605740356811694,False,5,,0,a year ago,"{""food"": 5, ""service_rating"": 5}"
Glen's Bakehouse (HSR Layout),095137 34879,"2337, SECTOR 1, HSR Layout 17th Cross, 24th Main Rd, Bengaluru, Karnataka 560102",12.9120508,77.6482099,Bakery and Cake Shop,,ChdDSUhNMG9nS0VJQ0FnSURMcjhDMzl3RRAB,Glen's Bakehouse (HSR Layout),sri esh,109074518013162699189,True,4,,0,a year ago,
Glen's Bakehouse (HSR Layout),095137 34879,"2337, SECTOR 1, HSR Layout 17th Cross, 24th Main Rd, Bengaluru, Karnataka 560102",12.9120508,77.6482099,Bakery and Cake Shop,,ChdDSUhNMG9nS0VJQ0FnSURMel9taTNBRRAB,Glen's Bakehouse (HSR Layout),prakash ganesh,113003568502054608258,False,5,,0,a year ago,
Glen's Bakehouse (HSR Layout),095137 34879,"2337, SECTOR 1, HSR Layout 17th Cross, 24th Main Rd, Bengaluru, Karnataka 560102",12.9120508,77.6482099,Bakery and Cake Shop,,ChdDSUhNMG9nS0VJQ0FnSURMczc3RXZBRRAB,Glen's Bakehouse (HSR Layout),Nithish Kumar,112961953744787148670,False,5,,0,a year ago,"{""dining_mode"": ""Dine in"", ""meal_type"": ""Dinner"", ""price_per_person"": ""₹200–400"", ""food"": 4, ""service_rating"": 5, ""atmosphere"": 5, ""recommended_dishes"": ""Blueberry Signaturecheesecake, Chicken Pesto Pizza, Donuts, Croissant Sandwich""}"
Glen's Bakehouse (HSR Layout),095137 34879,"2337, SECTOR 1, HSR Layout 17th Cross, 24th Main Rd, Bengaluru, Karnataka 560102",12.9120508,77.6482099,Bakery and Cake Shop,,ChdDSUhNMG9nS0VJQ0FnSURMMDUtLXpRRRAB,Glen's Bakehouse (HSR Layout),Nipun Kanade,107479968782993082271,True,1,"Soup were bland. Lasagna was mediocre., pesto pizza also probably wasn't made of any sourdough. Also the order in which they serve is messed up. Very likely you'll get dessert first then main course /pizza then salad or soup.",0,a year ago,"{""dining_mode"": ""Dine in"", ""meal_type"": ""Dinner"", ""food"": 1, ""service_rating"": 3, ""atmosphere"": 4}"
Glen's Bakehouse (HSR Layout),095137 34879,"2337, SECTOR 1, HSR Layout 17th Cross, 24th Main Rd, Bengaluru, Karnataka 560102",12.9120508,77.6482099,Bakery and Cake Shop,,ChdDSUhNMG9nS0VJQ0FnSURMazZYbXVBRRAB,Glen's Bakehouse (HSR Layout),Shriya Guru,101367157917685113178,True,4,,0,a year ago,
Glen's Bakehouse (HSR Layout),095137 34879,"2337, SECTOR 1, HSR Layout 17th Cross, 24th Main Rd, Bengaluru, Karnataka 560102",12.9120508,77.6482099,Bakery and Cake Shop,,ChZDSUhNMG9nS0VJQ0FnSURMamRheWF3EAE,Glen's Bakehouse (HSR Layout),prapurna seemala,106190180582318655484,True,3,,0,a year ago,
Glen's Bakehouse (HSR Layout),095137 34879,"2337, SECTOR 1, HSR Layout 17th Cross, 24th Main Rd, Bengaluru, Karnataka 560102",12.9120508,77.6482099,Bakery and Cake Shop,,ChZDSUhNMG9nS0VJQ0FnSURMOWItLVFBEAE,Glen's Bakehouse (HSR Layout),Sourav,116049818626040233613,False,5,Best place for desserts in hsr. Sandwiches are nice too,0,a year ago,"{""dining_mode"": ""Dine in"", ""meal_type"": ""Brunch"", ""price_per_person"": ""₹200–400"", ""food"": 5, ""service_rating"": 4, ""atmosphere"": 4, ""recommended_dishes"": ""Chicken Lasagna, Peri Peri Fish Fingers, Croissant Sandwich""}"
Glen's Bakehouse (HSR Layout),095137 34879,"2337, SECTOR 1, HSR Layout 17th Cross, 24th Main Rd, Bengaluru, Karnataka 560102",12.9120508,77.6482099,Bakery and Cake Shop,,ChZDSUhNMG9nS0VJQ0FnSURMMGF5ek1REAE,Glen's Bakehouse (HSR Layout),Akash Kaothalkar,100016525872719319130,True,4,,0,a year ago,"{""dining_mode"": ""Dine in"", ""meal_type"": ""Other"", ""price_per_person"": ""₹200–400"", ""food"": 4, ""service_rating"": 4, ""atmosphere"": 5}"
Glen's Bakehouse (HSR Layout),095137 34879,"2337, SECTOR 1, HSR Layout 17th Cross, 24th Main Rd, Bengaluru, Karnataka 560102",12.9120508,77.6482099,Bakery and Cake Shop,,ChZDSUhNMG9nS0VJQ0FnSURMd2EtbmJ3EAE,Glen's Bakehouse (HSR Layout),rahul verma,104277545342330940460,True,4,,0,a year ago,"{""food"": 3, ""service_rating"": 2, ""atmosphere"": 4}"
Glen's Bakehouse (HSR Layout),095137 34879,"2337, SECTOR 1, HSR Layout 17th Cross, 24th Main Rd, Bengaluru, Karnataka 560102",12.9120508,77.6482099,Bakery and Cake Shop,,ChZDSUhNMG9nS0VJQ0FnSURMZ2RXcENBEAE,Glen's Bakehouse (HSR Layout),mita Rani,112050045302352301384,True,5,,0,a year ago,"{""dining_mode"": ""Take out"", ""food"": 4, ""service_rating"": 4, ""atmosphere"": 4}"
Glen's Bakehouse (HSR Layout),095137 34879,"2337, SECTOR 1, HSR Layout 17th Cross, 24th Main Rd, Bengaluru, Karnataka 560102",12.9120508,77.6482099,Bakery and Cake Shop,,ChZDSUhNMG9nS0VJQ0FnSURMeXVUV1JnEAE,Glen's Bakehouse (HSR Layout),Sharon Solomon,104137926763741276148,True,5,,0,a year ago,"{""dining_mode"": ""Dine in"", ""meal_type"": ""Dinner"", ""price_per_person"": ""₹400–600"", ""food"": 4, ""service_rating"": 4, ""atmosphere"": 4}"
Glen's Bakehouse (HSR Layout),095137 34879,"2337, SECTOR 1, HSR Layout 17th Cross, 24th Main Rd, Bengaluru, Karnataka 560102",12.9120508,77.6482099,Bakery and Cake Shop,,ChdDSUhNMG9nS0VJQ0FnSURMa3ViN2xnRRAB,Glen's Bakehouse (HSR Layout),Vijaylaxmi Patil,118399342683045796374,True,3,,0,a year ago,"{""dining_mode"": ""Dine in"", ""meal_type"": ""Dinner"", ""price_per_person"": ""₹2,000+"", ""food"": 3, ""service_rating"": 4, ""atmosphere"": 4, ""vegetarian_options"": ""Cupcake and tart are not so great""}"
Glen's Bakehouse (HSR Layout),095137 34879,"2337, SECTOR 1, HSR Layout 17th Cross, 24th Main Rd, Bengaluru, Karnataka 560102",12.9120508,77.6482099,Bakery and Cake Shop,,ChZDSUhNMG9nS0VJQ0FnSURMbE42dE13EAE,Glen's Bakehouse (HSR Layout),Anish Choudhary,117620559543493359924,True,5,Glens is my go to place for anything dessert,0,a year ago,"{""food"": 5, ""service_rating"": 5, ""atmosphere"": 5}"
Glen's Bakehouse (HSR Layout),095137 34879,"2337, SECTOR 1, HSR Layout 17th Cross, 24th Main Rd, Bengaluru, Karnataka 560102",12.9120508,77.6482099,Bakery and Cake Shop,,ChdDSUhNMG9nS0VJQ0FnSURMNk1YODBRRRAB,Glen's Bakehouse (HSR Layout),Shiv Chand,114651729623604293317,True,5,,0,a year ago,"{""price_per_person"": ""₹400–600"", ""food"": 5, ""service_rating"": 5, ""atmosphere"": 5}"
Glen's Bakehouse (HSR Layout),095137 34879,"2337, SECTOR 1, HSR Layout 17th Cross, 24th Main Rd, Bengaluru, Karnataka 560102",12.9120508,77.6482099,Bakery and Cake Shop,,ChdDSUhNMG9nS0VJQ0FnSURMNElXVWl3RRAB,Glen's Bakehouse (HSR Layout),Sushmika Anand,106137672096985050009,False,5,,0,a year ago,"{""food"": 5, ""service_rating"": 5, ""atmosphere"": 5}"
Glen's Bakehouse (HSR Layout),095137 34879,"2337, SECTOR 1, HSR Layout 17th Cross, 24th Main Rd, Bengaluru, Karnataka 560102",12.9120508,77.6482099,Bakery and Cake Shop,,ChZDSUhNMG9nS0VJQ0FnSUNMMy1IbmRnEAE,Glen's Bakehouse (HSR Layout),Chethana reddy,110446719526503421937,False,2,Chicken barbecue wings were horrible.. pls Don't order. Chicken didn't taste fresh,0,a year ago,"{""food"": 2, ""service_rating"": 4, ""atmosphere"": 4}"
Glen's Bakehouse (HSR Layout),095137 34879,"2337, SECTOR 1, HSR Layout 17th Cross, 24th Main Rd, Bengaluru, Karnataka 560102",12.9120508,77.6482099,Bakery and Cake Shop,,ChdDSUhNMG9nS0VJQ0FnSUNMNThHMW1nRRAB,Glen's Bakehouse (HSR Layout),Maitri,101338913169421001045,False,1,Quality of food and service has gone bad over the years.,0,a year ago,"{""dining_mode"": ""Dine in"", ""meal_type"": ""Dinner"", ""food"": 1, ""service_rating"": 1, ""atmosphere"": 3}"
Glen's Bakehouse (HSR Layout),095137 34879,"2337, SECTOR 1, HSR Layout 17th Cross, 24th Main Rd, Bengaluru, Karnataka 560102",12.9120508,77.6482099,Bakery and Cake Shop,,ChdDSUhNMG9nS0VJQ0FnSUNMcTdTeTBBRRAB,Glen's Bakehouse (HSR Layout),Onam Upadhyay,103226418472468099018,True,2,,0,a year ago,
Glen's Bakehouse (HSR Layout),095137 34879,"2337, SECTOR 1, HSR Layout 17th Cross, 24th Main Rd, Bengaluru, Karnataka 560102",12.9120508,77.6482099,Bakery and Cake Shop,,ChdDSUhNMG9nS0VJQ0FnSUNMZzZfSGhnRRAB,Glen's Bakehouse (HSR Layout),Rohith Murugeshan,111281236553744340491,True,5,,0,a year ago,
Glen's Bakehouse (HSR Layout),095137 34879,"2337, SECTOR 1, HSR Layout 17th Cross, 24th Main Rd, Bengaluru, Karnataka 560102",12.9120508,77.6482099,Bakery and Cake Shop,,ChdDSUhNMG9nS0VJQ0FnSUNMZzlyRWlRRRAB,Glen's Bakehouse (HSR Layout),Prabhakar Kuragayala,101196644566699982753,True,2,,0,a year ago,
Glen's Bakehouse (HSR Layout),095137 34879,"2337, SECTOR 1, HSR Layout 17th Cross, 24th Main Rd, Bengaluru, Karnataka 560102",12.9120508,77.6482099,Bakery and Cake Shop,,ChdDSUhNMG9nS0VJQ0FnSUNMdmFuMHN3RRAB,Glen's Bakehouse (HSR Layout),Sai Madhav,106323709596944374799,True,3,,0,a year ago,"{""food"": 4, ""service_rating"": 3, ""atmosphere"": 2}"
Glen's Bakehouse (HSR Layout),095137 34879,"2337, SECTOR 1, HSR Layout 17th Cross, 24th Main Rd, Bengaluru, Karnataka 560102",12.9120508,77.6482099,Bakery and Cake Shop,,ChZDSUhNMG9nS0VJQ0FnSUNMdGRYSVFBEAE,Glen's Bakehouse (HSR Layout),Amulya,108746869348132378084,True,4,,0,a year ago,
Glen's Bakehouse (HSR Layout),095137 34879,"2337, SECTOR 1, HSR Layout 17th Cross, 24th Main Rd, Bengaluru, Karnataka 560102",12.9120508,77.6482099,Bakery and Cake Shop,,ChZDSUhNMG9nS0VJQ0FnSUNMNllhVFBBEAE,Glen's Bakehouse (HSR Layout),Nikhil Johri,106683198455974138740,True,4,,0,a year ago,"{""dining_mode"": ""Dine in"", ""meal_type"": ""Brunch"", ""food"": 4, ""service_rating"": 3, ""atmosphere"": 5}"
Glen's Bakehouse (HSR Layout),095137 34879,"2337, SECTOR 1, HSR Layout 17th Cross, 24th Main Rd, Bengaluru, Karnataka 560102",12.9120508,77.6482099,Bakery and Cake Shop,,ChZDSUhNMG9nS0VJQ0FnSUNMMGZlUkNBEAE,Glen's Bakehouse (HSR Layout),Karthikeyan Madhu,115926163037266832394,False,5,,0,a year ago,"{""food"": 5, ""service_rating"": 5, ""atmosphere"": 5}"
Glen's Bakehouse (HSR Layout),095137 34879,"2337, SECTOR 1, HSR Layout 17th Cross, 24th Main Rd, Bengaluru, Karnataka 560102",12.9120508,77.6482099,Bakery and Cake Shop,,ChZDSUhNMG9nS0VJQ0FnSUNMMGNMLVF3EAE,Glen's Bakehouse (HSR Layout),Shreeram Bhat,109802097995187156475,True,4,,0,a year ago,
Glen's Bakehouse (HSR Layout),095137 34879,"2337, SECTOR 1, HSR Layout 17th Cross, 24th Main Rd, Bengaluru, Karnataka 560102",12.9120508,77.6482099,Bakery and Cake Shop,,ChZDSUhNMG9nS0VJQ0FnSUNMdHBhZkhBEAE,Glen's Bakehouse (HSR Layout),Athul Prabhu,118102304493610394544,True,5,,0,a year ago,"{""dining_mode"": ""Dine in"", ""meal_type"": ""Dinner"", ""price_per_person"": ""₹400–600"", ""food"": 4, ""service_rating"": 4, ""atmosphere"": 5, ""recommended_dishes"": ""Blueberry Signaturecheesecake""}"
Glen's Bakehouse (HSR Layout),095137 34879,"2337, SECTOR 1, HSR Layout 17th Cross, 24th Main Rd, Bengaluru, Karnataka 560102",12.9120508,77.6482099,Bakery and Cake Shop,,ChZDSUhNMG9nS0VJQ0FnSUNMNW9DeE13EAE,Glen's Bakehouse (HSR Layout),Rishida Jain,108725316543000193224,True,4,We visited Glen's for our Friends Birthday 🎊 celebrations ..wanted to be less noisy and soothing so we choose this place. Amazing  wood fire😋🍕 pizzas they serve ... The Customized Coffee latte was just awesome.. Grilled paneer and vegetables baked samosas were too good. Overall we had a good time .,0,a year ago,"{""dining_mode"": ""Dine in"", ""meal_type"": ""Other"", ""price_per_person"": ""₹600–800"", ""food"": 5, ""service_rating"": 5, ""atmosphere"": 4, ""recommended_dishes"": ""Garlic Bread with Cheese, Croissant Sandwich, Mini Cupcakes and Tarts""}"
Glen's Bakehouse (HSR Layout),095137 34879,"2337, SECTOR 1, HSR Layout 17th Cross, 24th Main Rd, Bengaluru, Karnataka 560102",12.9120508,77.6482099,Bakery and Cake Shop,,ChdDSUhNMG9nS0VJQ0FnSUNMNHZhSDRRRRAB,Glen's Bakehouse (HSR Layout),SANJEEV P,100518140665473017365,False,4,,0,a year ago,"{""food"": 3, ""service_rating"": 2, ""atmosphere"": 5}"
Glen's Bakehouse (HSR Layout),095137 34879,"2337, SECTOR 1, HSR Layout 17th Cross, 24th Main Rd, Bengaluru, Karnataka 560102",12.9120508,77.6482099,Bakery and Cake Shop,,ChdDSUhNMG9nS0VJQ0FnSUNMM0xmTWlBRRAB,Glen's Bakehouse (HSR Layout),bnsreenivas seenu,103229485420090363769,False,5,Best hot chocolate and lemon iced tea,0,a year ago,"{""meal_type"": ""Dinner"", ""food"": 5, ""service_rating"": 5, ""atmosphere"": 5}"
Glen's Bakehouse (HSR Layout),095137 34879,"2337, SECTOR 1, HSR Layout 17th Cross, 24th Main Rd, Bengaluru, Karnataka 560102",12.9120508,77.6482099,Bakery and Cake Shop,,ChdDSUhNMG9nS0VJQ0FnSUNMMVB5dmdBRRAB,Glen's Bakehouse (HSR Layout),Muhammed Muneer S,107112978367591950175,False,5,,0,a year ago,"{""service_rating"": 5, ""atmosphere"": 5}"
Glen's Bakehouse (HSR Layout),095137 34879,"2337, SECTOR 1, HSR Layout 17th Cross, 24th Main Rd, Bengaluru, Karnataka 560102",12.9120508,77.6482099,Bakery and Cake Shop,,ChZDSUhNMG9nS0VJQ0FnSUNMa04yNUN3EAE,Glen's Bakehouse (HSR Layout),Jainikaa Jain,114108248923472850010,False,5,,0,a year ago,
Glen's Bakehouse (HSR Layout),095137 34879,"2337, SECTOR 1, HSR Layout 17th Cross, 24th Main Rd, Bengaluru, Karnataka 560102",12.9120508,77.6482099,Bakery and Cake Shop,,ChZDSUhNMG9nS0VJQ0FnSUR6NzlIbEtREAE,Glen's Bakehouse (HSR Layout),Reno Francis,112849546312020844659,True,3,,0,a year ago,"{""dining_mode"": ""Dine in"", ""meal_type"": ""Dinner"", ""price_per_person"": ""₹200–400"", ""food"": 3, ""service_rating"": 2, ""atmosphere"": 4}"
Glen's Bakehouse (HSR Layout),095137 34879,"2337, SECTOR 1, HSR Layout 17th Cross, 24th Main Rd, Bengaluru, Karnataka 560102",12.9120508,77.6482099,Bakery and Cake Shop,,ChdDSUhNMG9nS0VJQ0FnSUR6OC1QVWd3RRAB,Glen's Bakehouse (HSR Layout),Joseph Bosco,106609379502590127610,False,5,Broo mad place broo this one frnd told its really good red velvet cup cake is the best she told broo Madd scenes broo I'll go there again da one time for sure,0,a year ago,
Glen's Bakehouse (HSR Layout),095137 34879,"2337, SECTOR 1, HSR Layout 17th Cross, 24th Main Rd, Bengaluru, Karnataka 560102",12.9120508,77.6482099,Bakery and Cake Shop,,ChdDSUhNMG9nS0VJQ0FnSURKeE9MeDFBRRAB,Glen's Bakehouse (HSR Layout),Avion Associates,103678395247012796063,True,3,Good food. Parking is a bit difficult. Interiors good,0,Edited a year ago,"{""dining_mode"": ""Dine in"", ""meal_type"": ""Lunch"", ""price_per_person"": ""₹800–1,000"", ""food"": 3, ""service_rating"": 3, ""atmosphere"": 3}"
Glen's Bakehouse (HSR Layout),095137 34879,"2337, SECTOR 1, HSR Layout 17th Cross, 24th Main Rd, Bengaluru, Karnataka 560102",12.9120508,77.6482099,Bakery and Cake Shop,,ChdDSUhNMG9nS0VJQ0FnSUR6cHFtejFnRRAB,Glen's Bakehouse (HSR Layout),Soutrick Roy Chowdhury,112589029094288336373,True,5,,0,a year ago,
Glen's Bakehouse (HSR Layout),095137 34879,"2337, SECTOR 1, HSR Layout 17th Cross, 24th Main Rd, Bengaluru, Karnataka 560102",12.9120508,77.6482099,Bakery and Cake Shop,,ChZDSUhNMG9nS0VJQ0FnSUR6bXF2TFpBEAE,Glen's Bakehouse (HSR Layout),pradeep grandhi,101235552984095493099,True,5,Keep calm and have a croissant at Glen’s. Dip it in hot chocolate for a free trip to Paris. My personal fav is chicken pot pie ❤️,0,a year ago,"{""dining_mode"": ""Dine in"", ""meal_type"": ""Brunch"", ""price_per_person"": ""₹400–600"", ""food"": 5, ""service_rating"": 5, ""atmosphere"": 4, ""recommended_dishes"": ""Chicken Lasagna"", ""vegetarian_recommendation"": ""Somewhat recommend"", ""vegetarian_offerings"": ""Vegetarian menu or section""}"
Glen's Bakehouse (HSR Layout),095137 34879,"2337, SECTOR 1, HSR Layout 17th Cross, 24th Main Rd, Bengaluru, Karnataka 560102",12.9120508,77.6482099,Bakery and Cake Shop,,ChdDSUhNMG9nS0VJQ0FnSUR6NnFEYTdBRRAB,Glen's Bakehouse (HSR Layout),Rishi Vardhan,112937679401153253039,True,1,Waited 45 minutes for a burger,0,a year ago,"{""dining_mode"": ""Dine in"", ""meal_type"": ""Lunch"", ""price_per_person"": ""₹600–800"", ""food"": 4, ""service_rating"": 1, ""atmosphere"": 4}"
Glen's Bakehouse (HSR Layout),095137 34879,"2337, SECTOR 1, HSR Layout 17th Cross, 24th Main Rd, Bengaluru, Karnataka 560102",12.9120508,77.6482099,Bakery and Cake Shop,,ChZDSUhNMG9nS0VJQ0FnSUR6cXUzWmRBEAE,Glen's Bakehouse (HSR Layout),Anamika T,101909505425301607734,False,1,"Bought half kg red velvet,  the cake was not properly cooked (getting raw flour taste ) and there was no sign of cream cheese. It is my first bad experience from Glen's. This is not how the red velvet cake taste like..",0,a year ago,"{""dining_mode"": ""Take out"", ""meal_type"": ""Other"", ""price_per_person"": ""₹800–1,000"", ""food"": 1, ""service_rating"": 3, ""atmosphere"": 3}"
Glen's Bakehouse (HSR Layout),095137 34879,"2337, SECTOR 1, HSR Layout 17th Cross, 24th Main Rd, Bengaluru, Karnataka 560102",12.9120508,77.6482099,Bakery and Cake Shop,,ChdDSUhNMG9nS0VJQ0FnSUR6eXRUZV9nRRAB,Glen's Bakehouse (HSR Layout),Ramesh Sathyanarayana,115426052456865807196,False,1,,0,a year ago,"{""dining_mode"": ""Dine in"", ""service_rating"": 1, ""atmosphere"": 1}"
Glen's Bakehouse (HSR Layout),095137 34879,"2337, SECTOR 1, HSR Layout 17th Cross, 24th Main Rd, Bengaluru, Karnataka 560102",12.9120508,77.6482099,Bakery and Cake Shop,,ChdDSUhNMG9nS0VJQ0FnSUR6b3BLb2lBRRAB,Glen's Bakehouse (HSR Layout),arnabi bhagat,104985410407753495854,False,4,,0,a year ago,
Glen's Bakehouse (HSR Layout),095137 34879,"2337, SECTOR 1, HSR Layout 17th Cross, 24th Main Rd, Bengaluru, Karnataka 560102",12.9120508,77.6482099,Bakery and Cake Shop,,ChZDSUhNMG9nS0VJQ0FnSUR6eU8ySUpnEAE,Glen's Bakehouse (HSR Layout),Pooja S,116468402723822269010,True,5,,0,a year ago,"{""dining_mode"": ""Dine in"", ""food"": 5, ""service_rating"": 4, ""atmosphere"": 4, ""recommended_dishes"": ""Red Velvet Sundae El""}"
Glen's Bakehouse (HSR Layout),095137 34879,"2337, SECTOR 1, HSR Layout 17th Cross, 24th Main Rd, Bengaluru, Karnataka 560102",12.9120508,77.6482099,Bakery and Cake Shop,,ChdDSUhNMG9nS0VJQ0FnSUN6OTlxZW13RRAB,Glen's Bakehouse (HSR Layout),anushka gupte,112377682820531678400,True,4,"We went to the HSR layout Glen’s Bakehouse for breakfast on a Thursday morning.  Tried the Roast chicken sandwich, Bagel with chicken sausage and chicken creamy pie.  Fresh and good food, though the service was bit slow despite the cafe being empty.",0,a year ago,"{""dining_mode"": ""Dine in"", ""meal_type"": ""Breakfast"", ""price_per_person"": ""₹200–400"", ""food"": 4, ""service_rating"": 4, ""atmosphere"": 5, ""vegetarian_recommendation"": ""Highly recommend"", ""vegetarian_offerings"": ""Large vegetarian selection, Vegetarian menu or section, Clearly labeled vegetarian dishes"", ""parking_space"": ""Plenty of parking"", ""parking_options"": ""Free street parking""}"
Glen's Bakehouse (HSR Layout),095137 34879,"2337, SECTOR 1, HSR Layout 17th Cross, 24th Main Rd, Bengaluru, Karnataka 560102",12.9120508,77.6482099,Bakery and Cake Shop,,ChdDSUhNMG9nS0VJQ0FnSUN6by1yQ3J3RRAB,Glen's Bakehouse (HSR Layout),Akash Vashist,111269481878717485111,True,1,,0,a year ago,"{""dining_mode"": ""Dine in"", ""meal_type"": ""Dinner"", ""service_rating"": 1, ""atmosphere"": 1}"
Glen's Bakehouse (HSR Layout),095137 34879,"2337, SECTOR 1, HSR Layout 17th Cross, 24th Main Rd, Bengaluru, Karnataka 560102",12.9120508,77.6482099,Bakery and Cake Shop,,ChdDSUhNMG9nS0VJQ0FnSUN6d18yVDlnRRAB,Glen's Bakehouse (HSR Layout),meenal gupte,113147225817252588597,True,2,"Ambiance is good. There are so many waiters but getting anyone's attention is a huge task. Most of the Food is alright. It's not memorable but it's not drastically disappointing. What really put me off is....The croissant!!! It was basically a loaf of bread with NO layers. The name is Glen's ""BAKEHOUSE""!!! It's absolutely NOT ok to microwave a croissant!! Even the roadside bakeries in Bangalore have food warmers / ovens, and they serve really crispy delicious simple basic puffs. A well established ""BAKEHOUSE"" should have no excuse! Really really disappointed with the croissants!!",0,a year ago,"{""food"": 2, ""service_rating"": 1, ""atmosphere"": 4}"
Glen's Bakehouse (HSR Layout),095137 34879,"2337, SECTOR 1, HSR Layout 17th Cross, 24th Main Rd, Bengaluru, Karnataka 560102",12.9120508,77.6482099,Bakery and Cake Shop,,ChZDSUhNMG9nS0VJQ0FnSUN6dzREblZ3EAE,Glen's Bakehouse (HSR Layout),Amit Kumar,111782604425975624482,True,5,"It good overall, The food and atmosphere. However service is little slow. My friend got dengue from here so be carefull",0,a year ago,"{""dining_mode"": ""Dine in"", ""meal_type"": ""Dinner"", ""price_per_person"": ""₹400–600"", ""food"": 5, ""service_rating"": 4, ""atmosphere"": 5, ""recommended_dishes"": ""Chicken Pesto Pizza, Garlic Bread with Cheese"", ""vegetarian_recommendation"": ""Highly recommend""}"
Glen's Bakehouse (HSR Layout),095137 34879,"2337, SECTOR 1, HSR Layout 17th Cross, 24th Main Rd, Bengaluru, Karnataka 560102",12.9120508,77.6482099,Bakery and Cake Shop,,ChZDSUhNMG9nS0VJQ0FnSUN6cmF1bVlREAE,Glen's Bakehouse (HSR Layout),Melinda Lobo,102987013285882676130,False,5,,0,a year ago,"{""dining_mode"": ""Dine in""}"
Glen's Bakehouse (HSR Layout),095137 34879,"2337, SECTOR 1, HSR Layout 17th Cross, 24th Main Rd, Bengaluru, Karnataka 560102",12.9120508,77.6482099,Bakery and Cake Shop,,ChdDSUhNMG9nS0VJQ0FnSUN6bWF5aXV3RRAB,Glen's Bakehouse (HSR Layout),Yuthika Bhandari,108475535340972980326,True,5,"Earlier it was just a bakery, now they have opened up a dining space. Their sourdough bread is yum!!",0,a year ago,"{""dining_mode"": ""Dine in"", ""meal_type"": ""Dinner"", ""price_per_person"": ""₹600–800"", ""food"": 5, ""service_rating"": 5, ""atmosphere"": 5, ""recommended_dishes"": ""Red Velvet Cupcake Eggless, Mini Cupcakes and Tarts"", ""vegetarian_recommendation"": ""Somewhat recommend"", ""vegetarian_offerings"": ""Clearly labeled vegetarian dishes""}"
Glen's Bakehouse (HSR Layout),095137 34879,"2337, SECTOR 1, HSR Layout 17th Cross, 24th Main Rd, Bengaluru, Karnataka 560102",12.9120508,77.6482099,Bakery and Cake Shop,,ChdDSUhNMG9nS0VJQ0FnSUN6cWVpMzNBRRAB,Glen's Bakehouse (HSR Layout),Soumalya Mukherjee,104090893592968108242,True,5,,0,a year ago,
Glen's Bakehouse (HSR Layout),095137 34879,"2337, SECTOR 1, HSR Layout 17th Cross, 24th Main Rd, Bengaluru, Karnataka 560102",12.9120508,77.6482099,Bakery and Cake Shop,,ChZDSUhNMG9nS0VJQ0FnSUN6eWFtT0VREAE,Glen's Bakehouse (HSR Layout),Rajasekhar M,114344458834058333696,True,4,,0,a year ago,"{""dining_mode"": ""Take out"", ""price_per_person"": ""₹800–1,000"", ""food"": 4, ""service_rating"": 4, ""atmosphere"": 4}"
Glen's Bakehouse (HSR Layout),095137 34879,"2337, SECTOR 1, HSR Layout 17th Cross, 24th Main Rd, Bengaluru, Karnataka 560102",12.9120508,77.6482099,Bakery and Cake Shop,,ChdDSUhNMG9nS0VJQ0FnSUN6am9TTXlBRRAB,Glen's Bakehouse (HSR Layout),Chandra Koduru,107572094672969592167,True,5,,0,a year ago,"{""dining_mode"": ""Dine in"", ""meal_type"": ""Dinner"", ""food"": 5, ""service_rating"": 5, ""atmosphere"": 5}"
Glen's Bakehouse (HSR Layout),095137 34879,"2337, SECTOR 1, HSR Layout 17th Cross, 24th Main Rd, Bengaluru, Karnataka 560102",12.9120508,77.6482099,Bakery and Cake Shop,,ChZDSUhNMG9nS0VJQ0FnSUN6cHQ2OFJBEAE,Glen's Bakehouse (HSR Layout),Viral Kanzariya,116892685680269957042,True,5,"Great experience!  For people who have sweet tooth, this place is really amazing with good ambience. Specially their red velvet cupcake is outstanding.",0,a year ago,"{""dining_mode"": ""Dine in"", ""meal_type"": ""Other"", ""price_per_person"": ""₹200–400"", ""food"": 5, ""service_rating"": 4, ""atmosphere"": 5, ""recommended_dishes"": ""Red Velvet Cupcake Eggless""}"
Glen's Bakehouse (HSR Layout),095137 34879,"2337, SECTOR 1, HSR Layout 17th Cross, 24th Main Rd, Bengaluru, Karnataka 560102",12.9120508,77.6482099,Bakery and Cake Shop,,ChZDSUhNMG9nS0VJQ0FnSUN6cHB6UUZREAE,Glen's Bakehouse (HSR Layout),Shankar M B,107782651813433911137,True,1,,0,a year ago,
Glen's Bakehouse (HSR Layout),095137 34879,"2337, SECTOR 1, HSR Layout 17th Cross, 24th Main Rd, Bengaluru, Karnataka 560102",12.9120508,77.6482099,Bakery and Cake Shop,,ChZDSUhNMG9nS0VJQ0FnSUN6LXVlVEt3EAE,Glen's Bakehouse (HSR Layout),Ashik K A,106886385102353749322,True,1,Don't go here on a date if it's a Sunday. Made us wait more than 30-40 minutes for an order (second instance) to only find out in the end that it never started being prepped. Cancelled and left.,0,a year ago,"{""dining_mode"": ""Dine in"", ""meal_type"": ""Dinner"", ""food"": 1, ""service_rating"": 1, ""atmosphere"": 1}"
Glen's Bakehouse (HSR Layout),095137 34879,"2337, SECTOR 1, HSR Layout 17th Cross, 24th Main Rd, Bengaluru, Karnataka 560102",12.9120508,77.6482099,Bakery and Cake Shop,,ChdDSUhNMG9nS0VJQ0FnSUN6c3JtLXV3RRAB,Glen's Bakehouse (HSR Layout),Aniket Kumar,100117955473849648350,True,5,,0,a year ago,"{""dining_mode"": ""Dine in"", ""meal_type"": ""Other"", ""price_per_person"": ""₹200–400""}"
Glen's Bakehouse (HSR Layout),095137 34879,"2337, SECTOR 1, HSR Layout 17th Cross, 24th Main Rd, Bengaluru, Karnataka 560102",12.9120508,77.6482099,Bakery and Cake Shop,,ChZDSUhNMG9nS0VJQ0FnSUN6dk1IcEF3EAE,Glen's Bakehouse (HSR Layout),Suvam Subhadarshi,102170818979312998562,True,4,,0,a year ago,"{""food"": 4, ""service_rating"": 4, ""atmosphere"": 5}"
Glen's Bakehouse (HSR Layout),095137 34879,"2337, SECTOR 1, HSR Layout 17th Cross, 24th Main Rd, Bengaluru, Karnataka 560102",12.9120508,77.6482099,Bakery and Cake Shop,,ChZDSUhNMG9nS0VJQ0FnSUN6dUpTZkp3EAE,Glen's Bakehouse (HSR Layout),Mayank Jain,110713547392373560797,True,4,"I personally went for there eggless mini red velvet cupcakes, which is just blissful. But i had coffee and was decent. It has limited vegetarian options to eat, so didn't try anything. But the ambience is cool and cozy. Crowd is a mix of majorly couples & friends and sometimes family. It ain't too costly soo can say value for money.",0,a year ago,"{""dining_mode"": ""Dine in"", ""meal_type"": ""Other"", ""price_per_person"": ""₹200–400"", ""food"": 4, ""service_rating"": 5, ""atmosphere"": 4, ""recommended_dishes"": ""Red Velvet Cupcake Eggless"", ""vegetarian_recommendation"": ""Would not recommend"", ""vegetarian_offerings"": ""Clearly labeled vegetarian dishes"", ""vegetarian_options"": ""Very few options on burger, sandwiches, pizza, pasta and lasagna.""}"
Glen's Bakehouse (HSR Layout),095137 34879,"2337, SECTOR 1, HSR Layout 17th Cross, 24th Main Rd, Bengaluru, Karnataka 560102",12.9120508,77.6482099,Bakery and Cake Shop,,ChdDSUhNMG9nS0VJQ0FnSUN6MlB2MTJBRRAB,Glen's Bakehouse (HSR Layout),khushbu agarwal,111551185032084816571,False,1,They really need to work on their packaging..also if the customer will not check they will pack the items in a bad manner...very disappointed..,0,a year ago,"{""dining_mode"": ""Take out"", ""meal_type"": ""Other"", ""price_per_person"": ""₹200–400""}"
Glen's Bakehouse (HSR Layout),095137 34879,"2337, SECTOR 1, HSR Layout 17th Cross, 24th Main Rd, Bengaluru, Karnataka 560102",12.9120508,77.6482099,Bakery and Cake Shop,,ChdDSUhNMG9nS0VJQ0FnSURUdjhPdXJ3RRAB,Glen's Bakehouse (HSR Layout),Sheraton Xavier,102902152931938842224,False,5,,0,a year ago,
Glen's Bakehouse (HSR Layout),095137 34879,"2337, SECTOR 1, HSR Layout 17th Cross, 24th Main Rd, Bengaluru, Karnataka 560102",12.9120508,77.6482099,Bakery and Cake Shop,,ChZDSUhNMG9nS0VJQ0FnSURUbTktcmNnEAE,Glen's Bakehouse (HSR Layout),SR,100818132355538198714,True,5,,0,a year ago,"{""food"": 5, ""service_rating"": 5, ""atmosphere"": 5}"
Glen's Bakehouse (HSR Layout),095137 34879,"2337, SECTOR 1, HSR Layout 17th Cross, 24th Main Rd, Bengaluru, Karnataka 560102",12.9120508,77.6482099,Bakery and Cake Shop,,ChZDSUhNMG9nS0VJQ0FnSURUazg2VE5BEAE,Glen's Bakehouse (HSR Layout),Rakesh H,107234279755493810593,True,1,Horrible service most times. Even though there was 5 servers around you have consistently call to place order or to even get some water,0,a year ago,"{""food"": 2, ""service_rating"": 1, ""atmosphere"": 4}"
Glen's Bakehouse (HSR Layout),095137 34879,"2337, SECTOR 1, HSR Layout 17th Cross, 24th Main Rd, Bengaluru, Karnataka 560102",12.9120508,77.6482099,Bakery and Cake Shop,,ChdDSUhNMG9nS0VJQ0FnSURUemFTdy13RRAB,Glen's Bakehouse (HSR Layout),Ashish Raj,110613537874137048157,False,5,,0,a year ago,
Glen's Bakehouse (HSR Layout),095137 34879,"2337, SECTOR 1, HSR Layout 17th Cross, 24th Main Rd, Bengaluru, Karnataka 560102",12.9120508,77.6482099,Bakery and Cake Shop,,ChZDSUhNMG9nS0VJQ0FnSURUamRpcElnEAE,Glen's Bakehouse (HSR Layout),Shubham Jindal,113022105336017989701,True,4,,0,a year ago,"{""food"": 5, ""service_rating"": 3, ""atmosphere"": 4}"
Glen's Bakehouse (HSR Layout),095137 34879,"2337, SECTOR 1, HSR Layout 17th Cross, 24th Main Rd, Bengaluru, Karnataka 560102",12.9120508,77.6482099,Bakery and Cake Shop,,ChZDSUhNMG9nS0VJQ0FnSURUOWN2eGFnEAE,Glen's Bakehouse (HSR Layout),Aditya Pawar,116998296038851462478,True,5,,0,a year ago,"{""food"": 5, ""service_rating"": 3, ""atmosphere"": 5}"
Glen's Bakehouse (HSR Layout),095137 34879,"2337, SECTOR 1, HSR Layout 17th Cross, 24th Main Rd, Bengaluru, Karnataka 560102",12.9120508,77.6482099,Bakery and Cake Shop,,ChZDSUhNMG9nS0VJQ0FnSURUdGZqRUVREAE,Glen's Bakehouse (HSR Layout),kesepalli karthikeya,109139964255560394409,True,5,👍,0,a year ago,"{""dining_mode"": ""Dine in"", ""meal_type"": ""Brunch"", ""price_per_person"": ""₹1–200"", ""food"": 5, ""service_rating"": 5, ""atmosphere"": 5}"
Glen's Bakehouse (HSR Layout),095137 34879,"2337, SECTOR 1, HSR Layout 17th Cross, 24th Main Rd, Bengaluru, Karnataka 560102",12.9120508,77.6482099,Bakery and Cake Shop,,ChdDSUhNMG9nS0VJQ0FnSURUaGZ1X2tBRRAB,Glen's Bakehouse (HSR Layout),Gagana Shree,107402260230505375043,False,5,,0,a year ago,"{""food"": 5, ""atmosphere"": 5}"
Glen's Bakehouse (HSR Layout),095137 34879,"2337, SECTOR 1, HSR Layout 17th Cross, 24th Main Rd, Bengaluru, Karnataka 560102",12.9120508,77.6482099,Bakery and Cake Shop,,ChZDSUhNMG9nS0VJQ0FnSURUNGVDdkdREAE,Glen's Bakehouse (HSR Layout),Aviral Srivastava,111339528560488341774,False,3,,0,a year ago,
Glen's Bakehouse (HSR Layout),095137 34879,"2337, SECTOR 1, HSR Layout 17th Cross, 24th Main Rd, Bengaluru, Karnataka 560102",12.9120508,77.6482099,Bakery and Cake Shop,,ChZDSUhNMG9nS0VJQ0FnSURUenBfRWFBEAE,Glen's Bakehouse (HSR Layout),kavya hegde,117055627628667317059,True,5,,0,a year ago,"{""food"": 5, ""service_rating"": 5, ""atmosphere"": 4}"
Glen's Bakehouse (HSR Layout),095137 34879,"2337, SECTOR 1, HSR Layout 17th Cross, 24th Main Rd, Bengaluru, Karnataka 560102",12.9120508,77.6482099,Bakery and Cake Shop,,ChZDSUhNMG9nS0VJQ0FnSURUenZ6RFN3EAE,Glen's Bakehouse (HSR Layout),Haridas Nair,116611570080328614682,True,4,,0,a year ago,"{""food"": 4, ""service_rating"": 4, ""atmosphere"": 5}"
Glen's Bakehouse (HSR Layout),095137 34879,"2337, SECTOR 1, HSR Layout 17th Cross, 24th Main Rd, Bengaluru, Karnataka 560102",12.9120508,77.6482099,Bakery and Cake Shop,,ChZDSUhNMG9nS0VJQ0FnSURUbHNmdU93EAE,Glen's Bakehouse (HSR Layout),Sriram M.K.,109040176869989496776,False,5,,0,a year ago,
Glen's Bakehouse (HSR Layout),095137 34879,"2337, SECTOR 1, HSR Layout 17th Cross, 24th Main Rd, Bengaluru, Karnataka 560102",12.9120508,77.6482099,Bakery and Cake Shop,,ChdDSUhNMG9nS0VJQ0FnSURUNXI2SnBnRRAB,Glen's Bakehouse (HSR Layout),Akhila Husne,109424420691292135820,True,1,"What a pathetic experience,  ordered for cold coffee which was served in 2 mins after ordering,  a simple garlic bread was served after 30 mins and baked cauliflower and corn they took 52 min exactly to serve i had to wait for 1 hour just to get the food , visited here in lunch break a whole 1 hour was wasted finally I had to cancel the order n leave after having cold coffee n garlic bread",0,a year ago,"{""dining_mode"": ""Dine in"", ""meal_type"": ""Lunch"", ""price_per_person"": ""₹400–600"", ""food"": 3, ""service_rating"": 1, ""atmosphere"": 4, ""parking_space"": ""Somewhat difficult to find parking"", ""parking_options"": ""Free street parking""}"
Glen's Bakehouse (HSR Layout),095137 34879,"2337, SECTOR 1, HSR Layout 17th Cross, 24th Main Rd, Bengaluru, Karnataka 560102",12.9120508,77.6482099,Bakery and Cake Shop,,ChZDSUhNMG9nS0VJQ0FnSURUdW91cEVREAE,Glen's Bakehouse (HSR Layout),Chandrima Chatterjee,105782140772410149605,True,5,,0,a year ago,"{""dining_mode"": ""Dine in"", ""meal_type"": ""Lunch"", ""food"": 5, ""service_rating"": 4, ""atmosphere"": 4}"
Glen's Bakehouse (HSR Layout),095137 34879,"2337, SECTOR 1, HSR Layout 17th Cross, 24th Main Rd, Bengaluru, Karnataka 560102",12.9120508,77.6482099,Bakery and Cake Shop,,ChZDSUhNMG9nS0VJQ0FnSURUaW9xa0dBEAE,Glen's Bakehouse (HSR Layout),Kaustubh Choukekar,105444025074027716796,True,5,Amazing crossaints!,0,a year ago,
Glen's Bakehouse (HSR Layout),095137 34879,"2337, SECTOR 1, HSR Layout 17th Cross, 24th Main Rd, Bengaluru, Karnataka 560102",12.9120508,77.6482099,Bakery and Cake Shop,,ChdDSUhNMG9nS0VJQ0FnSURUMHQtVW1BRRAB,Glen's Bakehouse (HSR Layout),Shivani Joshi,103363862858600073886,True,5,"Great place like all other outlets, poor service.",0,a year ago,"{""dining_mode"": ""Dine in"", ""meal_type"": ""Lunch"", ""price_per_person"": ""₹600–800"", ""food"": 5, ""service_rating"": 3, ""atmosphere"": 5, ""recommended_dishes"": ""Red Velvet Cupcake Eggless""}"
Glen's Bakehouse (HSR Layout),095137 34879,"2337, SECTOR 1, HSR Layout 17th Cross, 24th Main Rd, Bengaluru, Karnataka 560102",12.9120508,77.6482099,Bakery and Cake Shop,,ChdDSUhNMG9nS0VJQ0FnSURUX1A3cXdBRRAB,Glen's Bakehouse (HSR Layout),Neetu Misra,113159910278749535094,True,1,,0,a year ago,
Glen's Bakehouse (HSR Layout),095137 34879,"2337, SECTOR 1, HSR Layout 17th Cross, 24th Main Rd, Bengaluru, Karnataka 560102",12.9120508,77.6482099,Bakery and Cake Shop,,ChdDSUhNMG9nS0VJQ0FnSURUek5iMTVRRRAB,Glen's Bakehouse (HSR Layout),Nikitha Gowda,101626650402650636149,False,4,,0,a year ago,"{""food"": 4, ""service_rating"": 3, ""atmosphere"": 3}"
Glen's Bakehouse (HSR Layout),095137 34879,"2337, SECTOR 1, HSR Layout 17th Cross, 24th Main Rd, Bengaluru, Karnataka 560102",12.9120508,77.6482099,Bakery and Cake Shop,,ChZDSUhNMG9nS0VJQ0FnSURUdVAtTEx3EAE,Glen's Bakehouse (HSR Layout),Sandeep kumar,112556158518271324426,True,3,,0,a year ago,"{""dining_mode"": ""Dine in"", ""meal_type"": ""Lunch"", ""price_per_person"": ""₹600–800"", ""food"": 3, ""service_rating"": 3, ""atmosphere"": 4}"
Glen's Bakehouse (HSR Layout),095137 34879,"2337, SECTOR 1, HSR Layout 17th Cross, 24th Main Rd, Bengaluru, Karnataka 560102",12.9120508,77.6482099,Bakery and Cake Shop,,ChdDSUhNMG9nS0VJQ0FnSUNUNzhUTDJ3RRAB,Glen's Bakehouse (HSR Layout),M K Sai Harshwardhan,101084100408973877774,False,4,,0,a year ago,"{""food"": 4, ""service_rating"": 5, ""atmosphere"": 4}"
Glen's Bakehouse (HSR Layout),095137 34879,"2337, SECTOR 1, HSR Layout 17th Cross, 24th Main Rd, Bengaluru, Karnataka 560102",12.9120508,77.6482099,Bakery and Cake Shop,,ChZDSUhNMG9nS0VJQ0FnSUNUOV8tYVZREAE,Glen's Bakehouse (HSR Layout),ALOK ANAND,109846773922846824640,True,5,,0,a year ago,
Glen's Bakehouse (HSR Layout),095137 34879,"2337, SECTOR 1, HSR Layout 17th Cross, 24th Main Rd, Bengaluru, Karnataka 560102",12.9120508,77.6482099,Bakery and Cake Shop,,ChdDSUhNMG9nS0VJQ0FnSUNULTY3emxBRRAB,Glen's Bakehouse (HSR Layout),Janish John,116445729848189598529,True,5,"We love their food. The atmosphere is also really good. The breakfast combo which we tried was really good. Service could improve, it takes lot of time for the food to get ready and delivered on table but usually the taste of the food make up for all.",0,a year ago,"{""dining_mode"": ""Dine in"", ""meal_type"": ""Brunch"", ""price_per_person"": ""₹200–400"", ""food"": 5, ""service_rating"": 3, ""atmosphere"": 5, ""parking_space"": ""Difficult to find parking"", ""parking_options"": ""Parking is unavailable""}"
Glen's Bakehouse (HSR Layout),095137 34879,"2337, SECTOR 1, HSR Layout 17th Cross, 24th Main Rd, Bengaluru, Karnataka 560102",12.9120508,77.6482099,Bakery and Cake Shop,,ChdDSUhNMG9nS0VJQ0FnSUNUNjRHZ29RRRAB,Glen's Bakehouse (HSR Layout),Anjushree Banerjee,102856572200064586639,True,5,,0,a year ago,
Glen's Bakehouse (HSR Layout),095137 34879,"2337, SECTOR 1, HSR Layout 17th Cross, 24th Main Rd, Bengaluru, Karnataka 560102",12.9120508,77.6482099,Bakery and Cake Shop,,ChZDSUhNMG9nS0VJQ0FnSUNUNDRYb0Z3EAE,Glen's Bakehouse (HSR Layout),Darshan Patel,101775972449568596507,True,4,,0,a year ago,"{""dining_mode"": ""Dine in"", ""meal_type"": ""Dinner"", ""price_per_person"": ""₹800–1,000"", ""food"": 5, ""service_rating"": 5, ""atmosphere"": 4, ""recommended_dishes"": ""Red Velvet Cupcake Eggless, Blueberry Signaturecheesecake""}"
Glen's Bakehouse (HSR Layout),095137 34879,"2337, SECTOR 1, HSR Layout 17th Cross, 24th Main Rd, Bengaluru, Karnataka 560102",12.9120508,77.6482099,Bakery and Cake Shop,,ChZDSUhNMG9nS0VJQ0FnSUNUdzZ2LVBBEAE,Glen's Bakehouse (HSR Layout),sal trivedi,114401972611579896671,False,2,"I visited them today morning to get a Cheese Croissant packed. They packed something else entirely. Idk if this is Chicken or not, and I am vegetarian. Will avoid this place in the future. They don’t allow smoking either",0,a year ago,"{""dining_mode"": ""Take out"", ""meal_type"": ""Brunch"", ""price_per_person"": ""₹1–200"", ""food"": 2, ""service_rating"": 2, ""atmosphere"": 2, ""vegetarian_recommendation"": ""Would not recommend""}"
Glen's Bakehouse (HSR Layout),095137 34879,"2337, SECTOR 1, HSR Layout 17th Cross, 24th Main Rd, Bengaluru, Karnataka 560102",12.9120508,77.6482099,Bakery and Cake Shop,,ChdDSUhNMG9nS0VJQ0FnSUNUdzhYQmhRRRAB,Glen's Bakehouse (HSR Layout),Vibhor Rawal,117999011189488445374,True,5,,0,a year ago,
Glen's Bakehouse (HSR Layout),095137 34879,"2337, SECTOR 1, HSR Layout 17th Cross, 24th Main Rd, Bengaluru, Karnataka 560102",12.9120508,77.6482099,Bakery and Cake Shop,,ChZDSUhNMG9nS0VJQ0FnSUN4eThlVVB3EAE,Glen's Bakehouse (HSR Layout),Hemanth Bysani,111764859122771910102,True,5,"Amazing place to get deserts, the mini cupcakes are to die for here. Would recommend the donuts as well as the exquisite tiramisu, honestly one of the best tiramisu I've had with the exception of Concu.",0,Edited a year ago,"{""dining_mode"": ""Dine in"", ""meal_type"": ""Dinner"", ""price_per_person"": ""₹1–200"", ""food"": 5, ""service_rating"": 5, ""atmosphere"": 5, ""recommended_dishes"": ""Red Velvet Cupcake Eggless""}"
Glen's Bakehouse (HSR Layout),095137 34879,"2337, SECTOR 1, HSR Layout 17th Cross, 24th Main Rd, Bengaluru, Karnataka 560102",12.9120508,77.6482099,Bakery and Cake Shop,,ChZDSUhNMG9nS0VJQ0FnSUNUemJ6blVBEAE,Glen's Bakehouse (HSR Layout),Aditi Poonia,116702133493557593837,True,4,"Great food, amazing atmosphere. The service is very, very slow.",0,a year ago,"{""dining_mode"": ""Dine in"", ""meal_type"": ""Breakfast"", ""price_per_person"": ""₹400–600"", ""food"": 5, ""service_rating"": 2, ""atmosphere"": 5, ""recommended_dishes"": ""Red Velvet Cupcake Eggless""}"
Glen's Bakehouse (HSR Layout),095137 34879,"2337, SECTOR 1, HSR Layout 17th Cross, 24th Main Rd, Bengaluru, Karnataka 560102",12.9120508,77.6482099,Bakery and Cake Shop,,ChZDSUhNMG9nS0VJQ0FnSUN4dGFDTkNBEAE,Glen's Bakehouse (HSR Layout),Natasha Khapra,107734918837408892425,True,3,,0,Edited a year ago,"{""dining_mode"": ""Dine in"", ""meal_type"": ""Other"", ""price_per_person"": ""₹800–1,000"", ""food"": 2, ""service_rating"": 2, ""atmosphere"": 3}"
Glen's Bakehouse (HSR Layout),095137 34879,"2337, SECTOR 1, HSR Layout 17th Cross, 24th Main Rd, Bengaluru, Karnataka 560102",12.9120508,77.6482099,Bakery and Cake Shop,,ChZDSUhNMG9nS0VJQ0FnSUNUNmJIc1Z3EAE,Glen's Bakehouse (HSR Layout),Subhit Vijay,106825429235947124770,True,1,"Ambience ----------- Nice and cosy with warm lighting with good music.  Beverages ----------- Blueberry Shake- Sweeter than it should be normally. Cold Coffee- not up to the mark.  Starter --------- Pasta- no salt  Bakery items -------- Ordered some cup cakes: Not as soft as it should be. Butter Croissant -- dry bread with no butter/very less in it.  P.S. I do apologise for the hard review. This is all in good spirit so that the basics are worked on thus, leading to a customer delight experience",0,a year ago,"{""dining_mode"": ""Dine in"", ""meal_type"": ""Dinner"", ""price_per_person"": ""₹800–1,000"", ""food"": 1, ""service_rating"": 2, ""atmosphere"": 3, ""recommended_dishes"": ""Blueberry Signaturecheesecake"", ""vegetarian_recommendation"": ""Would not recommend""}"
Glen's Bakehouse (HSR Layout),095137 34879,"2337, SECTOR 1, HSR Layout 17th Cross, 24th Main Rd, Bengaluru, Karnataka 560102",12.9120508,77.6482099,Bakery and Cake Shop,,ChdDSUhNMG9nS0VJQ0FnSUNUOGJ2Wjh3RRAB,Glen's Bakehouse (HSR Layout),Harshkumar Singh,113461717369402209032,False,5,,0,a year ago,
Glen's Bakehouse (HSR Layout),095137 34879,"2337, SECTOR 1, HSR Layout 17th Cross, 24th Main Rd, Bengaluru, Karnataka 560102",12.9120508,77.6482099,Bakery and Cake Shop,,ChZDSUhNMG9nS0VJQ0FnSUNUM3FlbVhBEAE,Glen's Bakehouse (HSR Layout),Hirak Saha,108676565384478001640,True,5,,0,a year ago,"{""food"": 5, ""service_rating"": 4, ""atmosphere"": 5}"
Glen's Bakehouse (HSR Layout),095137 34879,"2337, SECTOR 1, HSR Layout 17th Cross, 24th Main Rd, Bengaluru, Karnataka 560102",12.9120508,77.6482099,Bakery and Cake Shop,,ChdDSUhNMG9nS0VJQ0FnSUNUanZENGd3RRAB,Glen's Bakehouse (HSR Layout),Suhasini Reddy,110229650392426266697,True,4,,0,a year ago,"{""dining_mode"": ""Dine in"", ""meal_type"": ""Other"", ""price_per_person"": ""₹400–600"", ""food"": 4, ""service_rating"": 4, ""atmosphere"": 3, ""recommended_dishes"": ""Cake, Mini Cupcakes and Tarts, Truffle"", ""vegetarian_recommendation"": ""Somewhat recommend"", ""vegetarian_offerings"": ""Large vegetarian selection, Clearly labeled vegetarian dishes"", ""parking_space"": ""Somewhat difficult to find parking"", ""parking_options"": ""Free parking lot, Free street parking""}"
Glen's Bakehouse (HSR Layout),095137 34879,"2337, SECTOR 1, HSR Layout 17th Cross, 24th Main Rd, Bengaluru, Karnataka 560102",12.9120508,77.6482099,Bakery and Cake Shop,,ChRDSUhNMG9nS0VJQ0FnSUNUdHJGYxAB,Glen's Bakehouse (HSR Layout),Pritam Modak,110070077900553948841,True,4,,0,a year ago,
Glen's Bakehouse (HSR Layout),095137 34879,"2337, SECTOR 1, HSR Layout 17th Cross, 24th Main Rd, Bengaluru, Karnataka 560102",12.9120508,77.6482099,Bakery and Cake Shop,,ChZDSUhNMG9nS0VJQ0FnSUNUNXA3U05BEAE,Glen's Bakehouse (HSR Layout),Ajay Kumar Singh,106734944153549481689,True,4,,0,a year ago,"{""food"": 4, ""service_rating"": 4, ""atmosphere"": 4}"
Glen's Bakehouse (HSR Layout),095137 34879,"2337, SECTOR 1, HSR Layout 17th Cross, 24th Main Rd, Bengaluru, Karnataka 560102",12.9120508,77.6482099,Bakery and Cake Shop,,ChZDSUhNMG9nS0VJQ0FnSUNUaG83YWF3EAE,Glen's Bakehouse (HSR Layout),smrati gupta,107704179486402530900,True,4,"Nice experience, good dessert and on main road",0,a year ago,"{""dining_mode"": ""Dine in"", ""meal_type"": ""Other"", ""price_per_person"": ""₹400–600"", ""food"": 4, ""service_rating"": 4, ""atmosphere"": 4, ""recommended_dishes"": ""Cake, Garlic Bread with Cheese""}"
Glen's Bakehouse (HSR Layout),095137 34879,"2337, SECTOR 1, HSR Layout 17th Cross, 24th Main Rd, Bengaluru, Karnataka 560102",12.9120508,77.6482099,Bakery and Cake Shop,,ChdDSUhNMG9nS0VJQ0FnSUNUcXNPaG5RRRAB,Glen's Bakehouse (HSR Layout),Gunasekaran Gounder,103963096671611998538,False,5,,0,a year ago,"{""dining_mode"": ""Dine in"", ""meal_type"": ""Dinner"", ""price_per_person"": ""₹600–800"", ""food"": 5, ""service_rating"": 5, ""atmosphere"": 5}"
Glen's Bakehouse (HSR Layout),095137 34879,"2337, SECTOR 1, HSR Layout 17th Cross, 24th Main Rd, Bengaluru, Karnataka 560102",12.9120508,77.6482099,Bakery and Cake Shop,,ChZDSUhNMG9nS0VJQ0FnSUNUX09qZFJREAE,Glen's Bakehouse (HSR Layout),Priya Kuruvilla,106905946577225112611,False,1,"This place is highly over hyped and the service is horrible. Went on a Sunday afternoon,it was not even that crowded and still nobody was willing to attend even after asking multiple times.What is surprising is that we walked out after sometime and still no one was bothered. We saw a few more people walk out because no service was given after waiting for a long time. The food is average here,there are places that serve much better quality food n services in HSR. Not going back!!!",0,a year ago,"{""dining_mode"": ""Dine in"", ""meal_type"": ""Other"", ""food"": 2, ""service_rating"": 1, ""atmosphere"": 1}"
Glen's Bakehouse (HSR Layout),095137 34879,"2337, SECTOR 1, HSR Layout 17th Cross, 24th Main Rd, Bengaluru, Karnataka 560102",12.9120508,77.6482099,Bakery and Cake Shop,,ChdDSUhNMG9nS0VJQ0FnSUNUdk5YMGx3RRAB,Glen's Bakehouse (HSR Layout),Jithin Varghese,111886835495819049683,False,1,"Had been with family, waited for 20 minutes no one bothers to take your order despite reaching out. Had to walk out eventually , we saw couple of more ppl walking out after placing orders due to delayed service.",0,a year ago,"{""food"": 1, ""service_rating"": 1, ""atmosphere"": 1}"
Glen's Bakehouse (HSR Layout),095137 34879,"2337, SECTOR 1, HSR Layout 17th Cross, 24th Main Rd, Bengaluru, Karnataka 560102",12.9120508,77.6482099,Bakery and Cake Shop,,ChdDSUhNMG9nS0VJQ0FnSUNUdlBUMHNRRRAB,Glen's Bakehouse (HSR Layout),Sharika Amin,104127995319297250450,True,4,,0,a year ago,"{""food"": 4, ""service_rating"": 3, ""atmosphere"": 5}"
Glen's Bakehouse (HSR Layout),095137 34879,"2337, SECTOR 1, HSR Layout 17th Cross, 24th Main Rd, Bengaluru, Karnataka 560102",12.9120508,77.6482099,Bakery and Cake Shop,,ChdDSUhNMG9nS0VJQ0FnSUNUckpDXzd3RRAB,Glen's Bakehouse (HSR Layout),Tanu,117659486883419544977,True,5,A good place to chill with friends,0,a year ago,"{""food"": 5, ""service_rating"": 5, ""atmosphere"": 5}"
Glen's Bakehouse (HSR Layout),095137 34879,"2337, SECTOR 1, HSR Layout 17th Cross, 24th Main Rd, Bengaluru, Karnataka 560102",12.9120508,77.6482099,Bakery and Cake Shop,,ChdDSUhNMG9nS0VJQ0FnSUNUbEozR29nRRAB,Glen's Bakehouse (HSR Layout),Gargi Ray Chakraborty,116222262481765537509,True,4,"Works very well as a quick bite joint if you are at HSR Layout. Tasty, fresh baked products.",0,a year ago,"{""dining_mode"": ""Delivery"", ""meal_type"": ""Other"", ""price_per_person"": ""₹400–600"", ""food"": 4, ""service_rating"": 4, ""atmosphere"": 4}"
Glen's Bakehouse (HSR Layout),095137 34879,"2337, SECTOR 1, HSR Layout 17th Cross, 24th Main Rd, Bengaluru, Karnataka 560102",12.9120508,77.6482099,Bakery and Cake Shop,,ChZDSUhNMG9nS0VJQ0FnSUNUOEo3SEVBEAE,Glen's Bakehouse (HSR Layout),Asma Sulthan,112930833250601936816,False,5,,0,a year ago,"{""food"": 5, ""service_rating"": 5, ""atmosphere"": 5}"
Glen's Bakehouse (HSR Layout),095137 34879,"2337, SECTOR 1, HSR Layout 17th Cross, 24th Main Rd, Bengaluru, Karnataka 560102",12.9120508,77.6482099,Bakery and Cake Shop,,ChZDSUhNMG9nS0VJQ0FnSURqeXJLY0hnEAE,Glen's Bakehouse (HSR Layout),Shubham Jhawar,102853598460223731315,False,1,"Pathetic service, Poor staff, Clueless about what is available / not-available and bring items which are not ordered. Quality of food is also really really bad.",0,Edited a year ago,"{""dining_mode"": ""Dine in"", ""meal_type"": ""Dinner"", ""food"": 1, ""service_rating"": 1, ""atmosphere"": 1}"
Glen's Bakehouse (HSR Layout),095137 34879,"2337, SECTOR 1, HSR Layout 17th Cross, 24th Main Rd, Bengaluru, Karnataka 560102",12.9120508,77.6482099,Bakery and Cake Shop,,ChdDSUhNMG9nS0VJQ0FnSURqdThmcmh3RRAB,Glen's Bakehouse (HSR Layout),narendra jaggi,115996304068931315804,True,3,It's okay,0,a year ago,"{""food"": 3, ""service_rating"": 3, ""atmosphere"": 4}"
Glen's Bakehouse (HSR Layout),095137 34879,"2337, SECTOR 1, HSR Layout 17th Cross, 24th Main Rd, Bengaluru, Karnataka 560102",12.9120508,77.6482099,Bakery and Cake Shop,,ChZDSUhNMG9nS0VJQ0FnSURqNWZ1Q01BEAE,Glen's Bakehouse (HSR Layout),Ankita Rani,102890228710897971456,True,5,Fresh pastries and it was yummy,0,2 years ago,"{""dining_mode"": ""Take out"", ""recommended_dishes"": ""Red Velvet Cake, Mushroom Puff""}"
Glen's Bakehouse (HSR Layout),095137 34879,"2337, SECTOR 1, HSR Layout 17th Cross, 24th Main Rd, Bengaluru, Karnataka 560102",12.9120508,77.6482099,Bakery and Cake Shop,,ChZDSUhNMG9nS0VJQ0FnSURqeGFXRFpREAE,Glen's Bakehouse (HSR Layout),D Vibe,116394524474438365673,True,4,,0,2 years ago,"{""dining_mode"": ""Dine in"", ""meal_type"": ""Other"", ""food"": 4, ""service_rating"": 2, ""atmosphere"": 5}"
Glen's Bakehouse (HSR Layout),095137 34879,"2337, SECTOR 1, HSR Layout 17th Cross, 24th Main Rd, Bengaluru, Karnataka 560102",12.9120508,77.6482099,Bakery and Cake Shop,,ChdDSUhNMG9nS0VJQ0FnSURqMmFuODJ3RRAB,Glen's Bakehouse (HSR Layout),JOH By YCPL,109914570533325060149,True,4,"It's a good place, with lot of variety of bakery items. Earlier I used to like the taste a lot. But the trend is downward now. Went there for an occasion but the place let me down with the taste. But atmosphere and service is good",0,2 years ago,"{""dining_mode"": ""Dine in"", ""meal_type"": ""Dinner"", ""price_per_person"": ""₹200–400"", ""food"": 3, ""service_rating"": 5, ""atmosphere"": 5}"
Glen's Bakehouse (HSR Layout),095137 34879,"2337, SECTOR 1, HSR Layout 17th Cross, 24th Main Rd, Bengaluru, Karnataka 560102",12.9120508,77.6482099,Bakery and Cake Shop,,ChdDSUhNMG9nS0VJQ0FnSURqOGEyOXRRRRAB,Glen's Bakehouse (HSR Layout),Muskan Rawat,112086905395382925231,True,4,The chocolate croissant are a must try .,0,2 years ago,"{""meal_type"": ""Dinner"", ""price_per_person"": ""₹400–600"", ""food"": 4, ""service_rating"": 3, ""atmosphere"": 4, ""recommended_dishes"": ""Garlic Bread with Cheese""}"
Glen's Bakehouse (HSR Layout),095137 34879,"2337, SECTOR 1, HSR Layout 17th Cross, 24th Main Rd, Bengaluru, Karnataka 560102",12.9120508,77.6482099,Bakery and Cake Shop,,ChZDSUhNMG9nS0VJQ0FnSURqbnRtNVh3EAE,Glen's Bakehouse (HSR Layout),Krishiiv Patel,117400434423286194907,False,5,,0,2 years ago,
Glen's Bakehouse (HSR Layout),095137 34879,"2337, SECTOR 1, HSR Layout 17th Cross, 24th Main Rd, Bengaluru, Karnataka 560102",12.9120508,77.6482099,Bakery and Cake Shop,,ChZDSUhNMG9nS0VJQ0FnSURqcnRMSGNBEAE,Glen's Bakehouse (HSR Layout),ROOD,112708369457149944767,True,4,"Good place, Good Food, the ambiance was pretty good but the service was very slow ordered a cheesecake waited for 30mins and then when asked again they replied they were out of stock, could’ve just told us 30 mins ago",0,2 years ago,"{""dining_mode"": ""Dine in"", ""meal_type"": ""Other"", ""price_per_person"": ""₹1,400–1,600"", ""food"": 4, ""service_rating"": 3, ""atmosphere"": 4}"
Glen's Bakehouse (HSR Layout),095137 34879,"2337, SECTOR 1, HSR Layout 17th Cross, 24th Main Rd, Bengaluru, Karnataka 560102",12.9120508,77.6482099,Bakery and Cake Shop,,ChZDSUhNMG9nS0VJQ0FnSURqNXVuc2F3EAE,Glen's Bakehouse (HSR Layout),Ganesh Shetty,101976982356814659025,True,5,,0,2 years ago,
Glen's Bakehouse (HSR Layout),095137 34879,"2337, SECTOR 1, HSR Layout 17th Cross, 24th Main Rd, Bengaluru, Karnataka 560102",12.9120508,77.6482099,Bakery and Cake Shop,,ChdDSUhNMG9nS0VJQ0FnSURqcHFxdjFnRRAB,Glen's Bakehouse (HSR Layout),Abhishek Tiwari,104219182894956496796,True,4,They have a great playlist btw!,0,2 years ago,"{""meal_type"": ""Other"", ""price_per_person"": ""₹600–800"", ""food"": 4, ""service_rating"": 2, ""atmosphere"": 3, ""recommended_dishes"": ""Red Velvet Cupcake Eggless""}"
Glen's Bakehouse (HSR Layout),095137 34879,"2337, SECTOR 1, HSR Layout 17th Cross, 24th Main Rd, Bengaluru, Karnataka 560102",12.9120508,77.6482099,Bakery and Cake Shop,,ChdDSUhNMG9nS0VJQ0FnSURqLXBLOHFRRRAB,Glen's Bakehouse (HSR Layout),Pallavi Kudupaje,108788979308992201110,False,4,,0,2 years ago,"{""dining_mode"": ""Dine in"", ""meal_type"": ""Other"", ""price_per_person"": ""₹200–400"", ""food"": 4, ""service_rating"": 4, ""atmosphere"": 5, ""recommended_dishes"": ""Red Velvet Cupcake Eggless, Blueberry Signaturecheesecake""}"
Glen's Bakehouse (HSR Layout),095137 34879,"2337, SECTOR 1, HSR Layout 17th Cross, 24th Main Rd, Bengaluru, Karnataka 560102",12.9120508,77.6482099,Bakery and Cake Shop,,ChZDSUhNMG9nS0VJQ0FnSURqNnNlVGZREAE,Glen's Bakehouse (HSR Layout),memory ncube,115864857167692164464,False,5,,0,2 years ago,"{""dining_mode"": ""Delivery"", ""food"": 5, ""service_rating"": 5, ""atmosphere"": 5}"
Glen's Bakehouse (HSR Layout),095137 34879,"2337, SECTOR 1, HSR Layout 17th Cross, 24th Main Rd, Bengaluru, Karnataka 560102",12.9120508,77.6482099,Bakery and Cake Shop,,ChZDSUhNMG9nS0VJQ0FnSURqbk15T1RBEAE,Glen's Bakehouse (HSR Layout),Apoorva Shanthkumar,108871844578311354497,True,5,,0,2 years ago,"{""dining_mode"": ""Dine in"", ""meal_type"": ""Lunch""}"
Glen's Bakehouse (HSR Layout),095137 34879,"2337, SECTOR 1, HSR Layout 17th Cross, 24th Main Rd, Bengaluru, Karnataka 560102",12.9120508,77.6482099,Bakery and Cake Shop,,ChZDSUhNMG9nS0VJQ0FnSURqckptU0RnEAE,Glen's Bakehouse (HSR Layout),Shreya D,106568083812800091932,True,1,"Visited the cafe last week. I think there were 3 acs in indoor area but they switched on only 2 and that too the temperature was at 26 degrees. It was so hot there. I hate it when reastaurants do this kind of cost cutting. Service was okay, had to ask the staff twice to serve water. I wont be visiting here again.",0,2 years ago,
Glen's Bakehouse (HSR Layout),095137 34879,"2337, SECTOR 1, HSR Layout 17th Cross, 24th Main Rd, Bengaluru, Karnataka 560102",12.9120508,77.6482099,Bakery and Cake Shop,,ChdDSUhNMG9nS0VJQ0FnSURqNUxfUzJRRRAB,Glen's Bakehouse (HSR Layout),Umang Arora (Bitmonk),107846591633846018575,True,4,,0,2 years ago,"{""food"": 3, ""service_rating"": 4, ""atmosphere"": 4}"
Glen's Bakehouse (HSR Layout),095137 34879,"2337, SECTOR 1, HSR Layout 17th Cross, 24th Main Rd, Bengaluru, Karnataka 560102",12.9120508,77.6482099,Bakery and Cake Shop,,ChdDSUhNMG9nS0VJQ0FnSURqeE1LYnJBRRAB,Glen's Bakehouse (HSR Layout),Sudha Reddy,115700722910895604142,True,4,"Loved the cutest tarts and cup cakes . Definitely worth a try. Mushroom puff , it’s so yummy all the flavours will melt in your mouth . Definitely on expensive side…",0,2 years ago,"{""dining_mode"": ""Take out"", ""food"": 4, ""service_rating"": 5, ""atmosphere"": 3}"
Glen's Bakehouse (HSR Layout),095137 34879,"2337, SECTOR 1, HSR Layout 17th Cross, 24th Main Rd, Bengaluru, Karnataka 560102",12.9120508,77.6482099,Bakery and Cake Shop,,ChZDSUhNMG9nS0VJQ0FnSURqeUxheFVnEAE,Glen's Bakehouse (HSR Layout),Annappa Naik,108415630498355696874,True,1,"This is not my first visit glens at HSR  , but today waiter has literally ignored me.. I have ordered veg burger and potato wedges,, I had asked for spoon/fork and he told me that shortage of fork he could not arrange it and I asked water he gave me glass of water, i requested him to leave water jug on the table becoz i drink more water but unfortunately he dined even though not much crowd.... All I wanted to know, if you are unable to arrange the basic thinks like spoon/forks, water why the hell running so called expensive restaurant... This is not fair... This might be the my last visit at hSr glens... Folks do you have similar experience pls comment on your thoughts..",0,2 years ago,"{""dining_mode"": ""Dine in"", ""meal_type"": ""Dinner"", ""price_per_person"": ""₹400–600"", ""food"": 4, ""service_rating"": 1, ""atmosphere"": 3}"
Glen's Bakehouse (HSR Layout),095137 34879,"2337, SECTOR 1, HSR Layout 17th Cross, 24th Main Rd, Bengaluru, Karnataka 560102",12.9120508,77.6482099,Bakery and Cake Shop,,ChZDSUhNMG9nS0VJQ0FnSURqa01xSEJnEAE,Glen's Bakehouse (HSR Layout),Biplab Mahalik,103324783570660559517,True,4,,0,2 years ago,
Glen's Bakehouse (HSR Layout),095137 34879,"2337, SECTOR 1, HSR Layout 17th Cross, 24th Main Rd, Bengaluru, Karnataka 560102",12.9120508,77.6482099,Bakery and Cake Shop,,ChZDSUhNMG9nS0VJQ0FnSUNqejRmeVJREAE,Glen's Bakehouse (HSR Layout),goutham karakavalasa,112493515354430202422,True,5,"Good was very good, but they gave kitchen knife for cutlery...that's funny..but food was amazing",0,2 years ago,"{""dining_mode"": ""Dine in"", ""meal_type"": ""Brunch"", ""price_per_person"": ""₹800–1,000"", ""food"": 5, ""service_rating"": 3, ""atmosphere"": 5, ""recommended_dishes"": ""Garlic Bread with Cheese"", ""parking_space"": ""Difficult to find parking"", ""parking_options"": ""Parking is unavailable"", ""parking_notes"": ""Slightly paring is difficult...""}"
Glen's Bakehouse (HSR Layout),095137 34879,"2337, SECTOR 1, HSR Layout 17th Cross, 24th Main Rd, Bengaluru, Karnataka 560102",12.9120508,77.6482099,Bakery and Cake Shop,,ChdDSUhNMG9nS0VJQ0FnSUNqajhIQjZnRRAB,Glen's Bakehouse (HSR Layout),vyshak kailash,109360869704036077659,True,1,Slower than Bangalore Traffic service! Way too high wait time for mediocre food.,0,2 years ago,"{""food"": 3, ""service_rating"": 1, ""atmosphere"": 4}"
Glen's Bakehouse (HSR Layout),095137 34879,"2337, SECTOR 1, HSR Layout 17th Cross, 24th Main Rd, Bengaluru, Karnataka 560102",12.9120508,77.6482099,Bakery and Cake Shop,,ChdDSUhNMG9nS0VJQ0FnSUNqbDVESV9BRRAB,Glen's Bakehouse (HSR Layout),Tania Sarkar (Kush),109025722417330450054,True,5,,0,2 years ago,"{""food"": 5, ""service_rating"": 5, ""atmosphere"": 5}"
Glen's Bakehouse (HSR Layout),095137 34879,"2337, SECTOR 1, HSR Layout 17th Cross, 24th Main Rd, Bengaluru, Karnataka 560102",12.9120508,77.6482099,Bakery and Cake Shop,,ChZDSUhNMG9nS0VJQ0FnSUNqdWQyYmRnEAE,Glen's Bakehouse (HSR Layout),Aman Prakash,112698163960516789606,True,5,,0,2 years ago,
Glen's Bakehouse (HSR Layout),095137 34879,"2337, SECTOR 1, HSR Layout 17th Cross, 24th Main Rd, Bengaluru, Karnataka 560102",12.9120508,77.6482099,Bakery and Cake Shop,,ChdDSUhNMG9nS0VJQ0FnSUNqbWEzMm1RRRAB,Glen's Bakehouse (HSR Layout),Sanchita K,100621790512685398099,True,5,,0,2 years ago,"{""food"": 5, ""service_rating"": 5, ""atmosphere"": 5}"
Glen's Bakehouse (HSR Layout),095137 34879,"2337, SECTOR 1, HSR Layout 17th Cross, 24th Main Rd, Bengaluru, Karnataka 560102",12.9120508,77.6482099,Bakery and Cake Shop,,ChdDSUhNMG9nS0VJQ0FnSUNqd2Y3OXNRRRAB,Glen's Bakehouse (HSR Layout),Ayush Dandawate,100145546417218811256,True,2,,0,2 years ago,"{""food"": 2, ""service_rating"": 3, ""atmosphere"": 5}"
Glen's Bakehouse (HSR Layout),095137 34879,"2337, SECTOR 1, HSR Layout 17th Cross, 24th Main Rd, Bengaluru, Karnataka 560102",12.9120508,77.6482099,Bakery and Cake Shop,,ChZDSUhNMG9nS0VJQ0FnSUNqZ2JuV0d3EAE,Glen's Bakehouse (HSR Layout),Joshy Joseph Francis,107604994617191998905,True,4,"Went for a late morning English breakfast around 10:30 am. Not much crowd. Good ambience .. you can sit outside or inside.No complains about the quality of food, nice and hot, we went for the combo breakfast.They have takeaways with their famous cheesecakes and other savouries.The washrooms were clean and you can have a leisurely experience of a breakfast aided by us not having good network inside the store. You can park around the temple or any bylanes nearby.",0,2 years ago,"{""dining_mode"": ""Dine in"", ""meal_type"": ""Breakfast"", ""price_per_person"": ""₹200–400"", ""food"": 4, ""service_rating"": 4, ""atmosphere"": 4, ""recommended_dishes"": ""Blueberry Signaturecheesecake""}"
Glen's Bakehouse (HSR Layout),095137 34879,"2337, SECTOR 1, HSR Layout 17th Cross, 24th Main Rd, Bengaluru, Karnataka 560102",12.9120508,77.6482099,Bakery and Cake Shop,,ChdDSUhNMG9nS0VJQ0FnSUNqanRHT293RRAB,Glen's Bakehouse (HSR Layout),Nikita Joshi,113955209415487238578,False,5,,0,2 years ago,
Glen's Bakehouse (HSR Layout),095137 34879,"2337, SECTOR 1, HSR Layout 17th Cross, 24th Main Rd, Bengaluru, Karnataka 560102",12.9120508,77.6482099,Bakery and Cake Shop,,ChdDSUhNMG9nS0VJQ0FnSUNqbXVQTnRBRRAB,Glen's Bakehouse (HSR Layout),Arun,118420639079546820446,True,5,,0,2 years ago,"{""dining_mode"": ""Dine in"", ""meal_type"": ""Brunch"", ""price_per_person"": ""₹600–800"", ""food"": 5, ""service_rating"": 5, ""atmosphere"": 5, ""recommended_dishes"": ""Blueberry Signaturecheesecake""}"
Glen's Bakehouse (HSR Layout),095137 34879,"2337, SECTOR 1, HSR Layout 17th Cross, 24th Main Rd, Bengaluru, Karnataka 560102",12.9120508,77.6482099,Bakery and Cake Shop,,ChdDSUhNMG9nS0VJQ0FnSUNqNnNDX3BBRRAB,Glen's Bakehouse (HSR Layout),Sujay Tiwari,101770974229129233298,False,2,,0,2 years ago,"{""food"": 3, ""service_rating"": 2, ""atmosphere"": 2}"
Glen's Bakehouse (HSR Layout),095137 34879,"2337, SECTOR 1, HSR Layout 17th Cross, 24th Main Rd, Bengaluru, Karnataka 560102",12.9120508,77.6482099,Bakery and Cake Shop,,ChZDSUhNMG9nS0VJQ0FnSUNqc3VpWmFBEAE,Glen's Bakehouse (HSR Layout),kanhaiya kumar,102649212253229009807,False,3,,0,2 years ago,
Glen's Bakehouse (HSR Layout),095137 34879,"2337, SECTOR 1, HSR Layout 17th Cross, 24th Main Rd, Bengaluru, Karnataka 560102",12.9120508,77.6482099,Bakery and Cake Shop,,ChZDSUhNMG9nS0VJQ0FnSUNqbU5pc1FREAE,Glen's Bakehouse (HSR Layout),Vijay Patel,115650894402663802325,True,3,"Providing an honest review of our experience, without being influenced by its popularity. The location is quite secluded, nestled among trees, making it a bit challenging to find.  When we arrived at approximately 10:30 pm, we were disappointed to find that the dine-in option was closed. It seemed odd to us that a dessert place would close during what is typically a peak time for dessert consumption.  One of our friends went inside to place a takeout order, while the rest of us waited outside. As we were engaged in a conversation, a security guard approached us and informed us that we were not allowed to talk there and should move elsewhere, or the owner of the establishment would call the police. We found this to be an unnecessarily harsh and unfriendly response.  Despite the unpleasant experience, I must say that the cupcakes we ordered were quite good.",0,2 years ago,"{""dining_mode"": ""Take out"", ""price_per_person"": ""₹200–400"", ""food"": 4, ""service_rating"": 2, ""atmosphere"": 2, ""recommended_dishes"": ""Red Velvet Cupcake Eggless""}"
Glen's Bakehouse (HSR Layout),095137 34879,"2337, SECTOR 1, HSR Layout 17th Cross, 24th Main Rd, Bengaluru, Karnataka 560102",12.9120508,77.6482099,Bakery and Cake Shop,,ChZDSUhNMG9nS0VJQ0FnSUNqeUtUYkVnEAE,Glen's Bakehouse (HSR Layout),Nirvita Manek,107347744643297811025,True,3,,0,2 years ago,"{""dining_mode"": ""Take out"", ""meal_type"": ""Other"", ""price_per_person"": ""₹200–400"", ""food"": 3, ""service_rating"": 4, ""atmosphere"": 5, ""recommended_dishes"": ""Red Velvet Cupcake Eggless""}"
Glen's Bakehouse (HSR Layout),095137 34879,"2337, SECTOR 1, HSR Layout 17th Cross, 24th Main Rd, Bengaluru, Karnataka 560102",12.9120508,77.6482099,Bakery and Cake Shop,,ChdDSUhNMG9nS0VJQ0FnSUNqb09xMzZ3RRAB,Glen's Bakehouse (HSR Layout),Arun Prasad Dhanaraj,106786879415329239945,True,3,Service and ambience is good but the taste of the food served is not up to expectations and expensive too. Broccoli and Tomato soup is the worst soup i had in life time. Otherwise cake is good. Donut is average.,0,2 years ago,"{""dining_mode"": ""Dine in"", ""meal_type"": ""Dinner"", ""price_per_person"": ""₹200–400"", ""food"": 2, ""service_rating"": 5, ""atmosphere"": 5, ""recommended_dishes"": ""Red Velvet Cupcake Eggless, Cake, Peri Peri Fish Fingers"", ""parking_space"": ""Difficult to find parking"", ""parking_options"": ""Parking is unavailable"", ""parking_notes"": ""Only road side parking available.""}"
Glen's Bakehouse (HSR Layout),095137 34879,"2337, SECTOR 1, HSR Layout 17th Cross, 24th Main Rd, Bengaluru, Karnataka 560102",12.9120508,77.6482099,Bakery and Cake Shop,,ChdDSUhNMG9nS0VJQ0FnSUREXy1LWDBRRRAB,Glen's Bakehouse (HSR Layout),Anusha R Suvarna,111990848124698987690,True,5,,0,2 years ago,"{""dining_mode"": ""Dine in"", ""meal_type"": ""Other"", ""price_per_person"": ""₹200–400"", ""food"": 5, ""service_rating"": 5, ""atmosphere"": 5, ""recommended_dishes"": ""Red Velvet Cupcake Eggless"", ""vegetarian_recommendation"": ""Somewhat recommend"", ""vegetarian_offerings"": ""Not sure""}"
Glen's Bakehouse (HSR Layout),095137 34879,"2337, SECTOR 1, HSR Layout 17th Cross, 24th Main Rd, Bengaluru, Karnataka 560102",12.9120508,77.6482099,Bakery and Cake Shop,,ChZDSUhNMG9nS0VJQ0FnSUREMTVLY1BREAE,Glen's Bakehouse (HSR Layout),Sanjay SPRW,108707046464361135379,True,5,,0,2 years ago,
Glen's Bakehouse (HSR Layout),095137 34879,"2337, SECTOR 1, HSR Layout 17th Cross, 24th Main Rd, Bengaluru, Karnataka 560102",12.9120508,77.6482099,Bakery and Cake Shop,,ChZDSUhNMG9nS0VJQ0FnSURENi1pZWV3EAE,Glen's Bakehouse (HSR Layout),Somappa P,116568925420187287185,False,5,,0,2 years ago,
Glen's Bakehouse (HSR Layout),095137 34879,"2337, SECTOR 1, HSR Layout 17th Cross, 24th Main Rd, Bengaluru, Karnataka 560102",12.9120508,77.6482099,Bakery and Cake Shop,,ChdDSUhNMG9nS0VJQ0FnSURENF9TZjhnRRAB,Glen's Bakehouse (HSR Layout),Sushen Suri,114290678157504582656,True,1,,0,2 years ago,"{""food"": 1, ""service_rating"": 1, ""atmosphere"": 3}"
Glen's Bakehouse (HSR Layout),095137 34879,"2337, SECTOR 1, HSR Layout 17th Cross, 24th Main Rd, Bengaluru, Karnataka 560102",12.9120508,77.6482099,Bakery and Cake Shop,,ChZDSUhNMG9nS0VJQ0FnSUNCMVkyaVhREAE,Glen's Bakehouse (HSR Layout),milind srikantamurthy,109328556092535675381,True,5,Red velvet cake and egg puff are good. We tried samosas but they were not so good. Hummus along with the samosas were good.,0,Edited 2 years ago,"{""dining_mode"": ""Dine in"", ""meal_type"": ""Other"", ""price_per_person"": ""₹1–200"", ""food"": 4, ""service_rating"": 3, ""atmosphere"": 4, ""recommended_dishes"": ""Red Velvet Cake"", ""vegetarian_recommendation"": ""Somewhat recommend"", ""vegetarian_offerings"": ""Clearly labeled vegetarian dishes"", ""parking_space"": ""Somewhat difficult to find parking"", ""parking_options"": ""Free street parking""}"
Glen's Bakehouse (HSR Layout),095137 34879,"2337, SECTOR 1, HSR Layout 17th Cross, 24th Main Rd, Bengaluru, Karnataka 560102",12.9120508,77.6482099,Bakery and Cake Shop,,ChZDSUhNMG9nS0VJQ0FnSUREemJ5akdBEAE,Glen's Bakehouse (HSR Layout),Ina Priya,106290199525449762645,True,3,"A nice cafe with indoor as well as outdoor sitting. Ambience is good ! Ordered Peri Peri babycorn - 3/5 , Crusted almond chicken finger - 2/5 , potato wedges - 3/5 , hazelnut frappe - 4/5 , signature cold coffee - 2/5, rainbow cake - 3/5. Overall food which we ordered was okayish, ambience is good and great place to hangout with friends.",0,2 years ago,"{""dining_mode"": ""Dine in"", ""meal_type"": ""Other"", ""price_per_person"": ""₹1,200–1,400"", ""food"": 3, ""service_rating"": 3, ""atmosphere"": 4}"
Glen's Bakehouse (HSR Layout),095137 34879,"2337, SECTOR 1, HSR Layout 17th Cross, 24th Main Rd, Bengaluru, Karnataka 560102",12.9120508,77.6482099,Bakery and Cake Shop,,ChZDSUhNMG9nS0VJQ0FnSUREcFpuOFh3EAE,Glen's Bakehouse (HSR Layout),Catherine Deborah,109915320253299140272,True,5,,0,2 years ago,
Glen's Bakehouse (HSR Layout),095137 34879,"2337, SECTOR 1, HSR Layout 17th Cross, 24th Main Rd, Bengaluru, Karnataka 560102",12.9120508,77.6482099,Bakery and Cake Shop,,ChdDSUhNMG9nS0VJQ0FnSUREbWRUaXpBRRAB,Glen's Bakehouse (HSR Layout),AKASH ARORA,117044920129696161212,True,4,,0,2 years ago,"{""food"": 4, ""service_rating"": 3, ""atmosphere"": 3}"
Glen's Bakehouse (HSR Layout),095137 34879,"2337, SECTOR 1, HSR Layout 17th Cross, 24th Main Rd, Bengaluru, Karnataka 560102",12.9120508,77.6482099,Bakery and Cake Shop,,ChdDSUhNMG9nS0VJQ0FnSUREOGNyTXNRRRAB,Glen's Bakehouse (HSR Layout),VASUDHA VASUDEV,106186243694665748654,True,5,,0,2 years ago,"{""dining_mode"": ""Dine in"", ""meal_type"": ""Brunch"", ""price_per_person"": ""₹1,000–1,200"", ""food"": 5, ""service_rating"": 4, ""atmosphere"": 4}"
Glen's Bakehouse (HSR Layout),095137 34879,"2337, SECTOR 1, HSR Layout 17th Cross, 24th Main Rd, Bengaluru, Karnataka 560102",12.9120508,77.6482099,Bakery and Cake Shop,,ChdDSUhNMG9nS0VJQ0FnSURENGVhb2hBRRAB,Glen's Bakehouse (HSR Layout),Nagaraj S R,102479990332087932489,True,5,,0,2 years ago,
Glen's Bakehouse (HSR Layout),095137 34879,"2337, SECTOR 1, HSR Layout 17th Cross, 24th Main Rd, Bengaluru, Karnataka 560102",12.9120508,77.6482099,Bakery and Cake Shop,,ChZDSUhNMG9nS0VJQ0FnSUREcm9qbkJnEAE,Glen's Bakehouse (HSR Layout),Aluri Gangadhar,110567421133010825698,False,3,,0,2 years ago,"{""food"": 5, ""service_rating"": 5, ""atmosphere"": 5}"
Glen's Bakehouse (HSR Layout),095137 34879,"2337, SECTOR 1, HSR Layout 17th Cross, 24th Main Rd, Bengaluru, Karnataka 560102",12.9120508,77.6482099,Bakery and Cake Shop,,ChZDSUhNMG9nS0VJQ0FnSUREanJIamZ3EAE,Glen's Bakehouse (HSR Layout),Arnab Karmakar,104374778394896883989,True,4,"Glen’s Bakehouse: Sweet Treats and Savory Bites in Bangalore  I recently had a delightful dining experience at Glen’s Bakehouse in HSR Layout, Bangalore. This bakery cafe offers a perfect ambiance for both indoor and outdoor seating, making it a great spot to relax and enjoy a delicious meal.  The food was simply amazing!  For dessert lovers, their cupcakes and cheesecakes are a must-try.  The red velvet cupcake, in particular, is a real standout.  Be prepared for a bit of a crowd, especially during peak hours.  Reservations are recommended to avoid a wait.  They also offer a tempting English breakfast and weekend brunch options, which I’m definitely planning to try on my next visit.  The extensive menu caters to a variety of tastes, offering everything from sweet treats to savory dishes. It’s a perfect place to hang out with friends or unwind after a long day.  Overall, Glen’s Bakehouse is a great choice for anyone looking for a delicious and satisfying meal in a charming atmosphere.  Pocket Pinch: ₹500 per person",0,2 years ago,"{""dining_mode"": ""Dine in"", ""meal_type"": ""Other"", ""price_per_person"": ""₹400–600"", ""food"": 4, ""service_rating"": 4, ""atmosphere"": 5, ""recommended_dishes"": ""Red Velvet Cupcake Eggless""}"
Glen's Bakehouse (HSR Layout),095137 34879,"2337, SECTOR 1, HSR Layout 17th Cross, 24th Main Rd, Bengaluru, Karnataka 560102",12.9120508,77.6482099,Bakery and Cake Shop,,ChdDSUhNMG9nS0VJQ0FnSUREOXBQX3N3RRAB,Glen's Bakehouse (HSR Layout),Rohit Koul,100428263355615252599,True,5,,0,2 years ago,"{""food"": 5, ""service_rating"": 5, ""atmosphere"": 5}"
Glen's Bakehouse (HSR Layout),095137 34879,"2337, SECTOR 1, HSR Layout 17th Cross, 24th Main Rd, Bengaluru, Karnataka 560102",12.9120508,77.6482099,Bakery and Cake Shop,,ChdDSUhNMG9nS0VJQ0FnSUREc3J1RDd3RRAB,Glen's Bakehouse (HSR Layout),Nanjamma Sudhakar,103308201814610298994,True,4,,0,2 years ago,
Glen's Bakehouse (HSR Layout),095137 34879,"2337, SECTOR 1, HSR Layout 17th Cross, 24th Main Rd, Bengaluru, Karnataka 560102",12.9120508,77.6482099,Bakery and Cake Shop,,ChZDSUhNMG9nS0VJQ0FnSUREb3M3SUVBEAE,Glen's Bakehouse (HSR Layout),Tarun Prakash,112748676012131635372,False,2,,0,2 years ago,"{""dining_mode"": ""Dine in"", ""meal_type"": ""Brunch"", ""price_per_person"": ""₹1,000–1,200"", ""food"": 3, ""service_rating"": 1, ""atmosphere"": 4, ""parking_space"": ""Difficult to find parking""}"
Glen's Bakehouse (HSR Layout),095137 34879,"2337, SECTOR 1, HSR Layout 17th Cross, 24th Main Rd, Bengaluru, Karnataka 560102",12.9120508,77.6482099,Bakery and Cake Shop,,ChZDSUhNMG9nS0VJQ0FnSUREdE8tVE9REAE,Glen's Bakehouse (HSR Layout),renuka sharma,116841216326764899654,True,5,,0,2 years ago,"{""food"": 5, ""service_rating"": 5, ""atmosphere"": 5}"
Glen's Bakehouse (HSR Layout),095137 34879,"2337, SECTOR 1, HSR Layout 17th Cross, 24th Main Rd, Bengaluru, Karnataka 560102",12.9120508,77.6482099,Bakery and Cake Shop,,ChdDSUhNMG9nS0VJQ0FnSUREc1BmM193RRAB,Glen's Bakehouse (HSR Layout),Balaji Narashimmaraj,106707938821830901164,False,4,,0,2 years ago,"{""dining_mode"": ""Dine in"", ""meal_type"": ""Dinner"", ""price_per_person"": ""₹200–400"", ""food"": 4, ""service_rating"": 1, ""atmosphere"": 4}"
Glen's Bakehouse (HSR Layout),095137 34879,"2337, SECTOR 1, HSR Layout 17th Cross, 24th Main Rd, Bengaluru, Karnataka 560102",12.9120508,77.6482099,Bakery and Cake Shop,,ChZDSUhNMG9nS0VJQ0FnSUMtNzR1NU5BEAE,Glen's Bakehouse (HSR Layout),vikshitha m,115071393241330412062,True,5,One can never miss glens bake house when in Bangalore 🥲❤️ The cupcakes are the yummiest 😍♥️,0,Edited 2 years ago,"{""dining_mode"": ""Dine in"", ""meal_type"": ""Other"", ""price_per_person"": ""₹200–400"", ""food"": 5, ""service_rating"": 5, ""atmosphere"": 5, ""recommended_dishes"": ""Red Velvet Cupcake Eggless, Red Velvet Cake""}"
Glen's Bakehouse (HSR Layout),095137 34879,"2337, SECTOR 1, HSR Layout 17th Cross, 24th Main Rd, Bengaluru, Karnataka 560102",12.9120508,77.6482099,Bakery and Cake Shop,,ChZDSUhNMG9nS0VJQ0FnSUREME5YRU9BEAE,Glen's Bakehouse (HSR Layout),ruchika bhargava,100843695327412724076,True,5,Favourite place.,0,2 years ago,"{""food"": 5, ""service_rating"": 5, ""atmosphere"": 5}"
Glen's Bakehouse (HSR Layout),095137 34879,"2337, SECTOR 1, HSR Layout 17th Cross, 24th Main Rd, Bengaluru, Karnataka 560102",12.9120508,77.6482099,Bakery and Cake Shop,,ChdDSUhNMG9nS0VJQ0FnSUNEdTZXenNBRRAB,Glen's Bakehouse (HSR Layout),Vivek,101726607493268070777,True,5,Very good ambience. One of the best places to have desserts.,0,2 years ago,
Glen's Bakehouse (HSR Layout),095137 34879,"2337, SECTOR 1, HSR Layout 17th Cross, 24th Main Rd, Bengaluru, Karnataka 560102",12.9120508,77.6482099,Bakery and Cake Shop,,ChdDSUhNMG9nS0VJQ0FnSUNEaTY2Q3lBRRAB,Glen's Bakehouse (HSR Layout),Sandeep Nema,117768545126611571971,True,4,"More of English breakfast thing, so people who are looking for Indian flavours (including myself) feel a little short of it. That is the only reason for one star short on food. Service and atmosphere are just at par with any other middle range eatery joint.",0,2 years ago,"{""dining_mode"": ""Dine in"", ""meal_type"": ""Brunch"", ""price_per_person"": ""₹400–600"", ""food"": 3, ""service_rating"": 4, ""atmosphere"": 4, ""vegetarian_recommendation"": ""Somewhat recommend"", ""vegetarian_options"": ""Fewer vegetarian options compared to non-vegetarian ones, especially in combos, little more clear call out would be better."", ""parking_space"": ""Difficult to find parking"", ""parking_options"": ""Free street parking"", ""parking_notes"": ""Very small part of lane is available for parking. You will need time to find proper space if in SUV or big cars.""}"
Glen's Bakehouse (HSR Layout),095137 34879,"2337, SECTOR 1, HSR Layout 17th Cross, 24th Main Rd, Bengaluru, Karnataka 560102",12.9120508,77.6482099,Bakery and Cake Shop,,ChZDSUhNMG9nS0VJQ0FnSUNEaS1xaUJnEAE,Glen's Bakehouse (HSR Layout),Pranjal U,101549993930985819308,False,5,,0,2 years ago,"{""food"": 5, ""service_rating"": 4, ""atmosphere"": 3}"
Glen's Bakehouse (HSR Layout),095137 34879,"2337, SECTOR 1, HSR Layout 17th Cross, 24th Main Rd, Bengaluru, Karnataka 560102",12.9120508,77.6482099,Bakery and Cake Shop,,ChZDSUhNMG9nS0VJQ0FnSUNEaTZDb0JREAE,Glen's Bakehouse (HSR Layout),Anoop,110889068194142766617,True,4,Was nice.... Too loud music... Even though after informing...,0,2 years ago,"{""dining_mode"": ""Dine in"", ""meal_type"": ""Brunch"", ""price_per_person"": ""₹200–400"", ""food"": 4, ""service_rating"": 3, ""atmosphere"": 4}"
Glen's Bakehouse (HSR Layout),095137 34879,"2337, SECTOR 1, HSR Layout 17th Cross, 24th Main Rd, Bengaluru, Karnataka 560102",12.9120508,77.6482099,Bakery and Cake Shop,,ChdDSUhNMG9nS0VJQ0FnSUNEdmRuTzRBRRAB,Glen's Bakehouse (HSR Layout),Amit Mehta,114710237780253271264,False,5,,0,2 years ago,"{""food"": 5, ""service_rating"": 5, ""atmosphere"": 5}"
Glen's Bakehouse (HSR Layout),095137 34879,"2337, SECTOR 1, HSR Layout 17th Cross, 24th Main Rd, Bengaluru, Karnataka 560102",12.9120508,77.6482099,Bakery and Cake Shop,,ChdDSUhNMG9nS0VJQ0FnSUNEM2M2QjNRRRAB,Glen's Bakehouse (HSR Layout),Sukanya Purkar,113157551708034552619,True,1,"""Terrible service! We wasted 35 minutes of our precious time waiting for our order, despite multiple reminders. Then, the incompetent staff had the audacity to tell us they forgot to even place our order, as if it was no big deal. Never setting foot in that establishment again. Utterly disappointed and disgusted by their lack of professionalism.""",0,2 years ago,"{""food"": 1, ""service_rating"": 1, ""atmosphere"": 1}"
Glen's Bakehouse (HSR Layout),095137 34879,"2337, SECTOR 1, HSR Layout 17th Cross, 24th Main Rd, Bengaluru, Karnataka 560102",12.9120508,77.6482099,Bakery and Cake Shop,,ChdDSUhNMG9nS0VJQ0FnSUNEN1o3RzlRRRAB,Glen's Bakehouse (HSR Layout),Rishabh Gupta,102775192695052174764,False,4,,0,2 years ago,
Glen's Bakehouse (HSR Layout),095137 34879,"2337, SECTOR 1, HSR Layout 17th Cross, 24th Main Rd, Bengaluru, Karnataka 560102",12.9120508,77.6482099,Bakery and Cake Shop,,ChdDSUhNMG9nS0VJQ0FnSUNEMWRqb3BRRRAB,Glen's Bakehouse (HSR Layout),Apoorva Chandrayan,100500814913904384010,True,5,Yummy chicken steak,0,2 years ago,"{""food"": 5, ""service_rating"": 4, ""atmosphere"": 4}"
Glen's Bakehouse (HSR Layout),095137 34879,"2337, SECTOR 1, HSR Layout 17th Cross, 24th Main Rd, Bengaluru, Karnataka 560102",12.9120508,77.6482099,Bakery and Cake Shop,,ChdDSUhNMG9nS0VJQ0FnSUNEaGZQNXRRRRAB,Glen's Bakehouse (HSR Layout),leonard lopez,107097138743983305559,True,5,,0,2 years ago,
Glen's Bakehouse (HSR Layout),095137 34879,"2337, SECTOR 1, HSR Layout 17th Cross, 24th Main Rd, Bengaluru, Karnataka 560102",12.9120508,77.6482099,Bakery and Cake Shop,,ChdDSUhNMG9nS0VJQ0FnSUNEbnQyUDl3RRAB,Glen's Bakehouse (HSR Layout),Maitri Wajapey,108847465808129024623,True,5,,0,2 years ago,
Glen's Bakehouse (HSR Layout),095137 34879,"2337, SECTOR 1, HSR Layout 17th Cross, 24th Main Rd, Bengaluru, Karnataka 560102",12.9120508,77.6482099,Bakery and Cake Shop,,ChZDSUhNMG9nS0VJQ0FnSUNEbnNtdVh3EAE,Glen's Bakehouse (HSR Layout),Pulkit Midha,113034248141724664846,True,5,,0,2 years ago,"{""dining_mode"": ""Dine in"", ""meal_type"": ""Dinner"", ""price_per_person"": ""₹200–400"", ""food"": 5, ""service_rating"": 5, ""atmosphere"": 5, ""recommended_dishes"": ""Red Velvet Cupcake Eggless, Blueberry Signaturecheesecake""}"
Glen's Bakehouse (HSR Layout),095137 34879,"2337, SECTOR 1, HSR Layout 17th Cross, 24th Main Rd, Bengaluru, Karnataka 560102",12.9120508,77.6482099,Bakery and Cake Shop,,ChZDSUhNMG9nS0VJQ0FnSUNEN3NPU053EAE,Glen's Bakehouse (HSR Layout),Deepak Rai,109426617595461142471,True,4,,0,2 years ago,
Glen's Bakehouse (HSR Layout),095137 34879,"2337, SECTOR 1, HSR Layout 17th Cross, 24th Main Rd, Bengaluru, Karnataka 560102",12.9120508,77.6482099,Bakery and Cake Shop,,ChdDSUhNMG9nS0VJQ0FnSUNEaHN2STVBRRAB,Glen's Bakehouse (HSR Layout),Leethu Thampi,106285294518113671985,True,5,,0,2 years ago,
Glen's Bakehouse (HSR Layout),095137 34879,"2337, SECTOR 1, HSR Layout 17th Cross, 24th Main Rd, Bengaluru, Karnataka 560102",12.9120508,77.6482099,Bakery and Cake Shop,,ChdDSUhNMG9nS0VJQ0FnSUNEMHJYQWl3RRAB,Glen's Bakehouse (HSR Layout),Trishna Kashyap,108505760214855704996,True,4,"Tried one of the sour dough pizza and cheese garlic bread. Garlic bread was good but the pizza didn't have any salt in it. The first time I tried the pizza (don't remember the name), there were some different levels of flavours popping in my mouth. I hope to get that taste back on my next visit.",0,2 years ago,"{""food"": 4}"
Glen's Bakehouse (HSR Layout),095137 34879,"2337, SECTOR 1, HSR Layout 17th Cross, 24th Main Rd, Bengaluru, Karnataka 560102",12.9120508,77.6482099,Bakery and Cake Shop,,ChdDSUhNMG9nS0VJQ0FnSUNEMHJIMW9RRRAB,Glen's Bakehouse (HSR Layout),Likith R,118153644381514833514,False,5,,0,2 years ago,
Glen's Bakehouse (HSR Layout),095137 34879,"2337, SECTOR 1, HSR Layout 17th Cross, 24th Main Rd, Bengaluru, Karnataka 560102",12.9120508,77.6482099,Bakery and Cake Shop,,ChZDSUhNMG9nS0VJQ0FnSUNEblBua2VREAE,Glen's Bakehouse (HSR Layout),Siddhant Jain,117350746706099025955,True,4,,0,2 years ago,
Glen's Bakehouse (HSR Layout),095137 34879,"2337, SECTOR 1, HSR Layout 17th Cross, 24th Main Rd, Bengaluru, Karnataka 560102",12.9120508,77.6482099,Bakery and Cake Shop,,ChdDSUhNMG9nS0VJQ0FnSUNEek1QVW5BRRAB,Glen's Bakehouse (HSR Layout),Varun Bhargav,115517755214169061692,True,4,,0,2 years ago,"{""food"": 4, ""service_rating"": 5, ""atmosphere"": 5}"
Glen's Bakehouse (HSR Layout),095137 34879,"2337, SECTOR 1, HSR Layout 17th Cross, 24th Main Rd, Bengaluru, Karnataka 560102",12.9120508,77.6482099,Bakery and Cake Shop,,ChZDSUhNMG9nS0VJQ0FnSURObTZPdGZBEAE,Glen's Bakehouse (HSR Layout),Angad Chandhok,101983678829057043827,True,5,"Great breakfast options! We ordered the combo breakfast and everything was amazing: freshly baked and well toasted breads, juicy sausages, and great cappuccino. There are multiple seating areas, both indoors and outdoors and it's well-lit. Would recommend!",0,Edited 2 years ago,"{""dining_mode"": ""Dine in"", ""meal_type"": ""Breakfast"", ""price_per_person"": ""₹200–400"", ""food"": 5, ""service_rating"": 4, ""atmosphere"": 4}"
Glen's Bakehouse (HSR Layout),095137 34879,"2337, SECTOR 1, HSR Layout 17th Cross, 24th Main Rd, Bengaluru, Karnataka 560102",12.9120508,77.6482099,Bakery and Cake Shop,,ChdDSUhNMG9nS0VJQ0FnSUNEbUltM3BBRRAB,Glen's Bakehouse (HSR Layout),Soumya Minajigi,112125621652352158544,True,4,,0,2 years ago,
Glen's Bakehouse (HSR Layout),095137 34879,"2337, SECTOR 1, HSR Layout 17th Cross, 24th Main Rd, Bengaluru, Karnataka 560102",12.9120508,77.6482099,Bakery and Cake Shop,,ChZDSUhNMG9nS0VJQ0FnSUNEbUlLYk93EAE,Glen's Bakehouse (HSR Layout),Debalina Bhattacharjee,112553644637487688513,True,5,,0,2 years ago,"{""dining_mode"": ""Take out"", ""meal_type"": ""Breakfast"", ""price_per_person"": ""₹1,800–2,000"", ""food"": 5, ""atmosphere"": 5}"
Glen's Bakehouse (HSR Layout),095137 34879,"2337, SECTOR 1, HSR Layout 17th Cross, 24th Main Rd, Bengaluru, Karnataka 560102",12.9120508,77.6482099,Bakery and Cake Shop,,ChdDSUhNMG9nS0VJQ0FnSUQ5cjVDWnV3RRAB,Glen's Bakehouse (HSR Layout),Shariya Shajahan,105993689400691548139,True,5,,0,2 years ago,
Glen's Bakehouse (HSR Layout),095137 34879,"2337, SECTOR 1, HSR Layout 17th Cross, 24th Main Rd, Bengaluru, Karnataka 560102",12.9120508,77.6482099,Bakery and Cake Shop,,ChdDSUhNMG9nS0VJQ0FnSUQ5ajZlcmtBRRAB,Glen's Bakehouse (HSR Layout),Pulkit Agrawal,116130478938950217088,False,3,,0,2 years ago,
Glen's Bakehouse (HSR Layout),095137 34879,"2337, SECTOR 1, HSR Layout 17th Cross, 24th Main Rd, Bengaluru, Karnataka 560102",12.9120508,77.6482099,Bakery and Cake Shop,,ChZDSUhNMG9nS0VJQ0FnSUQ5cTluQkZnEAE,Glen's Bakehouse (HSR Layout),Bhargav Reddy,114061987217356573447,True,4,,0,2 years ago,
Glen's Bakehouse (HSR Layout),095137 34879,"2337, SECTOR 1, HSR Layout 17th Cross, 24th Main Rd, Bengaluru, Karnataka 560102",12.9120508,77.6482099,Bakery and Cake Shop,,ChZDSUhNMG9nS0VJQ0FnSUQ5dGZqV1pREAE,Glen's Bakehouse (HSR Layout),Aditya Poddar,114965876521872151260,True,5,,0,2 years ago,"{""dining_mode"": ""Dine in"", ""meal_type"": ""Other"", ""food"": 5, ""service_rating"": 5, ""atmosphere"": 4, ""recommended_dishes"": ""Donuts, Mini Cupcakes and Tarts""}"
Glen's Bakehouse (HSR Layout),095137 34879,"2337, SECTOR 1, HSR Layout 17th Cross, 24th Main Rd, Bengaluru, Karnataka 560102",12.9120508,77.6482099,Bakery and Cake Shop,,ChdDSUhNMG9nS0VJQ0FnSUQ5dHB5ZTN3RRAB,Glen's Bakehouse (HSR Layout),Apoorva Pakhle,110611725552400036055,True,5,,0,2 years ago,
Glen's Bakehouse (HSR Layout),095137 34879,"2337, SECTOR 1, HSR Layout 17th Cross, 24th Main Rd, Bengaluru, Karnataka 560102",12.9120508,77.6482099,Bakery and Cake Shop,,ChdDSUhNMG9nS0VJQ0FnSUQ5OHN1UnRRRRAB,Glen's Bakehouse (HSR Layout),Bibhuprasad sahu,112027319817641325044,False,5,,0,2 years ago,"{""food"": 5, ""service_rating"": 5, ""atmosphere"": 5}"
Glen's Bakehouse (HSR Layout),095137 34879,"2337, SECTOR 1, HSR Layout 17th Cross, 24th Main Rd, Bengaluru, Karnataka 560102",12.9120508,77.6482099,Bakery and Cake Shop,,ChdDSUhNMG9nS0VJQ0FnSUQ5OHZpbHBBRRAB,Glen's Bakehouse (HSR Layout),Dipanjan Das,110137534782351981880,True,2,Too much expensive and service is not good,0,2 years ago,"{""food"": 1, ""service_rating"": 1, ""atmosphere"": 3}"
Glen's Bakehouse (HSR Layout),095137 34879,"2337, SECTOR 1, HSR Layout 17th Cross, 24th Main Rd, Bengaluru, Karnataka 560102",12.9120508,77.6482099,Bakery and Cake Shop,,ChZDSUhNMG9nS0VJQ0FnSUQ5dksycFJREAE,Glen's Bakehouse (HSR Layout),Prerana Sharma,111936391207810638156,True,1,The croissant was not fresh. The size of the cupcake is very small compared to the price of it.,0,2 years ago,"{""dining_mode"": ""Dine in"", ""food"": 1, ""service_rating"": 1}"
Glen's Bakehouse (HSR Layout),095137 34879,"2337, SECTOR 1, HSR Layout 17th Cross, 24th Main Rd, Bengaluru, Karnataka 560102",12.9120508,77.6482099,Bakery and Cake Shop,,ChdDSUhNMG9nS0VJQ0FnSUQ5cE9mWTB3RRAB,Glen's Bakehouse (HSR Layout),Shashank D,109769316441114204598,True,5,,0,2 years ago,
Glen's Bakehouse (HSR Layout),095137 34879,"2337, SECTOR 1, HSR Layout 17th Cross, 24th Main Rd, Bengaluru, Karnataka 560102",12.9120508,77.6482099,Bakery and Cake Shop,,ChdDSUhNMG9nS0VJQ0FnSUQ5OE83T3VRRRAB,Glen's Bakehouse (HSR Layout),Amarpal Singh,103986985329173596217,True,5,HAR HAR HAR महादेव ओम नमहा शिवाय,0,2 years ago,"{""food"": 5, ""service_rating"": 5, ""atmosphere"": 5}"
Glen's Bakehouse (HSR Layout),095137 34879,"2337, SECTOR 1, HSR Layout 17th Cross, 24th Main Rd, Bengaluru, Karnataka 560102",12.9120508,77.6482099,Bakery and Cake Shop,,ChdDSUhNMG9nS0VJQ0FnSUQ5d0pmSXR3RRAB,Glen's Bakehouse (HSR Layout),Vikram reddi b,108966442523404925858,False,5,,0,2 years ago,"{""food"": 5, ""service_rating"": 4, ""atmosphere"": 4}"
Glen's Bakehouse (HSR Layout),095137 34879,"2337, SECTOR 1, HSR Layout 17th Cross, 24th Main Rd, Bengaluru, Karnataka 560102",12.9120508,77.6482099,Bakery and Cake Shop,,ChZDSUhNMG9nS0VJQ0FnSUM5MzlUN2RBEAE,Glen's Bakehouse (HSR Layout),Shreyash Dubey,107911011892065667829,True,4,A bit overpriced for the taste,0,2 years ago,"{""food"": 4, ""atmosphere"": 4}"
Glen's Bakehouse (HSR Layout),095137 34879,"2337, SECTOR 1, HSR Layout 17th Cross, 24th Main Rd, Bengaluru, Karnataka 560102",12.9120508,77.6482099,Bakery and Cake Shop,,ChdDSUhNMG9nS0VJQ0FnSUM5dTRPRjR3RRAB,Glen's Bakehouse (HSR Layout),Amar shishodia,114178280004958944181,True,4,,0,2 years ago,"{""food"": 5, ""service_rating"": 4, ""atmosphere"": 3}"
Glen's Bakehouse (HSR Layout),095137 34879,"2337, SECTOR 1, HSR Layout 17th Cross, 24th Main Rd, Bengaluru, Karnataka 560102",12.9120508,77.6482099,Bakery and Cake Shop,,ChZDSUhNMG9nS0VJQ0FnSUM5MjZXckZ3EAE,Glen's Bakehouse (HSR Layout),Seshagiri Badami,106062407865383018328,False,5,,0,2 years ago,
Glen's Bakehouse (HSR Layout),095137 34879,"2337, SECTOR 1, HSR Layout 17th Cross, 24th Main Rd, Bengaluru, Karnataka 560102",12.9120508,77.6482099,Bakery and Cake Shop,,ChdDSUhNMG9nS0VJQ0FnSUM5MjV6OXhBRRAB,Glen's Bakehouse (HSR Layout),Abhijith M,106586624006380216766,False,1,Too slow for service. Takes eternal time to take order another eternal to provide,0,2 years ago,
Glen's Bakehouse (HSR Layout),095137 34879,"2337, SECTOR 1, HSR Layout 17th Cross, 24th Main Rd, Bengaluru, Karnataka 560102",12.9120508,77.6482099,Bakery and Cake Shop,,ChdDSUhNMG9nS0VJQ0FnSUM5aV9HUXp3RRAB,Glen's Bakehouse (HSR Layout),Fathima Aza,113774965962658588107,True,5,,0,2 years ago,"{""dining_mode"": ""Dine in"", ""meal_type"": ""Brunch"", ""price_per_person"": ""₹400–600"", ""food"": 5, ""service_rating"": 3, ""atmosphere"": 5, ""recommended_dishes"": ""Mini Cupcakes and Tarts""}"
Glen's Bakehouse (HSR Layout),095137 34879,"2337, SECTOR 1, HSR Layout 17th Cross, 24th Main Rd, Bengaluru, Karnataka 560102",12.9120508,77.6482099,Bakery and Cake Shop,,ChdDSUhNMG9nS0VJQ0FnSUM5bmFlR2d3RRAB,Glen's Bakehouse (HSR Layout),Xenia Onatopp,111210323601891755513,True,5,,0,2 years ago,"{""dining_mode"": ""Dine in"", ""meal_type"": ""Lunch"", ""price_per_person"": ""₹400–600"", ""food"": 5, ""service_rating"": 3, ""atmosphere"": 5, ""recommended_dishes"": ""Red Velvet Cupcake Eggless, Red Velvet Cake""}"
Glen's Bakehouse (HSR Layout),095137 34879,"2337, SECTOR 1, HSR Layout 17th Cross, 24th Main Rd, Bengaluru, Karnataka 560102",12.9120508,77.6482099,Bakery and Cake Shop,,ChdDSUhNMG9nS0VJQ0FnSUM5clpQVjZRRRAB,Glen's Bakehouse (HSR Layout),Archana Srivastava,112531567023867637881,False,1,Pathetic service for takeaway,0,2 years ago,"{""dining_mode"": ""Delivery""}"
Glen's Bakehouse (HSR Layout),095137 34879,"2337, SECTOR 1, HSR Layout 17th Cross, 24th Main Rd, Bengaluru, Karnataka 560102",12.9120508,77.6482099,Bakery and Cake Shop,,ChdDSUhNMG9nS0VJQ0FnSUM5OWYya2dRRRAB,Glen's Bakehouse (HSR Layout),nagendra dr,111680681667736070343,True,4,,0,2 years ago,"{""food"": 5, ""service_rating"": 4, ""atmosphere"": 4}"
Glen's Bakehouse (HSR Layout),095137 34879,"2337, SECTOR 1, HSR Layout 17th Cross, 24th Main Rd, Bengaluru, Karnataka 560102",12.9120508,77.6482099,Bakery and Cake Shop,,ChZDSUhNMG9nS0VJQ0FnSUM5MmFPSUh3EAE,Glen's Bakehouse (HSR Layout),AshokReddy S,113244528436548346761,False,5,,0,2 years ago,
Glen's Bakehouse (HSR Layout),095137 34879,"2337, SECTOR 1, HSR Layout 17th Cross, 24th Main Rd, Bengaluru, Karnataka 560102",12.9120508,77.6482099,Bakery and Cake Shop,,ChdDSUhNMG9nS0VJQ0FnSUM5cHJxT2hnRRAB,Glen's Bakehouse (HSR Layout),Harshitha,102756768300647988736,True,5,Must try red velvet cupcakes🧁,0,2 years ago,"{""dining_mode"": ""Dine in"", ""meal_type"": ""Lunch"", ""price_per_person"": ""₹400–600"", ""food"": 4, ""service_rating"": 4, ""atmosphere"": 4, ""recommended_dishes"": ""Red Velvet Cake""}"
Glen's Bakehouse (HSR Layout),095137 34879,"2337, SECTOR 1, HSR Layout 17th Cross, 24th Main Rd, Bengaluru, Karnataka 560102",12.9120508,77.6482099,Bakery and Cake Shop,,ChdDSUhNMG9nS0VJQ0FnSUNCbGFMZjlnRRAB,Glen's Bakehouse (HSR Layout),vineetha sk,100138428366571012528,True,5,"lovely ambiance , great food, never disappoints , the best desserts in town..... staff are friendly too.... we frequently come back here for a nice brunch or a quick dessert",0,Edited 2 years ago,"{""food"": 5, ""service_rating"": 5, ""atmosphere"": 4}"
Glen's Bakehouse (HSR Layout),095137 34879,"2337, SECTOR 1, HSR Layout 17th Cross, 24th Main Rd, Bengaluru, Karnataka 560102",12.9120508,77.6482099,Bakery and Cake Shop,,ChZDSUhNMG9nS0VJQ0FnSUM5dXNxNFBREAE,Glen's Bakehouse (HSR Layout),Varsha Raj,106093171053457053841,False,5,,0,2 years ago,"{""price_per_person"": ""₹200–400"", ""food"": 5, ""service_rating"": 1, ""atmosphere"": 3}"
Glen's Bakehouse (HSR Layout),095137 34879,"2337, SECTOR 1, HSR Layout 17th Cross, 24th Main Rd, Bengaluru, Karnataka 560102",12.9120508,77.6482099,Bakery and Cake Shop,,ChZDSUhNMG9nS0VJQ0FnSUM5eklDWWJREAE,Glen's Bakehouse (HSR Layout),Sakshi Tiwari,116796118216111579589,True,2,,0,2 years ago,"{""food"": 2, ""service_rating"": 3, ""atmosphere"": 2}"
Glen's Bakehouse (HSR Layout),095137 34879,"2337, SECTOR 1, HSR Layout 17th Cross, 24th Main Rd, Bengaluru, Karnataka 560102",12.9120508,77.6482099,Bakery and Cake Shop,,ChZDSUhNMG9nS0VJQ0FnSUM5OVBPQVJ3EAE,Glen's Bakehouse (HSR Layout),MRINAL NIKALJE,103236649018020011959,False,1,Very very slow service. They took more than 50 minutes to serve our order. These people forget after taking your order. You have to keep reminding them after every 10 minutes.,0,2 years ago,"{""dining_mode"": ""Dine in"", ""meal_type"": ""Brunch"", ""service_rating"": 1}"
Glen's Bakehouse (HSR Layout),095137 34879,"2337, SECTOR 1, HSR Layout 17th Cross, 24th Main Rd, Bengaluru, Karnataka 560102",12.9120508,77.6482099,Bakery and Cake Shop,,ChZDSUhNMG9nS0VJQ0FnSUM5bFBYbklnEAE,Glen's Bakehouse (HSR Layout),Megha Gupta,110604125830228694338,False,5,I am totally in love with this place and I am big fan of French desert & this place have all of it I want 💕💕 This was my 2nd visit and This was better then the 1st one . My husband went for 1st time and he loved the place and dishes and as they have lot of display options in desert we have tried all of them😋😋,0,2 years ago,"{""dining_mode"": ""Dine in"", ""meal_type"": ""Dinner"", ""price_per_person"": ""₹1,200–1,400"", ""food"": 5, ""service_rating"": 4, ""atmosphere"": 5, ""recommended_dishes"": ""Red Velvet Sundae El"", ""vegetarian_recommendation"": ""Highly recommend"", ""vegetarian_offerings"": ""Not sure"", ""vegetarian_options"": ""Good""}"
Glen's Bakehouse (HSR Layout),095137 34879,"2337, SECTOR 1, HSR Layout 17th Cross, 24th Main Rd, Bengaluru, Karnataka 560102",12.9120508,77.6482099,Bakery and Cake Shop,,ChZDSUhNMG9nS0VJQ0FnSUM5cEpic0VREAE,Glen's Bakehouse (HSR Layout),Giuseppe Lucarelli,114139346313900333831,True,3,"I know this place has good reviews and we maybe went on the wrong day but I wasn’t impressed. Menu wasn’t clear at all. Wanted the eggs Benedict but told it was only for breakfast, but wasn’t under the breakfast section. Friend wanted just an omelette but was told this wasn’t possible as it was in a combo. Also wanted to swap out the hot coffee for a cold coffee. This also they wouldn’t allow. Didn’t even propose to pay extra or anything. Server wasn’t interested. Good took a long time to arrive and when it did it was at best warm. Pancakes were good though! Tasted just like American ones.",0,2 years ago,"{""dining_mode"": ""Dine in"", ""meal_type"": ""Lunch"", ""price_per_person"": ""₹400–600"", ""food"": 3, ""service_rating"": 3, ""atmosphere"": 3}"
Glen's Bakehouse (HSR Layout),095137 34879,"2337, SECTOR 1, HSR Layout 17th Cross, 24th Main Rd, Bengaluru, Karnataka 560102",12.9120508,77.6482099,Bakery and Cake Shop,,ChdDSUhNMG9nS0VJQ0FnSURkejdENTJnRRAB,Glen's Bakehouse (HSR Layout),SRIMAHIMA ENTERPRISES,108968896325586379129,True,2,"Good for pastries and cookies only, kindly avoid the other menus",0,2 years ago,"{""dining_mode"": ""Dine in"", ""meal_type"": ""Dinner"", ""price_per_person"": ""₹400–600"", ""food"": 2, ""service_rating"": 3, ""atmosphere"": 3, ""recommended_dishes"": ""Cake""}"
Glen's Bakehouse (HSR Layout),095137 34879,"2337, SECTOR 1, HSR Layout 17th Cross, 24th Main Rd, Bengaluru, Karnataka 560102",12.9120508,77.6482099,Bakery and Cake Shop,,ChZDSUhNMG9nS0VJQ0FnSURkOF9LOEx3EAE,Glen's Bakehouse (HSR Layout),Meera Rajeev Khothote,101422743532229549865,True,4,,0,2 years ago,"{""food"": 5, ""service_rating"": 2, ""atmosphere"": 5}"
Glen's Bakehouse (HSR Layout),095137 34879,"2337, SECTOR 1, HSR Layout 17th Cross, 24th Main Rd, Bengaluru, Karnataka 560102",12.9120508,77.6482099,Bakery and Cake Shop,,ChdDSUhNMG9nS0VJQ0FnSURkZzhmTjB3RRAB,Glen's Bakehouse (HSR Layout),Sneha Banerjee,100376846759066340907,True,1,"This was my first visit to Glen Bakehouse, and unfortunately, I made the mistake of entering and ordering just two minutes after a large group who were permitted to sit in the dine-in section. When my husband and I requested to be seated in the dine-in area, we were informed that it was closed. Interestingly, the rest of the members of the large group arrived later and placed their orders after ours, yet they were allowed to sit with their friends. It's unclear on what basis the differentiation was made, but it certainly left a negative impression on our experience.",0,2 years ago,"{""service_rating"": 1}"
Glen's Bakehouse (HSR Layout),095137 34879,"2337, SECTOR 1, HSR Layout 17th Cross, 24th Main Rd, Bengaluru, Karnataka 560102",12.9120508,77.6482099,Bakery and Cake Shop,,ChZDSUhNMG9nS0VJQ0FnSURkemZYQmJnEAE,Glen's Bakehouse (HSR Layout),Pradeep,118117116016384334105,True,5,,0,2 years ago,"{""food"": 5, ""service_rating"": 5, ""atmosphere"": 5}"
Glen's Bakehouse (HSR Layout),095137 34879,"2337, SECTOR 1, HSR Layout 17th Cross, 24th Main Rd, Bengaluru, Karnataka 560102",12.9120508,77.6482099,Bakery and Cake Shop,,ChZDSUhNMG9nS0VJQ0FnSURkMWZDTFhREAE,Glen's Bakehouse (HSR Layout),Prasanthi gali,118009038906067886032,True,4,,0,2 years ago,"{""dining_mode"": ""Dine in"", ""meal_type"": ""Other"", ""price_per_person"": ""₹200–400"", ""food"": 4, ""service_rating"": 3, ""atmosphere"": 3, ""recommended_dishes"": ""Cake""}"
Glen's Bakehouse (HSR Layout),095137 34879,"2337, SECTOR 1, HSR Layout 17th Cross, 24th Main Rd, Bengaluru, Karnataka 560102",12.9120508,77.6482099,Bakery and Cake Shop,,ChZDSUhNMG9nS0VJQ0FnSURkaWRTYVl3EAE,Glen's Bakehouse (HSR Layout),Abhinav Thawait,102543931914838985253,True,3,,0,2 years ago,"{""food"": 3, ""service_rating"": 5, ""atmosphere"": 5}"
Glen's Bakehouse (HSR Layout),095137 34879,"2337, SECTOR 1, HSR Layout 17th Cross, 24th Main Rd, Bengaluru, Karnataka 560102",12.9120508,77.6482099,Bakery and Cake Shop,,ChdDSUhNMG9nS0VJQ0FnSURkX3BEMzFBRRAB,Glen's Bakehouse (HSR Layout),biplob das,110899644492243267132,True,1,"The HSR branch of GLEN'S has the most pathetic service of all their outlets. You need to wait minimum of 45 mins to get your food on the table. The waiters are so careless even after repeatedly asking for tissue papers, they just kept on ignoring. I literally had to get up and grab some tissues from a different table. So guys, if you want to visit GLEN's please do visit their other branches and not the HSR one for sure",0,2 years ago,"{""service_rating"": 1}"
Glen's Bakehouse (HSR Layout),095137 34879,"2337, SECTOR 1, HSR Layout 17th Cross, 24th Main Rd, Bengaluru, Karnataka 560102",12.9120508,77.6482099,Bakery and Cake Shop,,ChZDSUhNMG9nS0VJQ0FnSURkbnRpMlFREAE,Glen's Bakehouse (HSR Layout),Mrinal Roy Chowdhury,106698631389908485280,True,3,,0,2 years ago,
Glen's Bakehouse (HSR Layout),095137 34879,"2337, SECTOR 1, HSR Layout 17th Cross, 24th Main Rd, Bengaluru, Karnataka 560102",12.9120508,77.6482099,Bakery and Cake Shop,,ChZDSUhNMG9nS0VJQ0FnSURkdG9ldk9BEAE,Glen's Bakehouse (HSR Layout),Sneha Singh,113460186149250139336,True,5,,0,2 years ago,"{""food"": 4, ""service_rating"": 5, ""atmosphere"": 4}"
Glen's Bakehouse (HSR Layout),095137 34879,"2337, SECTOR 1, HSR Layout 17th Cross, 24th Main Rd, Bengaluru, Karnataka 560102",12.9120508,77.6482099,Bakery and Cake Shop,,ChdDSUhNMG9nS0VJQ0FnSURkdHZheHRBRRAB,Glen's Bakehouse (HSR Layout),Saumya Dwivedi,117516530592154404223,False,1,,0,2 years ago,"{""dining_mode"": ""Dine in"", ""food"": 1, ""service_rating"": 1, ""atmosphere"": 1}"
Glen's Bakehouse (HSR Layout),095137 34879,"2337, SECTOR 1, HSR Layout 17th Cross, 24th Main Rd, Bengaluru, Karnataka 560102",12.9120508,77.6482099,Bakery and Cake Shop,,ChdDSUhNMG9nS0VJQ0FnSURkLXUyNm9nRRAB,Glen's Bakehouse (HSR Layout),Sneha Chinchli,117192313989634478281,True,5,,0,2 years ago,"{""dining_mode"": ""Dine in"", ""meal_type"": ""Dinner"", ""price_per_person"": ""₹1,200–1,400"", ""food"": 5, ""service_rating"": 3, ""atmosphere"": 5, ""recommended_dishes"": ""Mini Cupcakes and Tarts, Pesto Pasta"", ""vegetarian_recommendation"": ""Highly recommend"", ""vegetarian_offerings"": ""Clearly labeled vegetarian dishes""}"
Glen's Bakehouse (HSR Layout),095137 34879,"2337, SECTOR 1, HSR Layout 17th Cross, 24th Main Rd, Bengaluru, Karnataka 560102",12.9120508,77.6482099,Bakery and Cake Shop,,ChdDSUhNMG9nS0VJQ0FnSURkaXZIWmxRRRAB,Glen's Bakehouse (HSR Layout),Bhawarlal Sundesha,110608825038514131486,True,4,,0,2 years ago,
Glen's Bakehouse (HSR Layout),095137 34879,"2337, SECTOR 1, HSR Layout 17th Cross, 24th Main Rd, Bengaluru, Karnataka 560102",12.9120508,77.6482099,Bakery and Cake Shop,,ChZDSUhNMG9nS0VJQ0FnSURkaXVIbEFREAE,Glen's Bakehouse (HSR Layout),Sanskriti Tulsian,103397257061274003168,True,3,"Cheesecake milkshake was good, but maybe a lil too sweet. The Traditional Pesto Sandwich was great! The cauliflower and Corn Chesse Baked was good. Apple Crumble Pie and Red Velvet Cupcake was amazing. Service can be better as we had to call them a couple of times for taking our order and getting the bill.",0,2 years ago,"{""dining_mode"": ""Dine in"", ""meal_type"": ""Other"", ""food"": 3, ""service_rating"": 3, ""atmosphere"": 2, ""recommended_dishes"": ""Red Velvet Cupcake Eggless""}"
Glen's Bakehouse (HSR Layout),095137 34879,"2337, SECTOR 1, HSR Layout 17th Cross, 24th Main Rd, Bengaluru, Karnataka 560102",12.9120508,77.6482099,Bakery and Cake Shop,,ChZDSUhNMG9nS0VJQ0FnSURkd3AzY2F3EAE,Glen's Bakehouse (HSR Layout),Shivkumar Baid,108961945505180092992,True,4,"Nice little place, in cosy atmosphere. Worth visiting.",0,2 years ago,"{""dining_mode"": ""Dine in"", ""meal_type"": ""Breakfast"", ""price_per_person"": ""₹400–600"", ""food"": 4, ""service_rating"": 4, ""atmosphere"": 5, ""recommended_dishes"": ""Croissant Sandwich"", ""vegetarian_recommendation"": ""Somewhat recommend"", ""vegetarian_offerings"": ""Clearly labeled vegetarian dishes""}"
Glen's Bakehouse (HSR Layout),095137 34879,"2337, SECTOR 1, HSR Layout 17th Cross, 24th Main Rd, Bengaluru, Karnataka 560102",12.9120508,77.6482099,Bakery and Cake Shop,,ChZDSUhNMG9nS0VJQ0FnSURkelBhU2NREAE,Glen's Bakehouse (HSR Layout),alok rout,112354417198441454701,True,1,,0,2 years ago,
Glen's Bakehouse (HSR Layout),095137 34879,"2337, SECTOR 1, HSR Layout 17th Cross, 24th Main Rd, Bengaluru, Karnataka 560102",12.9120508,77.6482099,Bakery and Cake Shop,,ChdDSUhNMG9nS0VJQ0FnSURkME02SWdBRRAB,Glen's Bakehouse (HSR Layout),Sujata Kar,109406633886115386879,True,5,The food is great👍 ambience is also nice! Highly recommend this place.,0,2 years ago,"{""food"": 5, ""service_rating"": 5, ""atmosphere"": 5}"
Glen's Bakehouse (HSR Layout),095137 34879,"2337, SECTOR 1, HSR Layout 17th Cross, 24th Main Rd, Bengaluru, Karnataka 560102",12.9120508,77.6482099,Bakery and Cake Shop,,ChZDSUhNMG9nS0VJQ0FnSURkNElUTEFREAE,Glen's Bakehouse (HSR Layout),Shambhavi Mishra,105588536874242416025,True,4,,0,2 years ago,"{""dining_mode"": ""Dine in"", ""meal_type"": ""Other"", ""price_per_person"": ""₹1,200–1,400"", ""food"": 2, ""service_rating"": 4, ""atmosphere"": 5}"
Glen's Bakehouse (HSR Layout),095137 34879,"2337, SECTOR 1, HSR Layout 17th Cross, 24th Main Rd, Bengaluru, Karnataka 560102",12.9120508,77.6482099,Bakery and Cake Shop,,ChZDSUhNMG9nS0VJQ0FnSUNkbDlTdllREAE,Glen's Bakehouse (HSR Layout),Richa Gupta,117740234645303375872,True,4,,0,2 years ago,"{""food"": 4, ""service_rating"": 3, ""atmosphere"": 4}"
Glen's Bakehouse (HSR Layout),095137 34879,"2337, SECTOR 1, HSR Layout 17th Cross, 24th Main Rd, Bengaluru, Karnataka 560102",12.9120508,77.6482099,Bakery and Cake Shop,,ChdDSUhNMG9nS0VJQ0FnSUNkdTc3czdnRRAB,Glen's Bakehouse (HSR Layout),Babli,101260006639415098359,True,4,,0,2 years ago,
Glen's Bakehouse (HSR Layout),095137 34879,"2337, SECTOR 1, HSR Layout 17th Cross, 24th Main Rd, Bengaluru, Karnataka 560102",12.9120508,77.6482099,Bakery and Cake Shop,,ChdDSUhNMG9nS0VJQ0FnSUNkNjllR2tBRRAB,Glen's Bakehouse (HSR Layout),Vishwa Chintu,101593853800691626021,False,5,,0,2 years ago,"{""food"": 5, ""service_rating"": 5, ""atmosphere"": 5}"
Glen's Bakehouse (HSR Layout),095137 34879,"2337, SECTOR 1, HSR Layout 17th Cross, 24th Main Rd, Bengaluru, Karnataka 560102",12.9120508,77.6482099,Bakery and Cake Shop,,ChZDSUhNMG9nS0VJQ0FnSUNkaTU2Q2JREAE,Glen's Bakehouse (HSR Layout),deepanshu agarwal,103518274229660231770,True,1,,0,2 years ago,
Glen's Bakehouse (HSR Layout),095137 34879,"2337, SECTOR 1, HSR Layout 17th Cross, 24th Main Rd, Bengaluru, Karnataka 560102",12.9120508,77.6482099,Bakery and Cake Shop,,ChdDSUhNMG9nS0VJQ0FnSUNkamNtTjR3RRAB,Glen's Bakehouse (HSR Layout),aditya nema,113391846567611878331,False,1,Don’t go if you are hungry,0,2 years ago,
Glen's Bakehouse (HSR Layout),095137 34879,"2337, SECTOR 1, HSR Layout 17th Cross, 24th Main Rd, Bengaluru, Karnataka 560102",12.9120508,77.6482099,Bakery and Cake Shop,,ChZDSUhNMG9nS0VJQ0FnSUNkamJHUElREAE,Glen's Bakehouse (HSR Layout),Mohan Gupta,105841824730445411601,True,1,Pathetic service .. took 1 hr to even take the order .. never go there.,0,2 years ago,"{""service_rating"": 1, ""atmosphere"": 4}"
Glen's Bakehouse (HSR Layout),095137 34879,"2337, SECTOR 1, HSR Layout 17th Cross, 24th Main Rd, Bengaluru, Karnataka 560102",12.9120508,77.6482099,Bakery and Cake Shop,,ChdDSUhNMG9nS0VJQ0FnSUNkaGNiTXl3RRAB,Glen's Bakehouse (HSR Layout),Shubhashree Mahapatra,105289392868495088139,False,5,,0,2 years ago,"{""food"": 5, ""service_rating"": 5, ""atmosphere"": 5}"
Glen's Bakehouse (HSR Layout),095137 34879,"2337, SECTOR 1, HSR Layout 17th Cross, 24th Main Rd, Bengaluru, Karnataka 560102",12.9120508,77.6482099,Bakery and Cake Shop,,ChZDSUhNMG9nS0VJQ0FnSUNkLWJMbmZnEAE,Glen's Bakehouse (HSR Layout),Shara Chettri,110186543344283989637,False,5,,0,2 years ago,
Glen's Bakehouse (HSR Layout),095137 34879,"2337, SECTOR 1, HSR Layout 17th Cross, 24th Main Rd, Bengaluru, Karnataka 560102",12.9120508,77.6482099,Bakery and Cake Shop,,ChZDSUhNMG9nS0VJQ0FnSUNkaHJmbFp3EAE,Glen's Bakehouse (HSR Layout),Varanasi Harsha,105044340735085634587,True,5,,0,2 years ago,"{""food"": 5, ""service_rating"": 5, ""atmosphere"": 5}"
Glen's Bakehouse (HSR Layout),095137 34879,"2337, SECTOR 1, HSR Layout 17th Cross, 24th Main Rd, Bengaluru, Karnataka 560102",12.9120508,77.6482099,Bakery and Cake Shop,,ChdDSUhNMG9nS0VJQ0FnSUNkckwtam1nRRAB,Glen's Bakehouse (HSR Layout),Anchitha Arun,114546923487684357748,False,5,,0,2 years ago,"{""dining_mode"": ""Dine in"", ""meal_type"": ""Dinner"", ""price_per_person"": ""₹400–600"", ""food"": 5, ""service_rating"": 5, ""atmosphere"": 4}"
Glen's Bakehouse (HSR Layout),095137 34879,"2337, SECTOR 1, HSR Layout 17th Cross, 24th Main Rd, Bengaluru, Karnataka 560102",12.9120508,77.6482099,Bakery and Cake Shop,,ChdDSUhNMG9nS0VJQ0FnSUNkekwtRG1RRRAB,Glen's Bakehouse (HSR Layout),Agnes Yohannan,112304084686356502094,True,4,Good food. Their cheesecakes are must must-try. Excellent ambience.,0,2 years ago,"{""food"": 4, ""service_rating"": 3, ""atmosphere"": 3}"
Glen's Bakehouse (HSR Layout),095137 34879,"2337, SECTOR 1, HSR Layout 17th Cross, 24th Main Rd, Bengaluru, Karnataka 560102",12.9120508,77.6482099,Bakery and Cake Shop,,ChdDSUhNMG9nS0VJQ0FnSUNkLVBqNm5RRRAB,Glen's Bakehouse (HSR Layout),MsThinker,112151099722721004766,True,5,,0,2 years ago,"{""dining_mode"": ""Dine in"", ""meal_type"": ""Other"", ""price_per_person"": ""₹200–400"", ""food"": 5, ""service_rating"": 4, ""atmosphere"": 5, ""recommended_dishes"": ""Red Velvet Cupcake Eggless, Donuts, Mini Cupcakes and Tarts""}"
Glen's Bakehouse (HSR Layout),095137 34879,"2337, SECTOR 1, HSR Layout 17th Cross, 24th Main Rd, Bengaluru, Karnataka 560102",12.9120508,77.6482099,Bakery and Cake Shop,,ChdDSUhNMG9nS0VJQ0FnSUNkb0l6bnZnRRAB,Glen's Bakehouse (HSR Layout),Gaurav Mukherjee,113272921643636854019,True,4,,0,2 years ago,"{""food"": 4, ""service_rating"": 2, ""atmosphere"": 3}"
Glen's Bakehouse (HSR Layout),095137 34879,"2337, SECTOR 1, HSR Layout 17th Cross, 24th Main Rd, Bengaluru, Karnataka 560102",12.9120508,77.6482099,Bakery and Cake Shop,,ChdDSUhNMG9nS0VJQ0FnSUR0NDVpbDR3RRAB,Glen's Bakehouse (HSR Layout),Navya S,111165329356704992895,False,1,Few Cakes are not fresh.. We have ordered for choco hazelnut but the one they have sent was not fresh and it was hard.,0,2 years ago,"{""food"": 2}"
Glen's Bakehouse (HSR Layout),095137 34879,"2337, SECTOR 1, HSR Layout 17th Cross, 24th Main Rd, Bengaluru, Karnataka 560102",12.9120508,77.6482099,Bakery and Cake Shop,,ChdDSUhNMG9nS0VJQ0FnSUR0bzl2cXVnRRAB,Glen's Bakehouse (HSR Layout),Rahul gs,105596791181960090577,True,5,,0,2 years ago,
Glen's Bakehouse (HSR Layout),095137 34879,"2337, SECTOR 1, HSR Layout 17th Cross, 24th Main Rd, Bengaluru, Karnataka 560102",12.9120508,77.6482099,Bakery and Cake Shop,,ChZDSUhNMG9nS0VJQ0FnSUR0dmJUUkN3EAE,Glen's Bakehouse (HSR Layout),Avi Sharma,102219538721200461722,False,5,,0,2 years ago,
Glen's Bakehouse (HSR Layout),095137 34879,"2337, SECTOR 1, HSR Layout 17th Cross, 24th Main Rd, Bengaluru, Karnataka 560102",12.9120508,77.6482099,Bakery and Cake Shop,,ChZDSUhNMG9nS0VJQ0FnSUR0M1p6cFBREAE,Glen's Bakehouse (HSR Layout),Delwin Dias,102176956327274339679,True,5,,0,2 years ago,"{""food"": 5, ""service_rating"": 5, ""atmosphere"": 5}"
Glen's Bakehouse (HSR Layout),095137 34879,"2337, SECTOR 1, HSR Layout 17th Cross, 24th Main Rd, Bengaluru, Karnataka 560102",12.9120508,77.6482099,Bakery and Cake Shop,,ChdDSUhNMG9nS0VJQ0FnSUQ1MnJ5NDdRRRAB,Glen's Bakehouse (HSR Layout),Navi Kp,116224577351716827401,False,3,"Glen's Bakehouse in HSR Layout offers an average culinary experience where the food does not particularly stand out. A notable service issue is the lack of proactive staff engagement, requiring customers to actively seek out staff members to place orders. Additionally, the bakery faces a significant inconvenience regarding connectivity, as there is no mobile network available within its premises, potentially complicating communication and digital payments. Another drawback is the absence of parking facilities, posing a challenge for those arriving by their own vehicles. These factors combined might affect the overall customer satisfaction and convenience for those visiting Glen's Bakehouse in HSR Layout.",0,Edited 2 years ago,"{""dining_mode"": ""Dine in"", ""meal_type"": ""Brunch"", ""price_per_person"": ""₹200–400"", ""food"": 3, ""service_rating"": 4, ""atmosphere"": 5, ""parking_space"": ""Difficult to find parking"", ""parking_options"": ""Parking is unavailable"", ""parking_notes"": ""Hard to find road side parking"", ""kid_friendliness"": ""It’s a kids friendly place"", ""wheelchair_accessibility"": ""Not wheelchair friendly""}"
Glen's Bakehouse (HSR Layout),095137 34879,"2337, SECTOR 1, HSR Layout 17th Cross, 24th Main Rd, Bengaluru, Karnataka 560102",12.9120508,77.6482099,Bakery and Cake Shop,,ChZDSUhNMG9nS0VJQ0FnSUR0LWZ1M1RBEAE,Glen's Bakehouse (HSR Layout),Tejal Daivajna,110328651903512417576,True,5,"Glen’s is famous for its desserts and rightly so. They’re delicious and perfectly fresh.  Their food menu is great but the desserts steal the show.  To top that, the ambience is very pretty and the place has a nice atmosphere with both indoor and outdoor seating.  This place is a must visit and don’t forget to indulge in the mini cupcakes, tarts and cake slices while you’re at it!",0,2 years ago,"{""dining_mode"": ""Dine in"", ""meal_type"": ""Lunch"", ""price_per_person"": ""₹400–600"", ""food"": 5, ""service_rating"": 3, ""atmosphere"": 5, ""recommended_dishes"": ""Mini Cupcakes and Tarts""}"
Glen's Bakehouse (HSR Layout),095137 34879,"2337, SECTOR 1, HSR Layout 17th Cross, 24th Main Rd, Bengaluru, Karnataka 560102",12.9120508,77.6482099,Bakery and Cake Shop,,ChdDSUhNMG9nS0VJQ0FnSUR0dWYyQTNnRRAB,Glen's Bakehouse (HSR Layout),Chethan R,106394900827423433436,True,1,"last week i visited Glen, it has lost its charm . The craze for its thin crest Margherita pizza has gone . after eating it my stomach started to bloat not just me also my friend who ate with me . I don't want to talk about mosquitoes  .",0,2 years ago,"{""dining_mode"": ""Dine in"", ""meal_type"": ""Dinner"", ""food"": 1, ""service_rating"": 4, ""atmosphere"": 2}"
Glen's Bakehouse (HSR Layout),095137 34879,"2337, SECTOR 1, HSR Layout 17th Cross, 24th Main Rd, Bengaluru, Karnataka 560102",12.9120508,77.6482099,Bakery and Cake Shop,,ChZDSUhNMG9nS0VJQ0FnSUR0OXFuOENREAE,Glen's Bakehouse (HSR Layout),Tushar Saha,116917516892115512122,True,2,Very bad service,0,2 years ago,"{""price_per_person"": ""₹800–1,000"", ""food"": 2, ""service_rating"": 1, ""atmosphere"": 3}"
Glen's Bakehouse (HSR Layout),095137 34879,"2337, SECTOR 1, HSR Layout 17th Cross, 24th Main Rd, Bengaluru, Karnataka 560102",12.9120508,77.6482099,Bakery and Cake Shop,,ChZDSUhNMG9nS0VJQ0FnSUR0dHVPRFZBEAE,Glen's Bakehouse (HSR Layout),Himanshu Joshi,116683215667810447634,True,3,"Very nice cafe and good maintained also and not to mention at prime location. Parking can be an issue on most of the days. We went on weekend so parking was not that much of an issues, got easily across the road.  Coming to food, Glen special coffee was really good along with garlic bread. Kid really enjoyed the Chocolate truffle cake.  Worst part was service, which requires some serious consideration from management. We have to call 3-4 times to make order and one the same duration around 2-3 more customers were not served for long and few cancelled their order and left.",0,2 years ago,"{""dining_mode"": ""Dine in"", ""meal_type"": ""Other"", ""price_per_person"": ""₹200–400"", ""food"": 4, ""service_rating"": 2, ""atmosphere"": 3}"
Glen's Bakehouse (HSR Layout),095137 34879,"2337, SECTOR 1, HSR Layout 17th Cross, 24th Main Rd, Bengaluru, Karnataka 560102",12.9120508,77.6482099,Bakery and Cake Shop,,ChdDSUhNMG9nS0VJQ0FnSUR0dG9temxRRRAB,Glen's Bakehouse (HSR Layout),Milind Pawar,117746768712605545874,True,5,,0,2 years ago,"{""dining_mode"": ""Dine in"", ""meal_type"": ""Lunch"", ""price_per_person"": ""₹400–600"", ""food"": 5, ""service_rating"": 4, ""atmosphere"": 5}"
Glen's Bakehouse (HSR Layout),095137 34879,"2337, SECTOR 1, HSR Layout 17th Cross, 24th Main Rd, Bengaluru, Karnataka 560102",12.9120508,77.6482099,Bakery and Cake Shop,,ChZDSUhNMG9nS0VJQ0FnSUR0NXNQc0F3EAE,Glen's Bakehouse (HSR Layout),Shubham Purohit,116721982476831308415,True,5,,0,2 years ago,"{""food"": 5, ""service_rating"": 5, ""atmosphere"": 5}"
Glen's Bakehouse (HSR Layout),095137 34879,"2337, SECTOR 1, HSR Layout 17th Cross, 24th Main Rd, Bengaluru, Karnataka 560102",12.9120508,77.6482099,Bakery and Cake Shop,,ChZDSUhNMG9nS0VJQ0FnSUR0c29TcFFBEAE,Glen's Bakehouse (HSR Layout),mellow,108840999542097719446,False,1,"This is the worst Glens ever,  the service sucks! !!! Atmosphere is pathetic!",0,2 years ago,"{""food"": 1, ""atmosphere"": 1}"
Glen's Bakehouse (HSR Layout),095137 34879,"2337, SECTOR 1, HSR Layout 17th Cross, 24th Main Rd, Bengaluru, Karnataka 560102",12.9120508,77.6482099,Bakery and Cake Shop,,ChdDSUhNMG9nS0VJQ0FnSUR0a29Lczh3RRAB,Glen's Bakehouse (HSR Layout),chowdeshwar b,101192158478173292302,True,5,,0,2 years ago,"{""food"": 5, ""service_rating"": 5, ""atmosphere"": 5}"
Glen's Bakehouse (HSR Layout),095137 34879,"2337, SECTOR 1, HSR Layout 17th Cross, 24th Main Rd, Bengaluru, Karnataka 560102",12.9120508,77.6482099,Bakery and Cake Shop,,ChZDSUhNMG9nS0VJQ0FnSUR0ekxLcUl3EAE,Glen's Bakehouse (HSR Layout),Paulomi B,103018982757865816277,True,5,"Glen’s Bakehouse has to be one of the best places for brunch in Bangalore. The breakfast combos are super delicious and filling, the mushroom pot pie is just perfect and the sourdough pizza has to be one of the best ones I’ve had in a while. Also give the bakery a visit - the tarts, donuts, cheesecakes are just as good.  10/10 will visit again~",0,2 years ago,"{""dining_mode"": ""Dine in"", ""meal_type"": ""Brunch"", ""food"": 5, ""service_rating"": 5, ""atmosphere"": 5}"
Glen's Bakehouse (HSR Layout),095137 34879,"2337, SECTOR 1, HSR Layout 17th Cross, 24th Main Rd, Bengaluru, Karnataka 560102",12.9120508,77.6482099,Bakery and Cake Shop,,ChZDSUhNMG9nS0VJQ0FnSUR0NUwyaUJ3EAE,Glen's Bakehouse (HSR Layout),Arunima Anand,105276085268807503076,True,5,,0,2 years ago,
Glen's Bakehouse (HSR Layout),095137 34879,"2337, SECTOR 1, HSR Layout 17th Cross, 24th Main Rd, Bengaluru, Karnataka 560102",12.9120508,77.6482099,Bakery and Cake Shop,,ChdDSUhNMG9nS0VJQ0FnSUR0bUtyMjNnRRAB,Glen's Bakehouse (HSR Layout),Divya Singh,104255238137925890868,False,5,,0,2 years ago,"{""food"": 5, ""service_rating"": 5, ""atmosphere"": 5}"
Glen's Bakehouse (HSR Layout),095137 34879,"2337, SECTOR 1, HSR Layout 17th Cross, 24th Main Rd, Bengaluru, Karnataka 560102",12.9120508,77.6482099,Bakery and Cake Shop,,ChZDSUhNMG9nS0VJQ0FnSUN0dDlERVZnEAE,Glen's Bakehouse (HSR Layout),Anand | Manford,110497992094161054310,False,5,Great place for good clean bites and a place to meet for serious discussions!,0,2 years ago,"{""food"": 5, ""service_rating"": 5, ""atmosphere"": 5}"
Glen's Bakehouse (HSR Layout),095137 34879,"2337, SECTOR 1, HSR Layout 17th Cross, 24th Main Rd, Bengaluru, Karnataka 560102",12.9120508,77.6482099,Bakery and Cake Shop,,ChdDSUhNMG9nS0VJQ0FnSUN0cF9mYjRnRRAB,Glen's Bakehouse (HSR Layout),Rashmi Sharma,106559132121986514803,False,5,,0,2 years ago,"{""food"": 5, ""service_rating"": 5, ""atmosphere"": 5}"
Glen's Bakehouse (HSR Layout),095137 34879,"2337, SECTOR 1, HSR Layout 17th Cross, 24th Main Rd, Bengaluru, Karnataka 560102",12.9120508,77.6482099,Bakery and Cake Shop,,ChZDSUhNMG9nS0VJQ0FnSUN0Ml8tWlFBEAE,Glen's Bakehouse (HSR Layout),Nutan Parag Photography,101950071870112072355,True,5,Highly recommended,0,2 years ago,"{""food"": 5, ""service_rating"": 5, ""atmosphere"": 5}"
Glen's Bakehouse (HSR Layout),095137 34879,"2337, SECTOR 1, HSR Layout 17th Cross, 24th Main Rd, Bengaluru, Karnataka 560102",12.9120508,77.6482099,Bakery and Cake Shop,,ChdDSUhNMG9nS0VJQ0FnSUN0NjVmRWl3RRAB,Glen's Bakehouse (HSR Layout),Animesh Pathak,102893229075170913683,True,5,"The food and atmosphere is great, service is professional and friendly, can be improved on basis of time taken otherwise one of great service and food. Would suggest to have Margherita Pizza, better than Domino's, Pizza hut and rest.",0,2 years ago,"{""meal_type"": ""Other"", ""price_per_person"": ""₹1–200"", ""food"": 5, ""service_rating"": 4, ""atmosphere"": 5}"
Glen's Bakehouse (HSR Layout),095137 34879,"2337, SECTOR 1, HSR Layout 17th Cross, 24th Main Rd, Bengaluru, Karnataka 560102",12.9120508,77.6482099,Bakery and Cake Shop,,ChZDSUhNMG9nS0VJQ0FnSUN0c195MU53EAE,Glen's Bakehouse (HSR Layout),sachin rout,100471143229729019835,True,5,Must visit,0,2 years ago,"{""food"": 5, ""service_rating"": 5, ""atmosphere"": 5}"
Glen's Bakehouse (HSR Layout),095137 34879,"2337, SECTOR 1, HSR Layout 17th Cross, 24th Main Rd, Bengaluru, Karnataka 560102",12.9120508,77.6482099,Bakery and Cake Shop,,ChdDSUhNMG9nS0VJQ0FnSUN0NDVQczVnRRAB,Glen's Bakehouse (HSR Layout),Vedang Patel,103950876190728695617,True,5,,0,2 years ago,
Glen's Bakehouse (HSR Layout),095137 34879,"2337, SECTOR 1, HSR Layout 17th Cross, 24th Main Rd, Bengaluru, Karnataka 560102",12.9120508,77.6482099,Bakery and Cake Shop,,ChZDSUhNMG9nS0VJQ0FnSUN0ZzRIWWZ3EAE,Glen's Bakehouse (HSR Layout),Bhaskar Pathak,116135851381588300791,True,4,,0,2 years ago,"{""food"": 2, ""service_rating"": 5, ""atmosphere"": 5}"
Glen's Bakehouse (HSR Layout),095137 34879,"2337, SECTOR 1, HSR Layout 17th Cross, 24th Main Rd, Bengaluru, Karnataka 560102",12.9120508,77.6482099,Bakery and Cake Shop,,ChdDSUhNMG9nS0VJQ0FnSUN0N2MzQTFBRRAB,Glen's Bakehouse (HSR Layout),Rahul V,106564526978675630229,True,4,"Lovely ambience, amazing food. The sourdough pizza was just wow. Soup also was amazing. But I expected more from the cheesecake. It was dry and not delicious. But definitely a nice place for a date.",0,2 years ago,"{""dining_mode"": ""Dine in"", ""meal_type"": ""Dinner"", ""price_per_person"": ""₹400–600"", ""food"": 5, ""service_rating"": 4, ""atmosphere"": 5}"
Glen's Bakehouse (HSR Layout),095137 34879,"2337, SECTOR 1, HSR Layout 17th Cross, 24th Main Rd, Bengaluru, Karnataka 560102",12.9120508,77.6482099,Bakery and Cake Shop,,ChZDSUhNMG9nS0VJQ0FnSUN0aVlTekRBEAE,Glen's Bakehouse (HSR Layout),Sandhya M,112839130124741892790,False,5,,0,2 years ago,"{""food"": 5, ""service_rating"": 5, ""atmosphere"": 5}"
Glen's Bakehouse (HSR Layout),095137 34879,"2337, SECTOR 1, HSR Layout 17th Cross, 24th Main Rd, Bengaluru, Karnataka 560102",12.9120508,77.6482099,Bakery and Cake Shop,,ChdDSUhNMG9nS0VJQ0FnSUN0N3UyUmdRRRAB,Glen's Bakehouse (HSR Layout),raghavendra prasanna,108331717511071338847,True,1,Being pet friendly is great business sense these days but being unfriendly altogether makes no sense!! We were carrying our Shihtzu and placing an order at the counter…. But literally shooed away by one of the staff!!!! Very rude….,0,2 years ago,
Glen's Bakehouse (HSR Layout),095137 34879,"2337, SECTOR 1, HSR Layout 17th Cross, 24th Main Rd, Bengaluru, Karnataka 560102",12.9120508,77.6482099,Bakery and Cake Shop,,ChdDSUhNMG9nS0VJQ0FnSUN0enEtSXhnRRAB,Glen's Bakehouse (HSR Layout),Neelu Jain,111500937054328377722,True,1,"In spite of having two seating zones, this place is not even pet tolerant leave alone pet friendly. In  the outdoor area or near the counter one is not allowed to even place an order  take away while CARRYING a small pet(we were with our Shihtzu). Unlikely to ever  come back again even without a pet . Pathetic attitude in todays time and age!",0,2 years ago,
Glen's Bakehouse (HSR Layout),095137 34879,"2337, SECTOR 1, HSR Layout 17th Cross, 24th Main Rd, Bengaluru, Karnataka 560102",12.9120508,77.6482099,Bakery and Cake Shop,,ChdDSUhNMG9nS0VJQ0FnSUN0bG9ucG1RRRAB,Glen's Bakehouse (HSR Layout),Snigdha Chakrabarty,101578659269965618628,True,4,,0,2 years ago,"{""dining_mode"": ""Dine in"", ""meal_type"": ""Breakfast"", ""food"": 4, ""service_rating"": 4, ""atmosphere"": 4}"
Glen's Bakehouse (HSR Layout),095137 34879,"2337, SECTOR 1, HSR Layout 17th Cross, 24th Main Rd, Bengaluru, Karnataka 560102",12.9120508,77.6482099,Bakery and Cake Shop,,ChZDSUhNMG9nS0VJQ0FnSUROMTdPWFNREAE,Glen's Bakehouse (HSR Layout),Mayank Solan,102554514287433895690,True,5,,0,2 years ago,"{""dining_mode"": ""Dine in"", ""meal_type"": ""Dinner"", ""price_per_person"": ""₹200–400"", ""food"": 5, ""service_rating"": 5, ""atmosphere"": 5, ""recommended_dishes"": ""Red Velvet Cupcake Eggless, Garlic Bread with Cheese""}"
Glen's Bakehouse (HSR Layout),095137 34879,"2337, SECTOR 1, HSR Layout 17th Cross, 24th Main Rd, Bengaluru, Karnataka 560102",12.9120508,77.6482099,Bakery and Cake Shop,,ChZDSUhNMG9nS0VJQ0FnSUROeDd6UEdREAE,Glen's Bakehouse (HSR Layout),ADITI KUMARI,118324558838546918916,True,1,,0,2 years ago,
Glen's Bakehouse (HSR Layout),095137 34879,"2337, SECTOR 1, HSR Layout 17th Cross, 24th Main Rd, Bengaluru, Karnataka 560102",12.9120508,77.6482099,Bakery and Cake Shop,,ChdDSUhNMG9nS0VJQ0FnSUROLTlfcHpBRRAB,Glen's Bakehouse (HSR Layout),Bhargavi MR,102796414433526960712,False,4,,0,2 years ago,
Glen's Bakehouse (HSR Layout),095137 34879,"2337, SECTOR 1, HSR Layout 17th Cross, 24th Main Rd, Bengaluru, Karnataka 560102",12.9120508,77.6482099,Bakery and Cake Shop,,ChZDSUhNMG9nS0VJQ0FnSUROdTZxTUZ3EAE,Glen's Bakehouse (HSR Layout),Shilpa Shillu,104829521776438257937,False,5,,0,2 years ago,
Glen's Bakehouse (HSR Layout),095137 34879,"2337, SECTOR 1, HSR Layout 17th Cross, 24th Main Rd, Bengaluru, Karnataka 560102",12.9120508,77.6482099,Bakery and Cake Shop,,ChdDSUhNMG9nS0VJQ0FnSUROOWVibXFRRRAB,Glen's Bakehouse (HSR Layout),deepansh kaushik,103359152622452240969,False,5,,0,2 years ago,
Glen's Bakehouse (HSR Layout),095137 34879,"2337, SECTOR 1, HSR Layout 17th Cross, 24th Main Rd, Bengaluru, Karnataka 560102",12.9120508,77.6482099,Bakery and Cake Shop,,ChZDSUhNMG9nS0VJQ0FnSURONmF6UWNnEAE,Glen's Bakehouse (HSR Layout),Vikas Singh,109433353378921683294,True,4,,0,2 years ago,"{""food"": 4, ""service_rating"": 3, ""atmosphere"": 3}"
Glen's Bakehouse (HSR Layout),095137 34879,"2337, SECTOR 1, HSR Layout 17th Cross, 24th Main Rd, Bengaluru, Karnataka 560102",12.9120508,77.6482099,Bakery and Cake Shop,,ChdDSUhNMG9nS0VJQ0FnSUROeXJDMzVRRRAB,Glen's Bakehouse (HSR Layout),Swabhiman Panda,105423775020186468266,True,5,,0,2 years ago,
Glen's Bakehouse (HSR Layout),095137 34879,"2337, SECTOR 1, HSR Layout 17th Cross, 24th Main Rd, Bengaluru, Karnataka 560102",12.9120508,77.6482099,Bakery and Cake Shop,,ChdDSUhNMG9nS0VJQ0FnSUROOHEyWG9nRRAB,Glen's Bakehouse (HSR Layout),Suraj chandra thakur,110455075577860864022,True,4,,0,2 years ago,
Glen's Bakehouse (HSR Layout),095137 34879,"2337, SECTOR 1, HSR Layout 17th Cross, 24th Main Rd, Bengaluru, Karnataka 560102",12.9120508,77.6482099,Bakery and Cake Shop,,ChZDSUhNMG9nS0VJQ0FnSUROOHBUYWNBEAE,Glen's Bakehouse (HSR Layout),Kammara pramod,108416145386142442715,False,5,,0,2 years ago,
Glen's Bakehouse (HSR Layout),095137 34879,"2337, SECTOR 1, HSR Layout 17th Cross, 24th Main Rd, Bengaluru, Karnataka 560102",12.9120508,77.6482099,Bakery and Cake Shop,,ChdDSUhNMG9nS0VJQ0FnSUROLU5ySnV3RRAB,Glen's Bakehouse (HSR Layout),Swatee Paithankar,106746795716036282243,True,4,"Decent breakfast, not the best.  Quantity for a full breakfast was not up to the mark. We ordered fruits, and got severed fruit juice, even after correcting they didn't bring the right order.  Had to request for a coffee atleast 5 times, it took a long time to bring the coffee. There were only 2 servers for the entire floor and so the service was quite slow for a Saturday brunch time.  My recommendation would be to bring more servers on the floor and the size of croissants and pancakes be enough to get the taste of it.  Also the sausage and the salami were dipped in the bean sauce which could have been on the side and left upto us to eat it with or without.  I am a vegetarian so it didn't matter to me but the rest of them on the table definitely would have liked an option",0,2 years ago,"{""dining_mode"": ""Dine in"", ""meal_type"": ""Brunch"", ""price_per_person"": ""₹1,400–1,600"", ""food"": 3, ""service_rating"": 3, ""atmosphere"": 4, ""vegetarian_recommendation"": ""Somewhat recommend"", ""vegetarian_offerings"": ""Clearly labeled vegetarian dishes"", ""vegetarian_options"": ""Decent options for vegetarians.""}"
Glen's Bakehouse (HSR Layout),095137 34879,"2337, SECTOR 1, HSR Layout 17th Cross, 24th Main Rd, Bengaluru, Karnataka 560102",12.9120508,77.6482099,Bakery and Cake Shop,,ChdDSUhNMG9nS0VJQ0FnSUROMk1Idml3RRAB,Glen's Bakehouse (HSR Layout),Sandeep S,111605272141291930309,True,5,Good service and good old English bakes. Rainbow cake is my personal fav alongside the Classic willy hot chocolate as well. Pawan was promptly and politely serving us along with his good team mates.  Cheers team.,0,2 years ago,"{""food"": 5, ""service_rating"": 5, ""atmosphere"": 5}"
Glen's Bakehouse (HSR Layout),095137 34879,"2337, SECTOR 1, HSR Layout 17th Cross, 24th Main Rd, Bengaluru, Karnataka 560102",12.9120508,77.6482099,Bakery and Cake Shop,,ChZDSUhNMG9nS0VJQ0FnSUROcU9EUUlnEAE,Glen's Bakehouse (HSR Layout),Arijit Kanrar,100830727506869874216,True,3,"While the food is strictly decent, the service leaves a lot to be desired. We had the breakfast and a sandwich. The scrambled eggs in the breakfast were very good but everything else somehow had too much ketchup. The chicken sausage actually tasted good but was ruined by excessive ketchup and barbecue sauce. The sandwich was fine. The service is very slow especially if you don't order their standard breakfast spreads. On top of that, first they say a dish will take 20 min to arrive. Then 15 min later they'll come and say it's not available. Not sure what it takes 15 min to realise that a dish cannot be prepared.",0,2 years ago,"{""dining_mode"": ""Dine in"", ""meal_type"": ""Brunch"", ""price_per_person"": ""₹400–600"", ""food"": 4, ""service_rating"": 3, ""atmosphere"": 5, ""parking_space"": ""Somewhat difficult to find parking"", ""parking_options"": ""Free street parking"", ""parking_notes"": ""You can park on the street outside on the opposite side.""}"
Glen's Bakehouse (HSR Layout),095137 34879,"2337, SECTOR 1, HSR Layout 17th Cross, 24th Main Rd, Bengaluru, Karnataka 560102",12.9120508,77.6482099,Bakery and Cake Shop,,ChdDSUhNMG9nS0VJQ0FnSUROeU15SWt3RRAB,Glen's Bakehouse (HSR Layout),bamadev Mishra,117915417590823474716,True,4,Good food.,0,2 years ago,"{""dining_mode"": ""Take out"", ""meal_type"": ""Other"", ""price_per_person"": ""₹400–600"", ""food"": 4, ""service_rating"": 4, ""atmosphere"": 4}"
Glen's Bakehouse (HSR Layout),095137 34879,"2337, SECTOR 1, HSR Layout 17th Cross, 24th Main Rd, Bengaluru, Karnataka 560102",12.9120508,77.6482099,Bakery and Cake Shop,,ChdDSUhNMG9nS0VJQ0FnSUROaVB5UTl3RRAB,Glen's Bakehouse (HSR Layout),Shreya Saxena,118328023704193576210,False,4,,0,2 years ago,"{""food"": 4, ""service_rating"": 4, ""atmosphere"": 4}"
Glen's Bakehouse (HSR Layout),095137 34879,"2337, SECTOR 1, HSR Layout 17th Cross, 24th Main Rd, Bengaluru, Karnataka 560102",12.9120508,77.6482099,Bakery and Cake Shop,,ChZDSUhNMG9nS0VJQ0FnSUROOE83a1F3EAE,Glen's Bakehouse (HSR Layout),vaibhav baheti,117250672866965958583,True,5,,0,2 years ago,"{""dining_mode"": ""Dine in"", ""meal_type"": ""Brunch"", ""price_per_person"": ""₹400–600"", ""food"": 5, ""service_rating"": 5, ""atmosphere"": 5, ""recommended_dishes"": ""Red Velvet Cupcake Eggless, Donuts, Mini Cupcakes and Tarts"", ""vegetarian_recommendation"": ""Somewhat recommend"", ""vegetarian_offerings"": ""Clearly labeled vegetarian dishes""}"
Glen's Bakehouse (HSR Layout),095137 34879,"2337, SECTOR 1, HSR Layout 17th Cross, 24th Main Rd, Bengaluru, Karnataka 560102",12.9120508,77.6482099,Bakery and Cake Shop,,ChZDSUhNMG9nS0VJQ0FnSUROb0txN2FBEAE,Glen's Bakehouse (HSR Layout),Tarun Bansal,106250478349073145528,True,5,,0,2 years ago,"{""food"": 5, ""service_rating"": 4, ""atmosphere"": 5}"
Glen's Bakehouse (HSR Layout),095137 34879,"2337, SECTOR 1, HSR Layout 17th Cross, 24th Main Rd, Bengaluru, Karnataka 560102",12.9120508,77.6482099,Bakery and Cake Shop,,ChZDSUhNMG9nS0VJQ0FnSUNONy1MYVZ3EAE,Glen's Bakehouse (HSR Layout),vicky mehra,111254022940545798101,True,4,,0,2 years ago,
Glen's Bakehouse (HSR Layout),095137 34879,"2337, SECTOR 1, HSR Layout 17th Cross, 24th Main Rd, Bengaluru, Karnataka 560102",12.9120508,77.6482099,Bakery and Cake Shop,,ChZDSUhNMG9nS0VJQ0FnSUNOdTlUNVdBEAE,Glen's Bakehouse (HSR Layout),ashifa sayed,114588570959257141331,True,5,,0,2 years ago,"{""food"": 5, ""service_rating"": 5, ""atmosphere"": 5}"
Glen's Bakehouse (HSR Layout),095137 34879,"2337, SECTOR 1, HSR Layout 17th Cross, 24th Main Rd, Bengaluru, Karnataka 560102",12.9120508,77.6482099,Bakery and Cake Shop,,ChZDSUhNMG9nS0VJQ0FnSUNONjlXaVl3EAE,Glen's Bakehouse (HSR Layout),Hangmi Ruivahnao Shimray,117332330423646373876,False,5,The pastries are the best at those pricing!!,0,2 years ago,"{""dining_mode"": ""Take out"", ""price_per_person"": ""₹1,000–1,200"", ""food"": 5}"
Glen's Bakehouse (HSR Layout),095137 34879,"2337, SECTOR 1, HSR Layout 17th Cross, 24th Main Rd, Bengaluru, Karnataka 560102",12.9120508,77.6482099,Bakery and Cake Shop,,ChZDSUhNMG9nS0VJQ0FnSUNONjVIeWFBEAE,Glen's Bakehouse (HSR Layout),Shreya Gupta,104273412218741252975,True,5,,0,2 years ago,"{""food"": 5, ""service_rating"": 5, ""atmosphere"": 5}"
Glen's Bakehouse (HSR Layout),095137 34879,"2337, SECTOR 1, HSR Layout 17th Cross, 24th Main Rd, Bengaluru, Karnataka 560102",12.9120508,77.6482099,Bakery and Cake Shop,,ChdDSUhNMG9nS0VJQ0FnSURsN0o2YWtRRRAB,Glen's Bakehouse (HSR Layout),Sachin Jha,116574910791541504770,True,4,,0,Edited 2 years ago,"{""dining_mode"": ""Dine in"", ""meal_type"": ""Other"", ""price_per_person"": ""₹1–200"", ""food"": 4, ""service_rating"": 4, ""atmosphere"": 4, ""recommended_dishes"": ""Croissant Sandwich, Donuts, Mini Cupcakes and Tarts"", ""vegetarian_recommendation"": ""Somewhat recommend"", ""vegetarian_offerings"": ""Clearly labeled vegetarian dishes""}"
Glen's Bakehouse (HSR Layout),095137 34879,"2337, SECTOR 1, HSR Layout 17th Cross, 24th Main Rd, Bengaluru, Karnataka 560102",12.9120508,77.6482099,Bakery and Cake Shop,,ChdDSUhNMG9nS0VJQ0FnSUNOamRIWDhBRRAB,Glen's Bakehouse (HSR Layout),fahina sheikh,109554942836292444385,True,5,,0,2 years ago,
Glen's Bakehouse (HSR Layout),095137 34879,"2337, SECTOR 1, HSR Layout 17th Cross, 24th Main Rd, Bengaluru, Karnataka 560102",12.9120508,77.6482099,Bakery and Cake Shop,,ChZDSUhNMG9nS0VJQ0FnSUNOa2NTdWF3EAE,Glen's Bakehouse (HSR Layout),Abhra Dass,118202798881067812912,True,2,,0,2 years ago,
Glen's Bakehouse (HSR Layout),095137 34879,"2337, SECTOR 1, HSR Layout 17th Cross, 24th Main Rd, Bengaluru, Karnataka 560102",12.9120508,77.6482099,Bakery and Cake Shop,,ChdDSUhNMG9nS0VJQ0FnSUNObHVIZHh3RRAB,Glen's Bakehouse (HSR Layout),Savio Saju,109683571633218406560,True,4,,0,2 years ago,"{""dining_mode"": ""Dine in"", ""meal_type"": ""Other"", ""price_per_person"": ""₹200–400"", ""food"": 3, ""service_rating"": 3, ""atmosphere"": 3}"
Glen's Bakehouse (HSR Layout),095137 34879,"2337, SECTOR 1, HSR Layout 17th Cross, 24th Main Rd, Bengaluru, Karnataka 560102",12.9120508,77.6482099,Bakery and Cake Shop,,ChdDSUhNMG9nS0VJQ0FnSUNONXI3eHN3RRAB,Glen's Bakehouse (HSR Layout),Lalit Asem,110545061115646477715,False,1,"Service is pathetic. I am waiting for more than 1 HR for breakfast to be served. I wanted to give a zero rating but since that option is not available, I gave one.",0,2 years ago,"{""meal_type"": ""Breakfast"", ""service_rating"": 1, ""atmosphere"": 3}"
Glen's Bakehouse (HSR Layout),095137 34879,"2337, SECTOR 1, HSR Layout 17th Cross, 24th Main Rd, Bengaluru, Karnataka 560102",12.9120508,77.6482099,Bakery and Cake Shop,,ChdDSUhNMG9nS0VJQ0FnSUNOcW9mTDJ3RRAB,Glen's Bakehouse (HSR Layout),Aditya Gupte,100579250148255789797,True,5,,0,2 years ago,"{""dining_mode"": ""Dine in"", ""meal_type"": ""Lunch"", ""price_per_person"": ""₹1,400–1,600"", ""food"": 5, ""service_rating"": 5, ""atmosphere"": 4, ""recommended_dishes"": ""Red Velvet Cupcake Eggless, Peri Peri Fish Fingers, Garlic Bread with Cheese""}"
Glen's Bakehouse (HSR Layout),095137 34879,"2337, SECTOR 1, HSR Layout 17th Cross, 24th Main Rd, Bengaluru, Karnataka 560102",12.9120508,77.6482099,Bakery and Cake Shop,,ChZDSUhNMG9nS0VJQ0FnSUNOaXU2SlNnEAE,Glen's Bakehouse (HSR Layout),Kartikeya Agarwal,114009874014265348663,True,4,"Tasty food, much too expensive,",0,2 years ago,"{""food"": 4, ""service_rating"": 3, ""atmosphere"": 4}"
Glen's Bakehouse (HSR Layout),095137 34879,"2337, SECTOR 1, HSR Layout 17th Cross, 24th Main Rd, Bengaluru, Karnataka 560102",12.9120508,77.6482099,Bakery and Cake Shop,,ChZDSUhNMG9nS0VJQ0FnSUNOa3A2UVpREAE,Glen's Bakehouse (HSR Layout),Ankush Malhotra,110441648812437097326,True,5,,0,2 years ago,"{""food"": 5, ""service_rating"": 5, ""atmosphere"": 5}"
Glen's Bakehouse (HSR Layout),095137 34879,"2337, SECTOR 1, HSR Layout 17th Cross, 24th Main Rd, Bengaluru, Karnataka 560102",12.9120508,77.6482099,Bakery and Cake Shop,,ChZDSUhNMG9nS0VJQ0FnSUNOckluSEJBEAE,Glen's Bakehouse (HSR Layout),priya gnanavel,115536103682725242193,True,3,,0,2 years ago,
Glen's Bakehouse (HSR Layout),095137 34879,"2337, SECTOR 1, HSR Layout 17th Cross, 24th Main Rd, Bengaluru, Karnataka 560102",12.9120508,77.6482099,Bakery and Cake Shop,,ChZDSUhNMG9nS0VJQ0FnSUNOcU5PMExnEAE,Glen's Bakehouse (HSR Layout),Mahesh Vattekat,108692206871072229507,False,5,,0,2 years ago,"{""dining_mode"": ""Dine in"", ""meal_type"": ""Other"", ""price_per_person"": ""₹1–200"", ""food"": 5, ""service_rating"": 5, ""atmosphere"": 5, ""recommended_dishes"": ""Red Velvet Cupcake Eggless""}"
Glen's Bakehouse (HSR Layout),095137 34879,"2337, SECTOR 1, HSR Layout 17th Cross, 24th Main Rd, Bengaluru, Karnataka 560102",12.9120508,77.6482099,Bakery and Cake Shop,,ChdDSUhNMG9nS0VJQ0FnSUNOd0pIdGx3RRAB,Glen's Bakehouse (HSR Layout),Melisha Fernandes,106141747768702312728,True,5,Best place and best food☺️,0,2 years ago,"{""dining_mode"": ""Dine in"", ""meal_type"": ""Brunch"", ""price_per_person"": ""₹200–400"", ""food"": 5, ""service_rating"": 5, ""atmosphere"": 5}"
Glen's Bakehouse (HSR Layout),095137 34879,"2337, SECTOR 1, HSR Layout 17th Cross, 24th Main Rd, Bengaluru, Karnataka 560102",12.9120508,77.6482099,Bakery and Cake Shop,,ChZDSUhNMG9nS0VJQ0FnSUQxcjhXOFF3EAE,Glen's Bakehouse (HSR Layout),Ranjith Kumar,106868110225940640514,True,5,Had a wonderful evening at Glen's bakehouse 🍰🍮,0,2 years ago,"{""dining_mode"": ""Dine in"", ""meal_type"": ""Other"", ""price_per_person"": ""₹600–800"", ""food"": 4, ""service_rating"": 5, ""atmosphere"": 5, ""recommended_dishes"": ""Red Velvet Cupcake Eggless, Pesto Pasta"", ""vegetarian_recommendation"": ""Highly recommend"", ""vegetarian_offerings"": ""Menu is all vegetarian""}"
Glen's Bakehouse (HSR Layout),095137 34879,"2337, SECTOR 1, HSR Layout 17th Cross, 24th Main Rd, Bengaluru, Karnataka 560102",12.9120508,77.6482099,Bakery and Cake Shop,,ChZDSUhNMG9nS0VJQ0FnSUQxMV8tdUVnEAE,Glen's Bakehouse (HSR Layout),BHAWESH BHATT,113137623661059667467,True,4,,0,2 years ago,"{""dining_mode"": ""Dine in"", ""meal_type"": ""Dinner"", ""price_per_person"": ""₹1–200"", ""food"": 5, ""service_rating"": 4, ""atmosphere"": 5, ""recommended_dishes"": ""Blueberry Signaturecheesecake"", ""parking_space"": ""Plenty of parking""}"
Glen's Bakehouse (HSR Layout),095137 34879,"2337, SECTOR 1, HSR Layout 17th Cross, 24th Main Rd, Bengaluru, Karnataka 560102",12.9120508,77.6482099,Bakery and Cake Shop,,ChdDSUhNMG9nS0VJQ0FnSUQxcTRlWmpRRRAB,Glen's Bakehouse (HSR Layout),Banshita Meher,112154723446248582371,False,5,,0,2 years ago,"{""price_per_person"": ""₹200–400"", ""food"": 5, ""service_rating"": 5, ""atmosphere"": 5, ""recommended_dishes"": ""Red Velvet Cupcake Eggless, Blueberry Signaturecheesecake, Croissant Sandwich""}"
Glen's Bakehouse (HSR Layout),095137 34879,"2337, SECTOR 1, HSR Layout 17th Cross, 24th Main Rd, Bengaluru, Karnataka 560102",12.9120508,77.6482099,Bakery and Cake Shop,,ChdDSUhNMG9nS0VJQ0FnSUQxaTh5Y2tnRRAB,Glen's Bakehouse (HSR Layout),abhishek v,114960431195364802823,False,5,,0,2 years ago,"{""food"": 4, ""service_rating"": 4, ""atmosphere"": 5}"
Glen's Bakehouse (HSR Layout),095137 34879,"2337, SECTOR 1, HSR Layout 17th Cross, 24th Main Rd, Bengaluru, Karnataka 560102",12.9120508,77.6482099,Bakery and Cake Shop,,ChdDSUhNMG9nS0VJQ0FnSUQxd1lIc2dBRRAB,Glen's Bakehouse (HSR Layout),Tanush Reddy,114757278462792400290,True,4,Great food 😋 but bad service 😞,0,2 years ago,"{""dining_mode"": ""Dine in"", ""meal_type"": ""Dinner"", ""price_per_person"": ""₹200–400"", ""food"": 5, ""service_rating"": 3, ""atmosphere"": 4, ""recommended_dishes"": ""Red Velvet Cupcake Eggless""}"
Glen's Bakehouse (HSR Layout),095137 34879,"2337, SECTOR 1, HSR Layout 17th Cross, 24th Main Rd, Bengaluru, Karnataka 560102",12.9120508,77.6482099,Bakery and Cake Shop,,ChdDSUhNMG9nS0VJQ0FnSUQxZ2VEVjJRRRAB,Glen's Bakehouse (HSR Layout),baisakhi mukherjee,108735244240492854875,False,5,The place is perfect to spend a laid back evening with friends or spouse. The food is great and it has a nice cafe ambience. I love their soups and gourmet pizza's. The starters and deserts are also good.,0,2 years ago,"{""meal_type"": ""Dinner"", ""price_per_person"": ""₹600–800"", ""food"": 5, ""service_rating"": 5, ""atmosphere"": 5}"
Glen's Bakehouse (HSR Layout),095137 34879,"2337, SECTOR 1, HSR Layout 17th Cross, 24th Main Rd, Bengaluru, Karnataka 560102",12.9120508,77.6482099,Bakery and Cake Shop,,ChZDSUhNMG9nS0VJQ0FnSUQxN3BqLWFnEAE,Glen's Bakehouse (HSR Layout),Ujwal Ratra,114831419130359512130,True,5,,0,2 years ago,"{""dining_mode"": ""Dine in"", ""meal_type"": ""Other"", ""food"": 5, ""service_rating"": 4, ""atmosphere"": 5}"
Glen's Bakehouse (HSR Layout),095137 34879,"2337, SECTOR 1, HSR Layout 17th Cross, 24th Main Rd, Bengaluru, Karnataka 560102",12.9120508,77.6482099,Bakery and Cake Shop,,ChZDSUhNMG9nS0VJQ0FnSUQxaHRtQUxnEAE,Glen's Bakehouse (HSR Layout),Mohammed Adil,111180610055508187924,True,4,Good place to grab food with friends and family,0,2 years ago,"{""dining_mode"": ""Dine in"", ""meal_type"": ""Breakfast"", ""price_per_person"": ""₹400–600"", ""food"": 5, ""service_rating"": 4, ""atmosphere"": 4}"
Glen's Bakehouse (HSR Layout),095137 34879,"2337, SECTOR 1, HSR Layout 17th Cross, 24th Main Rd, Bengaluru, Karnataka 560102",12.9120508,77.6482099,Bakery and Cake Shop,,ChZDSUhNMG9nS0VJQ0FnSUQxcW82cUR3EAE,Glen's Bakehouse (HSR Layout),Anitha Anil,106927004070939411140,True,4,,0,2 years ago,"{""food"": 4, ""service_rating"": 4, ""atmosphere"": 4}"
Glen's Bakehouse (HSR Layout),095137 34879,"2337, SECTOR 1, HSR Layout 17th Cross, 24th Main Rd, Bengaluru, Karnataka 560102",12.9120508,77.6482099,Bakery and Cake Shop,,ChZDSUhNMG9nS0VJQ0FnSUQxNHZUUUFREAE,Glen's Bakehouse (HSR Layout),Maithreyee Hosur,101867794952901464113,True,3,,0,2 years ago,
Glen's Bakehouse (HSR Layout),095137 34879,"2337, SECTOR 1, HSR Layout 17th Cross, 24th Main Rd, Bengaluru, Karnataka 560102",12.9120508,77.6482099,Bakery and Cake Shop,,ChZDSUhNMG9nS0VJQ0FnSUQxMEwtWFlBEAE,Glen's Bakehouse (HSR Layout),Aditi Chaturvedi,116473606379509311508,False,4,,0,2 years ago,"{""food"": 5, ""service_rating"": 4, ""atmosphere"": 4}"
Glen's Bakehouse (HSR Layout),095137 34879,"2337, SECTOR 1, HSR Layout 17th Cross, 24th Main Rd, Bengaluru, Karnataka 560102",12.9120508,77.6482099,Bakery and Cake Shop,,ChZDSUhNMG9nS0VJQ0FnSUMxazlIcU53EAE,Glen's Bakehouse (HSR Layout),Sambodhi Bhattacharyya,115314868757383049145,True,5,,0,2 years ago,
Glen's Bakehouse (HSR Layout),095137 34879,"2337, SECTOR 1, HSR Layout 17th Cross, 24th Main Rd, Bengaluru, Karnataka 560102",12.9120508,77.6482099,Bakery and Cake Shop,,ChZDSUhNMG9nS0VJQ0FnSUMxZzZTUmN3EAE,Glen's Bakehouse (HSR Layout),Seetha Soujanya Raju,104617821506466318207,True,5,,0,2 years ago,"{""dining_mode"": ""Take out"", ""meal_type"": ""Other"", ""food"": 5, ""service_rating"": 4, ""atmosphere"": 4}"
Glen's Bakehouse (HSR Layout),095137 34879,"2337, SECTOR 1, HSR Layout 17th Cross, 24th Main Rd, Bengaluru, Karnataka 560102",12.9120508,77.6482099,Bakery and Cake Shop,,ChZDSUhNMG9nS0VJQ0FnSUNaajVmcmR3EAE,Glen's Bakehouse (HSR Layout),hari krishnan,101016262056262584186,True,4,"Very good ambiance,food was good",0,Edited 2 years ago,"{""dining_mode"": ""Dine in"", ""price_per_person"": ""₹1–200"", ""food"": 4, ""service_rating"": 4, ""atmosphere"": 4, ""recommended_dishes"": ""Blueberry Signaturecheesecake, Garlic Bread with Cheese, Assorted Macarons Pack of 6""}"
Glen's Bakehouse (HSR Layout),095137 34879,"2337, SECTOR 1, HSR Layout 17th Cross, 24th Main Rd, Bengaluru, Karnataka 560102",12.9120508,77.6482099,Bakery and Cake Shop,,ChZDSUhNMG9nS0VJQ0FnSUMxbmF2dU53EAE,Glen's Bakehouse (HSR Layout),KUMAR BC,107688998569418165459,False,5,,0,2 years ago,
Glen's Bakehouse (HSR Layout),095137 34879,"2337, SECTOR 1, HSR Layout 17th Cross, 24th Main Rd, Bengaluru, Karnataka 560102",12.9120508,77.6482099,Bakery and Cake Shop,,ChdDSUhNMG9nS0VJQ0FnSUMxblpyaHd3RRAB,Glen's Bakehouse (HSR Layout),Lokeshwari Sahu,108841333444678404810,True,5,,0,2 years ago,"{""food"": 4, ""service_rating"": 4, ""atmosphere"": 5}"
Glen's Bakehouse (HSR Layout),095137 34879,"2337, SECTOR 1, HSR Layout 17th Cross, 24th Main Rd, Bengaluru, Karnataka 560102",12.9120508,77.6482099,Bakery and Cake Shop,,ChZDSUhNMG9nS0VJQ0FnSUMxLVl2Mk1nEAE,Glen's Bakehouse (HSR Layout),Achuta Kavya,102669298240562823225,False,5,,0,2 years ago,"{""food"": 5, ""service_rating"": 4, ""atmosphere"": 4}"
Glen's Bakehouse (HSR Layout),095137 34879,"2337, SECTOR 1, HSR Layout 17th Cross, 24th Main Rd, Bengaluru, Karnataka 560102",12.9120508,77.6482099,Bakery and Cake Shop,,ChdDSUhNMG9nS0VJQ0FnSUMxLVpQQjR3RRAB,Glen's Bakehouse (HSR Layout),Frank C,113779853441327541085,True,5,,0,2 years ago,"{""dining_mode"": ""Dine in"", ""meal_type"": ""Dinner"", ""price_per_person"": ""₹1,800–2,000"", ""food"": 5, ""service_rating"": 5, ""atmosphere"": 5, ""recommended_dishes"": ""Blueberry Signaturecheesecake""}"
Glen's Bakehouse (HSR Layout),095137 34879,"2337, SECTOR 1, HSR Layout 17th Cross, 24th Main Rd, Bengaluru, Karnataka 560102",12.9120508,77.6482099,Bakery and Cake Shop,,ChZDSUhNMG9nS0VJQ0FnSUMxLWZqMENREAE,Glen's Bakehouse (HSR Layout),Mayukh Dutta,115416218733346160587,True,2,"Extremely disorganised in terms of service, they can’t handle more than 3 customers properly. You get served well if you are one of 3 customers, when you are nearly full, good luck getting even just a coffee on time. People get served out of order, that’s disappointing.",0,2 years ago,"{""food"": 4, ""service_rating"": 1, ""atmosphere"": 3}"
Glen's Bakehouse (HSR Layout),095137 34879,"2337, SECTOR 1, HSR Layout 17th Cross, 24th Main Rd, Bengaluru, Karnataka 560102",12.9120508,77.6482099,Bakery and Cake Shop,,ChdDSUhNMG9nS0VJQ0FnSUMxMmFYRW9BRRAB,Glen's Bakehouse (HSR Layout),Bin Bheemaiah,107799407296823820152,False,1,"Poor service, they take too much time just to prepare coffee.",0,2 years ago,"{""food"": 2, ""service_rating"": 1, ""atmosphere"": 1}"
Glen's Bakehouse (HSR Layout),095137 34879,"2337, SECTOR 1, HSR Layout 17th Cross, 24th Main Rd, Bengaluru, Karnataka 560102",12.9120508,77.6482099,Bakery and Cake Shop,,ChdDSUhNMG9nS0VJQ0FnSUNlZ2F2eXhBRRAB,Glen's Bakehouse (HSR Layout),Abhishek Ghoshal,117175837068535816880,True,3,"The name is nostalgic for many Bengaluru folks, but HSR branch main course are a kind of let down. They can improve keeping the kind of quality Glens indranagar has maintained over years.",0,Edited 2 years ago,"{""dining_mode"": ""Dine in"", ""meal_type"": ""Dinner"", ""price_per_person"": ""₹600–800"", ""food"": 4, ""service_rating"": 4, ""atmosphere"": 3}"
Glen's Bakehouse (HSR Layout),095137 34879,"2337, SECTOR 1, HSR Layout 17th Cross, 24th Main Rd, Bengaluru, Karnataka 560102",12.9120508,77.6482099,Bakery and Cake Shop,,ChZDSUhNMG9nS0VJQ0FnSUMxdXZ6SGZREAE,Glen's Bakehouse (HSR Layout),Praveen Kumar,102191824860436310561,True,4,,0,2 years ago,"{""dining_mode"": ""Dine in"", ""meal_type"": ""Dinner"", ""food"": 4, ""service_rating"": 2, ""atmosphere"": 4}"
Glen's Bakehouse (HSR Layout),095137 34879,"2337, SECTOR 1, HSR Layout 17th Cross, 24th Main Rd, Bengaluru, Karnataka 560102",12.9120508,77.6482099,Bakery and Cake Shop,,ChdDSUhNMG9nS0VJQ0FnSUMxa3NIbWxnRRAB,Glen's Bakehouse (HSR Layout),Jayesh Kumar,104974688727554613729,True,3,,0,2 years ago,
Glen's Bakehouse (HSR Layout),095137 34879,"2337, SECTOR 1, HSR Layout 17th Cross, 24th Main Rd, Bengaluru, Karnataka 560102",12.9120508,77.6482099,Bakery and Cake Shop,,ChdDSUhNMG9nS0VJQ0FnSUMxd3BPTTl3RRAB,Glen's Bakehouse (HSR Layout),Harshvardhan Purohit,101692651839057791679,True,4,My usual hang out spot. Place is nice n cozy. Just don't expect mobile network here ( a good thing. You get to spend time with your companions more),0,2 years ago,"{""dining_mode"": ""Dine in"", ""meal_type"": ""Dinner"", ""price_per_person"": ""₹600–800"", ""food"": 4, ""service_rating"": 4, ""atmosphere"": 4}"
Glen's Bakehouse (HSR Layout),095137 34879,"2337, SECTOR 1, HSR Layout 17th Cross, 24th Main Rd, Bengaluru, Karnataka 560102",12.9120508,77.6482099,Bakery and Cake Shop,,ChdDSUhNMG9nS0VJQ0FnSUMxdk1PaHpBRRAB,Glen's Bakehouse (HSR Layout),shreya chaudhary,116847938972438280656,True,5,,0,2 years ago,"{""food"": 5, ""service_rating"": 4, ""atmosphere"": 5}"
Glen's Bakehouse (HSR Layout),095137 34879,"2337, SECTOR 1, HSR Layout 17th Cross, 24th Main Rd, Bengaluru, Karnataka 560102",12.9120508,77.6482099,Bakery and Cake Shop,,ChdDSUhNMG9nS0VJQ0FnSUQydnN6R19nRRAB,Glen's Bakehouse (HSR Layout),Devchander M,102008440226456388998,True,4,Super glad that they opened a branch in HSR.. Their awesome pot pies are a must try!! And their signature coffee.. a treat for those who love their coffe sweet and piping hot!,0,Edited 2 years ago,"{""food"": 4, ""service_rating"": 3, ""atmosphere"": 4}"
Glen's Bakehouse (HSR Layout),095137 34879,"2337, SECTOR 1, HSR Layout 17th Cross, 24th Main Rd, Bengaluru, Karnataka 560102",12.9120508,77.6482099,Bakery and Cake Shop,,ChdDSUhNMG9nS0VJQ0FnSUMxM0xPQ21nRRAB,Glen's Bakehouse (HSR Layout),Vinit Bidkar,107276394839233971529,True,4,,0,2 years ago,
Glen's Bakehouse (HSR Layout),095137 34879,"2337, SECTOR 1, HSR Layout 17th Cross, 24th Main Rd, Bengaluru, Karnataka 560102",12.9120508,77.6482099,Bakery and Cake Shop,,ChdDSUhNMG9nS0VJQ0FnSUNKMjZLNnBBRRAB,Glen's Bakehouse (HSR Layout),Shivani Jindal,107541677389454318691,True,4,,0,Edited 2 years ago,"{""food"": 4, ""service_rating"": 4, ""atmosphere"": 4}"
Glen's Bakehouse (HSR Layout),095137 34879,"2337, SECTOR 1, HSR Layout 17th Cross, 24th Main Rd, Bengaluru, Karnataka 560102",12.9120508,77.6482099,Bakery and Cake Shop,,ChZDSUhNMG9nS0VJQ0FnSUMxN05YdGZnEAE,Glen's Bakehouse (HSR Layout),Venkat Ivatury,108659979664514819261,True,2,"I came to Glen's to check what the hype is about. Ordered their blueberry cheesecake and red velvet cupcake, I have never been most dissapointed with it. I never regret eating dessert because I choose the ones which are good. Glen's was a massive dissapointmet as the cheesecake was so inconsistent, looked old. And the cupcake, less said the better. My local Iyengar bakery has better cupcakes. If you still want to try cheesecakes and dessert, I think we all should stick to Magnolia over this.",0,2 years ago,"{""dining_mode"": ""Dine in"", ""meal_type"": ""Dinner"", ""price_per_person"": ""₹400–600"", ""food"": 2, ""service_rating"": 4, ""atmosphere"": 4}"
Glen's Bakehouse (HSR Layout),095137 34879,"2337, SECTOR 1, HSR Layout 17th Cross, 24th Main Rd, Bengaluru, Karnataka 560102",12.9120508,77.6482099,Bakery and Cake Shop,,ChdDSUhNMG9nS0VJQ0FnSUMxekpDYjRRRRAB,Glen's Bakehouse (HSR Layout),sharika s pillai,115289266187547229668,True,5,Red velvet and chocolate cupcakes are the besssttttt❤️💯,0,2 years ago,"{""dining_mode"": ""Dine in"", ""meal_type"": ""Other"", ""price_per_person"": ""₹400–600"", ""food"": 5, ""service_rating"": 5, ""atmosphere"": 5, ""recommended_dishes"": ""Red Velvet Cupcake Eggless""}"
Glen's Bakehouse (HSR Layout),095137 34879,"2337, SECTOR 1, HSR Layout 17th Cross, 24th Main Rd, Bengaluru, Karnataka 560102",12.9120508,77.6482099,Bakery and Cake Shop,,ChdDSUhNMG9nS0VJQ0FnSUMxOU1UX2d3RRAB,Glen's Bakehouse (HSR Layout),vipin kumar,114935865387725370262,True,5,,0,2 years ago,
Glen's Bakehouse (HSR Layout),095137 34879,"2337, SECTOR 1, HSR Layout 17th Cross, 24th Main Rd, Bengaluru, Karnataka 560102",12.9120508,77.6482099,Bakery and Cake Shop,,ChZDSUhNMG9nS0VJQ0FnSUMxdE5xYURREAE,Glen's Bakehouse (HSR Layout),Shikhar Saxena,111543172473567961206,True,1,We ordered a chicken & veg puff - both were completely stale. Not what you expect from a premium place. Service quality is also below average.,0,2 years ago,"{""dining_mode"": ""Dine in"", ""meal_type"": ""Other"", ""food"": 1, ""service_rating"": 2}"
Glen's Bakehouse (HSR Layout),095137 34879,"2337, SECTOR 1, HSR Layout 17th Cross, 24th Main Rd, Bengaluru, Karnataka 560102",12.9120508,77.6482099,Bakery and Cake Shop,,ChdDSUhNMG9nS0VJQ0FnSUMxcE5XSTRnRRAB,Glen's Bakehouse (HSR Layout),Pankaj Shaw,106529782124855362387,True,1,"Very bad service. Seems like they might be deaf, god bless them. Amen",0,2 years ago,
Glen's Bakehouse (HSR Layout),095137 34879,"2337, SECTOR 1, HSR Layout 17th Cross, 24th Main Rd, Bengaluru, Karnataka 560102",12.9120508,77.6482099,Bakery and Cake Shop,,ChZDSUhNMG9nS0VJQ0FnSUMxdUphSlFREAE,Glen's Bakehouse (HSR Layout),Niraj Thakur,111559438428528887187,True,4,A cozy cafe right on the main road in HSR Layout one can stop for coffee or snacks.,0,2 years ago,"{""dining_mode"": ""Dine in"", ""meal_type"": ""Brunch"", ""price_per_person"": ""₹200–400"", ""food"": 4, ""service_rating"": 4, ""atmosphere"": 4}"
Glen's Bakehouse (HSR Layout),095137 34879,"2337, SECTOR 1, HSR Layout 17th Cross, 24th Main Rd, Bengaluru, Karnataka 560102",12.9120508,77.6482099,Bakery and Cake Shop,,ChdDSUhNMG9nS0VJQ0FnSUMxMkpERHB3RRAB,Glen's Bakehouse (HSR Layout),Deepshi Tandon,108813948295765212908,True,5,,0,2 years ago,"{""food"": 5, ""service_rating"": 3, ""atmosphere"": 4}"
Glen's Bakehouse (HSR Layout),095137 34879,"2337, SECTOR 1, HSR Layout 17th Cross, 24th Main Rd, Bengaluru, Karnataka 560102",12.9120508,77.6482099,Bakery and Cake Shop,,ChdDSUhNMG9nS0VJQ0FnSUMxcU5IVGp3RRAB,Glen's Bakehouse (HSR Layout),Sagar Arora,102242961942220202613,True,5,"Can't define anything specific since everything was on point and just amazing!  I got takeaway for cupcakes, macaroons and croissant and it was absolutely delicious. Loved the taste and everything about the place is just beautiful from the ambience to the service. Everything's on point!  Amazing!  Will visit again for sure. A well deserved 5 star!",0,2 years ago,"{""dining_mode"": ""Take out"", ""meal_type"": ""Other"", ""price_per_person"": ""₹200–400"", ""food"": 5, ""service_rating"": 5, ""atmosphere"": 5}"
Glen's Bakehouse (HSR Layout),095137 34879,"2337, SECTOR 1, HSR Layout 17th Cross, 24th Main Rd, Bengaluru, Karnataka 560102",12.9120508,77.6482099,Bakery and Cake Shop,,ChdDSUhNMG9nS0VJQ0FnSUMxOE4tc2tnRRAB,Glen's Bakehouse (HSR Layout),Aditya Sathe,105158923224037993081,True,4,,0,2 years ago,"{""dining_mode"": ""Dine in"", ""meal_type"": ""Dinner"", ""price_per_person"": ""₹400–600"", ""food"": 4, ""service_rating"": 4, ""atmosphere"": 3, ""recommended_dishes"": ""Chicken Lasagna"", ""vegetarian_recommendation"": ""Somewhat recommend"", ""vegetarian_offerings"": ""Large vegetarian selection""}"
Glen's Bakehouse (HSR Layout),095137 34879,"2337, SECTOR 1, HSR Layout 17th Cross, 24th Main Rd, Bengaluru, Karnataka 560102",12.9120508,77.6482099,Bakery and Cake Shop,,ChdDSUhNMG9nS0VJQ0FnSUMxa0t1SXlBRRAB,Glen's Bakehouse (HSR Layout),Adesh Singh,103046757511405009725,True,2,"Food was not that good ,avg",0,2 years ago,"{""dining_mode"": ""Dine in"", ""meal_type"": ""Dinner"", ""price_per_person"": ""₹400–600"", ""food"": 2, ""service_rating"": 3, ""atmosphere"": 4, ""recommended_dishes"": ""Blueberry Signaturecheesecake""}"
Glen's Bakehouse (HSR Layout),095137 34879,"2337, SECTOR 1, HSR Layout 17th Cross, 24th Main Rd, Bengaluru, Karnataka 560102",12.9120508,77.6482099,Bakery and Cake Shop,,ChdDSUhNMG9nS0VJQ0FnSUMxa08zNjdRRRAB,Glen's Bakehouse (HSR Layout),Meghana Muskan,101128933287709545403,True,4,Weekend brunch is great! Soups are yum and the variety of pastries available is great!,0,2 years ago,"{""food"": 5, ""service_rating"": 5, ""atmosphere"": 5}"
Glen's Bakehouse (HSR Layout),095137 34879,"2337, SECTOR 1, HSR Layout 17th Cross, 24th Main Rd, Bengaluru, Karnataka 560102",12.9120508,77.6482099,Bakery and Cake Shop,,ChdDSUhNMG9nS0VJQ0FnSUMxNElyazVnRRAB,Glen's Bakehouse (HSR Layout),chelsea aurelia,114200447034105007063,True,4,,0,2 years ago,
Glen's Bakehouse (HSR Layout),095137 34879,"2337, SECTOR 1, HSR Layout 17th Cross, 24th Main Rd, Bengaluru, Karnataka 560102",12.9120508,77.6482099,Bakery and Cake Shop,,ChdDSUhNMG9nS0VJQ0FnSURWajcyM3NnRRAB,Glen's Bakehouse (HSR Layout),Poulabi Biswas,100954386670612088765,True,5,,0,2 years ago,
Glen's Bakehouse (HSR Layout),095137 34879,"2337, SECTOR 1, HSR Layout 17th Cross, 24th Main Rd, Bengaluru, Karnataka 560102",12.9120508,77.6482099,Bakery and Cake Shop,,ChdDSUhNMG9nS0VJQ0FnSURWajhyanB3RRAB,Glen's Bakehouse (HSR Layout),Jasneet Kaur,106388479022040533244,True,5,,0,2 years ago,"{""dining_mode"": ""Dine in"", ""meal_type"": ""Lunch"", ""price_per_person"": ""₹800–1,000"", ""food"": 5, ""service_rating"": 5, ""atmosphere"": 4, ""recommended_dishes"": ""Croissant Sandwich, Potato Wedges""}"
Glen's Bakehouse (HSR Layout),095137 34879,"2337, SECTOR 1, HSR Layout 17th Cross, 24th Main Rd, Bengaluru, Karnataka 560102",12.9120508,77.6482099,Bakery and Cake Shop,,ChZDSUhNMG9nS0VJQ0FnSURWMTZUSFlnEAE,Glen's Bakehouse (HSR Layout),Sai Teja,113506180119791010746,True,5,,0,2 years ago,
Glen's Bakehouse (HSR Layout),095137 34879,"2337, SECTOR 1, HSR Layout 17th Cross, 24th Main Rd, Bengaluru, Karnataka 560102",12.9120508,77.6482099,Bakery and Cake Shop,,ChZDSUhNMG9nS0VJQ0FnSURWcDZmc01BEAE,Glen's Bakehouse (HSR Layout),Azmi Ahmad,103963302959823130674,False,4,,0,2 years ago,"{""dining_mode"": ""Dine in"", ""meal_type"": ""Dinner"", ""price_per_person"": ""₹400–600"", ""food"": 5, ""service_rating"": 4, ""atmosphere"": 4}"
Glen's Bakehouse (HSR Layout),095137 34879,"2337, SECTOR 1, HSR Layout 17th Cross, 24th Main Rd, Bengaluru, Karnataka 560102",12.9120508,77.6482099,Bakery and Cake Shop,,ChdDSUhNMG9nS0VJQ0FnSURWcDUyZjBnRRAB,Glen's Bakehouse (HSR Layout),Aarsi C,114216295454623536378,True,5,,0,2 years ago,"{""food"": 5, ""service_rating"": 5, ""atmosphere"": 5, ""recommended_dishes"": ""Red Velvet Cupcake Eggless""}"
Glen's Bakehouse (HSR Layout),095137 34879,"2337, SECTOR 1, HSR Layout 17th Cross, 24th Main Rd, Bengaluru, Karnataka 560102",12.9120508,77.6482099,Bakery and Cake Shop,,ChZDSUhNMG9nS0VJQ0FnSURWdmRuelJ3EAE,Glen's Bakehouse (HSR Layout),Karthick R,104167800124653244587,False,5,,0,2 years ago,"{""dining_mode"": ""Dine in"", ""meal_type"": ""Lunch"", ""price_per_person"": ""₹200–400"", ""food"": 5, ""service_rating"": 5, ""atmosphere"": 5, ""recommended_dishes"": ""Red Velvet Cupcake Eggless"", ""vegetarian_recommendation"": ""Highly recommend"", ""vegetarian_offerings"": ""Clearly labeled vegetarian dishes""}"
Glen's Bakehouse (HSR Layout),095137 34879,"2337, SECTOR 1, HSR Layout 17th Cross, 24th Main Rd, Bengaluru, Karnataka 560102",12.9120508,77.6482099,Bakery and Cake Shop,,ChdDSUhNMG9nS0VJQ0FnSURWc1lfWnpBRRAB,Glen's Bakehouse (HSR Layout),Madhumita Acharjee,109366112620453609404,False,5,,0,2 years ago,
Glen's Bakehouse (HSR Layout),095137 34879,"2337, SECTOR 1, HSR Layout 17th Cross, 24th Main Rd, Bengaluru, Karnataka 560102",12.9120508,77.6482099,Bakery and Cake Shop,,ChZDSUhNMG9nS0VJQ0FnSURWb2RUcldnEAE,Glen's Bakehouse (HSR Layout),Sneha Bharadkar,108025056961279597530,True,4,"It's a nice place with nice ambiance, finding a place to sit is very difficult. Serving time is too much",0,2 years ago,"{""dining_mode"": ""Dine in"", ""meal_type"": ""Dinner"", ""price_per_person"": ""₹400–600"", ""recommended_dishes"": ""Potato Wedges, Pesto Pasta"", ""vegetarian_recommendation"": ""Somewhat recommend"", ""vegetarian_offerings"": ""Vegetarian menu or section"", ""parking_space"": ""Somewhat difficult to find parking"", ""parking_options"": ""Free street parking""}"
Glen's Bakehouse (HSR Layout),095137 34879,"2337, SECTOR 1, HSR Layout 17th Cross, 24th Main Rd, Bengaluru, Karnataka 560102",12.9120508,77.6482099,Bakery and Cake Shop,,ChZDSUhNMG9nS0VJQ0FnSURWd1lHbWF3EAE,Glen's Bakehouse (HSR Layout),Akash Jagtap,105715875134797413837,True,5,,0,2 years ago,
Glen's Bakehouse (HSR Layout),095137 34879,"2337, SECTOR 1, HSR Layout 17th Cross, 24th Main Rd, Bengaluru, Karnataka 560102",12.9120508,77.6482099,Bakery and Cake Shop,,ChdDSUhNMG9nS0VJQ0FnSURWMnVmMjR3RRAB,Glen's Bakehouse (HSR Layout),Nithin C M,109727130660836793664,True,5,,0,2 years ago,
Glen's Bakehouse (HSR Layout),095137 34879,"2337, SECTOR 1, HSR Layout 17th Cross, 24th Main Rd, Bengaluru, Karnataka 560102",12.9120508,77.6482099,Bakery and Cake Shop,,ChdDSUhNMG9nS0VJQ0FnSURWeW9MOXhnRRAB,Glen's Bakehouse (HSR Layout),Mitali Pitliya,110928529827454627485,True,3,This cafe is famous for cakes and non- veg. As I’m pure vegetarian so I was not able to find anything suitable to me here. But we had coffee which was great.,0,2 years ago,"{""price_per_person"": ""₹400–600"", ""atmosphere"": 5}"
Glen's Bakehouse (HSR Layout),095137 34879,"2337, SECTOR 1, HSR Layout 17th Cross, 24th Main Rd, Bengaluru, Karnataka 560102",12.9120508,77.6482099,Bakery and Cake Shop,,ChdDSUhNMG9nS0VJQ0FnSURWcE03Y3VBRRAB,Glen's Bakehouse (HSR Layout),Bitan Biswas,101774662950221486462,False,4,,0,2 years ago,"{""price_per_person"": ""₹400–600"", ""food"": 4, ""service_rating"": 4, ""atmosphere"": 4}"
Glen's Bakehouse (HSR Layout),095137 34879,"2337, SECTOR 1, HSR Layout 17th Cross, 24th Main Rd, Bengaluru, Karnataka 560102",12.9120508,77.6482099,Bakery and Cake Shop,,ChdDSUhNMG9nS0VJQ0FnSURWaEpyUjZnRRAB,Glen's Bakehouse (HSR Layout),Yegneswar Rayavaram,102823873266931886446,True,5,The food is simply awesome. Wide range of items to choose from. Red velvet cupcakes are my personal favourite. The fish was especially soft and delicious. Peri peri baby corn fingers and peri peri fish fingers are highly recommended. The sides were absolutely great,0,2 years ago,"{""dining_mode"": ""Dine in"", ""meal_type"": ""Lunch"", ""price_per_person"": ""₹400–600"", ""food"": 5, ""service_rating"": 5, ""atmosphere"": 5, ""recommended_dishes"": ""Red Velvet Cupcake Eggless, Chicken Lasagna, Peri Peri Fish Fingers"", ""vegetarian_recommendation"": ""Highly recommend"", ""vegetarian_offerings"": ""Large vegetarian selection"", ""vegetarian_options"": ""Peri peri baby corn fingers, cupcakes, milkshakes""}"
Glen's Bakehouse (HSR Layout),095137 34879,"2337, SECTOR 1, HSR Layout 17th Cross, 24th Main Rd, Bengaluru, Karnataka 560102",12.9120508,77.6482099,Bakery and Cake Shop,,ChdDSUhNMG9nS0VJQ0FnSURWNEszZ3hRRRAB,Glen's Bakehouse (HSR Layout),Shashank Shekhar,105010871650428060152,True,4,,0,2 years ago,
Glen's Bakehouse (HSR Layout),095137 34879,"2337, SECTOR 1, HSR Layout 17th Cross, 24th Main Rd, Bengaluru, Karnataka 560102",12.9120508,77.6482099,Bakery and Cake Shop,,ChdDSUhNMG9nS0VJQ0FnSURWNE15ZWhBRRAB,Glen's Bakehouse (HSR Layout),Mehnaz Zaman,113546911721872396396,False,2,,0,2 years ago,
Glen's Bakehouse (HSR Layout),095137 34879,"2337, SECTOR 1, HSR Layout 17th Cross, 24th Main Rd, Bengaluru, Karnataka 560102",12.9120508,77.6482099,Bakery and Cake Shop,,ChZDSUhNMG9nS0VJQ0FnSURWb0xmeGRBEAE,Glen's Bakehouse (HSR Layout),dhanya rajan,116494033267314476789,True,4,,0,2 years ago,
Glen's Bakehouse (HSR Layout),095137 34879,"2337, SECTOR 1, HSR Layout 17th Cross, 24th Main Rd, Bengaluru, Karnataka 560102",12.9120508,77.6482099,Bakery and Cake Shop,,ChZDSUhNMG9nS0VJQ0FnSURWb09QY1JnEAE,Glen's Bakehouse (HSR Layout),Preeth Mathew Zachariah,100456552636135602692,True,5,,0,2 years ago,"{""food"": 5, ""service_rating"": 5, ""atmosphere"": 5}"
Glen's Bakehouse (HSR Layout),095137 34879,"2337, SECTOR 1, HSR Layout 17th Cross, 24th Main Rd, Bengaluru, Karnataka 560102",12.9120508,77.6482099,Bakery and Cake Shop,,ChZDSUhNMG9nS0VJQ0FnSUNWeDVtX1NnEAE,Glen's Bakehouse (HSR Layout),Musadiq Gowhar,105307019501770218053,False,4,,0,2 years ago,"{""dining_mode"": ""Dine in"", ""meal_type"": ""Dinner"", ""price_per_person"": ""₹200–400"", ""food"": 4, ""service_rating"": 4, ""atmosphere"": 4, ""recommended_dishes"": ""Pesto Pasta"", ""vegetarian_recommendation"": ""Highly recommend""}"
Glen's Bakehouse (HSR Layout),095137 34879,"2337, SECTOR 1, HSR Layout 17th Cross, 24th Main Rd, Bengaluru, Karnataka 560102",12.9120508,77.6482099,Bakery and Cake Shop,,ChZDSUhNMG9nS0VJQ0FnSUNWdmZIelRBEAE,Glen's Bakehouse (HSR Layout),Milind V Chavan,103443801212979100415,True,5,,0,2 years ago,
Glen's Bakehouse (HSR Layout),095137 34879,"2337, SECTOR 1, HSR Layout 17th Cross, 24th Main Rd, Bengaluru, Karnataka 560102",12.9120508,77.6482099,Bakery and Cake Shop,,ChdDSUhNMG9nS0VJQ0FnSUNWX3FMbXlBRRAB,Glen's Bakehouse (HSR Layout),Swetha Gowda,106629665380498412954,False,3,,0,2 years ago,
Glen's Bakehouse (HSR Layout),095137 34879,"2337, SECTOR 1, HSR Layout 17th Cross, 24th Main Rd, Bengaluru, Karnataka 560102",12.9120508,77.6482099,Bakery and Cake Shop,,ChdDSUhNMG9nS0VJQ0FnSUNWN3A2WHFBRRAB,Glen's Bakehouse (HSR Layout),Ritu Shukla,106274676503246255217,True,1,Food is not good and over priced for no reason,0,2 years ago,"{""dining_mode"": ""Dine in"", ""meal_type"": ""Dinner"", ""price_per_person"": ""₹1,600–1,800"", ""food"": 1, ""service_rating"": 1, ""atmosphere"": 1}"
Glen's Bakehouse (HSR Layout),095137 34879,"2337, SECTOR 1, HSR Layout 17th Cross, 24th Main Rd, Bengaluru, Karnataka 560102",12.9120508,77.6482099,Bakery and Cake Shop,,ChdDSUhNMG9nS0VJQ0FnSUNWX0tXT3B3RRAB,Glen's Bakehouse (HSR Layout),Lokesh Basu,118274302476892074642,True,5,,0,2 years ago,"{""food"": 5, ""service_rating"": 5, ""atmosphere"": 5}"
Glen's Bakehouse (HSR Layout),095137 34879,"2337, SECTOR 1, HSR Layout 17th Cross, 24th Main Rd, Bengaluru, Karnataka 560102",12.9120508,77.6482099,Bakery and Cake Shop,,ChdDSUhNMG9nS0VJQ0FnSUNWbk5hQnZBRRAB,Glen's Bakehouse (HSR Layout),Nandan Dubey,106946452800095776595,True,4,,0,2 years ago,
Glen's Bakehouse (HSR Layout),095137 34879,"2337, SECTOR 1, HSR Layout 17th Cross, 24th Main Rd, Bengaluru, Karnataka 560102",12.9120508,77.6482099,Bakery and Cake Shop,,ChdDSUhNMG9nS0VJQ0FnSUNWeFA2U29nRRAB,Glen's Bakehouse (HSR Layout),Sakshi Gupta,101307983719788078525,True,5,,0,2 years ago,"{""dining_mode"": ""Dine in"", ""meal_type"": ""Other"", ""price_per_person"": ""₹400–600""}"
Glen's Bakehouse (HSR Layout),095137 34879,"2337, SECTOR 1, HSR Layout 17th Cross, 24th Main Rd, Bengaluru, Karnataka 560102",12.9120508,77.6482099,Bakery and Cake Shop,,ChZDSUhNMG9nS0VJQ0FnSUNWaUtpb0JREAE,Glen's Bakehouse (HSR Layout),Venkobarao Nichale,113074545946385867189,True,5,Wel Gud Food to had once,0,2 years ago,"{""food"": 5, ""service_rating"": 5, ""atmosphere"": 5}"
Glen's Bakehouse (HSR Layout),095137 34879,"2337, SECTOR 1, HSR Layout 17th Cross, 24th Main Rd, Bengaluru, Karnataka 560102",12.9120508,77.6482099,Bakery and Cake Shop,,ChZDSUhNMG9nS0VJQ0FnSUR1MEotOWJ3EAE,Glen's Bakehouse (HSR Layout),Kumar Sonabh,101777987844922823246,False,1,"Food and bakery items are good here. My rating is actually for pathetic service and clueless staff/management. It's third time that I faced such a issue with their slow and clueless service.  Management has no idea what efficient customer service is and how to manage their staff and orders.Most of times they are confused and do not bring what you ask for,and then just try to justify their ignorance and incompetence. This centre has surely ruined the brand image for me.",0,Edited 2 years ago,
Glen's Bakehouse (HSR Layout),095137 34879,"2337, SECTOR 1, HSR Layout 17th Cross, 24th Main Rd, Bengaluru, Karnataka 560102",12.9120508,77.6482099,Bakery and Cake Shop,,ChZDSUhNMG9nS0VJQ0FnSURseDdmamR3EAE,Glen's Bakehouse (HSR Layout),Mee Na,112784900889565212919,True,1,"It would be better if they have a self service section like in Darshinis. entire staff is slow, uninterested, unorganized and indifferent. When we walk into these dine-in restaurants we also pay for the service, ambience and more. Glen's charges you but does not provide any value for the money you pay",0,2 years ago,"{""dining_mode"": ""Delivery"", ""food"": 1, ""service_rating"": 1, ""atmosphere"": 1}"
Glen's Bakehouse (HSR Layout),095137 34879,"2337, SECTOR 1, HSR Layout 17th Cross, 24th Main Rd, Bengaluru, Karnataka 560102",12.9120508,77.6482099,Bakery and Cake Shop,,ChZDSUhNMG9nS0VJQ0FnSURsMS11ZlF3EAE,Glen's Bakehouse (HSR Layout),Shubham Gupta,109963590909761994598,True,5,,0,2 years ago,"{""dining_mode"": ""Dine in""}"
Glen's Bakehouse (HSR Layout),095137 34879,"2337, SECTOR 1, HSR Layout 17th Cross, 24th Main Rd, Bengaluru, Karnataka 560102",12.9120508,77.6482099,Bakery and Cake Shop,,ChdDSUhNMG9nS0VJQ0FnSURsaTQzTzh3RRAB,Glen's Bakehouse (HSR Layout),abhish puthussery joseph,105196674945861749985,False,5,,0,2 years ago,"{""dining_mode"": ""Dine in""}"
Glen's Bakehouse (HSR Layout),095137 34879,"2337, SECTOR 1, HSR Layout 17th Cross, 24th Main Rd, Bengaluru, Karnataka 560102",12.9120508,77.6482099,Bakery and Cake Shop,,ChdDSUhNMG9nS0VJQ0FnSURsNGNuTjN3RRAB,Glen's Bakehouse (HSR Layout),Akul,118185277476750224087,True,1,,0,2 years ago,"{""dining_mode"": ""Take out"", ""price_per_person"": ""₹400–600"", ""food"": 1, ""service_rating"": 4, ""atmosphere"": 4}"
Glen's Bakehouse (HSR Layout),095137 34879,"2337, SECTOR 1, HSR Layout 17th Cross, 24th Main Rd, Bengaluru, Karnataka 560102",12.9120508,77.6482099,Bakery and Cake Shop,,ChZDSUhNMG9nS0VJQ0FnSURsaklDT0NBEAE,Glen's Bakehouse (HSR Layout),Yaswanth Raj,105154276926562769904,True,5,,0,2 years ago,"{""food"": 4, ""service_rating"": 3, ""atmosphere"": 5}"
Glen's Bakehouse (HSR Layout),095137 34879,"2337, SECTOR 1, HSR Layout 17th Cross, 24th Main Rd, Bengaluru, Karnataka 560102",12.9120508,77.6482099,Bakery and Cake Shop,,ChZDSUhNMG9nS0VJQ0FnSURseEptR0dnEAE,Glen's Bakehouse (HSR Layout),Snigdha Kulshreshtha,105083298100304392167,True,3,,0,2 years ago,"{""food"": 2, ""service_rating"": 2, ""atmosphere"": 4}"
Glen's Bakehouse (HSR Layout),095137 34879,"2337, SECTOR 1, HSR Layout 17th Cross, 24th Main Rd, Bengaluru, Karnataka 560102",12.9120508,77.6482099,Bakery and Cake Shop,,ChdDSUhNMG9nS0VJQ0FnSUNsbDdPeWxRRRAB,Glen's Bakehouse (HSR Layout),KISHOR,104659696277905013559,False,5,,0,2 years ago,
