restaurant_name,phone,address,latitude,longitude,place_type,website,review_id,place_name,reviewer_name,reviewer_id,local_guide,rating,review_text,likes,date,attributes
Kapoor's Cafe - HSR Branch,097392 67702,"WM42+62M, 337, 27th Main, Sector 2 HSR Layout Opposite KLM Shopping Mall, BDA Layout, HSR Layout, Bengaluru, Karnataka 560102",12.908018,77.651948,Punjabi restaurant,,Ci9DQUlRQUNvZENodHljRjlvT2xSaldFWkJNV1J6UTA5NlFrWjROV1JyV21SdmQwRRAB,Kapoor's Cafe,Nk Nk,114287398845228416155,False,1,worst taste ... paneer pulao was  just blant Jeera rice with few panner no flavour ..... and less qty for that price,0,3 days ago,
Kapoor's Cafe - HSR Branch,097392 67702,"WM42+62M, 337, 27th Main, Sector 2 HSR Layout Opposite KLM Shopping Mall, BDA Layout, HSR Layout, Bengaluru, Karnataka 560102",12.908018,77.651948,Punjabi restaurant,,Ci9DQUlRQUNvZENodHljRjlvT2xKR1RVSlJaMmRFV2pObWVXZDZla1Z0TmxGalJtYxAB,Kapoor's Cafe,Neha Maskara,103663143184218175150,False,1,Ordered on swiggy.. food was stale and lowest quality food I have had in along time,0,4 days ago,"{""meal_type"": ""Dinner"", ""food"": 1}"
Kapoor's Cafe - HSR Branch,097392 67702,"WM42+62M, 337, 27th Main, Sector 2 HSR Layout Opposite KLM Shopping Mall, BDA Layout, HSR Layout, Bengaluru, Karnataka 560102",12.908018,77.651948,Punjabi restaurant,,Ci9DQUlRQUNvZENodHljRjlvT21kMlVsOXhVSGhPYURJM2VGcEpUakJmY0VkcVozYxAB,Kapoor's Cafe,manoja senapati,114939305619598073640,True,5,,0,5 days ago,"{""meal_type"": ""Dinner"", ""price_per_person"": ""₹1,400–1,600"", ""food"": 4, ""service_rating"": 3, ""atmosphere"": 4, ""group_size"": ""3-4 people"", ""wait_time"": ""10-30 min""}"
Kapoor's Cafe - HSR Branch,097392 67702,"WM42+62M, 337, 27th Main, Sector 2 HSR Layout Opposite KLM Shopping Mall, BDA Layout, HSR Layout, Bengaluru, Karnataka 560102",12.908018,77.651948,Punjabi restaurant,,Ci9DQUlRQUNvZENodHljRjlvT25oWWFtNUthWFJzV25oblUyWlRaekpGZG1OUlJsRRAB,Kapoor's Cafe,Prateek Batra,106258371178406957076,True,4,,0,5 days ago,"{""meal_type"": ""Dinner"", ""food"": 4, ""service_rating"": 4, ""atmosphere"": 5, ""group_size"": ""Suitable for all group sizes"", ""wait_time"": ""No wait""}"
Kapoor's Cafe - HSR Branch,097392 67702,"WM42+62M, 337, 27th Main, Sector 2 HSR Layout Opposite KLM Shopping Mall, BDA Layout, HSR Layout, Bengaluru, Karnataka 560102",12.908018,77.651948,Punjabi restaurant,,Ci9DQUlRQUNvZENodHljRjlvT2xCWWQyWXpWRkp6TVVSWlJGZFlObU15YjNaTGNGRRAB,Kapoor's Cafe,P Narayana Bhat,108667857232070591335,True,5,Very good veg Rajasthani restaurant,0,5 days ago,"{""meal_type"": ""Lunch"", ""price_per_person"": ""₹800–1,000"", ""food"": 4, ""service_rating"": 5, ""atmosphere"": 5, ""group_size"": ""3-4 people"", ""wait_time"": ""No wait"", ""vegetarian_recommendation"": ""Highly recommend"", ""parking_space"": ""Somewhat difficult to find parking""}"
Kapoor's Cafe - HSR Branch,097392 67702,"WM42+62M, 337, 27th Main, Sector 2 HSR Layout Opposite KLM Shopping Mall, BDA Layout, HSR Layout, Bengaluru, Karnataka 560102",12.908018,77.651948,Punjabi restaurant,,Ci9DQUlRQUNvZENodHljRjlvT2paT1NrVnRWM2hWY0dzMlZuZ3plakkxYW1WRWFuYxAB,Kapoor's Cafe,Harsh,104376544443895508809,True,3,"Food was as usual better.  But service & atmosphere: I didn't like it personally.  Precisely : I feel, staff can be added more as I had to wait for even calling them & asking for something... & environment can be kept more peaceful.  It can be termed as crowded or less spacious.",0,a week ago,"{""meal_type"": ""Dinner"", ""price_per_person"": ""₹400–600"", ""food"": 5, ""service_rating"": 3, ""atmosphere"": 3, ""noise_level"": ""Loud, but you can still talk"", ""wait_time"": ""10-30 min""}"
Kapoor's Cafe - HSR Branch,097392 67702,"WM42+62M, 337, 27th Main, Sector 2 HSR Layout Opposite KLM Shopping Mall, BDA Layout, HSR Layout, Bengaluru, Karnataka 560102",12.908018,77.651948,Punjabi restaurant,,Ci9DQUlRQUNvZENodHljRjlvT2xOSVVEWlJNV2w0Y0VReGQyY3lUamxOUTNKYWJFRRAB,Kapoor's Cafe,Sanchita Routh,107711361790365959177,True,4,Food is delicious but overly charged and they ask to pay service charge mandatorily,0,a week ago,"{""food"": 5, ""service_rating"": 3, ""atmosphere"": 3}"
Kapoor's Cafe - HSR Branch,097392 67702,"WM42+62M, 337, 27th Main, Sector 2 HSR Layout Opposite KLM Shopping Mall, BDA Layout, HSR Layout, Bengaluru, Karnataka 560102",12.908018,77.651948,Punjabi restaurant,,ChdDSUhNMG9nS0VJQ0FnSUNLNV9fVWpRRRAB,Kapoor's Cafe,BIKRAM SHARMA,109487033633386270618,False,5,,0,Edited a week ago,"{""meal_type"": ""Breakfast"", ""price_per_person"": ""₹400–600"", ""food"": 5, ""service_rating"": 5, ""atmosphere"": 5, ""group_size"": ""9+ people"", ""wait_time"": ""No wait"", ""vegetarian_recommendation"": ""Highly recommend"", ""vegetarian_offerings"": ""Menu is all vegetarian""}"
Kapoor's Cafe - HSR Branch,097392 67702,"WM42+62M, 337, 27th Main, Sector 2 HSR Layout Opposite KLM Shopping Mall, BDA Layout, HSR Layout, Bengaluru, Karnataka 560102",12.908018,77.651948,Punjabi restaurant,,Ci9DQUlRQUNvZENodHljRjlvT21WaGQxSlRUSGR0TTFveWVUSmhjWFV6TWs5a2VGRRAB,Kapoor's Cafe,krishna kkc,104188218845501339507,True,5,,0,a week ago,
Kapoor's Cafe - HSR Branch,097392 67702,"WM42+62M, 337, 27th Main, Sector 2 HSR Layout Opposite KLM Shopping Mall, BDA Layout, HSR Layout, Bengaluru, Karnataka 560102",12.908018,77.651948,Punjabi restaurant,,Ci9DQUlRQUNvZENodHljRjlvT25OTlpYcHBjM1pZZFRSTGJtVnhNbTlZWmsxU1RsRRAB,Kapoor's Cafe,Shekhar S,105500699142628142442,True,1,"extremely bad taste of food. tastes like bad highway dhaba food. service is bad too, clueless and they don't speak.. not sure what changed recently. only good thing is chola bhatura, but any gravy item is almost shit.",0,a week ago,"{""meal_type"": ""Lunch"", ""price_per_person"": ""₹2,000+"", ""food"": 1, ""service_rating"": 1, ""atmosphere"": 3, ""group_size"": ""5-8 people"", ""wait_time"": ""10-30 min""}"
Kapoor's Cafe - HSR Branch,097392 67702,"WM42+62M, 337, 27th Main, Sector 2 HSR Layout Opposite KLM Shopping Mall, BDA Layout, HSR Layout, Bengaluru, Karnataka 560102",12.908018,77.651948,Punjabi restaurant,,Ci9DQUlRQUNvZENodHljRjlvT2xaTVJVaHpaM1ZLYTI5bGIwcExXVXhFU0dOTU0wRRAB,Kapoor's Cafe,Mukesh Tiwari,113199006184890058179,True,3,,0,a week ago,"{""food"": 3, ""service_rating"": 3, ""atmosphere"": 4}"
Kapoor's Cafe - HSR Branch,097392 67702,"WM42+62M, 337, 27th Main, Sector 2 HSR Layout Opposite KLM Shopping Mall, BDA Layout, HSR Layout, Bengaluru, Karnataka 560102",12.908018,77.651948,Punjabi restaurant,,Ci9DQUlRQUNvZENodHljRjlvT2xGM1pGTnljbm81TXpKV2NXWlpkakJoVlY5aVNFRRAB,Kapoor's Cafe,Lohith S Choyal,110175146355650730694,False,1,"We had ordered hara bhara kabab and we found stones in it.The manager didn't  give us compensation,he didn't even apologise.Very rude .Customer health is not a priority for them.Kapoor's cafe has lost its name.This is my last visit.Gradual deterioration in food quality.",0,a week ago,"{""meal_type"": ""Dinner"", ""food"": 1, ""service_rating"": 1, ""atmosphere"": 3}"
Kapoor's Cafe - HSR Branch,097392 67702,"WM42+62M, 337, 27th Main, Sector 2 HSR Layout Opposite KLM Shopping Mall, BDA Layout, HSR Layout, Bengaluru, Karnataka 560102",12.908018,77.651948,Punjabi restaurant,,Ci9DQUlRQUNvZENodHljRjlvT25odE1ubEZiemg2YTNRd2RsSkRMV2hTUzB4bE1IYxAB,Kapoor's Cafe,Aditya Sharma,100461053302158428898,False,5,good parathas.,0,a week ago,"{""meal_type"": ""Brunch"", ""price_per_person"": ""₹400–600"", ""food"": 5, ""service_rating"": 5, ""atmosphere"": 5}"
Kapoor's Cafe - HSR Branch,097392 67702,"WM42+62M, 337, 27th Main, Sector 2 HSR Layout Opposite KLM Shopping Mall, BDA Layout, HSR Layout, Bengaluru, Karnataka 560102",12.908018,77.651948,Punjabi restaurant,,Ci9DQUlRQUNvZENodHljRjlvT201ZlVWVjZRVUZoYkRoRVUycERRbUpKYTBwTWRFRRAB,Kapoor's Cafe,Hemani Rawat,109669579852269990554,False,1,"I ordered 20 executive lunch on 24th, menu was paneer butter masala combo. We delivered right time but the food was totally useless. Cheese balls was too much bad smell and cucumber Raitha was also very very bad quality because of rotten curd. My daughter Called immediately to give the feedback but the "" Kapoor cafe "" people are sooo uneducated even they didn't say "" sorry "" . I feel those people are not  interested  to make the guest happy or satisfied by checking the qualities of food before preparing the food to the guest. We heard the name in market "" kapoor cafe"" is one of the best north Indian food but now my all the guests came to know it's one of the worst food centre, where the chefs / head chefs are not responsible. It's a lesson for us not to visit again such places where no response after attending the phone. Sorry to say. Thanks",0,a week ago,"{""meal_type"": ""Lunch"", ""food"": 1, ""service_rating"": 3}"
Kapoor's Cafe - HSR Branch,097392 67702,"WM42+62M, 337, 27th Main, Sector 2 HSR Layout Opposite KLM Shopping Mall, BDA Layout, HSR Layout, Bengaluru, Karnataka 560102",12.908018,77.651948,Punjabi restaurant,,Ci9DQUlRQUNvZENodHljRjlvT2tSQ1JtTlJiRGRsY2pGaVlXTnlSSFJmZEhod05sRRAB,Kapoor's Cafe,Bhabna Majumdar,117561600200819770611,True,4,"It’s good, food was average Lassi I liked The ambience setup was good but they can make it better, with so many wall colours n all still it feels little dull",0,a week ago,"{""meal_type"": ""Lunch"", ""price_per_person"": ""₹1,000–1,200"", ""food"": 3, ""service_rating"": 3, ""atmosphere"": 4, ""noise_level"": ""Quiet, easy to talk"", ""group_size"": ""3-4 people""}"
Kapoor's Cafe - HSR Branch,097392 67702,"WM42+62M, 337, 27th Main, Sector 2 HSR Layout Opposite KLM Shopping Mall, BDA Layout, HSR Layout, Bengaluru, Karnataka 560102",12.908018,77.651948,Punjabi restaurant,,Ci9DQUlRQUNvZENodHljRjlvT2w5TFIzUnVOVGRyVlZkaExYUkVUR1JTY0RRelpHYxAB,Kapoor's Cafe,Venkat Malviya,107490600915060783119,False,1,"I would give - stars if possible. Please hear me out and do not order from them. They sent me stale food which was not fit for consumption. All sour and smelly. When u called the restaurant they tried their own batch and agreed that it was spoilt. On the top of this, The manager tells me chef has gone home so it’s the side line person cooking and this happened. I mean don’t operate the restaurant if you don’t have people to do it. The food was kept prepared stale since don’t know when and that’s what they serve the customers. On the top of this, They are saying the agreed a refund on Zomato which never came to me and Zomato tells me the restaurant doesn’t pick up their phone for approvals. It’s butched up restaurant with absolutely pathetic food. If you are reading this, save yourself a doctor visit and don’t order from here.",0,a week ago,"{""food"": 1, ""service_rating"": 1, ""atmosphere"": 1}"
Kapoor's Cafe - HSR Branch,097392 67702,"WM42+62M, 337, 27th Main, Sector 2 HSR Layout Opposite KLM Shopping Mall, BDA Layout, HSR Layout, Bengaluru, Karnataka 560102",12.908018,77.651948,Punjabi restaurant,,Ci9DQUlRQUNvZENodHljRjlvT25kaVNtaDVSVTl3WjFCaVNEZFhNRTFvVkVZeGRHYxAB,Kapoor's Cafe,Hemendra Kumar M Patel,109167997537588846752,True,5,,0,2 weeks ago,"{""meal_type"": ""Dinner"", ""price_per_person"": ""₹600–800"", ""food"": 5, ""service_rating"": 5, ""atmosphere"": 5, ""noise_level"": ""Very quiet"", ""group_size"": ""Suitable for all group sizes""}"
Kapoor's Cafe - HSR Branch,097392 67702,"WM42+62M, 337, 27th Main, Sector 2 HSR Layout Opposite KLM Shopping Mall, BDA Layout, HSR Layout, Bengaluru, Karnataka 560102",12.908018,77.651948,Punjabi restaurant,,Ci9DQUlRQUNvZENodHljRjlvT25SR1gwZDZUelpqWkZOMGRFZzNaMDkzVVhkVWNXYxAB,Kapoor's Cafe,Sanchit Agarwal,114169792595616792575,True,4,,0,2 weeks ago,"{""meal_type"": ""Lunch"", ""price_per_person"": ""₹1,000–1,200"", ""food"": 3, ""service_rating"": 3, ""atmosphere"": 3, ""group_size"": ""3-4 people"", ""wait_time"": ""Up to 10 min"", ""vegetarian_recommendation"": ""Somewhat recommend"", ""vegetarian_offerings"": ""Menu is all vegetarian"", ""parking_space"": ""Somewhat difficult to find parking"", ""parking_options"": ""Free street parking""}"
Kapoor's Cafe - HSR Branch,097392 67702,"WM42+62M, 337, 27th Main, Sector 2 HSR Layout Opposite KLM Shopping Mall, BDA Layout, HSR Layout, Bengaluru, Karnataka 560102",12.908018,77.651948,Punjabi restaurant,,Ci9DQUlRQUNvZENodHljRjlvT2pOaFZGbFZNMms0Wm14SWR6VmtYMmxzTjBwMmNYYxAB,Kapoor's Cafe,Kalpesh Balar,102681937245483764143,True,1,"We’ve been regulars at Kapoors for the past 10 years, but after our recent experience, we’ve decided to explore other options. The food quality has declined significantly, the service is practically non-existent, and the manager’s behaviour was quite rude.  On our last visit, items were added to our bill that were never served. When we pointed this out, we were told it was our fault for not catching it earlier, which was disappointing.",0,2 weeks ago,"{""meal_type"": ""Lunch"", ""price_per_person"": ""₹600–800"", ""food"": 2, ""service_rating"": 1, ""atmosphere"": 1, ""group_size"": ""1 person"", ""wait_time"": ""No wait"", ""vegetarian_recommendation"": ""Would not recommend"", ""vegetarian_offerings"": ""Menu is all vegetarian"", ""parking_space"": ""Difficult to find parking"", ""parking_options"": ""Parking is unavailable""}"
Kapoor's Cafe - HSR Branch,097392 67702,"WM42+62M, 337, 27th Main, Sector 2 HSR Layout Opposite KLM Shopping Mall, BDA Layout, HSR Layout, Bengaluru, Karnataka 560102",12.908018,77.651948,Punjabi restaurant,,Ci9DQUlRQUNvZENodHljRjlvT2kxb2EzWkZXako2T1RFeGRETndaMll3TlROS1dFRRAB,Kapoor's Cafe,Vikram Kamath,105991851574834121699,True,3,,0,2 weeks ago,
Kapoor's Cafe - HSR Branch,097392 67702,"WM42+62M, 337, 27th Main, Sector 2 HSR Layout Opposite KLM Shopping Mall, BDA Layout, HSR Layout, Bengaluru, Karnataka 560102",12.908018,77.651948,Punjabi restaurant,,Ci9DQUlRQUNvZENodHljRjlvT2pkc2RFVkpPRU0wVUZab01uVmlTbWhGVTBKQlpsRRAB,Kapoor's Cafe,Dipali Dubey,103426354123126141772,True,4,,0,2 weeks ago,"{""meal_type"": ""Lunch"", ""price_per_person"": ""₹1,000–1,200"", ""food"": 4, ""service_rating"": 4, ""atmosphere"": 3, ""noise_level"": ""Loud, but you can still talk"", ""group_size"": ""Suitable for all group sizes""}"
Kapoor's Cafe - HSR Branch,097392 67702,"WM42+62M, 337, 27th Main, Sector 2 HSR Layout Opposite KLM Shopping Mall, BDA Layout, HSR Layout, Bengaluru, Karnataka 560102",12.908018,77.651948,Punjabi restaurant,,Ci9DQUlRQUNvZENodHljRjlvT2poWE1XRjVWR2RvV0ZSSWFpMUlVMEpoTTFwNVZXYxAB,Kapoor's Cafe,Dhwani Parmar,103433494364791355396,True,3,,0,2 weeks ago,
Kapoor's Cafe - HSR Branch,097392 67702,"WM42+62M, 337, 27th Main, Sector 2 HSR Layout Opposite KLM Shopping Mall, BDA Layout, HSR Layout, Bengaluru, Karnataka 560102",12.908018,77.651948,Punjabi restaurant,,Ci9DQUlRQUNvZENodHljRjlvT2xaSmRHbHdhR2s0TkdWRVpVOHRla3B0Umt4UFVtYxAB,Kapoor's Cafe,Vijay Kamath,117839836618815640564,True,3,,0,2 weeks ago,"{""food"": 4, ""service_rating"": 4, ""atmosphere"": 2}"
Kapoor's Cafe - HSR Branch,097392 67702,"WM42+62M, 337, 27th Main, Sector 2 HSR Layout Opposite KLM Shopping Mall, BDA Layout, HSR Layout, Bengaluru, Karnataka 560102",12.908018,77.651948,Punjabi restaurant,,Ci9DQUlRQUNvZENodHljRjlvT25GNVFWSjBkMVpVTWxWcGNYUmxlbFZpYmpkQ09VRRAB,Kapoor's Cafe,Arpit Tiwari,111428366614554588864,True,2,"Visited Kapoor's Cafe on a Sunday night around 9:30 PM, mainly because we had heard they serve good North Indian food.  Location & Setup:  The cafe is located on the 4th floor (with the kitchen on the 3rd). The seating area has a proper North Indian vibe—regular table-chair setups along with khat-style seating, which adds a nice rustic touch.  Crowd & Service:  The place was completely packed, easily accommodating around 70–90 people. We had to wait about 10 minutes, which is reasonable for a weekend. However, a major issue was understaffing—only around 3 servers managing the entire crowd, plus one person cleaning tables. This led to slow and inefficient service, which was noticeable throughout.  What we ordered:  Paneer Pakoda (₹340, 8 pieces) Aloo Paratha (₹180) Punjabi Chole Thali (₹340) Lemonade / Lemon Soda Chaach  Food Review:  Paneer Pakoda (2.5/5): Quantity felt less for the price. The paneer didn’t taste fresh, which was disappointing. The chutney served alongside was good, but it couldn’t compensate for the average pakodas.  Aloo Paratha (1/5):  Looked promising initially—good size and decent stuffing quantity. But the taste was extremely bland. It felt like plain mashed potatoes stuffed inside, with no seasoning or flavor. Easily the most disappointing dish of the night.  Punjabi Chole Thali (2.5/5):  Chole: The only highlight—really well made. Chapati: Good size, but didn’t feel fresh. Rice: Too much ghee (subjective, but didn’t work for me). Dal & Raita: Average. Missing Salad: A basic salad wasn’t included, which is usually standard with thalis—felt like a miss, especially at this price point.  Lemon Soda (1/5): Completely flat—no fizz at all. Didn’t feel like a proper soda. Chaach (3/5): Decent and as expected, nothing special.  Overall Verdict:  The ambience and seating concept are good, and the place has potential. But the food quality is disappointing across most items, especially considering the pricing. Service also suffers due to lack of staff.  Honestly, not a place I’d revisit or recommend. There are far better North Indian options in HSR Layout that offer better taste and value for money.",0,3 weeks ago,"{""meal_type"": ""Dinner"", ""price_per_person"": ""₹400–600"", ""food"": 1, ""service_rating"": 3, ""atmosphere"": 3, ""group_size"": ""5-8 people"", ""wait_time"": ""Up to 10 min""}"
Kapoor's Cafe - HSR Branch,097392 67702,"WM42+62M, 337, 27th Main, Sector 2 HSR Layout Opposite KLM Shopping Mall, BDA Layout, HSR Layout, Bengaluru, Karnataka 560102",12.908018,77.651948,Punjabi restaurant,,Ci9DQUlRQUNvZENodHljRjlvT2twM1VVNXFlSE56VHpZeVRuTkdaRXQ2ZFVkTU9FRRAB,Kapoor's Cafe,Bhooshan Achary,116187856073910694790,True,4,,0,3 weeks ago,"{""food"": 2, ""service_rating"": 3, ""atmosphere"": 3}"
Kapoor's Cafe - HSR Branch,097392 67702,"WM42+62M, 337, 27th Main, Sector 2 HSR Layout Opposite KLM Shopping Mall, BDA Layout, HSR Layout, Bengaluru, Karnataka 560102",12.908018,77.651948,Punjabi restaurant,,Ci9DQUlRQUNvZENodHljRjlvT21kM1lVeHhRM0ZWWkVWUmNqaDBVR2hRV1hWNVNIYxAB,Kapoor's Cafe,sharon stanly,110510531138565442082,True,3,,0,3 weeks ago,"{""meal_type"": ""Other"", ""price_per_person"": ""₹400–600""}"
Kapoor's Cafe - HSR Branch,097392 67702,"WM42+62M, 337, 27th Main, Sector 2 HSR Layout Opposite KLM Shopping Mall, BDA Layout, HSR Layout, Bengaluru, Karnataka 560102",12.908018,77.651948,Punjabi restaurant,,Ci9DQUlRQUNvZENodHljRjlvT2s1eGVsQkZTRGwyVGtWaVJUUndTMWx3T0daZmFtYxAB,Kapoor's Cafe,Piyushh Bhutoria,107706269840366674858,True,5,,0,3 weeks ago,"{""food"": 5, ""service_rating"": 5, ""atmosphere"": 5}"
Kapoor's Cafe - HSR Branch,097392 67702,"WM42+62M, 337, 27th Main, Sector 2 HSR Layout Opposite KLM Shopping Mall, BDA Layout, HSR Layout, Bengaluru, Karnataka 560102",12.908018,77.651948,Punjabi restaurant,,Ci9DQUlRQUNvZENodHljRjlvT25WMGJEQjBjRE5HV1VOR2IyMXllbmswVlVNeGFWRRAB,Kapoor's Cafe,Ratnam Sachan,105222374735705601016,True,5,Two parathas are enough for 3 people. Their pindi chole bhature is great. I loved their parathas but the sides were dry. They serve parathas with dahi (you can ask for sugar though),0,3 weeks ago,"{""meal_type"": ""Dinner"", ""price_per_person"": ""₹200–400"", ""food"": 5, ""service_rating"": 4, ""atmosphere"": 5, ""noise_level"": ""Very quiet"", ""wait_time"": ""No wait"", ""vegetarian_recommendation"": ""Highly recommend"", ""vegetarian_offerings"": ""Menu is all vegetarian""}"
Kapoor's Cafe - HSR Branch,097392 67702,"WM42+62M, 337, 27th Main, Sector 2 HSR Layout Opposite KLM Shopping Mall, BDA Layout, HSR Layout, Bengaluru, Karnataka 560102",12.908018,77.651948,Punjabi restaurant,,Ci9DQUlRQUNvZENodHljRjlvT21wS1IwTlhObmN3YW5weU9XMDRWVUZsUkhOUFlrRRAB,Kapoor's Cafe,Parthik Patel,107163018357933773449,False,1,,0,3 weeks ago,"{""food"": 1, ""service_rating"": 2, ""atmosphere"": 2}"
Kapoor's Cafe - HSR Branch,097392 67702,"WM42+62M, 337, 27th Main, Sector 2 HSR Layout Opposite KLM Shopping Mall, BDA Layout, HSR Layout, Bengaluru, Karnataka 560102",12.908018,77.651948,Punjabi restaurant,,ChdDSUhNMG9nS0VJQ0FnSURjMzRLMjVBRRAB,Kapoor's Cafe,Papu Das,108227445009253053604,False,5,Dinner,0,Edited 3 weeks ago,"{""dining_mode"": ""Dine in"", ""meal_type"": ""Dinner"", ""food"": 5, ""service_rating"": 5, ""atmosphere"": 5}"
Kapoor's Cafe - HSR Branch,097392 67702,"WM42+62M, 337, 27th Main, Sector 2 HSR Layout Opposite KLM Shopping Mall, BDA Layout, HSR Layout, Bengaluru, Karnataka 560102",12.908018,77.651948,Punjabi restaurant,,Ci9DQUlRQUNvZENodHljRjlvT21wbFpETmlWRFZ5WXpGdk0xTm5lRkpvUjBnM1UyYxAB,Kapoor's Cafe,Subrat Das,117829586135708656072,False,5,Breakfast,0,3 weeks ago,"{""dining_mode"": ""Dine in"", ""meal_type"": ""Breakfast"", ""food"": 5, ""service_rating"": 5, ""atmosphere"": 5}"
Kapoor's Cafe - HSR Branch,097392 67702,"WM42+62M, 337, 27th Main, Sector 2 HSR Layout Opposite KLM Shopping Mall, BDA Layout, HSR Layout, Bengaluru, Karnataka 560102",12.908018,77.651948,Punjabi restaurant,,Ci9DQUlRQUNvZENodHljRjlvT2kwemMyaDRNR3g1VDJjeFRESjBWRTVYV2tOaVkxRRAB,Kapoor's Cafe,susu 754,111594657763974629526,False,5,"One of the best punjabi restaurant in banglore, the foods are soo Delicious and the best service. Ever never forgatable teast on mounth",0,3 weeks ago,"{""dining_mode"": ""Dine in"", ""meal_type"": ""Dinner"", ""food"": 5, ""service_rating"": 5, ""atmosphere"": 5}"
Kapoor's Cafe - HSR Branch,097392 67702,"WM42+62M, 337, 27th Main, Sector 2 HSR Layout Opposite KLM Shopping Mall, BDA Layout, HSR Layout, Bengaluru, Karnataka 560102",12.908018,77.651948,Punjabi restaurant,,ChdDSUhNMG9nS0VJQ0FnSUNMNUpHVG5RRRAB,Kapoor's Cafe,Raj Thapa,113746958795731738158,False,5,BEST FOOD ALL TIME,0,Edited 3 weeks ago,"{""food"": 5, ""service_rating"": 5, ""atmosphere"": 5}"
Kapoor's Cafe - HSR Branch,097392 67702,"WM42+62M, 337, 27th Main, Sector 2 HSR Layout Opposite KLM Shopping Mall, BDA Layout, HSR Layout, Bengaluru, Karnataka 560102",12.908018,77.651948,Punjabi restaurant,,Ci9DQUlRQUNvZENodHljRjlvT2tnMWJXMVJjWFZ3VUd0M1NXYzJOMGw1ZEZnNE4yYxAB,Kapoor's Cafe,Rajen Dhakal,104686264651293258461,False,5,,0,3 weeks ago,"{""meal_type"": ""Dinner"", ""food"": 5, ""service_rating"": 5, ""atmosphere"": 5}"
Kapoor's Cafe - HSR Branch,097392 67702,"WM42+62M, 337, 27th Main, Sector 2 HSR Layout Opposite KLM Shopping Mall, BDA Layout, HSR Layout, Bengaluru, Karnataka 560102",12.908018,77.651948,Punjabi restaurant,,Ci9DQUlRQUNvZENodHljRjlvT2pjMVIxcExRamxUVkUxdVMxQlRSMFpaY2xkR2VsRRAB,Kapoor's Cafe,pallavi wale,110713210037409686297,False,4,,0,a month ago,"{""meal_type"": ""Dinner"", ""price_per_person"": ""₹400–600"", ""food"": 4, ""service_rating"": 4, ""atmosphere"": 4, ""group_size"": ""Suitable for all group sizes"", ""wait_time"": ""No wait""}"
Kapoor's Cafe - HSR Branch,097392 67702,"WM42+62M, 337, 27th Main, Sector 2 HSR Layout Opposite KLM Shopping Mall, BDA Layout, HSR Layout, Bengaluru, Karnataka 560102",12.908018,77.651948,Punjabi restaurant,,Ci9DQUlRQUNvZENodHljRjlvT25VMlVFbFNOR0ZCVkZndFJFcHlWbWxOUm5aV1JsRRAB,Kapoor's Cafe,Randhir Rana,109386475885758536479,True,5,,0,a month ago,"{""meal_type"": ""Breakfast"", ""food"": 5, ""service_rating"": 5, ""atmosphere"": 5}"
Kapoor's Cafe - HSR Branch,097392 67702,"WM42+62M, 337, 27th Main, Sector 2 HSR Layout Opposite KLM Shopping Mall, BDA Layout, HSR Layout, Bengaluru, Karnataka 560102",12.908018,77.651948,Punjabi restaurant,,Ci9DQUlRQUNvZENodHljRjlvT2pWUFFXZFVWR2N6WjI4MloweEhSR1prV0VWeFRsRRAB,Kapoor's Cafe,Pankaj Kumar,105552191691372129448,True,1,"Overpriced and underwhelming. They are charging premium prices—like ₹430 for Matar Paneer and ₹120 for a tiny serving of buttermilk—without the quality or portion size to back it up. To top it off, the owner laughed when I shared my feedback. Save your money and go elsewhere. 1/10.",0,a month ago,"{""meal_type"": ""Dinner"", ""price_per_person"": ""₹600–800"", ""food"": 1, ""service_rating"": 2, ""atmosphere"": 3, ""noise_level"": ""Moderate noise"", ""wait_time"": ""No wait"", ""vegetarian_offerings"": ""Menu is all vegetarian""}"
Kapoor's Cafe - HSR Branch,097392 67702,"WM42+62M, 337, 27th Main, Sector 2 HSR Layout Opposite KLM Shopping Mall, BDA Layout, HSR Layout, Bengaluru, Karnataka 560102",12.908018,77.651948,Punjabi restaurant,,Ci9DQUlRQUNvZENodHljRjlvT2tocGVrdFhkMDFwZHkxUVMzbEVSa3R3WjAxclJYYxAB,Kapoor's Cafe,Ishaa Sahani,103841203840798397128,False,1,"Service was awful. I sat there for 10 minutes trying to catch the attention of any waiter that’d listen, but I wasn’t even given the menu. Finally got up and left and no one even blinked an eye.",0,a month ago,
Kapoor's Cafe - HSR Branch,097392 67702,"WM42+62M, 337, 27th Main, Sector 2 HSR Layout Opposite KLM Shopping Mall, BDA Layout, HSR Layout, Bengaluru, Karnataka 560102",12.908018,77.651948,Punjabi restaurant,,Ci9DQUlRQUNvZENodHljRjlvT25GNVRGUmpjbVJrUkhGRWRGTnhhelJ1ZWpCMlIyYxAB,Kapoor's Cafe,Abhishek Bhardwaj,108912798470338073671,False,1,"Price and taste don’t match here. 2000 rs bill for 3 people. Plain Rice felt like leftover from a few days ago, art of spoiling a simple aloo paratha can be learnt here, dal that only has one quality of dal- Color, atmosphere is below par with no AC at the pricing of fine dining. Better to be avoided.",0,a month ago,"{""price_per_person"": ""₹600–800"", ""food"": 1, ""service_rating"": 2, ""atmosphere"": 1}"
Kapoor's Cafe - HSR Branch,097392 67702,"WM42+62M, 337, 27th Main, Sector 2 HSR Layout Opposite KLM Shopping Mall, BDA Layout, HSR Layout, Bengaluru, Karnataka 560102",12.908018,77.651948,Punjabi restaurant,,Ci9DQUlRQUNvZENodHljRjlvT21oVk9GOVBVRnB2T1ZaQ1RuSkNkV3BmZGs1NWJYYxAB,Kapoor's Cafe,Nikhil Rayewar,116022307646717800807,False,3,,0,a month ago,"{""price_per_person"": ""₹1,800–2,000"", ""food"": 4, ""service_rating"": 3, ""atmosphere"": 3}"
Kapoor's Cafe - HSR Branch,097392 67702,"WM42+62M, 337, 27th Main, Sector 2 HSR Layout Opposite KLM Shopping Mall, BDA Layout, HSR Layout, Bengaluru, Karnataka 560102",12.908018,77.651948,Punjabi restaurant,,Ci9DQUlRQUNvZENodHljRjlvT210cE9HaHRYMjlKVmtaMWVVSkthbEU0UzFoMk5WRRAB,Kapoor's Cafe,Niranjan kumar,101852170086972450529,True,1,"Don't go for combo, I have worst experience Only lassi is good",0,a month ago,"{""food"": 1, ""service_rating"": 2, ""atmosphere"": 1}"
Kapoor's Cafe - HSR Branch,097392 67702,"WM42+62M, 337, 27th Main, Sector 2 HSR Layout Opposite KLM Shopping Mall, BDA Layout, HSR Layout, Bengaluru, Karnataka 560102",12.908018,77.651948,Punjabi restaurant,,Ci9DQUlRQUNvZENodHljRjlvT21OUmNGZ3pTRUUwYW1SNVRHdExYek01Tkc1bU9VRRAB,Kapoor's Cafe,Aayush Jain,112406925393540046942,True,3,Keep in mind owner can add extra items in bill so please double check before paying.,0,a month ago,"{""meal_type"": ""Dinner"", ""price_per_person"": ""₹600–800"", ""food"": 4, ""service_rating"": 2, ""atmosphere"": 3, ""group_size"": ""3-4 people""}"
Kapoor's Cafe - HSR Branch,097392 67702,"WM42+62M, 337, 27th Main, Sector 2 HSR Layout Opposite KLM Shopping Mall, BDA Layout, HSR Layout, Bengaluru, Karnataka 560102",12.908018,77.651948,Punjabi restaurant,,Ci9DQUlRQUNvZENodHljRjlvT2pKT1YybGtNMGd0YlhvNFdYSkpVazVRTVhBNVdsRRAB,Kapoor's Cafe,Akanksh Bhakare,112156523945426985879,False,5,,0,a month ago,"{""food"": 5, ""service_rating"": 4, ""atmosphere"": 5}"
Kapoor's Cafe - HSR Branch,097392 67702,"WM42+62M, 337, 27th Main, Sector 2 HSR Layout Opposite KLM Shopping Mall, BDA Layout, HSR Layout, Bengaluru, Karnataka 560102",12.908018,77.651948,Punjabi restaurant,,Ci9DQUlRQUNvZENodHljRjlvT2pJM1VHdDJORlJRWDBaR2VuZFFZV2RvVjJ0NlEyYxAB,Kapoor's Cafe,Sriram Karunanithi,117438877909823243543,True,2,"We had dinner and food was very very average, not worth the money.",0,a month ago,"{""meal_type"": ""Dinner"", ""price_per_person"": ""₹200–400"", ""food"": 2, ""service_rating"": 3, ""atmosphere"": 3, ""group_size"": ""3-4 people"", ""seating_type"": ""Indoor dining area""}"
Kapoor's Cafe - HSR Branch,097392 67702,"WM42+62M, 337, 27th Main, Sector 2 HSR Layout Opposite KLM Shopping Mall, BDA Layout, HSR Layout, Bengaluru, Karnataka 560102",12.908018,77.651948,Punjabi restaurant,,Ci9DQUlRQUNvZENodHljRjlvT2xsdWIxTjRlV3gwZDJzME1ubHVPRE5HUTB0U2FYYxAB,Kapoor's Cafe,Muskaan Goyal,106422300066860158143,False,1,Atmosphere was good .But the food was horrible.they don’t have idea how to manage the spices,0,a month ago,"{""food"": 1, ""service_rating"": 3, ""atmosphere"": 5}"
Kapoor's Cafe - HSR Branch,097392 67702,"WM42+62M, 337, 27th Main, Sector 2 HSR Layout Opposite KLM Shopping Mall, BDA Layout, HSR Layout, Bengaluru, Karnataka 560102",12.908018,77.651948,Punjabi restaurant,,Ci9DQUlRQUNvZENodHljRjlvT25CcVgxZzNXV05WTTAxaWFIRnFSV2xSWTJGaVRrRRAB,Kapoor's Cafe,Vasanth Manivannan,116478850427577741742,True,1,"Thank God if you don't fall sick after eating here. Ambience - very dirty floor mat and cushion covers with some stupid punjabi jokes on the wall. Food - Bad, no taste, have to be very patient after ordering the food. Price - Exhobirant, clearly taking advantage of the LPG crisis, Kadai paneer is around 500 incl gst.",0,a month ago,"{""meal_type"": ""Dinner"", ""food"": 1, ""service_rating"": 2, ""atmosphere"": 1}"
Kapoor's Cafe - HSR Branch,097392 67702,"WM42+62M, 337, 27th Main, Sector 2 HSR Layout Opposite KLM Shopping Mall, BDA Layout, HSR Layout, Bengaluru, Karnataka 560102",12.908018,77.651948,Punjabi restaurant,,Ci9DQUlRQUNvZENodHljRjlvT2pkUGFUbG9kazFCYkdSa1ZWVjFjRlo0ZFMxMWFtYxAB,Kapoor's Cafe,Siddhant Ghosh,109142377885094016435,False,1,Rat was present in the food,0,a month ago,"{""food"": 1, ""service_rating"": 1, ""atmosphere"": 1}"
Kapoor's Cafe - HSR Branch,097392 67702,"WM42+62M, 337, 27th Main, Sector 2 HSR Layout Opposite KLM Shopping Mall, BDA Layout, HSR Layout, Bengaluru, Karnataka 560102",12.908018,77.651948,Punjabi restaurant,,Ci9DQUlRQUNvZENodHljRjlvT201Q01sSkpNVEpzVUUxVFRVbGljMmRFY1dWaVQyYxAB,Kapoor's Cafe,Shantanu Upadhayay,114434739681301533183,False,5,,0,a month ago,
Kapoor's Cafe - HSR Branch,097392 67702,"WM42+62M, 337, 27th Main, Sector 2 HSR Layout Opposite KLM Shopping Mall, BDA Layout, HSR Layout, Bengaluru, Karnataka 560102",12.908018,77.651948,Punjabi restaurant,,Ci9DQUlRQUNvZENodHljRjlvT2t4b1JqTkVhRkoyYjNoQ1NIa3RTR3d3VDBscFVIYxAB,Kapoor's Cafe,Amit Srivastava,116514200791419083515,False,1,"Unhygienic service, Food is overpriced, Ambience is below average.",0,a month ago,
Kapoor's Cafe - HSR Branch,097392 67702,"WM42+62M, 337, 27th Main, Sector 2 HSR Layout Opposite KLM Shopping Mall, BDA Layout, HSR Layout, Bengaluru, Karnataka 560102",12.908018,77.651948,Punjabi restaurant,,Ci9DQUlRQUNvZENodHljRjlvT25nMWIzSjVhRk5MZEdsaFdUbERhVjlGVUV0RFVtYxAB,Kapoor's Cafe,sandesh T S,111646565712558384674,True,4,,0,a month ago,"{""food"": 3, ""service_rating"": 3, ""atmosphere"": 2}"
Kapoor's Cafe - HSR Branch,097392 67702,"WM42+62M, 337, 27th Main, Sector 2 HSR Layout Opposite KLM Shopping Mall, BDA Layout, HSR Layout, Bengaluru, Karnataka 560102",12.908018,77.651948,Punjabi restaurant,,ChZDSUhNMG9nS0VJQ0FnSURSbjY2eElBEAE,Kapoor's Cafe,Debashish Chakraborty,110478281752354896727,True,3,"We went 3/4 times in past. In the recent time I went on a Saturday morning.  Around 9 40am.  Though the resturant is open, but nothing is ready and no one is ready to serve. The waiters are eagerly waiting for you to leave. What ever you ask, they will respond not ready, it will be ready after 1 hr.  After we decided to leave I felt from their facial expressions - they were relieved.  Poor hygiene, which i observed earlier also, price is exorbitant. It doesn’t taste anything extraordinary for this price.",0,Edited a month ago,"{""food"": 4, ""service_rating"": 2, ""atmosphere"": 2}"
Kapoor's Cafe - HSR Branch,097392 67702,"WM42+62M, 337, 27th Main, Sector 2 HSR Layout Opposite KLM Shopping Mall, BDA Layout, HSR Layout, Bengaluru, Karnataka 560102",12.908018,77.651948,Punjabi restaurant,,Ci9DQUlRQUNvZENodHljRjlvT2pFeGRYSm9kVlJPUkZWb00xWXhNVmhMZVRoNlptYxAB,Kapoor's Cafe,S B,101442221236629199842,False,1,"We are based near HSR and have been regular patrons for Punjabi food, but recent experiences at Kapoor cafe has been disappointing. Food quality and hygiene have declined noticeably, even as prices have steadily increased.  On our latest visit, we ordered chole bature for ₹280 a plate—everyone ended up with an upset stomach, and the bature itself was below standard.  It is concerning to see such a gap between pricing and quality, with little focus on maintaining basic hygiene and consistency.",0,a month ago,"{""food"": 1, ""service_rating"": 2, ""atmosphere"": 3}"
Kapoor's Cafe - HSR Branch,097392 67702,"WM42+62M, 337, 27th Main, Sector 2 HSR Layout Opposite KLM Shopping Mall, BDA Layout, HSR Layout, Bengaluru, Karnataka 560102",12.908018,77.651948,Punjabi restaurant,,Ci9DQUlRQUNvZENodHljRjlvT25WVWJEWlVObmhXWm1KUmVVRlljRUl0UldGUlVrRRAB,Kapoor's Cafe,Abhishek Raj,100705002441165369527,True,1,Doesnt open till late in the afternoon. Rude staff. Mediocre food.,0,a month ago,"{""food"": 1, ""service_rating"": 2, ""atmosphere"": 1, ""wait_time"": ""30-60 min""}"
Kapoor's Cafe - HSR Branch,097392 67702,"WM42+62M, 337, 27th Main, Sector 2 HSR Layout Opposite KLM Shopping Mall, BDA Layout, HSR Layout, Bengaluru, Karnataka 560102",12.908018,77.651948,Punjabi restaurant,,Ci9DQUlRQUNvZENodHljRjlvT2toWk1scHVWVVE0VmpGR2MwbElUek4zVjNJeU9HYxAB,Kapoor's Cafe,MM Anil,103817318542012164095,False,1,Worst service ever,0,a month ago,
Kapoor's Cafe - HSR Branch,097392 67702,"WM42+62M, 337, 27th Main, Sector 2 HSR Layout Opposite KLM Shopping Mall, BDA Layout, HSR Layout, Bengaluru, Karnataka 560102",12.908018,77.651948,Punjabi restaurant,,Ci9DQUlRQUNvZENodHljRjlvT21OcE1qaFVPV1ZITm14amRHazFTVzl1VkVGQmMzYxAB,Kapoor's Cafe,Ayush Tripathi,111613944125341245424,False,1,I order kadhi from zomato 600ML for around 350. Rs and they are sending miss leading quantity and have bad taste. Its around 400ML only and very very less pakodi like kadhi is cheapest thing to make and they are looting customer. Zomato also there is no way to talk with support,0,a month ago,"{""meal_type"": ""Dinner"", ""price_per_person"": ""₹200–400"", ""food"": 1, ""service_rating"": 1, ""atmosphere"": 5}"
Kapoor's Cafe - HSR Branch,097392 67702,"WM42+62M, 337, 27th Main, Sector 2 HSR Layout Opposite KLM Shopping Mall, BDA Layout, HSR Layout, Bengaluru, Karnataka 560102",12.908018,77.651948,Punjabi restaurant,,ChdDSUhNMG9nS0VJQ0FnSUQ1aUpxRGtBRRAB,Kapoor's Cafe,DILIP KUSHWAHA,100009545860612304396,True,1,"Overhyped places. Food quality is too bad. We ordered kadai paneer combo, paneer pakoda and gobi onion paratha.  Pakoda was brought in 2 minutes after order. It was dry and taste was very average.  Paratha was quite big and not cooked properly from sides.  Kadai paneer was just too spicy without much of taste, and caused stomach burning entire next day. Tawa roti was very thick, dipped in too much oil.  Overall, not worth the hype and price.",0,Edited a month ago,"{""dining_mode"": ""Dine in"", ""meal_type"": ""Dinner"", ""price_per_person"": ""₹400–600"", ""food"": 1, ""service_rating"": 3, ""atmosphere"": 3, ""group_size"": ""3-4 people"", ""wait_time"": ""Up to 10 min""}"
Kapoor's Cafe - HSR Branch,097392 67702,"WM42+62M, 337, 27th Main, Sector 2 HSR Layout Opposite KLM Shopping Mall, BDA Layout, HSR Layout, Bengaluru, Karnataka 560102",12.908018,77.651948,Punjabi restaurant,,Ci9DQUlRQUNvZENodHljRjlvT2t0dE9GcFdiMkZUUlZKS2FqazFjSFJaWWs5dmEwRRAB,Kapoor's Cafe,Peter Anthonie,110366682812211790907,True,3,,0,a month ago,
Kapoor's Cafe - HSR Branch,097392 67702,"WM42+62M, 337, 27th Main, Sector 2 HSR Layout Opposite KLM Shopping Mall, BDA Layout, HSR Layout, Bengaluru, Karnataka 560102",12.908018,77.651948,Punjabi restaurant,,Ci9DQUlRQUNvZENodHljRjlvT2sxR2NHRklOMU5oVTJnNVJFZEpYMjFRYTJReFduYxAB,Kapoor's Cafe,Adrian redy,107235637276236228567,False,3,,0,a month ago,"{""price_per_person"": ""₹400–600"", ""food"": 3, ""service_rating"": 3, ""atmosphere"": 4}"
Kapoor's Cafe - HSR Branch,097392 67702,"WM42+62M, 337, 27th Main, Sector 2 HSR Layout Opposite KLM Shopping Mall, BDA Layout, HSR Layout, Bengaluru, Karnataka 560102",12.908018,77.651948,Punjabi restaurant,,Ci9DQUlRQUNvZENodHljRjlvT2taTVNraFdaazV3VmtsMVpITmFVakoyV20xRU1YYxAB,Kapoor's Cafe,HIMABINDU MATTA,112033304695927289492,False,5,"Great great chole bhature, loved the vibe",0,a month ago,"{""meal_type"": ""Dinner"", ""price_per_person"": ""₹1,400–1,600"", ""food"": 5, ""service_rating"": 5, ""atmosphere"": 5, ""group_size"": ""3-4 people"", ""wait_time"": ""No wait""}"
Kapoor's Cafe - HSR Branch,097392 67702,"WM42+62M, 337, 27th Main, Sector 2 HSR Layout Opposite KLM Shopping Mall, BDA Layout, HSR Layout, Bengaluru, Karnataka 560102",12.908018,77.651948,Punjabi restaurant,,Ci9DQUlRQUNvZENodHljRjlvT2t3eFIyRklhVEEzU0dGYVJWWXlkVkp0YURBelpHYxAB,Kapoor's Cafe,Sathish reddy Reddy,118428514531003743284,True,4,,0,a month ago,
Kapoor's Cafe - HSR Branch,097392 67702,"WM42+62M, 337, 27th Main, Sector 2 HSR Layout Opposite KLM Shopping Mall, BDA Layout, HSR Layout, Bengaluru, Karnataka 560102",12.908018,77.651948,Punjabi restaurant,,Ci9DQUlRQUNvZENodHljRjlvT2pOMVptRXlTbUZMWTJKVk9HRklkMU56YmxwbVoxRRAB,Kapoor's Cafe,DARPAN JAIN,109312915509802461075,True,4,,0,a month ago,"{""meal_type"": ""Lunch"", ""price_per_person"": ""₹200–400"", ""food"": 4, ""service_rating"": 3, ""atmosphere"": 4, ""noise_level"": ""Quiet, easy to talk"", ""wait_time"": ""No wait"", ""vegetarian_recommendation"": ""Highly recommend"", ""vegetarian_offerings"": ""Menu is all vegetarian"", ""parking_options"": ""Free street parking""}"
Kapoor's Cafe - HSR Branch,097392 67702,"WM42+62M, 337, 27th Main, Sector 2 HSR Layout Opposite KLM Shopping Mall, BDA Layout, HSR Layout, Bengaluru, Karnataka 560102",12.908018,77.651948,Punjabi restaurant,,Ci9DQUlRQUNvZENodHljRjlvT21kSk5ubDFja05wUkdzNWEyaG5UV3ByUjFRdFpsRRAB,Kapoor's Cafe,Mukesh Maheshwari,102084357837910233501,True,4,Good service and food,0,a month ago,
Kapoor's Cafe - HSR Branch,097392 67702,"WM42+62M, 337, 27th Main, Sector 2 HSR Layout Opposite KLM Shopping Mall, BDA Layout, HSR Layout, Bengaluru, Karnataka 560102",12.908018,77.651948,Punjabi restaurant,,Ci9DQUlRQUNvZENodHljRjlvT2taVmFXSjZjR3cxTTJKd1prSk5NMjFKVEhsU2FsRRAB,Kapoor's Cafe,Tj,102010124436890534503,True,4,The food was delicious and paratha very filling and tasty. The lassi is quite thick and satiating. The entire Dhabha vibe is unique and brings back memories of long highway travel breaks with similar seating arrangements.,0,a month ago,"{""meal_type"": ""Dinner"", ""price_per_person"": ""₹400–600"", ""food"": 5, ""service_rating"": 4, ""atmosphere"": 4, ""group_size"": ""3-4 people, 5-8 people"", ""wait_time"": ""No wait"", ""vegetarian_recommendation"": ""Highly recommend"", ""vegetarian_offerings"": ""Large vegetarian selection"", ""parking_space"": ""Somewhat difficult to find parking"", ""parking_options"": ""Free street parking""}"
Kapoor's Cafe - HSR Branch,097392 67702,"WM42+62M, 337, 27th Main, Sector 2 HSR Layout Opposite KLM Shopping Mall, BDA Layout, HSR Layout, Bengaluru, Karnataka 560102",12.908018,77.651948,Punjabi restaurant,,Ci9DQUlRQUNvZENodHljRjlvT21VdFZXZGZjMjFoVHpWb1JUSjZhekZEU0RSRlpVRRAB,Kapoor's Cafe,Akash Kademani,108009916823186262425,False,4,,0,2 months ago,"{""meal_type"": ""Dinner""}"
Kapoor's Cafe - HSR Branch,097392 67702,"WM42+62M, 337, 27th Main, Sector 2 HSR Layout Opposite KLM Shopping Mall, BDA Layout, HSR Layout, Bengaluru, Karnataka 560102",12.908018,77.651948,Punjabi restaurant,,Ci9DQUlRQUNvZENodHljRjlvT21KblZsOWFUbFJwVTNaQk4wdzRiRWxOUmxCamEyYxAB,Kapoor's Cafe,amal kishore,100188229721457698155,True,1,This is the most non authentic punjabi food place!! I mean kuch b bana k bech rahe hain punjabi or Delhi k naam par!! Not recommended at all!!,0,2 months ago,"{""food"": 1, ""service_rating"": 1, ""atmosphere"": 1}"
Kapoor's Cafe - HSR Branch,097392 67702,"WM42+62M, 337, 27th Main, Sector 2 HSR Layout Opposite KLM Shopping Mall, BDA Layout, HSR Layout, Bengaluru, Karnataka 560102",12.908018,77.651948,Punjabi restaurant,,Ci9DQUlRQUNvZENodHljRjlvT21GWU0zZzVPWEpTVFRNeWRFSjVSM2xUZEZWV2RXYxAB,Kapoor's Cafe,Aravind V,106163385747542489572,True,4,Clean with reasonable rates and good taste.,0,2 months ago,"{""meal_type"": ""Lunch"", ""price_per_person"": ""₹200–400"", ""food"": 4, ""service_rating"": 4, ""atmosphere"": 4}"
Kapoor's Cafe - HSR Branch,097392 67702,"WM42+62M, 337, 27th Main, Sector 2 HSR Layout Opposite KLM Shopping Mall, BDA Layout, HSR Layout, Bengaluru, Karnataka 560102",12.908018,77.651948,Punjabi restaurant,,Ci9DQUlRQUNvZENodHljRjlvT2xGR1lXTkNiVXRrUmpkME1VMVNWamhqZURacFNVRRAB,Kapoor's Cafe,KING BITZz,113502885384482888311,False,5,"For lunch we had thali , it was pretty good.All veg but food and the ambience is good",0,2 months ago,"{""price_per_person"": ""₹400–600"", ""food"": 5, ""service_rating"": 5, ""atmosphere"": 5, ""noise_level"": ""Moderate noise"", ""wait_time"": ""No wait"", ""vegetarian_recommendation"": ""Highly recommend"", ""vegetarian_offerings"": ""Menu is all vegetarian""}"
Kapoor's Cafe - HSR Branch,097392 67702,"WM42+62M, 337, 27th Main, Sector 2 HSR Layout Opposite KLM Shopping Mall, BDA Layout, HSR Layout, Bengaluru, Karnataka 560102",12.908018,77.651948,Punjabi restaurant,,Ci9DQUlRQUNvZENodHljRjlvT25wbGR5MVpka1ZzTm1ab2RVVlJTbG81VDNkeFJtYxAB,Kapoor's Cafe,Prabhat Kumar,105585929697715664529,True,5,,0,2 months ago,"{""food"": 5, ""service_rating"": 5, ""atmosphere"": 4}"
Kapoor's Cafe - HSR Branch,097392 67702,"WM42+62M, 337, 27th Main, Sector 2 HSR Layout Opposite KLM Shopping Mall, BDA Layout, HSR Layout, Bengaluru, Karnataka 560102",12.908018,77.651948,Punjabi restaurant,,Ci9DQUlRQUNvZENodHljRjlvT2tZd1EyWjRNMjFqUVMxaVNGWndjRE5LZW1WNldrRRAB,Kapoor's Cafe,Sanjita Bose,110997977784850824676,True,5,,0,2 months ago,"{""meal_type"": ""Dinner"", ""food"": 5, ""service_rating"": 5, ""atmosphere"": 5, ""group_size"": ""Suitable for all group sizes"", ""wait_time"": ""Up to 10 min""}"
Kapoor's Cafe - HSR Branch,097392 67702,"WM42+62M, 337, 27th Main, Sector 2 HSR Layout Opposite KLM Shopping Mall, BDA Layout, HSR Layout, Bengaluru, Karnataka 560102",12.908018,77.651948,Punjabi restaurant,,Ci9DQUlRQUNvZENodHljRjlvT2xFM2FFSlZlRGN6YkZFd05VWlBXVTlpUkdaMmRrRRAB,Kapoor's Cafe,Apoorva Nedunoori,112354454894386108500,True,1,"The waiters were disinterested in taking the order or serving. We had to ask continuously for basic things like plates, spoons water etc.  The ambience wasn’t great as well.",0,2 months ago,"{""meal_type"": ""Lunch"", ""price_per_person"": ""₹1–200"", ""food"": 2, ""service_rating"": 1, ""atmosphere"": 1, ""group_size"": ""3-4 people"", ""wait_time"": ""No wait""}"
Kapoor's Cafe - HSR Branch,097392 67702,"WM42+62M, 337, 27th Main, Sector 2 HSR Layout Opposite KLM Shopping Mall, BDA Layout, HSR Layout, Bengaluru, Karnataka 560102",12.908018,77.651948,Punjabi restaurant,,Ci9DQUlRQUNvZENodHljRjlvT2xaSU1HZzBUV3huUXpaUmJqRk9Oa3R3YzE5R2VsRRAB,Kapoor's Cafe,Himadri Barad,110775501758616303639,False,1,"Worst food experience in Bangalore yet. Bad food, bad ambience, bad service. Would never visit again. We ordered paneer lababdar with laccha paratha and it was not at all ‘lababdar’ !!! Don’t visit the HSR outlet for your own good.",0,2 months ago,"{""meal_type"": ""Dinner"", ""price_per_person"": ""₹600–800"", ""food"": 1, ""service_rating"": 1, ""atmosphere"": 1, ""group_size"": ""1 person, Not sure"", ""wait_time"": ""1+ hour"", ""vegetarian_recommendation"": ""Would not recommend"", ""vegetarian_offerings"": ""Menu is all vegetarian"", ""parking_space"": ""Difficult to find parking"", ""parking_options"": ""Parking is unavailable""}"
Kapoor's Cafe - HSR Branch,097392 67702,"WM42+62M, 337, 27th Main, Sector 2 HSR Layout Opposite KLM Shopping Mall, BDA Layout, HSR Layout, Bengaluru, Karnataka 560102",12.908018,77.651948,Punjabi restaurant,,Ci9DQUlRQUNvZENodHljRjlvT25WeFEydGFTRUZtUVZSS1ZUSnZORkpaWjJkS1owRRAB,Kapoor's Cafe,ABHIJEET AWASTHI,112492180855625151611,False,1,,0,2 months ago,"{""price_per_person"": ""₹400–600"", ""food"": 1, ""service_rating"": 1, ""atmosphere"": 1}"
Kapoor's Cafe - HSR Branch,097392 67702,"WM42+62M, 337, 27th Main, Sector 2 HSR Layout Opposite KLM Shopping Mall, BDA Layout, HSR Layout, Bengaluru, Karnataka 560102",12.908018,77.651948,Punjabi restaurant,,Ci9DQUlRQUNvZENodHljRjlvT25Gd01tdDJMV05TZVhKelNWUlFUR1JIWlRFNVNtYxAB,Kapoor's Cafe,Pavan,111713160477494868016,True,4,Food is decent but very heavy for a normal human. It takes time to provide food. Be patient.,0,Edited 2 months ago,"{""meal_type"": ""Lunch"", ""price_per_person"": ""₹200–400"", ""food"": 4, ""service_rating"": 4, ""atmosphere"": 5, ""noise_level"": ""Quiet, easy to talk"", ""group_size"": ""5-8 people"", ""wait_time"": ""No wait"", ""vegetarian_recommendation"": ""Highly recommend"", ""vegetarian_offerings"": ""Menu is all vegetarian"", ""parking_space"": ""Difficult to find parking"", ""parking_options"": ""Free street parking""}"
Kapoor's Cafe - HSR Branch,097392 67702,"WM42+62M, 337, 27th Main, Sector 2 HSR Layout Opposite KLM Shopping Mall, BDA Layout, HSR Layout, Bengaluru, Karnataka 560102",12.908018,77.651948,Punjabi restaurant,,Ci9DQUlRQUNvZENodHljRjlvT21odlIyRmxaMnd5YTFkSmNubDZMVFZIWkZKb05FRRAB,Kapoor's Cafe,Archita Bhattacharyya,110781376093986155211,False,1,"Did not like the food. Quality of Kapoor cafe is deteriorating, service is poor. Order was not taken properly. I will not visit again .",0,2 months ago,
Kapoor's Cafe - HSR Branch,097392 67702,"WM42+62M, 337, 27th Main, Sector 2 HSR Layout Opposite KLM Shopping Mall, BDA Layout, HSR Layout, Bengaluru, Karnataka 560102",12.908018,77.651948,Punjabi restaurant,,Ci9DQUlRQUNvZENodHljRjlvT25Cb2NYTnFaVUY1VXpWbWFEUnNkVzlmUVVkaFNFRRAB,Kapoor's Cafe,Kunal Bhatt,113007558606732835641,True,4,,0,2 months ago,"{""service_rating"": 3, ""atmosphere"": 5, ""noise_level"": ""Very quiet""}"
Kapoor's Cafe - HSR Branch,097392 67702,"WM42+62M, 337, 27th Main, Sector 2 HSR Layout Opposite KLM Shopping Mall, BDA Layout, HSR Layout, Bengaluru, Karnataka 560102",12.908018,77.651948,Punjabi restaurant,,Ci9DQUlRQUNvZENodHljRjlvT25KbWIzaE1Rbk14T0Mxek4xUllXR2RTU0UxS1VFRRAB,Kapoor's Cafe,Saurav Kumar,100882714233499483415,False,3,,0,2 months ago,"{""food"": 3, ""service_rating"": 2, ""atmosphere"": 3}"
Kapoor's Cafe - HSR Branch,097392 67702,"WM42+62M, 337, 27th Main, Sector 2 HSR Layout Opposite KLM Shopping Mall, BDA Layout, HSR Layout, Bengaluru, Karnataka 560102",12.908018,77.651948,Punjabi restaurant,,Ci9DQUlRQUNvZENodHljRjlvT2toQ1R6WktNM2cyVkdFd1EwaExOazFoYUhSRGNsRRAB,Kapoor's Cafe,Sugandha kausik,114858507491250681271,False,2,"We went to Kapoor""s cafe recently. The food quality can be improved. The bowls serving the chutneys were dirty and unclean.. This place is over hyped. Too loud music for my liking. It gives a rustic vibe, however the village style seating arrangement is not comfortable for elders. They should improve the overall food quality or else they will not get repeat customers.  The overall hygeine needs improvement.",0,2 months ago,"{""meal_type"": ""Dinner"", ""food"": 2, ""service_rating"": 4, ""atmosphere"": 3}"
Kapoor's Cafe - HSR Branch,097392 67702,"WM42+62M, 337, 27th Main, Sector 2 HSR Layout Opposite KLM Shopping Mall, BDA Layout, HSR Layout, Bengaluru, Karnataka 560102",12.908018,77.651948,Punjabi restaurant,,Ci9DQUlRQUNvZENodHljRjlvT2tGWlkxY3RkRXhWYVRCYWJHRjZXbTQyVkdOd2VtYxAB,Kapoor's Cafe,Nandana Varshney,112050023832848586185,True,4,"We've been here two times and both times some part or the other of the order was mixed up. But the one, which does come correct is amazing and tasty (though feels a little overpriced compared to North India Dhabas). Go for the vibe and authentic taste of North India !",0,2 months ago,"{""meal_type"": ""Dinner"", ""price_per_person"": ""₹400–600"", ""food"": 4, ""service_rating"": 3, ""atmosphere"": 5, ""noise_level"": ""Moderate noise"", ""wait_time"": ""Up to 10 min"", ""vegetarian_recommendation"": ""Highly recommend"", ""vegetarian_offerings"": ""Menu is all vegetarian"", ""parking_space"": ""Not sure""}"
Kapoor's Cafe - HSR Branch,097392 67702,"WM42+62M, 337, 27th Main, Sector 2 HSR Layout Opposite KLM Shopping Mall, BDA Layout, HSR Layout, Bengaluru, Karnataka 560102",12.908018,77.651948,Punjabi restaurant,,Ci9DQUlRQUNvZENodHljRjlvT20xdE0zQlNjbTlRWlZwV1FtbHhaV1UyWTBkNVNVRRAB,Kapoor's Cafe,Sushen Sharma,108227565497463912900,True,3,Visit the restaurant for dinner. The sarso ka saag has a lot of salt . The kaju curry was just sweet and tasteless. Overall the food is very poor in taste .,0,2 months ago,"{""meal_type"": ""Lunch"", ""price_per_person"": ""₹1,600–1,800"", ""food"": 3, ""service_rating"": 2, ""atmosphere"": 2, ""noise_level"": ""Moderate noise"", ""wait_time"": ""No wait"", ""vegetarian_recommendation"": ""Would not recommend"", ""vegetarian_offerings"": ""Menu is all vegetarian"", ""parking_space"": ""Difficult to find parking"", ""parking_options"": ""Free street parking""}"
Kapoor's Cafe - HSR Branch,097392 67702,"WM42+62M, 337, 27th Main, Sector 2 HSR Layout Opposite KLM Shopping Mall, BDA Layout, HSR Layout, Bengaluru, Karnataka 560102",12.908018,77.651948,Punjabi restaurant,,Ci9DQUlRQUNvZENodHljRjlvT2todFZuTkdXVWwzVlRkeWRFUXlPRGxNYTJ0Wk1uYxAB,Kapoor's Cafe,Suraj Kumar,108967013426761878777,True,5,"What to say. No words. Its just AWESOME 😎. Almost Everything is great here but A must try for aalu paratha, chas, chole Puri and so on..",0,2 months ago,"{""food"": 5, ""service_rating"": 5, ""atmosphere"": 5}"
Kapoor's Cafe - HSR Branch,097392 67702,"WM42+62M, 337, 27th Main, Sector 2 HSR Layout Opposite KLM Shopping Mall, BDA Layout, HSR Layout, Bengaluru, Karnataka 560102",12.908018,77.651948,Punjabi restaurant,,Ci9DQUlRQUNvZENodHljRjlvT21sQlRHUlNabFZ0UVRWS1YwUnlXakE1WVMxU1lXYxAB,Kapoor's Cafe,Malavika Mohan,115716844781255526527,False,1,"Bad food, poor service, pathetic hygiene.",0,2 months ago,"{""meal_type"": ""Dinner"", ""price_per_person"": ""₹200–400"", ""food"": 1, ""service_rating"": 1, ""atmosphere"": 1, ""group_size"": ""3-4 people"", ""wait_time"": ""No wait""}"
Kapoor's Cafe - HSR Branch,097392 67702,"WM42+62M, 337, 27th Main, Sector 2 HSR Layout Opposite KLM Shopping Mall, BDA Layout, HSR Layout, Bengaluru, Karnataka 560102",12.908018,77.651948,Punjabi restaurant,,Ci9DQUlRQUNvZENodHljRjlvT2t0MlpGcElURFpWU21kMU4yVlRlRWh4ZEVOWVRVRRAB,Kapoor's Cafe,sharat chandra,103174070130318993516,True,4,,0,2 months ago,
Kapoor's Cafe - HSR Branch,097392 67702,"WM42+62M, 337, 27th Main, Sector 2 HSR Layout Opposite KLM Shopping Mall, BDA Layout, HSR Layout, Bengaluru, Karnataka 560102",12.908018,77.651948,Punjabi restaurant,,Ci9DQUlRQUNvZENodHljRjlvT21sUVMwOVFaMTl4VlhGRVJHdFFOMlZMZFVWUlkzYxAB,Kapoor's Cafe,গ্রামের ছেলে ভাইপো,102673673950071684936,False,2,,0,3 months ago,"{""meal_type"": ""Lunch"", ""food"": 2, ""service_rating"": 1, ""atmosphere"": 2, ""noise_level"": ""Very loud, hard to hear"", ""wait_time"": ""No wait"", ""parking_space"": ""Plenty of parking""}"
Kapoor's Cafe - HSR Branch,097392 67702,"WM42+62M, 337, 27th Main, Sector 2 HSR Layout Opposite KLM Shopping Mall, BDA Layout, HSR Layout, Bengaluru, Karnataka 560102",12.908018,77.651948,Punjabi restaurant,,Ci9DQUlRQUNvZENodHljRjlvT25OclptVlFabUkzZUZGamNXbExaRTV2WTNoV2ExRRAB,Kapoor's Cafe,Abhishek Tomar,109262600955711982815,False,1,"Unnecessarily spicy low quality food. We ordered paratha and it was below average. On top of that, restraunt added service charges and was not ready to remove it",0,3 months ago,
Kapoor's Cafe - HSR Branch,097392 67702,"WM42+62M, 337, 27th Main, Sector 2 HSR Layout Opposite KLM Shopping Mall, BDA Layout, HSR Layout, Bengaluru, Karnataka 560102",12.908018,77.651948,Punjabi restaurant,,Ci9DQUlRQUNvZENodHljRjlvT25wcVRUaDNObHByYVdFM0xWWjZVakZuV2tWRVIzYxAB,Kapoor's Cafe,Hrishikesh Dixit,104836621829524349564,True,5,,0,3 months ago,"{""meal_type"": ""Brunch"", ""price_per_person"": ""₹200–400"", ""food"": 5, ""service_rating"": 5, ""atmosphere"": 5, ""noise_level"": ""Quiet, easy to talk"", ""wait_time"": ""Up to 10 min"", ""parking_space"": ""Somewhat difficult to find parking"", ""parking_options"": ""Free street parking""}"
Kapoor's Cafe - HSR Branch,097392 67702,"WM42+62M, 337, 27th Main, Sector 2 HSR Layout Opposite KLM Shopping Mall, BDA Layout, HSR Layout, Bengaluru, Karnataka 560102",12.908018,77.651948,Punjabi restaurant,,Ci9DQUlRQUNvZENodHljRjlvT2s1c1RuZE9MVUZvTFV0R1gyc3dSV0pmVkdOMldGRRAB,Kapoor's Cafe,Harshal Tayal,116291791537335134389,False,4,"Their Pindi Chole Bhature are a must-try. Hands down the best chole bhature I have had in Bangalore. This place has set the bar really high for me, it’s going to be difficult to find another spot that matches these flavors. Highly recommended!",0,3 months ago,
Kapoor's Cafe - HSR Branch,097392 67702,"WM42+62M, 337, 27th Main, Sector 2 HSR Layout Opposite KLM Shopping Mall, BDA Layout, HSR Layout, Bengaluru, Karnataka 560102",12.908018,77.651948,Punjabi restaurant,,Ci9DQUlRQUNvZENodHljRjlvT2pKT2VVaE9aRGR2UlhCRGQwbzNTVko1UlZWYVRuYxAB,Kapoor's Cafe,Tilak B N,103820177135312271001,True,4,"Good for family and friends for dinner ,,prices seems a bit higher but understandeble.",0,3 months ago,
Kapoor's Cafe - HSR Branch,097392 67702,"WM42+62M, 337, 27th Main, Sector 2 HSR Layout Opposite KLM Shopping Mall, BDA Layout, HSR Layout, Bengaluru, Karnataka 560102",12.908018,77.651948,Punjabi restaurant,,Ci9DQUlRQUNvZENodHljRjlvT25KS1JtSmZZM1JzWlhWb1RrbzJhRGxzYXprdFZYYxAB,Kapoor's Cafe,utkarsh visen,102392408661378421171,True,1,Over hyped.....very normal food and taste,0,3 months ago,"{""food"": 1, ""service_rating"": 1, ""atmosphere"": 1}"
Kapoor's Cafe - HSR Branch,097392 67702,"WM42+62M, 337, 27th Main, Sector 2 HSR Layout Opposite KLM Shopping Mall, BDA Layout, HSR Layout, Bengaluru, Karnataka 560102",12.908018,77.651948,Punjabi restaurant,,Ci9DQUlRQUNvZENodHljRjlvT2xGWU5EZGtlSGxJT0ZRdGFFZzJTbEpsZUhsRlZuYxAB,Kapoor's Cafe,Shweta Munot,116978035267419559859,True,5,,0,3 months ago,"{""food"": 5, ""service_rating"": 5, ""atmosphere"": 5}"
Kapoor's Cafe - HSR Branch,097392 67702,"WM42+62M, 337, 27th Main, Sector 2 HSR Layout Opposite KLM Shopping Mall, BDA Layout, HSR Layout, Bengaluru, Karnataka 560102",12.908018,77.651948,Punjabi restaurant,,Ci9DQUlRQUNvZENodHljRjlvT2pVeGNrcHBYMDVwYkdOR1QxOUVOekp2U2xWME1VRRAB,Kapoor's Cafe,Jaidev Kamath,107947383680256321693,True,5,Good food but it's expensive and the service is slow,0,3 months ago,"{""meal_type"": ""Dinner"", ""price_per_person"": ""₹200–400"", ""food"": 5, ""service_rating"": 4, ""atmosphere"": 3}"
Kapoor's Cafe - HSR Branch,097392 67702,"WM42+62M, 337, 27th Main, Sector 2 HSR Layout Opposite KLM Shopping Mall, BDA Layout, HSR Layout, Bengaluru, Karnataka 560102",12.908018,77.651948,Punjabi restaurant,,ChdDSUhNMG9nS0VJQ0FnSUNJbnJ6UWtBRRAB,Kapoor's Cafe,Tousif,107412046278155413704,True,3,Best place to hangout with friends,0,Edited 3 months ago,
Kapoor's Cafe - HSR Branch,097392 67702,"WM42+62M, 337, 27th Main, Sector 2 HSR Layout Opposite KLM Shopping Mall, BDA Layout, HSR Layout, Bengaluru, Karnataka 560102",12.908018,77.651948,Punjabi restaurant,,Ci9DQUlRQUNvZENodHljRjlvT2tkWGNEZGtNblZIWkZKUFRFdzJORWczVGtGRWJHYxAB,Kapoor's Cafe,Sivani C Nair,104440112590235773032,True,5,,0,3 months ago,"{""meal_type"": ""Dinner"", ""price_per_person"": ""₹600–800"", ""food"": 5, ""service_rating"": 5, ""atmosphere"": 5, ""noise_level"": ""Moderate noise"", ""group_size"": ""Suitable for all group sizes"", ""vegetarian_recommendation"": ""Highly recommend"", ""vegetarian_offerings"": ""Large vegetarian selection, Vegetarian menu or section, Clearly labeled vegetarian dishes""}"
Kapoor's Cafe - HSR Branch,097392 67702,"WM42+62M, 337, 27th Main, Sector 2 HSR Layout Opposite KLM Shopping Mall, BDA Layout, HSR Layout, Bengaluru, Karnataka 560102",12.908018,77.651948,Punjabi restaurant,,Ci9DQUlRQUNvZENodHljRjlvT2xoV1VEa3lVSE5WTWxObWNYSllhSEJ3YkRCWlUyYxAB,Kapoor's Cafe,Rushabh Shah,108115748222718208667,False,5,,0,3 months ago,"{""food"": 5, ""service_rating"": 5, ""atmosphere"": 5}"
Kapoor's Cafe - HSR Branch,097392 67702,"WM42+62M, 337, 27th Main, Sector 2 HSR Layout Opposite KLM Shopping Mall, BDA Layout, HSR Layout, Bengaluru, Karnataka 560102",12.908018,77.651948,Punjabi restaurant,,Ci9DQUlRQUNvZENodHljRjlvT2xkSVRqRjVNbUZ3ZVROelJXZFpYek5ZVG5waVVsRRAB,Kapoor's Cafe,Samartha G,109734022263275946961,True,4,Nice,0,3 months ago,"{""food"": 3, ""service_rating"": 3, ""atmosphere"": 3}"
Kapoor's Cafe - HSR Branch,097392 67702,"WM42+62M, 337, 27th Main, Sector 2 HSR Layout Opposite KLM Shopping Mall, BDA Layout, HSR Layout, Bengaluru, Karnataka 560102",12.908018,77.651948,Punjabi restaurant,,Ci9DQUlRQUNvZENodHljRjlvT201YWRtVnFXWE5ZYUVJMVdXTm5OMHBzVm1GTk5GRRAB,Kapoor's Cafe,manish badal,101571248879697603017,True,5,,0,3 months ago,"{""meal_type"": ""Lunch"", ""price_per_person"": ""₹200–400"", ""group_size"": ""3-4 people"", ""wait_time"": ""No wait"", ""vegetarian_recommendation"": ""Highly recommend""}"
Kapoor's Cafe - HSR Branch,097392 67702,"WM42+62M, 337, 27th Main, Sector 2 HSR Layout Opposite KLM Shopping Mall, BDA Layout, HSR Layout, Bengaluru, Karnataka 560102",12.908018,77.651948,Punjabi restaurant,,Ci9DQUlRQUNvZENodHljRjlvT25kRWRrOU5WSGRYVFRaMVNYaGpaWGc1VTNwTFdWRRAB,Kapoor's Cafe,Sanket Mendon,102958728706248982991,True,1,"Third class restaurant. The service was pathetic. As if they haven't been paid for months and are held hostage. Asked the waiter to make the food a bit less spicy. He was staring us as if we asked for his organs. Aadha time to usko samjhane me nikal gaya. The food is a blunder. The mix veg gravy was like some bad hostel food. The paratha had all the butter and no flavour. Ghee phulka order kiya but kabhi table tak pohocha he nahi. Starters were average. Subji itna ghatiya tha ki humne socha ye to kha nahi payenge to pack Kara lete hai, kam se kam Kutte ko khila denge. Lekin vo ghade waiter ne usko plastic box me daldiya bina tape lagaye. Ghar pohochte sari subzi bahar gir gayi. It was like God was telling us ki itna ghatiya khana to mai Kutte ko bhi nahi khane dunga. The only thing about this place is its fake dhaba type vibes. Rest everything went downhill. Avoid at all costs.",0,3 months ago,"{""meal_type"": ""Dinner"", ""price_per_person"": ""₹1,200–1,400"", ""food"": 1, ""service_rating"": 1, ""atmosphere"": 1, ""group_size"": ""3-4 people"", ""wait_time"": ""No wait"", ""vegetarian_recommendation"": ""Would not recommend"", ""vegetarian_offerings"": ""Large vegetarian selection"", ""parking_space"": ""Difficult to find parking"", ""parking_options"": ""Free street parking""}"
Kapoor's Cafe - HSR Branch,097392 67702,"WM42+62M, 337, 27th Main, Sector 2 HSR Layout Opposite KLM Shopping Mall, BDA Layout, HSR Layout, Bengaluru, Karnataka 560102",12.908018,77.651948,Punjabi restaurant,,Ci9DQUlRQUNvZENodHljRjlvT2xSS1drTjNaSEJ0TURWWFZ6UmlhazVsUTI5dGVFRRAB,Kapoor's Cafe,Nikitha Karkera,110747726228922437248,False,1,,0,3 months ago,
Kapoor's Cafe - HSR Branch,097392 67702,"WM42+62M, 337, 27th Main, Sector 2 HSR Layout Opposite KLM Shopping Mall, BDA Layout, HSR Layout, Bengaluru, Karnataka 560102",12.908018,77.651948,Punjabi restaurant,,Ci9DQUlRQUNvZENodHljRjlvT2xsME0yMURiSFZRUm1OYVdWVlhiR1pvTm5Ga1RYYxAB,Kapoor's Cafe,Athulya Jayakumar,101700351066212558070,True,4,,0,3 months ago,"{""meal_type"": ""Dinner"", ""price_per_person"": ""₹200–400"", ""food"": 4, ""service_rating"": 2, ""atmosphere"": 3, ""group_size"": ""3-4 people"", ""wait_time"": ""No wait"", ""vegetarian_recommendation"": ""Highly recommend"", ""vegetarian_offerings"": ""Menu is all vegetarian"", ""parking_space"": ""Difficult to find parking"", ""parking_options"": ""Free street parking""}"
Kapoor's Cafe - HSR Branch,097392 67702,"WM42+62M, 337, 27th Main, Sector 2 HSR Layout Opposite KLM Shopping Mall, BDA Layout, HSR Layout, Bengaluru, Karnataka 560102",12.908018,77.651948,Punjabi restaurant,,Ci9DQUlRQUNvZENodHljRjlvT21Kd1NuTkVTVVEyTkZKb01rNWlibGw1WDJkbGFVRRAB,Kapoor's Cafe,Himanshu Sharma,114064959823828651966,True,4,,0,3 months ago,
Kapoor's Cafe - HSR Branch,097392 67702,"WM42+62M, 337, 27th Main, Sector 2 HSR Layout Opposite KLM Shopping Mall, BDA Layout, HSR Layout, Bengaluru, Karnataka 560102",12.908018,77.651948,Punjabi restaurant,,Ci9DQUlRQUNvZENodHljRjlvT25saFQzTXlTVVJTVFRaMGNqWlJUMlJ4YTJRNFJGRRAB,Kapoor's Cafe,Ishan,103766028767975673305,False,5,,0,3 months ago,"{""food"": 5, ""service_rating"": 5, ""atmosphere"": 5}"
Kapoor's Cafe - HSR Branch,097392 67702,"WM42+62M, 337, 27th Main, Sector 2 HSR Layout Opposite KLM Shopping Mall, BDA Layout, HSR Layout, Bengaluru, Karnataka 560102",12.908018,77.651948,Punjabi restaurant,,Ci9DQUlRQUNvZENodHljRjlvT2xBM2RtWlhSRmRSWlZwMWNrY3hPRnBGYjJ0eFZXYxAB,Kapoor's Cafe,Rishabh Raj,115507240315477714768,False,5,really liked the maharaja thal being a north indian. chhole could have been better. but bedmi puri and lassi were 🤌🏼,0,3 months ago,"{""meal_type"": ""Lunch"", ""price_per_person"": ""₹400–600"", ""food"": 5, ""service_rating"": 5, ""atmosphere"": 5, ""noise_level"": ""Quiet, easy to talk"", ""wait_time"": ""No wait""}"
Kapoor's Cafe - HSR Branch,097392 67702,"WM42+62M, 337, 27th Main, Sector 2 HSR Layout Opposite KLM Shopping Mall, BDA Layout, HSR Layout, Bengaluru, Karnataka 560102",12.908018,77.651948,Punjabi restaurant,,Ci9DQUlRQUNvZENodHljRjlvT2xWd01XRnBWREY2VEVZd1pYbHJNMmh4V205M2MzYxAB,Kapoor's Cafe,Akhila Pai,105219434528687720021,True,5,Great place.. great food as always!!,0,3 months ago,"{""meal_type"": ""Dinner"", ""group_size"": ""5-8 people"", ""wait_time"": ""Up to 10 min"", ""parking_space"": ""Somewhat difficult to find parking""}"
Kapoor's Cafe - HSR Branch,097392 67702,"WM42+62M, 337, 27th Main, Sector 2 HSR Layout Opposite KLM Shopping Mall, BDA Layout, HSR Layout, Bengaluru, Karnataka 560102",12.908018,77.651948,Punjabi restaurant,,Ci9DQUlRQUNvZENodHljRjlvT2tKUWFsTjFZWFJ2YkcxR1ZqUjNkbEF3YVd4NldFRRAB,Kapoor's Cafe,Vivek Gangwar,116985148936947313901,True,5,,0,3 months ago,
Kapoor's Cafe - HSR Branch,097392 67702,"WM42+62M, 337, 27th Main, Sector 2 HSR Layout Opposite KLM Shopping Mall, BDA Layout, HSR Layout, Bengaluru, Karnataka 560102",12.908018,77.651948,Punjabi restaurant,,Ci9DQUlRQUNvZENodHljRjlvT20xT2QwZE5WMFZ0YzI5V1oycG9SME5SVkZWemNGRRAB,Kapoor's Cafe,Sharang Limaye,109756909868750525304,True,4,The quantity of food served is way more than other such places.,0,3 months ago,"{""dining_mode"": ""Dine in"", ""meal_type"": ""Dinner"", ""price_per_person"": ""₹600–800"", ""food"": 4, ""service_rating"": 4, ""atmosphere"": 3, ""noise_level"": ""Moderate noise""}"
Kapoor's Cafe - HSR Branch,097392 67702,"WM42+62M, 337, 27th Main, Sector 2 HSR Layout Opposite KLM Shopping Mall, BDA Layout, HSR Layout, Bengaluru, Karnataka 560102",12.908018,77.651948,Punjabi restaurant,,Ci9DQUlRQUNvZENodHljRjlvT21kRmRIWkVia05PT0dOdExYWjRZM0p5WDNaYVpHYxAB,Kapoor's Cafe,SHARMA PV,109014135295539649291,True,5,Kapoor's cafe  HSR layout,0,3 months ago,"{""meal_type"": ""Lunch"", ""price_per_person"": ""₹200–400"", ""food"": 5, ""service_rating"": 5, ""atmosphere"": 5, ""group_size"": ""2 people, 3-4 people, 5-8 people, 9+ people, Suitable for all group sizes"", ""wait_time"": ""No wait"", ""vegetarian_recommendation"": ""Highly recommend"", ""vegetarian_offerings"": ""Menu is all vegetarian, Large vegetarian selection"", ""vegetarian_options"": ""More butter"", ""parking_space"": ""Somewhat difficult to find parking"", ""kid_friendliness"": ""Ok"", ""wheelchair_accessibility"": ""No""}"
Kapoor's Cafe - HSR Branch,097392 67702,"WM42+62M, 337, 27th Main, Sector 2 HSR Layout Opposite KLM Shopping Mall, BDA Layout, HSR Layout, Bengaluru, Karnataka 560102",12.908018,77.651948,Punjabi restaurant,,Ci9DQUlRQUNvZENodHljRjlvT25WT1VUZ3pVVXRtY0djNU1FMUdlbTVmUVVaQlIyYxAB,Kapoor's Cafe,Amitava Modak,115251957195397621041,True,1,"Very disappointing experience. Kapoor Cafe has completely gone to the dogs. It used to be so good 2 years back, but now the food quality is pathetic. We ordered butter masala—there was neither butter nor masala in it. Just a bland, tasteless gravy.  When we complained, the manager didn’t even bother to respond properly and gave us a look as if this is normal for them. No apology, no accountability.  This was my last visit. I’d rather eat at home—my maid cooks much better than this. Never going back.",0,3 months ago,"{""meal_type"": ""Lunch"", ""price_per_person"": ""₹2,000+"", ""food"": 1, ""service_rating"": 1, ""atmosphere"": 2, ""group_size"": ""3-4 people""}"
Kapoor's Cafe - HSR Branch,097392 67702,"WM42+62M, 337, 27th Main, Sector 2 HSR Layout Opposite KLM Shopping Mall, BDA Layout, HSR Layout, Bengaluru, Karnataka 560102",12.908018,77.651948,Punjabi restaurant,,Ci9DQUlRQUNvZENodHljRjlvT2paSFF6QTFSbW81ZEVka1NqQnRiRjl5TlMweVZrRRAB,Kapoor's Cafe,vidya Hebbar,107571749305206922516,True,3,"Its a punjabi style food. Phulka was not upto the mark it was thick and but hard. Malai kofta  i would recommend and we ordered bhindi masala, it was not upto the mark. Lassi was amazing. paneer pakora was okay. Felt bit pricy. I would say it's an average restaurant.",0,3 months ago,"{""meal_type"": ""Lunch"", ""food"": 4, ""service_rating"": 3, ""atmosphere"": 4}"
Kapoor's Cafe - HSR Branch,097392 67702,"WM42+62M, 337, 27th Main, Sector 2 HSR Layout Opposite KLM Shopping Mall, BDA Layout, HSR Layout, Bengaluru, Karnataka 560102",12.908018,77.651948,Punjabi restaurant,,Ci9DQUlRQUNvZENodHljRjlvT25SVWIwdzNhMEY0TjJ4TFpGRXdMVkZ3ZUVaSk9XYxAB,Kapoor's Cafe,PK TUNN,111640132887572633438,True,5,,0,3 months ago,"{""meal_type"": ""Dinner"", ""price_per_person"": ""₹400–600"", ""food"": 5, ""service_rating"": 5, ""atmosphere"": 5, ""group_size"": ""Suitable for all group sizes"", ""wait_time"": ""No wait"", ""vegetarian_recommendation"": ""Highly recommend"", ""vegetarian_offerings"": ""Menu is all vegetarian"", ""dietary_restrictions"": ""You may tell the waiter about any restrictions for specific recommendations."", ""parking_space"": ""Plenty of parking"", ""parking_options"": ""Free street parking"", ""parking_notes"": ""You'd find both Takhat Style Seating and Table Chair to choose from."", ""kid_friendliness"": ""Yes, this place is Kid Friendly."", ""wheelchair_accessibility"": ""The Slope is Wheelchair Accessible and there's a Lift there-on.""}"
Kapoor's Cafe - HSR Branch,097392 67702,"WM42+62M, 337, 27th Main, Sector 2 HSR Layout Opposite KLM Shopping Mall, BDA Layout, HSR Layout, Bengaluru, Karnataka 560102",12.908018,77.651948,Punjabi restaurant,,Ci9DQUlRQUNvZENodHljRjlvT25keVN6Um1NR3A2TW5wTFNIcFJaM1poYXpSVWFWRRAB,Kapoor's Cafe,A Priyanshu,111789586109836550291,True,5,,0,4 months ago,
Kapoor's Cafe - HSR Branch,097392 67702,"WM42+62M, 337, 27th Main, Sector 2 HSR Layout Opposite KLM Shopping Mall, BDA Layout, HSR Layout, Bengaluru, Karnataka 560102",12.908018,77.651948,Punjabi restaurant,,Ci9DQUlRQUNvZENodHljRjlvT25VdFZIWm9PRWN5ZVZVdFlsSkRMVFl0V1hGaGVWRRAB,Kapoor's Cafe,pritesh sakhi,106279569367486940705,True,4,,0,4 months ago,"{""meal_type"": ""Dinner"", ""price_per_person"": ""₹200–400"", ""food"": 4, ""service_rating"": 4, ""atmosphere"": 4, ""group_size"": ""3-4 people"", ""wait_time"": ""Up to 10 min""}"
Kapoor's Cafe - HSR Branch,097392 67702,"WM42+62M, 337, 27th Main, Sector 2 HSR Layout Opposite KLM Shopping Mall, BDA Layout, HSR Layout, Bengaluru, Karnataka 560102",12.908018,77.651948,Punjabi restaurant,,Ci9DQUlRQUNvZENodHljRjlvT2tGNWJGSndXRzl4U1ZCeFNqUm9PWGg2VlY5RE5GRRAB,Kapoor's Cafe,siddarth arali,103471565953557330685,False,3,,0,4 months ago,"{""food"": 4, ""service_rating"": 3, ""atmosphere"": 5}"
Kapoor's Cafe - HSR Branch,097392 67702,"WM42+62M, 337, 27th Main, Sector 2 HSR Layout Opposite KLM Shopping Mall, BDA Layout, HSR Layout, Bengaluru, Karnataka 560102",12.908018,77.651948,Punjabi restaurant,,Ci9DQUlRQUNvZENodHljRjlvT21wWk9HMW1SR1Y1TFRSR2RWUnRZekJ5Y1dsWFQyYxAB,Kapoor's Cafe,Priya Shukla,117697171027799201631,True,4,,0,4 months ago,"{""food"": 4, ""service_rating"": 4, ""atmosphere"": 4}"
Kapoor's Cafe - HSR Branch,097392 67702,"WM42+62M, 337, 27th Main, Sector 2 HSR Layout Opposite KLM Shopping Mall, BDA Layout, HSR Layout, Bengaluru, Karnataka 560102",12.908018,77.651948,Punjabi restaurant,,Ci9DQUlRQUNvZENodHljRjlvT2xwSFkwMUZlVUpQY2s5SVZXOTBSWEpPYjBWU1NFRRAB,Kapoor's Cafe,Sanjana Rao,102544817061416899930,True,4,,0,4 months ago,"{""food"": 5, ""service_rating"": 5, ""atmosphere"": 4}"
Kapoor's Cafe - HSR Branch,097392 67702,"WM42+62M, 337, 27th Main, Sector 2 HSR Layout Opposite KLM Shopping Mall, BDA Layout, HSR Layout, Bengaluru, Karnataka 560102",12.908018,77.651948,Punjabi restaurant,,Ci9DQUlRQUNvZENodHljRjlvT214WGQwTnBTRXREZFdoaldWQlhTbk5MU1ZsRlRuYxAB,Kapoor's Cafe,Siddhant Paikaray,102405553364048306565,True,5,,0,4 months ago,"{""meal_type"": ""Lunch"", ""price_per_person"": ""₹600–800"", ""food"": 5, ""service_rating"": 5, ""atmosphere"": 5, ""noise_level"": ""Quiet, easy to talk"", ""wait_time"": ""No wait"", ""vegetarian_recommendation"": ""Highly recommend"", ""vegetarian_offerings"": ""Menu is all vegetarian""}"
Kapoor's Cafe - HSR Branch,097392 67702,"WM42+62M, 337, 27th Main, Sector 2 HSR Layout Opposite KLM Shopping Mall, BDA Layout, HSR Layout, Bengaluru, Karnataka 560102",12.908018,77.651948,Punjabi restaurant,,Ci9DQUlRQUNvZENodHljRjlvT2pKa2RtVmhRVU5qTm5CeFFXbDFlVE10YzJOV2FIYxAB,Kapoor's Cafe,Mitesh Darda,107668699311234835485,False,5,"Tasty food,",0,4 months ago,"{""meal_type"": ""Dinner"", ""price_per_person"": ""₹400–600"", ""food"": 5, ""service_rating"": 5, ""atmosphere"": 5, ""noise_level"": ""Moderate noise"", ""wait_time"": ""No wait"", ""vegetarian_recommendation"": ""Highly recommend"", ""vegetarian_offerings"": ""Menu is all vegetarian""}"
Kapoor's Cafe - HSR Branch,097392 67702,"WM42+62M, 337, 27th Main, Sector 2 HSR Layout Opposite KLM Shopping Mall, BDA Layout, HSR Layout, Bengaluru, Karnataka 560102",12.908018,77.651948,Punjabi restaurant,,Ci9DQUlRQUNvZENodHljRjlvT2paTGRFZGxWVlk0ZEZoS2IxWTRZWFJUV1hCWldrRRAB,Kapoor's Cafe,Shikha Nair,103194788535477189144,True,1,"Visited Kapoor’s Cafe, HSR Layout today and had a very unpleasant experience. Despite arriving first (FIFO matters!), an elderly man at the billing counter forced me and my husband to vacate our table to favor another couple. We were asked to sit on a charpai (woven cot) even after clearly explaining a back issue. Instead of handling it politely, he gave lectures on “respecting elders” while being rude and dismissive. Ironically, the elderly couple themselves were okay to wait, and we even offered to share the table — but that was refused with excuses like “billing issue”. Being asked to get up from the table we occupied first, especially on New Year, is unacceptable. Not sure if he was the manager, but this behavior reflects poor customer service and blatant favoritism. @Kapoor’s Cafe — Respect should apply to all customers, not selective ones. Shameful experience.",0,4 months ago,"{""food"": 4, ""service_rating"": 1}"
Kapoor's Cafe - HSR Branch,097392 67702,"WM42+62M, 337, 27th Main, Sector 2 HSR Layout Opposite KLM Shopping Mall, BDA Layout, HSR Layout, Bengaluru, Karnataka 560102",12.908018,77.651948,Punjabi restaurant,,Ci9DQUlRQUNvZENodHljRjlvT21aVGVubHBTa3hWUVdSWFMxa3hRMEY0UjNGdVVuYxAB,Kapoor's Cafe,Divya Praneetha,106304936785775358124,True,5,,0,4 months ago,"{""meal_type"": ""Dinner"", ""price_per_person"": ""₹200–400"", ""noise_level"": ""Quiet, easy to talk"", ""group_size"": ""Suitable for all group sizes""}"
Kapoor's Cafe - HSR Branch,097392 67702,"WM42+62M, 337, 27th Main, Sector 2 HSR Layout Opposite KLM Shopping Mall, BDA Layout, HSR Layout, Bengaluru, Karnataka 560102",12.908018,77.651948,Punjabi restaurant,,Ci9DQUlRQUNvZENodHljRjlvT2pkVVpVZGlZekZRTm5CT1pUaHRRV3hSTm5KWk5YYxAB,Kapoor's Cafe,Panda *,113921866562567317567,True,1,I'm not sure how on zomato you can list aloo pyaaz parantha for 180 rupees.... 1 aloo pyaaz parantha for 180...this should not even be allowed... Like why? What? I'm so shocked right now,0,4 months ago,
Kapoor's Cafe - HSR Branch,097392 67702,"WM42+62M, 337, 27th Main, Sector 2 HSR Layout Opposite KLM Shopping Mall, BDA Layout, HSR Layout, Bengaluru, Karnataka 560102",12.908018,77.651948,Punjabi restaurant,,Ci9DQUlRQUNvZENodHljRjlvT2tkYWRFOUJhRVJxUWxSQlEycFRWVEIwZFdoZk9WRRAB,Kapoor's Cafe,Mohit Goel,113612314874453782126,True,5,,0,4 months ago,"{""meal_type"": ""Dinner"", ""price_per_person"": ""₹1,000–1,200"", ""food"": 5, ""service_rating"": 5, ""atmosphere"": 5, ""group_size"": ""Suitable for all group sizes"", ""wait_time"": ""No wait""}"
Kapoor's Cafe - HSR Branch,097392 67702,"WM42+62M, 337, 27th Main, Sector 2 HSR Layout Opposite KLM Shopping Mall, BDA Layout, HSR Layout, Bengaluru, Karnataka 560102",12.908018,77.651948,Punjabi restaurant,,Ci9DQUlRQUNvZENodHljRjlvT21Nd1NtSjNZVlJmZDFkclRFUTNaR1IxWDAxbU4wRRAB,Kapoor's Cafe,tarun beniwal,106373606765152715358,True,2,"To be honest, the food wasn't too bad. It was the overall experience versus the expectation we had from the place. It turned out to be the exact same set-up as the other half-a-dozen rooftop 'Punjabi Dhaba' on the same street. But, and a huge but, there's no tandoor here. What's a Punjabi Dhaba without naan and kulcha? The service wasn't great either. The waiters didn't care unless the guy at the counter asked them to attend to the table. And I better not talk about cleanliness and hygiene. It was our first and last time here.",0,Edited 4 months ago,"{""meal_type"": ""Dinner"", ""price_per_person"": ""₹400–600"", ""food"": 3, ""service_rating"": 2, ""atmosphere"": 1, ""wait_time"": ""No wait""}"
Kapoor's Cafe - HSR Branch,097392 67702,"WM42+62M, 337, 27th Main, Sector 2 HSR Layout Opposite KLM Shopping Mall, BDA Layout, HSR Layout, Bengaluru, Karnataka 560102",12.908018,77.651948,Punjabi restaurant,,Ci9DQUlRQUNvZENodHljRjlvT2xWeFQzRkhhbE5TVlVsVE1VazVVbXAwY1hWa1ZuYxAB,Kapoor's Cafe,Sagar Patil,108098334786614363016,False,4,,0,4 months ago,"{""food"": 4, ""service_rating"": 4, ""atmosphere"": 4}"
Kapoor's Cafe - HSR Branch,097392 67702,"WM42+62M, 337, 27th Main, Sector 2 HSR Layout Opposite KLM Shopping Mall, BDA Layout, HSR Layout, Bengaluru, Karnataka 560102",12.908018,77.651948,Punjabi restaurant,,Ci9DQUlRQUNvZENodHljRjlvT2tFMFVETk5iRkJqYldJd1ZEQlRia0ZDZWtGVVFWRRAB,Kapoor's Cafe,srinivasa s,111189336758974409521,True,4,Average,0,4 months ago,"{""food"": 4, ""service_rating"": 3, ""atmosphere"": 4}"
Kapoor's Cafe - HSR Branch,097392 67702,"WM42+62M, 337, 27th Main, Sector 2 HSR Layout Opposite KLM Shopping Mall, BDA Layout, HSR Layout, Bengaluru, Karnataka 560102",12.908018,77.651948,Punjabi restaurant,,Ci9DQUlRQUNvZENodHljRjlvT2t4bGExOW1NRlUzUjNSSVVuWktVbGRLTjBweU9GRRAB,Kapoor's Cafe,Rajaram Viswanathan,114786723074622906240,True,2,"I don’t know why it costs so much! Their cheese paratha is OK, but paneer paratha is not that great. The price charged is way too high. Not worth it, to top it the delivery platform listing is 10% more than restaurant listing.",0,4 months ago,"{""meal_type"": ""Dinner"", ""price_per_person"": ""₹800–1,000"", ""food"": 2}"
Kapoor's Cafe - HSR Branch,097392 67702,"WM42+62M, 337, 27th Main, Sector 2 HSR Layout Opposite KLM Shopping Mall, BDA Layout, HSR Layout, Bengaluru, Karnataka 560102",12.908018,77.651948,Punjabi restaurant,,Ci9DQUlRQUNvZENodHljRjlvT25kWlVGVnFSRUkwZDJOSWJHUlBNRTkzT0VOMWNWRRAB,Kapoor's Cafe,Dr. Krupanidhi K.,111331014337909712980,True,5,Neat clean and good,0,4 months ago,"{""meal_type"": ""Lunch"", ""price_per_person"": ""₹200–400"", ""food"": 5, ""service_rating"": 5, ""atmosphere"": 5, ""group_size"": ""Suitable for all group sizes"", ""wait_time"": ""No wait"", ""vegetarian_recommendation"": ""Highly recommend"", ""vegetarian_offerings"": ""Vegetarian menu or section"", ""vegetarian_options"": ""Good""}"
Kapoor's Cafe - HSR Branch,097392 67702,"WM42+62M, 337, 27th Main, Sector 2 HSR Layout Opposite KLM Shopping Mall, BDA Layout, HSR Layout, Bengaluru, Karnataka 560102",12.908018,77.651948,Punjabi restaurant,,Ci9DQUlRQUNvZENodHljRjlvT2xGQ1duRjJTVFEzVDFka1NUZG5aVWhrZEdoRVdtYxAB,Kapoor's Cafe,Achintya Mittal,113431696025984770648,True,1,"Bad experience. Sarso ka saag and maki ki roti very horrible. Even after telling the manager, he is hesitant and rude. Highly avoid this restaurant",0,4 months ago,"{""meal_type"": ""Lunch"", ""food"": 1, ""service_rating"": 1, ""atmosphere"": 1}"
Kapoor's Cafe - HSR Branch,097392 67702,"WM42+62M, 337, 27th Main, Sector 2 HSR Layout Opposite KLM Shopping Mall, BDA Layout, HSR Layout, Bengaluru, Karnataka 560102",12.908018,77.651948,Punjabi restaurant,,Ci9DQUlRQUNvZENodHljRjlvT21OV1FYbHdiRkZzZFVkSGR6SmxVVTFFYlVGNU1XYxAB,Kapoor's Cafe,Shruti Gupta,106185915583456620614,True,4,"Good ambience, but a bit costly compared to other good restaurants. The food quality used to be very nice, but recently I felt a slight reduction in taste. That’s why I’m giving it 4 stars instead of 5.",0,4 months ago,"{""meal_type"": ""Dinner"", ""food"": 4, ""service_rating"": 4, ""atmosphere"": 5}"
Kapoor's Cafe - HSR Branch,097392 67702,"WM42+62M, 337, 27th Main, Sector 2 HSR Layout Opposite KLM Shopping Mall, BDA Layout, HSR Layout, Bengaluru, Karnataka 560102",12.908018,77.651948,Punjabi restaurant,,Ci9DQUlRQUNvZENodHljRjlvT2xwM00yNDJaV05wVTNkWFExTTVSekZrVDAxR01VRRAB,Kapoor's Cafe,Kavya Negi,118331171281937899431,False,5,,0,4 months ago,
Kapoor's Cafe - HSR Branch,097392 67702,"WM42+62M, 337, 27th Main, Sector 2 HSR Layout Opposite KLM Shopping Mall, BDA Layout, HSR Layout, Bengaluru, Karnataka 560102",12.908018,77.651948,Punjabi restaurant,,Ci9DQUlRQUNvZENodHljRjlvT2xSdGVIRnFkVU5DVDBGcFNWUTNZblF3ZW5GRUxXYxAB,Kapoor's Cafe,Akash Gupta,116127491613578189803,True,4,,0,4 months ago,"{""meal_type"": ""Lunch"", ""price_per_person"": ""₹400–600"", ""food"": 4, ""service_rating"": 4, ""atmosphere"": 4, ""group_size"": ""3-4 people"", ""wait_time"": ""No wait"", ""vegetarian_recommendation"": ""Highly recommend"", ""vegetarian_offerings"": ""Large vegetarian selection, Vegetarian menu or section, Clearly labeled vegetarian dishes"", ""parking_space"": ""Somewhat difficult to find parking"", ""parking_options"": ""Free street parking"", ""wheelchair_accessibility"": ""Yes""}"
Kapoor's Cafe - HSR Branch,097392 67702,"WM42+62M, 337, 27th Main, Sector 2 HSR Layout Opposite KLM Shopping Mall, BDA Layout, HSR Layout, Bengaluru, Karnataka 560102",12.908018,77.651948,Punjabi restaurant,,Ci9DQUlRQUNvZENodHljRjlvT21OdGVqUktZbVI2YTNOSVJGaHRPVXhUT1VaVGJuYxAB,Kapoor's Cafe,Rishabh Parmar,103500345182279511491,True,1,"Over Hyped, Over Priced, Selling crap in the name of North Indian food.",0,4 months ago,"{""meal_type"": ""Lunch"", ""price_per_person"": ""₹1,600–1,800"", ""food"": 1, ""service_rating"": 3, ""atmosphere"": 2, ""group_size"": ""Not sure"", ""wait_time"": ""No wait"", ""parking_space"": ""Difficult to find parking"", ""parking_options"": ""Parking is unavailable"", ""wheelchair_accessibility"": ""The lift to go up the 4th floor is scary  and needs desperate service.""}"
Kapoor's Cafe - HSR Branch,097392 67702,"WM42+62M, 337, 27th Main, Sector 2 HSR Layout Opposite KLM Shopping Mall, BDA Layout, HSR Layout, Bengaluru, Karnataka 560102",12.908018,77.651948,Punjabi restaurant,,Ci9DQUlRQUNvZENodHljRjlvT2tkT1RHNUdka3QwTTJ4eFQzTlZlR2RaY0hsaVFsRRAB,Kapoor's Cafe,Tanishq K,101409359395854139885,True,2,"* Sarson Da Saag Thali - 4/10 * Lassi - 6/10  Absolutely underwheling especially for the price, 470. Only the bhindi fry was good. Really really good. Saag and Makki ki roti were sub par.  The Lassi was decent but found it to be quite pricey as well.  Charpai seating arrangement was interesting though difficult for 2 folks to comfortably eat on, especially with the Thali.  2 stars primarily because the taste of the dish did not justify the price (1395 for 2 people)",0,4 months ago,"{""meal_type"": ""Dinner"", ""price_per_person"": ""₹600–800"", ""food"": 2, ""service_rating"": 3, ""atmosphere"": 3, ""group_size"": ""Suitable for all group sizes"", ""wait_time"": ""No wait""}"
Kapoor's Cafe - HSR Branch,097392 67702,"WM42+62M, 337, 27th Main, Sector 2 HSR Layout Opposite KLM Shopping Mall, BDA Layout, HSR Layout, Bengaluru, Karnataka 560102",12.908018,77.651948,Punjabi restaurant,,Ci9DQUlRQUNvZENodHljRjlvT25Kd2JXSk5ielozUmtwTGFHTXhlVXc0WWpseVdtYxAB,Kapoor's Cafe,Sirisha Shetty,115358391302753307293,True,5,A popular pure-veg Punjabi/North Indian restaurant with mostly mixed reviews from diners across India — many places have similar patterns in ratings too. ambience as vibrant and family-friendly with cozy seating — great for casual meals and group dining.,0,4 months ago,"{""meal_type"": ""Lunch"", ""price_per_person"": ""₹200–400"", ""food"": 5, ""service_rating"": 5, ""atmosphere"": 5, ""group_size"": ""Suitable for all group sizes"", ""wait_time"": ""Up to 10 min"", ""vegetarian_recommendation"": ""Highly recommend"", ""vegetarian_offerings"": ""Menu is all vegetarian""}"
Kapoor's Cafe - HSR Branch,097392 67702,"WM42+62M, 337, 27th Main, Sector 2 HSR Layout Opposite KLM Shopping Mall, BDA Layout, HSR Layout, Bengaluru, Karnataka 560102",12.908018,77.651948,Punjabi restaurant,,Ci9DQUlRQUNvZENodHljRjlvT2tWSmQzcHliVlkxVkZSeldFVTJNVmt0VTNkRldXYxAB,Kapoor's Cafe,Sameer Rathod,114897669489290918561,True,3,,0,4 months ago,"{""food"": 3, ""service_rating"": 3, ""atmosphere"": 3}"
Kapoor's Cafe - HSR Branch,097392 67702,"WM42+62M, 337, 27th Main, Sector 2 HSR Layout Opposite KLM Shopping Mall, BDA Layout, HSR Layout, Bengaluru, Karnataka 560102",12.908018,77.651948,Punjabi restaurant,,Ci9DQUlRQUNvZENodHljRjlvT2s1MFlVRnlia1ZST0RCa1dIVkdWRzV0YVV0b1gyYxAB,Kapoor's Cafe,puja poddar,102763640195603351873,False,4,,0,4 months ago,"{""meal_type"": ""Dinner"", ""price_per_person"": ""₹400–600""}"
Kapoor's Cafe - HSR Branch,097392 67702,"WM42+62M, 337, 27th Main, Sector 2 HSR Layout Opposite KLM Shopping Mall, BDA Layout, HSR Layout, Bengaluru, Karnataka 560102",12.908018,77.651948,Punjabi restaurant,,Ci9DQUlRQUNvZENodHljRjlvT21WT1dUUTFSR3cxVDE5TloxQnVZMVZCTkVkaFgzYxAB,Kapoor's Cafe,narinder Bhatia,112396063966702862246,True,3,Went there for the first time with high expectations but would not like to go again. Food served in Vegetarian thaali was not at all good. Sorry to say but it is truth. Owner should pay attention.,0,4 months ago,"{""meal_type"": ""Lunch"", ""price_per_person"": ""₹400–600"", ""food"": 2, ""service_rating"": 3, ""atmosphere"": 3, ""noise_level"": ""Very quiet"", ""vegetarian_recommendation"": ""Would not recommend"", ""vegetarian_offerings"": ""Menu is all vegetarian"", ""vegetarian_options"": ""Nothing to add.""}"
Kapoor's Cafe - HSR Branch,097392 67702,"WM42+62M, 337, 27th Main, Sector 2 HSR Layout Opposite KLM Shopping Mall, BDA Layout, HSR Layout, Bengaluru, Karnataka 560102",12.908018,77.651948,Punjabi restaurant,,Ci9DQUlRQUNvZENodHljRjlvT2pSVWJsbzRWeTF0VVRWT01scFdZbFkxVDBveWVGRRAB,Kapoor's Cafe,Kali Ananth,114812021494408856548,True,1,Very very bad food taste,0,Edited 4 months ago,"{""meal_type"": ""Lunch"", ""price_per_person"": ""₹400–600"", ""group_size"": ""2 people"", ""wait_time"": ""No wait""}"
Kapoor's Cafe - HSR Branch,097392 67702,"WM42+62M, 337, 27th Main, Sector 2 HSR Layout Opposite KLM Shopping Mall, BDA Layout, HSR Layout, Bengaluru, Karnataka 560102",12.908018,77.651948,Punjabi restaurant,,Ci9DQUlRQUNvZENodHljRjlvT21OME1rRTNkV0ZOYkVsdWRVcGxUWEZ0VFRGcVRHYxAB,Kapoor's Cafe,Kabir Jain,104805097685655857777,True,4,,0,4 months ago,"{""food"": 4, ""service_rating"": 4, ""atmosphere"": 4}"
Kapoor's Cafe - HSR Branch,097392 67702,"WM42+62M, 337, 27th Main, Sector 2 HSR Layout Opposite KLM Shopping Mall, BDA Layout, HSR Layout, Bengaluru, Karnataka 560102",12.908018,77.651948,Punjabi restaurant,,Ci9DQUlRQUNvZENodHljRjlvT20xaGNHNDJWSFJYY0hOTlJ5MWlNM1YzTFd4UWRtYxAB,Kapoor's Cafe,Chirag Goyal,115519323971063048818,True,4,Food was ok. Dahi kebab was too spicy. Aloo paratha was decent with generous topping of butter.,0,4 months ago,"{""food"": 4, ""service_rating"": 4, ""atmosphere"": 3}"
Kapoor's Cafe - HSR Branch,097392 67702,"WM42+62M, 337, 27th Main, Sector 2 HSR Layout Opposite KLM Shopping Mall, BDA Layout, HSR Layout, Bengaluru, Karnataka 560102",12.908018,77.651948,Punjabi restaurant,,Ci9DQUlRQUNvZENodHljRjlvT2xKeVJrRjNjbUY0WkdKUFZXZGtiSFl3T1ZOb1lVRRAB,Kapoor's Cafe,Srinathvijaykumar Bhrugumalla,115463793524090921273,True,5,The food is awesome and staff is also polite. The ambience and food taste is awesome.,0,4 months ago,"{""meal_type"": ""Lunch"", ""price_per_person"": ""₹200–400"", ""food"": 5, ""service_rating"": 5, ""atmosphere"": 5, ""noise_level"": ""Quiet, easy to talk"", ""wait_time"": ""Up to 10 min""}"
Kapoor's Cafe - HSR Branch,097392 67702,"WM42+62M, 337, 27th Main, Sector 2 HSR Layout Opposite KLM Shopping Mall, BDA Layout, HSR Layout, Bengaluru, Karnataka 560102",12.908018,77.651948,Punjabi restaurant,,Ci9DQUlRQUNvZENodHljRjlvT2tWM2MzVjRjbXRpVUZCSWJrVklXVXd6WlVJMlltYxAB,Kapoor's Cafe,Ananya Kana,110140982797009302390,True,5,,0,4 months ago,
Kapoor's Cafe - HSR Branch,097392 67702,"WM42+62M, 337, 27th Main, Sector 2 HSR Layout Opposite KLM Shopping Mall, BDA Layout, HSR Layout, Bengaluru, Karnataka 560102",12.908018,77.651948,Punjabi restaurant,,Ci9DQUlRQUNvZENodHljRjlvT2xwTFMwdExOVkpSWVVveVkyWTJObkp6VFVKTVUyYxAB,Kapoor's Cafe,MANISHA KUMARI,114969729050272022174,False,5,,0,4 months ago,"{""food"": 5, ""service_rating"": 5, ""atmosphere"": 5}"
Kapoor's Cafe - HSR Branch,097392 67702,"WM42+62M, 337, 27th Main, Sector 2 HSR Layout Opposite KLM Shopping Mall, BDA Layout, HSR Layout, Bengaluru, Karnataka 560102",12.908018,77.651948,Punjabi restaurant,,Ci9DQUlRQUNvZENodHljRjlvT21GcWNrOVlabmxHWmxKUlRHWm1ZVTkyVTFGek1YYxAB,Kapoor's Cafe,M Raj,117673038875543622555,False,1,Too much noise for food that is disappointing. The music is also too loud.,0,5 months ago,"{""food"": 2, ""service_rating"": 2, ""atmosphere"": 1}"
Kapoor's Cafe - HSR Branch,097392 67702,"WM42+62M, 337, 27th Main, Sector 2 HSR Layout Opposite KLM Shopping Mall, BDA Layout, HSR Layout, Bengaluru, Karnataka 560102",12.908018,77.651948,Punjabi restaurant,,Ci9DQUlRQUNvZENodHljRjlvT2toSFlrRmtaa1ZuUkZsUVlXaGxNRzlYY1VRekxVRRAB,Kapoor's Cafe,Amrendra Jha,101577327732229840732,True,1,"Extremely disappointed with my experience at Kapoor’s Café, HSR. The service was painfully slow, and the staff seemed completely uninterested in helping customers. The food didn’t feel fresh, lacked flavour, and definitely wasn’t worth the price. Even the ambience felt neglected and chaotic. Overall, it was one of the most underwhelming café experiences I’ve had in a long time. Would not recommend.  Don't visit the location really painful",0,5 months ago,"{""food"": 1, ""service_rating"": 1, ""atmosphere"": 1}"
Kapoor's Cafe - HSR Branch,097392 67702,"WM42+62M, 337, 27th Main, Sector 2 HSR Layout Opposite KLM Shopping Mall, BDA Layout, HSR Layout, Bengaluru, Karnataka 560102",12.908018,77.651948,Punjabi restaurant,,Ci9DQUlRQUNvZENodHljRjlvT2s1UWFGbHFXbGxVTTJRMlpsaERlRzVtZVV0blRuYxAB,Kapoor's Cafe,KARAN MAAN,108664744012253204104,False,1,,0,5 months ago,"{""meal_type"": ""Lunch"", ""price_per_person"": ""₹2,000+"", ""noise_level"": ""Loud, but you can still talk"", ""wait_time"": ""No wait"", ""vegetarian_recommendation"": ""Would not recommend"", ""vegetarian_offerings"": ""Not sure"", ""vegetarian_options"": ""Taste less food wrong experience"", ""dietary_restrictions"": ""Don’t go here"", ""parking_space"": ""Difficult to find parking"", ""parking_options"": ""Parking is unavailable"", ""parking_notes"": ""Change the name of cafe to kabhi nah jao cafe""}"
Kapoor's Cafe - HSR Branch,097392 67702,"WM42+62M, 337, 27th Main, Sector 2 HSR Layout Opposite KLM Shopping Mall, BDA Layout, HSR Layout, Bengaluru, Karnataka 560102",12.908018,77.651948,Punjabi restaurant,,Ci9DQUlRQUNvZENodHljRjlvT25aaFpHczFlVVoxTkcxSlEwVlpNelZ3T1ZvM1puYxAB,Kapoor's Cafe,Manas Luthra,108992161426853552208,False,2,They charge extra for everything. The rates have skyrocketed. There is no hot beverage available in the menu. Place is unclean and has poor service.,0,5 months ago,"{""food"": 4, ""service_rating"": 3, ""atmosphere"": 3}"
Kapoor's Cafe - HSR Branch,097392 67702,"WM42+62M, 337, 27th Main, Sector 2 HSR Layout Opposite KLM Shopping Mall, BDA Layout, HSR Layout, Bengaluru, Karnataka 560102",12.908018,77.651948,Punjabi restaurant,,ChZDSUhNMG9nS0VJQ0FnSUM5bkozSVFREAE,Kapoor's Cafe,tejashree patil,113548372393014048131,False,3,"Food is very tasty. It is just that the chairs are not comfortable. especially for a person who can’t sit down , for them the wooden chairs are provided which doesn’t have proper back support . For a pregnant lady, or an old aged person , it is very difficult to manage. We even asked the food serving person at last to provide an extra pillow. But he simply said no.  My request to management is , please provide some comfortable chairs for the people who needs it . It’s not always luxury to have these kind of chairs , but sometimes people need it for their health.  Thanks",0,Edited 5 months ago,"{""food"": 4, ""service_rating"": 3, ""atmosphere"": 4}"
Kapoor's Cafe - HSR Branch,097392 67702,"WM42+62M, 337, 27th Main, Sector 2 HSR Layout Opposite KLM Shopping Mall, BDA Layout, HSR Layout, Bengaluru, Karnataka 560102",12.908018,77.651948,Punjabi restaurant,,Ci9DQUlRQUNvZENodHljRjlvT2t0Wk5FUldjVGQxU21SWVdVeHlkVk4zVUdWMlVIYxAB,Kapoor's Cafe,Sharath Jayaraj,113564011678593609670,True,5,,0,5 months ago,"{""meal_type"": ""Lunch"", ""price_per_person"": ""₹200–400"", ""food"": 5, ""service_rating"": 5, ""atmosphere"": 5, ""group_size"": ""3-4 people""}"
Kapoor's Cafe - HSR Branch,097392 67702,"WM42+62M, 337, 27th Main, Sector 2 HSR Layout Opposite KLM Shopping Mall, BDA Layout, HSR Layout, Bengaluru, Karnataka 560102",12.908018,77.651948,Punjabi restaurant,,Ci9DQUlRQUNvZENodHljRjlvT2tGU0xXNVhPVVpGTVV0U1JWOXJSR2d3TVU5bWVGRRAB,Kapoor's Cafe,Tanisha Kochak,103159970244736175303,False,1,Worst food in hsr layout,0,5 months ago,"{""meal_type"": ""Dinner"", ""price_per_person"": ""₹800–1,000"", ""food"": 1, ""service_rating"": 1, ""atmosphere"": 1, ""group_size"": ""9+ people"", ""wait_time"": ""30-60 min""}"
Kapoor's Cafe - HSR Branch,097392 67702,"WM42+62M, 337, 27th Main, Sector 2 HSR Layout Opposite KLM Shopping Mall, BDA Layout, HSR Layout, Bengaluru, Karnataka 560102",12.908018,77.651948,Punjabi restaurant,,Ci9DQUlRQUNvZENodHljRjlvT2pScVkwZE1iR1ZUYVdGaVIzZDRZMjl4Tm05RVNXYxAB,Kapoor's Cafe,Madhuramrutha !!,107943530830727741566,False,4,,0,5 months ago,"{""food"": 3, ""service_rating"": 4, ""atmosphere"": 4}"
Kapoor's Cafe - HSR Branch,097392 67702,"WM42+62M, 337, 27th Main, Sector 2 HSR Layout Opposite KLM Shopping Mall, BDA Layout, HSR Layout, Bengaluru, Karnataka 560102",12.908018,77.651948,Punjabi restaurant,,Ci9DQUlRQUNvZENodHljRjlvT21wSGNIcHBkMVJSVnkxWVJHVlJhME0yTmtOTGNuYxAB,Kapoor's Cafe,ankita pareek,113136033597099682310,False,1,Very very expensive. Slow service,0,5 months ago,"{""meal_type"": ""Dinner"", ""price_per_person"": ""₹1,200–1,400"", ""food"": 2, ""service_rating"": 1, ""atmosphere"": 1, ""group_size"": ""3-4 people"", ""wait_time"": ""No wait""}"
Kapoor's Cafe - HSR Branch,097392 67702,"WM42+62M, 337, 27th Main, Sector 2 HSR Layout Opposite KLM Shopping Mall, BDA Layout, HSR Layout, Bengaluru, Karnataka 560102",12.908018,77.651948,Punjabi restaurant,,Ci9DQUlRQUNvZENodHljRjlvT2w5MVdGSktTMnhHT1ZWVFNUWjJjVkZrWm5GRVEwRRAB,Kapoor's Cafe,Sudharshan Ravi,110090057797456452331,False,5,,0,5 months ago,"{""food"": 5, ""service_rating"": 5, ""atmosphere"": 5}"
Kapoor's Cafe - HSR Branch,097392 67702,"WM42+62M, 337, 27th Main, Sector 2 HSR Layout Opposite KLM Shopping Mall, BDA Layout, HSR Layout, Bengaluru, Karnataka 560102",12.908018,77.651948,Punjabi restaurant,,Ci9DQUlRQUNvZENodHljRjlvT20xaVRUYzJOMEl3YVV4WldtUnJVMHRZZW5KTU5IYxAB,Kapoor's Cafe,sreeharshasamrat 9,100356628842561177930,True,5,,0,5 months ago,
Kapoor's Cafe - HSR Branch,097392 67702,"WM42+62M, 337, 27th Main, Sector 2 HSR Layout Opposite KLM Shopping Mall, BDA Layout, HSR Layout, Bengaluru, Karnataka 560102",12.908018,77.651948,Punjabi restaurant,,Ci9DQUlRQUNvZENodHljRjlvT2xsNU1teHBha1pXZEc1RmNESnBNMDg1U1hKbVduYxAB,Kapoor's Cafe,himanshu gaur,113140670652740681500,True,3,,0,5 months ago,"{""food"": 3, ""service_rating"": 3, ""atmosphere"": 4}"
Kapoor's Cafe - HSR Branch,097392 67702,"WM42+62M, 337, 27th Main, Sector 2 HSR Layout Opposite KLM Shopping Mall, BDA Layout, HSR Layout, Bengaluru, Karnataka 560102",12.908018,77.651948,Punjabi restaurant,,Ci9DQUlRQUNvZENodHljRjlvT2tWUlZrTlBNaTB5YVdWbVNWcGFiMEYyY0d0U01FRRAB,Kapoor's Cafe,Debasish Mohapatra,105972218790395639096,False,1,Got bugs in food when ordered from Seiggy. Highly Unprofessional.,0,5 months ago,"{""food"": 1}"
Kapoor's Cafe - HSR Branch,097392 67702,"WM42+62M, 337, 27th Main, Sector 2 HSR Layout Opposite KLM Shopping Mall, BDA Layout, HSR Layout, Bengaluru, Karnataka 560102",12.908018,77.651948,Punjabi restaurant,,Ci9DQUlRQUNvZENodHljRjlvT21GdGJXVjRUV2RtU0c1Rk1qWkRPR2RMVm5wVU9YYxAB,Kapoor's Cafe,Amol Kulkarni,112401968176402308566,True,4,,0,5 months ago,"{""meal_type"": ""Dinner"", ""price_per_person"": ""₹600–800"", ""food"": 4, ""service_rating"": 3, ""atmosphere"": 3}"
Kapoor's Cafe - HSR Branch,097392 67702,"WM42+62M, 337, 27th Main, Sector 2 HSR Layout Opposite KLM Shopping Mall, BDA Layout, HSR Layout, Bengaluru, Karnataka 560102",12.908018,77.651948,Punjabi restaurant,,Ci9DQUlRQUNvZENodHljRjlvT2tWV1IzRkpTRlYxV25aMU4ydGlMVW8zYTJGc1JGRRAB,Kapoor's Cafe,Rohan Parmar,100147523948533142391,True,1,"Kapoors Café in HSR Layout is always packed, though I’m still not entirely sure what drives the heavy rush. I noticed a lot of people ordering and sharing the thali, and honestly, it made me feel like I should have gone for it too—it clearly seemed to be the crowd favourite.  I tried the lassi, which had a decent taste, but I’m not fully convinced the quantity justifies the price. Overall, the place stands out more for its unique seating setup and the experience it offers rather than the food itself. It’s a decent spot to visit once, but I’m not sure it’s the place you’d want to go specifically for the flavours.",0,Edited 5 months ago,"{""meal_type"": ""Lunch"", ""price_per_person"": ""₹400–600"", ""food"": 1, ""service_rating"": 4, ""atmosphere"": 3, ""group_size"": ""3-4 people"", ""wait_time"": ""No wait""}"
Kapoor's Cafe - HSR Branch,097392 67702,"WM42+62M, 337, 27th Main, Sector 2 HSR Layout Opposite KLM Shopping Mall, BDA Layout, HSR Layout, Bengaluru, Karnataka 560102",12.908018,77.651948,Punjabi restaurant,,Ci9DQUlRQUNvZENodHljRjlvT204elMyNW1lRGswTkU5VVFXUkthMEppVGt4cFVuYxAB,Kapoor's Cafe,Riya Jain,116791591301811194359,False,5,"Yum north Indian food, good proportions. Good vibes and service.",0,5 months ago,"{""meal_type"": ""Dinner"", ""food"": 5, ""service_rating"": 5, ""atmosphere"": 5, ""vegetarian_recommendation"": ""Highly recommend"", ""vegetarian_offerings"": ""Menu is all vegetarian""}"
Kapoor's Cafe - HSR Branch,097392 67702,"WM42+62M, 337, 27th Main, Sector 2 HSR Layout Opposite KLM Shopping Mall, BDA Layout, HSR Layout, Bengaluru, Karnataka 560102",12.908018,77.651948,Punjabi restaurant,,Ci9DQUlRQUNvZENodHljRjlvT210VWFWcENiVXhXZDIxUGFXTnBTakJ0Ympkc2FXYxAB,Kapoor's Cafe,MAYUR SUJANE,113467226299122789708,False,4,,0,5 months ago,
Kapoor's Cafe - HSR Branch,097392 67702,"WM42+62M, 337, 27th Main, Sector 2 HSR Layout Opposite KLM Shopping Mall, BDA Layout, HSR Layout, Bengaluru, Karnataka 560102",12.908018,77.651948,Punjabi restaurant,,Ci9DQUlRQUNvZENodHljRjlvT2xOaE5IcHNibXROZFVZekxWVmpiazVIZVdONVFrRRAB,Kapoor's Cafe,kishore kishuu,109934474683042265832,True,5,,0,5 months ago,"{""meal_type"": ""Dinner"", ""price_per_person"": ""₹400–600"", ""food"": 5, ""service_rating"": 5, ""atmosphere"": 5, ""group_size"": ""Suitable for all group sizes"", ""wait_time"": ""Up to 10 min""}"
Kapoor's Cafe - HSR Branch,097392 67702,"WM42+62M, 337, 27th Main, Sector 2 HSR Layout Opposite KLM Shopping Mall, BDA Layout, HSR Layout, Bengaluru, Karnataka 560102",12.908018,77.651948,Punjabi restaurant,,Ci9DQUlRQUNvZENodHljRjlvT21SRGNVTnBUV04zV2w5cFpFZFlTMHhJTnpCVmVsRRAB,Kapoor's Cafe,Sakshi Shahare,101373238309754944377,True,4,,0,5 months ago,
Kapoor's Cafe - HSR Branch,097392 67702,"WM42+62M, 337, 27th Main, Sector 2 HSR Layout Opposite KLM Shopping Mall, BDA Layout, HSR Layout, Bengaluru, Karnataka 560102",12.908018,77.651948,Punjabi restaurant,,Ci9DQUlRQUNvZENodHljRjlvT2tOb2VXaEpVakpxVDJGeGJXWldSVmd3Wkc1WFNGRRAB,Kapoor's Cafe,Parikshit ghosh,116154990550459469930,False,1,,0,5 months ago,"{""meal_type"": ""Dinner"", ""food"": 1, ""service_rating"": 1, ""atmosphere"": 1}"
Kapoor's Cafe - HSR Branch,097392 67702,"WM42+62M, 337, 27th Main, Sector 2 HSR Layout Opposite KLM Shopping Mall, BDA Layout, HSR Layout, Bengaluru, Karnataka 560102",12.908018,77.651948,Punjabi restaurant,,ChdDSUhNMG9nS0VJQ0FnSURPZ1BEOWp3RRAB,Kapoor's Cafe,Palaniappan M,117935980893920087135,True,5,"Tasty food, Good roof top ambience, Premium prices",0,Edited 5 months ago,"{""dining_mode"": ""Dine in"", ""meal_type"": ""Lunch"", ""price_per_person"": ""₹200–400"", ""food"": 4, ""service_rating"": 3, ""atmosphere"": 3}"
Kapoor's Cafe - HSR Branch,097392 67702,"WM42+62M, 337, 27th Main, Sector 2 HSR Layout Opposite KLM Shopping Mall, BDA Layout, HSR Layout, Bengaluru, Karnataka 560102",12.908018,77.651948,Punjabi restaurant,,ChRDSUhNMG9nS0VJQ0FnSURBaDRkbhAB,Kapoor's Cafe,Nagesh Jutoor,105464306610528917584,True,3,,0,Edited 5 months ago,"{""food"": 3, ""service_rating"": 3, ""atmosphere"": 3}"
Kapoor's Cafe - HSR Branch,097392 67702,"WM42+62M, 337, 27th Main, Sector 2 HSR Layout Opposite KLM Shopping Mall, BDA Layout, HSR Layout, Bengaluru, Karnataka 560102",12.908018,77.651948,Punjabi restaurant,,Ci9DQUlRQUNvZENodHljRjlvT2paQlJHcERNMk5GZG5CNlZVcEhkMWxWVDNSVGRrRRAB,Kapoor's Cafe,ritu bajpai,108106498729625863392,True,5,,0,5 months ago,
Kapoor's Cafe - HSR Branch,097392 67702,"WM42+62M, 337, 27th Main, Sector 2 HSR Layout Opposite KLM Shopping Mall, BDA Layout, HSR Layout, Bengaluru, Karnataka 560102",12.908018,77.651948,Punjabi restaurant,,Ci9DQUlRQUNvZENodHljRjlvT2xZd1NqVTRhV0YwT1Y5SmIzazJWSFkyVkZsdE1GRRAB,Kapoor's Cafe,Kalpana Verma,109132331122836961811,False,1,"I have ordered food twice from the restaurant, first time food quantity and quality both was good. My 2nd order on November 10th had gone completely waste, after accepting the order they called up and asked to change the dish was not available. That is okey but for the replacement I have asked about if they have fresh mushrooms or not. But what was delivered the quality and quantity both was worst. I had thrown the food, couldn't even eat. Request you to please provide fresh food and read the order properly. I had mentioned no chilli and less spicy but food was delivered full of chillies.",0,5 months ago,"{""meal_type"": ""Lunch"", ""price_per_person"": ""₹600–800"", ""food"": 1, ""service_rating"": 1}"
Kapoor's Cafe - HSR Branch,097392 67702,"WM42+62M, 337, 27th Main, Sector 2 HSR Layout Opposite KLM Shopping Mall, BDA Layout, HSR Layout, Bengaluru, Karnataka 560102",12.908018,77.651948,Punjabi restaurant,,Ci9DQUlRQUNvZENodHljRjlvT25Zd2NIRm5ZVWhUVUhwMlQxVkJlV2RSTjFKdWNsRRAB,Kapoor's Cafe,Ramakant Rathore,105441285458314878306,True,1,,0,5 months ago,"{""food"": 5, ""noise_level"": ""Loud, but you can still talk""}"
Kapoor's Cafe - HSR Branch,097392 67702,"WM42+62M, 337, 27th Main, Sector 2 HSR Layout Opposite KLM Shopping Mall, BDA Layout, HSR Layout, Bengaluru, Karnataka 560102",12.908018,77.651948,Punjabi restaurant,,Ci9DQUlRQUNvZENodHljRjlvT25kNFMySmlWbTA1UWxBNVNrbFFNelp1UzA5T1FrRRAB,Kapoor's Cafe,Nagarajan Raghavendra,102322016145369987367,True,5,,0,5 months ago,"{""meal_type"": ""Dinner"", ""price_per_person"": ""₹600–800"", ""group_size"": ""Suitable for all group sizes"", ""wait_time"": ""No wait"", ""vegetarian_recommendation"": ""Highly recommend"", ""vegetarian_offerings"": ""Menu is all vegetarian"", ""parking_space"": ""Not sure"", ""kid_friendliness"": ""Yes""}"
Kapoor's Cafe - HSR Branch,097392 67702,"WM42+62M, 337, 27th Main, Sector 2 HSR Layout Opposite KLM Shopping Mall, BDA Layout, HSR Layout, Bengaluru, Karnataka 560102",12.908018,77.651948,Punjabi restaurant,,Ci9DQUlRQUNvZENodHljRjlvT2pZemVGWjFXbkpvUTBkWVdITTRZM1YzUTBaTVFuYxAB,Kapoor's Cafe,TheExplorer,105399217194923128320,True,5,,0,5 months ago,"{""meal_type"": ""Dinner"", ""price_per_person"": ""₹400–600"", ""group_size"": ""3-4 people"", ""wait_time"": ""Up to 10 min""}"
Kapoor's Cafe - HSR Branch,097392 67702,"WM42+62M, 337, 27th Main, Sector 2 HSR Layout Opposite KLM Shopping Mall, BDA Layout, HSR Layout, Bengaluru, Karnataka 560102",12.908018,77.651948,Punjabi restaurant,,Ci9DQUlRQUNvZENodHljRjlvT2xkVmNISk5PV3BPTldkWE1sRkxTRlJ6UVhNeFlVRRAB,Kapoor's Cafe,savan kharadi,115258464349570719923,True,5,,0,5 months ago,"{""meal_type"": ""Lunch"", ""price_per_person"": ""₹400–600"", ""food"": 5, ""service_rating"": 4, ""atmosphere"": 4, ""group_size"": ""2 people"", ""wait_time"": ""No wait"", ""vegetarian_recommendation"": ""Highly recommend"", ""vegetarian_offerings"": ""Menu is all vegetarian""}"
Kapoor's Cafe - HSR Branch,097392 67702,"WM42+62M, 337, 27th Main, Sector 2 HSR Layout Opposite KLM Shopping Mall, BDA Layout, HSR Layout, Bengaluru, Karnataka 560102",12.908018,77.651948,Punjabi restaurant,,Ci9DQUlRQUNvZENodHljRjlvT25odVRHUnZPVVJXVGxCdWRVWXhaMDB5VUdkcGJYYxAB,Kapoor's Cafe,Chandra Sekhar,102462596001804738728,False,1,"Staff is very rude, we ordered crispy corn and they have given with more salt same we have informed them, but they told it will be like that only and they refused to change. We left without having anything else.This is worst experience ever.",0,6 months ago,"{""food"": 1, ""service_rating"": 1, ""atmosphere"": 3}"
Kapoor's Cafe - HSR Branch,097392 67702,"WM42+62M, 337, 27th Main, Sector 2 HSR Layout Opposite KLM Shopping Mall, BDA Layout, HSR Layout, Bengaluru, Karnataka 560102",12.908018,77.651948,Punjabi restaurant,,Ci9DQUlRQUNvZENodHljRjlvT2s1WFNqUmpSMEptTkVOSE5VZFBhSHAyYkhCYWVsRRAB,Kapoor's Cafe,Rounak Khandelwal,107480791296888889115,True,1,"Unhygienic place. Served the same veggies, aloo which was probably boiled in the morning and cold as if it was taken out of fridge. And it probably was. Never bring anyone here. I brought my parents due to jain options and regretted. After mentioning the owner about the poor quality of food he just asked the waiter to reheat it and give back. The guy of desk definitely doesn't care about the quality of food served.",0,6 months ago,"{""meal_type"": ""Dinner"", ""price_per_person"": ""₹800–1,000"", ""food"": 1, ""group_size"": ""2 people"", ""wait_time"": ""No wait""}"
Kapoor's Cafe - HSR Branch,097392 67702,"WM42+62M, 337, 27th Main, Sector 2 HSR Layout Opposite KLM Shopping Mall, BDA Layout, HSR Layout, Bengaluru, Karnataka 560102",12.908018,77.651948,Punjabi restaurant,,Ci9DQUlRQUNvZENodHljRjlvT2pCRFNtUnhUek54TUZsb1FVMXFNRTF0YkVablpIYxAB,Kapoor's Cafe,Priya Kasiraju,111930739914967044452,False,5,,0,6 months ago,"{""meal_type"": ""Dinner"", ""price_per_person"": ""₹400–600"", ""food"": 5, ""service_rating"": 5, ""atmosphere"": 5}"
Kapoor's Cafe - HSR Branch,097392 67702,"WM42+62M, 337, 27th Main, Sector 2 HSR Layout Opposite KLM Shopping Mall, BDA Layout, HSR Layout, Bengaluru, Karnataka 560102",12.908018,77.651948,Punjabi restaurant,,Ci9DQUlRQUNvZENodHljRjlvT21reWNXUjBVbTFaTjJwMVRsbFFRbE5DVTBSdmFIYxAB,Kapoor's Cafe,Kamal Banga,112791113220499746418,True,2,Electronic City Kapoor's cafe is way better,0,6 months ago,"{""food"": 2, ""service_rating"": 3}"
Kapoor's Cafe - HSR Branch,097392 67702,"WM42+62M, 337, 27th Main, Sector 2 HSR Layout Opposite KLM Shopping Mall, BDA Layout, HSR Layout, Bengaluru, Karnataka 560102",12.908018,77.651948,Punjabi restaurant,,Ci9DQUlRQUNvZENodHljRjlvT2pKdmFrbHhhMnhzUVhJNVVFVlNhV1ZuYUZkRFpXYxAB,Kapoor's Cafe,Mansi Timbadiya,112362234632356360323,True,5,,0,6 months ago,
Kapoor's Cafe - HSR Branch,097392 67702,"WM42+62M, 337, 27th Main, Sector 2 HSR Layout Opposite KLM Shopping Mall, BDA Layout, HSR Layout, Bengaluru, Karnataka 560102",12.908018,77.651948,Punjabi restaurant,,Ci9DQUlRQUNvZENodHljRjlvT2pWdWJGZDBObTFXUWtvNFZIUjFOVzFCVmxWQ00wRRAB,Kapoor's Cafe,vidhi shrivastava,103448258425120858268,False,4,,0,6 months ago,"{""food"": 4, ""service_rating"": 4, ""atmosphere"": 4}"
Kapoor's Cafe - HSR Branch,097392 67702,"WM42+62M, 337, 27th Main, Sector 2 HSR Layout Opposite KLM Shopping Mall, BDA Layout, HSR Layout, Bengaluru, Karnataka 560102",12.908018,77.651948,Punjabi restaurant,,Ci9DQUlRQUNvZENodHljRjlvT2pSNU5XaE5SVVpSWVc5bmEwdFlVVFYzWVU1dGJIYxAB,Kapoor's Cafe,Shambhu Das,103483570462353341831,False,5,,0,6 months ago,"{""food"": 5, ""service_rating"": 5, ""atmosphere"": 5}"
Kapoor's Cafe - HSR Branch,097392 67702,"WM42+62M, 337, 27th Main, Sector 2 HSR Layout Opposite KLM Shopping Mall, BDA Layout, HSR Layout, Bengaluru, Karnataka 560102",12.908018,77.651948,Punjabi restaurant,,Ci9DQUlRQUNvZENodHljRjlvT2xoYVdrMTBURk16WTBwRVVFUmpTalZ6ZUdKelNtYxAB,Kapoor's Cafe,kishori S C kishori,100209917239426219871,True,5,,0,6 months ago,"{""food"": 5, ""service_rating"": 5, ""atmosphere"": 5}"
Kapoor's Cafe - HSR Branch,097392 67702,"WM42+62M, 337, 27th Main, Sector 2 HSR Layout Opposite KLM Shopping Mall, BDA Layout, HSR Layout, Bengaluru, Karnataka 560102",12.908018,77.651948,Punjabi restaurant,,Ci9DQUlRQUNvZENodHljRjlvT21SNmJVSkpWbGcwUzBzNFFXWndSMUJWUm1KUVZGRRAB,Kapoor's Cafe,ANKIT PATEL,117770139522108687950,True,5,,0,6 months ago,"{""meal_type"": ""Dinner"", ""price_per_person"": ""₹600–800"", ""food"": 1, ""atmosphere"": 5, ""noise_level"": ""Not sure"", ""wait_time"": ""10-30 min"", ""vegetarian_recommendation"": ""Not sure"", ""vegetarian_offerings"": ""Not sure"", ""parking_space"": ""Plenty of parking"", ""parking_options"": ""Free parking lot""}"
Kapoor's Cafe - HSR Branch,097392 67702,"WM42+62M, 337, 27th Main, Sector 2 HSR Layout Opposite KLM Shopping Mall, BDA Layout, HSR Layout, Bengaluru, Karnataka 560102",12.908018,77.651948,Punjabi restaurant,,Ci9DQUlRQUNvZENodHljRjlvT2tGdVRUTjBjbUZIWmpKVlZpMWtORTFwVERZdGJIYxAB,Kapoor's Cafe,Neetu M,109193820938830611232,True,5,"The food here is authentic Punjabi food. The portions are huge so order accordingly. I got the sarson ke saag combo with kachori aalo combo. Both were great. Was stuffed by the end of this meal. They also are heavily generous with their butter (the heaping scoop on the saag). The curd and the mint chutney slaps. Loved the place, would highly recommend.",0,6 months ago,"{""meal_type"": ""Lunch"", ""price_per_person"": ""₹600–800"", ""food"": 5, ""service_rating"": 5, ""atmosphere"": 4, ""group_size"": ""Suitable for all group sizes"", ""wait_time"": ""No wait"", ""vegetarian_recommendation"": ""Highly recommend"", ""vegetarian_offerings"": ""Menu is all vegetarian"", ""parking_space"": ""Plenty of parking"", ""parking_options"": ""Free parking lot"", ""kid_friendliness"": ""Good for family"", ""wheelchair_accessibility"": ""Lift is available""}"
Kapoor's Cafe - HSR Branch,097392 67702,"WM42+62M, 337, 27th Main, Sector 2 HSR Layout Opposite KLM Shopping Mall, BDA Layout, HSR Layout, Bengaluru, Karnataka 560102",12.908018,77.651948,Punjabi restaurant,,Ci9DQUlRQUNvZENodHljRjlvT2psVWFGWnlaRE5IVjBsdExYVkpVMFZ4UkVKc0xVRRAB,Kapoor's Cafe,Singer Uchit Raj,114600104074651980337,False,5,,0,6 months ago,"{""food"": 5, ""service_rating"": 5, ""atmosphere"": 5}"
Kapoor's Cafe - HSR Branch,097392 67702,"WM42+62M, 337, 27th Main, Sector 2 HSR Layout Opposite KLM Shopping Mall, BDA Layout, HSR Layout, Bengaluru, Karnataka 560102",12.908018,77.651948,Punjabi restaurant,,Ci9DQUlRQUNvZENodHljRjlvT21WeFZsSmhaWFpTY2tKaU5FRnlVRlZKZVhwWk5sRRAB,Kapoor's Cafe,Shubham Jaiswal,113141952605532146363,True,5,,0,6 months ago,"{""food"": 5, ""service_rating"": 5, ""atmosphere"": 5}"
Kapoor's Cafe - HSR Branch,097392 67702,"WM42+62M, 337, 27th Main, Sector 2 HSR Layout Opposite KLM Shopping Mall, BDA Layout, HSR Layout, Bengaluru, Karnataka 560102",12.908018,77.651948,Punjabi restaurant,,Ci9DQUlRQUNvZENodHljRjlvT201UU1FTXlNMlZOVVVkQ2JUTnRiVkl6T1RWc1lrRRAB,Kapoor's Cafe,Shikha Gautam,108921266633435121906,True,2,"Ordered chole bhature and pindi chole bhature, but didn't like the taste and the service both. In comparison to other Kappor's cafe branch, it was not good. Will skip this from next time",0,6 months ago,"{""meal_type"": ""Lunch"", ""price_per_person"": ""₹200–400"", ""food"": 2, ""service_rating"": 2, ""atmosphere"": 3, ""group_size"": ""3-4 people"", ""wait_time"": ""No wait""}"
Kapoor's Cafe - HSR Branch,097392 67702,"WM42+62M, 337, 27th Main, Sector 2 HSR Layout Opposite KLM Shopping Mall, BDA Layout, HSR Layout, Bengaluru, Karnataka 560102",12.908018,77.651948,Punjabi restaurant,,Ci9DQUlRQUNvZENodHljRjlvT2pCYVZqbEdhR295YVhadVZWYzFSMjFpUzBwNVoxRRAB,Kapoor's Cafe,Sandeep,114446989764895425612,True,1,Worst food and service. We ordered 2-3 starters. Pathetic taste. We were not able to eat it. They don't even make kulcha there. It's packaged one. Bhatura was too oily and un-edible. Totally waste place. Service is too slow.,0,6 months ago,"{""meal_type"": ""Dinner"", ""price_per_person"": ""₹1,800–2,000"", ""food"": 1, ""service_rating"": 1, ""atmosphere"": 1, ""group_size"": ""3-4 people""}"
Kapoor's Cafe - HSR Branch,097392 67702,"WM42+62M, 337, 27th Main, Sector 2 HSR Layout Opposite KLM Shopping Mall, BDA Layout, HSR Layout, Bengaluru, Karnataka 560102",12.908018,77.651948,Punjabi restaurant,,Ci9DQUlRQUNvZENodHljRjlvT2xnd1QyMXFjMnhJVXpORlpteFNhbmxLVHpReVRGRRAB,Kapoor's Cafe,Fia,101161508944740940573,True,5,,0,6 months ago,"{""meal_type"": ""Lunch"", ""food"": 5, ""service_rating"": 4, ""atmosphere"": 4, ""vegetarian_recommendation"": ""Highly recommend"", ""vegetarian_offerings"": ""Menu is all vegetarian""}"
Kapoor's Cafe - HSR Branch,097392 67702,"WM42+62M, 337, 27th Main, Sector 2 HSR Layout Opposite KLM Shopping Mall, BDA Layout, HSR Layout, Bengaluru, Karnataka 560102",12.908018,77.651948,Punjabi restaurant,,Ci9DQUlRQUNvZENodHljRjlvT25VemIwbFBNRXhRZG1aM1NXVkxZVzFqUmkxSk9XYxAB,Kapoor's Cafe,Ninganna Kuntoji,106426385442777725548,True,1,Worst food,0,6 months ago,"{""meal_type"": ""Dinner"", ""price_per_person"": ""₹1,000–1,200"", ""food"": 1, ""service_rating"": 1, ""atmosphere"": 2, ""noise_level"": ""Very quiet""}"
Kapoor's Cafe - HSR Branch,097392 67702,"WM42+62M, 337, 27th Main, Sector 2 HSR Layout Opposite KLM Shopping Mall, BDA Layout, HSR Layout, Bengaluru, Karnataka 560102",12.908018,77.651948,Punjabi restaurant,,Ci9DQUlRQUNvZENodHljRjlvT25FMmNWTnhNVUZPVTJ0S1pFMWZNM05NUmtsNVNWRRAB,Kapoor's Cafe,Santosh Pathai,111360821464620169791,True,4,,0,6 months ago,"{""food"": 4, ""service_rating"": 3, ""atmosphere"": 5}"
Kapoor's Cafe - HSR Branch,097392 67702,"WM42+62M, 337, 27th Main, Sector 2 HSR Layout Opposite KLM Shopping Mall, BDA Layout, HSR Layout, Bengaluru, Karnataka 560102",12.908018,77.651948,Punjabi restaurant,,Ci9DQUlRQUNvZENodHljRjlvT2xwaVNWTTJPV2hxZW5OallqTldNRVptYkZZdGVHYxAB,Kapoor's Cafe,Abhinav Agarwal,116863523051011437792,True,4,,0,6 months ago,"{""meal_type"": ""Lunch"", ""price_per_person"": ""₹200–400"", ""food"": 4, ""service_rating"": 5, ""atmosphere"": 5, ""group_size"": ""2 people, 3-4 people, Suitable for all group sizes"", ""wait_time"": ""No wait"", ""parking_space"": ""Somewhat difficult to find parking"", ""parking_options"": ""Free street parking""}"
Kapoor's Cafe - HSR Branch,097392 67702,"WM42+62M, 337, 27th Main, Sector 2 HSR Layout Opposite KLM Shopping Mall, BDA Layout, HSR Layout, Bengaluru, Karnataka 560102",12.908018,77.651948,Punjabi restaurant,,Ci9DQUlRQUNvZENodHljRjlvT2pScE9WaExhVUpWYjNReGFVcDRiemg1VFhsdVJYYxAB,Kapoor's Cafe,ratika bairathi,110277090127401656485,True,4,,0,6 months ago,
Kapoor's Cafe - HSR Branch,097392 67702,"WM42+62M, 337, 27th Main, Sector 2 HSR Layout Opposite KLM Shopping Mall, BDA Layout, HSR Layout, Bengaluru, Karnataka 560102",12.908018,77.651948,Punjabi restaurant,,Ci9DQUlRQUNvZENodHljRjlvT21KWGEzRk1XbEYzVG5wS1IwaEpRV1I2Ymw5TmRsRRAB,Kapoor's Cafe,Gaurav Kumar,116533871459938197201,True,4,"No need to mention, mentaining it's brand value. Good for dining, quality is good",0,6 months ago,
Kapoor's Cafe - HSR Branch,097392 67702,"WM42+62M, 337, 27th Main, Sector 2 HSR Layout Opposite KLM Shopping Mall, BDA Layout, HSR Layout, Bengaluru, Karnataka 560102",12.908018,77.651948,Punjabi restaurant,,Ci9DQUlRQUNvZENodHljRjlvT20xSVlrcGlVVXRoVW0xb1ZtZEZaSGxMYVMxTmFsRRAB,Kapoor's Cafe,Manoj kumar jaiswal,106647698218479644694,True,2,"Not enough quantity, avg taste, mysore branch is much better",0,6 months ago,"{""food"": 2, ""service_rating"": 3, ""atmosphere"": 3}"
Kapoor's Cafe - HSR Branch,097392 67702,"WM42+62M, 337, 27th Main, Sector 2 HSR Layout Opposite KLM Shopping Mall, BDA Layout, HSR Layout, Bengaluru, Karnataka 560102",12.908018,77.651948,Punjabi restaurant,,Ci9DQUlRQUNvZENodHljRjlvT25nd1NFWlBURVV3VDFSRk5uTlpNV2hIV2s5VlpFRRAB,Kapoor's Cafe,H Alegowd,106821336894977957244,True,5,,0,7 months ago,"{""food"": 5, ""service_rating"": 4, ""atmosphere"": 4}"
Kapoor's Cafe - HSR Branch,097392 67702,"WM42+62M, 337, 27th Main, Sector 2 HSR Layout Opposite KLM Shopping Mall, BDA Layout, HSR Layout, Bengaluru, Karnataka 560102",12.908018,77.651948,Punjabi restaurant,,Ci9DQUlRQUNvZENodHljRjlvT25OSmFqRmpZVGhPZGxWS01rbFJOQzFvZVRCeVNsRRAB,Kapoor's Cafe,Ragavi Backup,108532272782761008680,False,4,,0,7 months ago,"{""meal_type"": ""Brunch"", ""food"": 4, ""service_rating"": 4, ""atmosphere"": 3, ""group_size"": ""1 person, 2 people, 3-4 people, 5-8 people"", ""wait_time"": ""10-30 min"", ""vegetarian_recommendation"": ""Somewhat recommend"", ""vegetarian_offerings"": ""Vegetarian menu or section, Clearly labeled vegetarian dishes"", ""parking_space"": ""Somewhat difficult to find parking"", ""parking_options"": ""Free street parking""}"
Kapoor's Cafe - HSR Branch,097392 67702,"WM42+62M, 337, 27th Main, Sector 2 HSR Layout Opposite KLM Shopping Mall, BDA Layout, HSR Layout, Bengaluru, Karnataka 560102",12.908018,77.651948,Punjabi restaurant,,Ci9DQUlRQUNvZENodHljRjlvT2tZdFZVbG5iblpITFdSYWVWVmpibXhwV0hSRWJIYxAB,Kapoor's Cafe,Eshwar Ra,110507004088349379395,False,5,,0,7 months ago,"{""food"": 5, ""service_rating"": 5, ""atmosphere"": 5}"
Kapoor's Cafe - HSR Branch,097392 67702,"WM42+62M, 337, 27th Main, Sector 2 HSR Layout Opposite KLM Shopping Mall, BDA Layout, HSR Layout, Bengaluru, Karnataka 560102",12.908018,77.651948,Punjabi restaurant,,Ci9DQUlRQUNvZENodHljRjlvT2xadlpUTjNYelpJZDIxVFl6RmFabGhQYmpKa1RrRRAB,Kapoor's Cafe,akshay sharma,103565259427395685170,True,2,"Laccha paratha was half cooked, and got cold crispy corn. Add it with rude staff and manager behaviour. Also, they won't accept payment from dineout or district, even though they are listed there",0,7 months ago,"{""meal_type"": ""Dinner"", ""price_per_person"": ""₹1,000–1,200"", ""food"": 2, ""service_rating"": 2, ""atmosphere"": 3, ""wait_time"": ""No wait""}"
Kapoor's Cafe - HSR Branch,097392 67702,"WM42+62M, 337, 27th Main, Sector 2 HSR Layout Opposite KLM Shopping Mall, BDA Layout, HSR Layout, Bengaluru, Karnataka 560102",12.908018,77.651948,Punjabi restaurant,,Ci9DQUlRQUNvZENodHljRjlvT2t4S1EzZHRVMDQxZEc4d09XbDNlRWMwWlhVM1prRRAB,Kapoor's Cafe,Anuj Nair,101899376369669702454,True,5,Kapoor’s Cafe is a go-to if you’re craving for veg Punjabi and North Indian food. The curries are generous and comforting. The decor looks nice with dhaba-style seating giving it a desi highway vibe. The whole place gets filled quickly and the rates are quite high.,0,7 months ago,"{""meal_type"": ""Dinner"", ""price_per_person"": ""₹400–600"", ""food"": 5, ""service_rating"": 5, ""atmosphere"": 5, ""group_size"": ""5-8 people"", ""wait_time"": ""Up to 10 min"", ""vegetarian_recommendation"": ""Highly recommend"", ""vegetarian_offerings"": ""Menu is all vegetarian"", ""parking_space"": ""Difficult to find parking"", ""parking_options"": ""Free parking lot""}"
Kapoor's Cafe - HSR Branch,097392 67702,"WM42+62M, 337, 27th Main, Sector 2 HSR Layout Opposite KLM Shopping Mall, BDA Layout, HSR Layout, Bengaluru, Karnataka 560102",12.908018,77.651948,Punjabi restaurant,,Ci9DQUlRQUNvZENodHljRjlvT2s1WlptUmZlVmRMVG5SRE1YTnBMV0ptY1Rkb1NGRRAB,Kapoor's Cafe,satyam kumar,100389448972968758466,False,1,"I had worst overall eating experience here. I’ve never had such a bad taste. How can someone make paneer butter masala and cheese balls so bad. I will suggest no one should visit this place, price is also higher.",0,7 months ago,"{""meal_type"": ""Dinner"", ""price_per_person"": ""₹600–800"", ""food"": 1, ""service_rating"": 1, ""atmosphere"": 1, ""group_size"": ""Not sure"", ""wait_time"": ""Up to 10 min"", ""vegetarian_recommendation"": ""Would not recommend"", ""vegetarian_offerings"": ""Not sure"", ""parking_space"": ""Difficult to find parking""}"
Kapoor's Cafe - HSR Branch,097392 67702,"WM42+62M, 337, 27th Main, Sector 2 HSR Layout Opposite KLM Shopping Mall, BDA Layout, HSR Layout, Bengaluru, Karnataka 560102",12.908018,77.651948,Punjabi restaurant,,Ci9DQUlRQUNvZENodHljRjlvT214M05uRmlNblJQWkVOR2VGZDNaRmwyVEdkNmJVRRAB,Kapoor's Cafe,IT'z rehan Khan,109827788417632470261,False,5,😲,0,7 months ago,"{""meal_type"": ""Breakfast"", ""price_per_person"": ""₹1,400–1,600"", ""food"": 5, ""service_rating"": 5, ""atmosphere"": 5, ""group_size"": ""2 people"", ""wait_time"": ""Up to 10 min""}"
Kapoor's Cafe - HSR Branch,097392 67702,"WM42+62M, 337, 27th Main, Sector 2 HSR Layout Opposite KLM Shopping Mall, BDA Layout, HSR Layout, Bengaluru, Karnataka 560102",12.908018,77.651948,Punjabi restaurant,,Ci9DQUlRQUNvZENodHljRjlvT21FeVNHVTFhREZ5U1U0MU4yZG1SV2hSYzA4eFdXYxAB,Kapoor's Cafe,Aastha Malik,102296946516203044840,False,1,"Extremely spicey. Like no upper limit of spice. And if we complain, they argue back and charge extra for the same. If returned food and gave feedback, but they started arguing and gave justification that you can not manage spice. I do not recommend, at all. Bad experience. Like really bad",0,7 months ago,
Kapoor's Cafe - HSR Branch,097392 67702,"WM42+62M, 337, 27th Main, Sector 2 HSR Layout Opposite KLM Shopping Mall, BDA Layout, HSR Layout, Bengaluru, Karnataka 560102",12.908018,77.651948,Punjabi restaurant,,Ci9DQUlRQUNvZENodHljRjlvT2t0S2QxRm1SWFozUmsxcFdESjNhV2h6WmpJM1MxRRAB,Kapoor's Cafe,Niraja Kakatkar,107276202317582186735,False,1,,0,7 months ago,"{""food"": 1, ""service_rating"": 3, ""atmosphere"": 3}"
Kapoor's Cafe - HSR Branch,097392 67702,"WM42+62M, 337, 27th Main, Sector 2 HSR Layout Opposite KLM Shopping Mall, BDA Layout, HSR Layout, Bengaluru, Karnataka 560102",12.908018,77.651948,Punjabi restaurant,,Ci9DQUlRQUNvZENodHljRjlvT2twMloyMHlUVTlqYWxFNFNIQkpVSGhPY1c1UWJuYxAB,Kapoor's Cafe,Prarthana B,109897885343439441339,False,1,"When I talk about the food it's pathetic at this cost. It's food is more similar to Dhaba style . Service is not upto the mark , you have call again and again for your order. Paneer lababdar was so sweet , we didnt get chance to order a sweetdish.. Over all very disappointing experience. I could tell you visit Punjabi Nukkad ,you will get a better taste there .",0,7 months ago,"{""meal_type"": ""Dinner"", ""price_per_person"": ""₹400–600"", ""food"": 2, ""service_rating"": 2, ""atmosphere"": 3, ""group_size"": ""3-4 people"", ""wait_time"": ""No wait""}"
Kapoor's Cafe - HSR Branch,097392 67702,"WM42+62M, 337, 27th Main, Sector 2 HSR Layout Opposite KLM Shopping Mall, BDA Layout, HSR Layout, Bengaluru, Karnataka 560102",12.908018,77.651948,Punjabi restaurant,,Ci9DQUlRQUNvZENodHljRjlvT25wV1JIbDVPSFptWTFCc1NrbHBaM0p3ZFhaSWRVRRAB,Kapoor's Cafe,Kiran Kumar Kiran,107159935290027378281,False,2,,0,7 months ago,"{""food"": 5, ""service_rating"": 5, ""atmosphere"": 4}"
Kapoor's Cafe - HSR Branch,097392 67702,"WM42+62M, 337, 27th Main, Sector 2 HSR Layout Opposite KLM Shopping Mall, BDA Layout, HSR Layout, Bengaluru, Karnataka 560102",12.908018,77.651948,Punjabi restaurant,,Ci9DQUlRQUNvZENodHljRjlvT2tSWVRsaENVR1pQZGxaYVRGTnRNMGRoU2w5YWNtYxAB,Kapoor's Cafe,Piyush,112163188460260809757,True,1,Alert!! They have a rat problem. Truly disgusting.,0,7 months ago,"{""food"": 4, ""service_rating"": 1, ""atmosphere"": 1}"
Kapoor's Cafe - HSR Branch,097392 67702,"WM42+62M, 337, 27th Main, Sector 2 HSR Layout Opposite KLM Shopping Mall, BDA Layout, HSR Layout, Bengaluru, Karnataka 560102",12.908018,77.651948,Punjabi restaurant,,Ci9DQUlRQUNvZENodHljRjlvT2pVeU16UlNRVzVhVDNsd2RFcFNaRGhuVnpCTmJXYxAB,Kapoor's Cafe,Rajeet Suvarna,110357137021528933715,True,1,"The Kadai paneer had hair in it. When I brought this to the notice of the server he just changed the plate and expected us to continue eating, when we shared the same information with the cashier he rudely said he can’t do anything. Zero responsibility and no fear of consequences of their action. Also the chat pata aloo was smelling spoilt/rotten had to return it. Apart from this the food was a 3/5. I hope this review helps you pick a better Punjabi Restaurant for your meal.",0,7 months ago,"{""meal_type"": ""Dinner"", ""price_per_person"": ""₹1,400–1,600"", ""food"": 1, ""service_rating"": 1, ""atmosphere"": 2, ""group_size"": ""3-4 people"", ""wait_time"": ""Up to 10 min"", ""parking_options"": ""Free street parking""}"
Kapoor's Cafe - HSR Branch,097392 67702,"WM42+62M, 337, 27th Main, Sector 2 HSR Layout Opposite KLM Shopping Mall, BDA Layout, HSR Layout, Bengaluru, Karnataka 560102",12.908018,77.651948,Punjabi restaurant,,Ci9DQUlRQUNvZENodHljRjlvT2tabU9VOUJVRTlQTUdnMVpYbENNM2hRUWxKSFRHYxAB,Kapoor's Cafe,Yogesh Gophane,109941595294784428730,True,3,Food is not upto the mark Chole tate was dull Very high price No car parking,0,7 months ago,"{""meal_type"": ""Dinner"", ""price_per_person"": ""₹200–400"", ""food"": 3, ""service_rating"": 4, ""atmosphere"": 3, ""group_size"": ""2 people, 3-4 people, Suitable for all group sizes"", ""wait_time"": ""10-30 min"", ""parking_space"": ""Difficult to find parking"", ""parking_options"": ""Parking is unavailable""}"
Kapoor's Cafe - HSR Branch,097392 67702,"WM42+62M, 337, 27th Main, Sector 2 HSR Layout Opposite KLM Shopping Mall, BDA Layout, HSR Layout, Bengaluru, Karnataka 560102",12.908018,77.651948,Punjabi restaurant,,Ci9DQUlRQUNvZENodHljRjlvT205bmVHcHdNRTFIVEhSaU4wOURUSGhNU3pCVk0wRRAB,Kapoor's Cafe,AMIT CHAKRABORTY,113166845482253425024,True,3,Not bad,0,7 months ago,"{""food"": 2, ""service_rating"": 2, ""atmosphere"": 2}"
Kapoor's Cafe - HSR Branch,097392 67702,"WM42+62M, 337, 27th Main, Sector 2 HSR Layout Opposite KLM Shopping Mall, BDA Layout, HSR Layout, Bengaluru, Karnataka 560102",12.908018,77.651948,Punjabi restaurant,,Ci9DQUlRQUNvZENodHljRjlvT2s5VmRGTnJaa2x1T1haYVJtUlJUV05GV0RadFZsRRAB,Kapoor's Cafe,Sahil Singh,107781578530228304072,False,1,Below average food and pathetic service,0,7 months ago,"{""meal_type"": ""Dinner"", ""price_per_person"": ""₹400–600"", ""food"": 1, ""service_rating"": 1, ""atmosphere"": 1, ""group_size"": ""Not sure"", ""wait_time"": ""10-30 min""}"
Kapoor's Cafe - HSR Branch,097392 67702,"WM42+62M, 337, 27th Main, Sector 2 HSR Layout Opposite KLM Shopping Mall, BDA Layout, HSR Layout, Bengaluru, Karnataka 560102",12.908018,77.651948,Punjabi restaurant,,Ci9DQUlRQUNvZENodHljRjlvT2taQlRXeFNUbXRsZEVZMWNVNWFMWEZaU1U1U1dVRRAB,Kapoor's Cafe,Relive,101694637226621826306,True,1,Worst paratha ever I had. They use refined oil and their menu card stays statutory warning they use butter and ghee. Also curd was stale and sour. My first and last time.,0,7 months ago,"{""meal_type"": ""Dinner"", ""price_per_person"": ""₹400–600"", ""food"": 1, ""service_rating"": 2, ""atmosphere"": 1}"
Kapoor's Cafe - HSR Branch,097392 67702,"WM42+62M, 337, 27th Main, Sector 2 HSR Layout Opposite KLM Shopping Mall, BDA Layout, HSR Layout, Bengaluru, Karnataka 560102",12.908018,77.651948,Punjabi restaurant,,Ci9DQUlRQUNvZENodHljRjlvT2psbE1VSXRMVFpWWms5b1kxbDRZV0pNVDNGRVVWRRAB,Kapoor's Cafe,Omkar Das,105970291525423631315,True,2,,0,7 months ago,"{""food"": 2, ""service_rating"": 2, ""atmosphere"": 2}"
Kapoor's Cafe - HSR Branch,097392 67702,"WM42+62M, 337, 27th Main, Sector 2 HSR Layout Opposite KLM Shopping Mall, BDA Layout, HSR Layout, Bengaluru, Karnataka 560102",12.908018,77.651948,Punjabi restaurant,,Ci9DQUlRQUNvZENodHljRjlvT2tSRWNXTkdXRjlaWTBvd2JVZGlTVzVwVUhRelgzYxAB,Kapoor's Cafe,Ankit Malik,110667964157007795822,True,5,,0,7 months ago,"{""food"": 4, ""service_rating"": 5, ""atmosphere"": 5}"
Kapoor's Cafe - HSR Branch,097392 67702,"WM42+62M, 337, 27th Main, Sector 2 HSR Layout Opposite KLM Shopping Mall, BDA Layout, HSR Layout, Bengaluru, Karnataka 560102",12.908018,77.651948,Punjabi restaurant,,ChdDSUhNMG9nS0VJQ0FnSURtdDdyaG1BRRAB,Kapoor's Cafe,Adhvaith Hattiangadi,114844446719529785870,True,3,,0,Edited 7 months ago,"{""meal_type"": ""Lunch"", ""price_per_person"": ""₹800–1,000"", ""noise_level"": ""Quiet, easy to talk"", ""group_size"": ""3-4 people"", ""vegetarian_recommendation"": ""Somewhat recommend""}"
Kapoor's Cafe - HSR Branch,097392 67702,"WM42+62M, 337, 27th Main, Sector 2 HSR Layout Opposite KLM Shopping Mall, BDA Layout, HSR Layout, Bengaluru, Karnataka 560102",12.908018,77.651948,Punjabi restaurant,,Ci9DQUlRQUNvZENodHljRjlvT200d2RVMVJhMFZuUjJGNFIwSmZTREpQWDFSa1RXYxAB,Kapoor's Cafe,prashant k,105828078878619880880,True,1,,0,7 months ago,"{""food"": 1, ""service_rating"": 1, ""atmosphere"": 3}"
Kapoor's Cafe - HSR Branch,097392 67702,"WM42+62M, 337, 27th Main, Sector 2 HSR Layout Opposite KLM Shopping Mall, BDA Layout, HSR Layout, Bengaluru, Karnataka 560102",12.908018,77.651948,Punjabi restaurant,,Ci9DQUlRQUNvZENodHljRjlvT2kweGFXTTRZeTFDVXpKTFYyaGZPV1p6VUUxaGVrRRAB,Kapoor's Cafe,Neha,118206841905551972106,False,3,,0,7 months ago,"{""meal_type"": ""Brunch"", ""price_per_person"": ""₹200–400"", ""food"": 3, ""service_rating"": 4, ""atmosphere"": 4, ""noise_level"": ""Quiet, easy to talk"", ""group_size"": ""2 people""}"
Kapoor's Cafe - HSR Branch,097392 67702,"WM42+62M, 337, 27th Main, Sector 2 HSR Layout Opposite KLM Shopping Mall, BDA Layout, HSR Layout, Bengaluru, Karnataka 560102",12.908018,77.651948,Punjabi restaurant,,Ci9DQUlRQUNvZENodHljRjlvT2toc1RHSlJSR05pUlhablNtMVRkMUV0WWtnNFRHYxAB,Kapoor's Cafe,Sudhir Kumar Thakur,100305545293078972760,True,1,Worst service -food served on the table without plate and water. They provide plate and water after call. No person for serve in your plate. Quality- I ordered kadai paneer but he served paneer in onion gravy. Pindi chole with high potency of salt. No-one response your problem.,0,7 months ago,"{""meal_type"": ""Dinner"", ""food"": 1, ""service_rating"": 1}"
Kapoor's Cafe - HSR Branch,097392 67702,"WM42+62M, 337, 27th Main, Sector 2 HSR Layout Opposite KLM Shopping Mall, BDA Layout, HSR Layout, Bengaluru, Karnataka 560102",12.908018,77.651948,Punjabi restaurant,,Ci9DQUlRQUNvZENodHljRjlvT2xOWWVUZDFkbHBrVDJ4amNsQXRjVWxUZWpkV0xWRRAB,Kapoor's Cafe,Kiran Kumar j,109197978941748331004,True,1,Had bad experience with  atmosphere and price are too expensive compare  other hotel surrounded.,0,7 months ago,
Kapoor's Cafe - HSR Branch,097392 67702,"WM42+62M, 337, 27th Main, Sector 2 HSR Layout Opposite KLM Shopping Mall, BDA Layout, HSR Layout, Bengaluru, Karnataka 560102",12.908018,77.651948,Punjabi restaurant,,Ci9DQUlRQUNvZENodHljRjlvT2sxQlVUTlhVekE1TTJGaWNrUmpVMGxWY2tsWWRFRRAB,Kapoor's Cafe,Sritaj Patel,115778692970619360111,True,5,,0,7 months ago,"{""meal_type"": ""Lunch"", ""price_per_person"": ""₹400–600"", ""food"": 5, ""service_rating"": 5, ""atmosphere"": 5}"
Kapoor's Cafe - HSR Branch,097392 67702,"WM42+62M, 337, 27th Main, Sector 2 HSR Layout Opposite KLM Shopping Mall, BDA Layout, HSR Layout, Bengaluru, Karnataka 560102",12.908018,77.651948,Punjabi restaurant,,Ci9DQUlRQUNvZENodHljRjlvT2xkTE5VNU9aREJXTWkxaU4xRjBOakZoUld4c2RVRRAB,Kapoor's Cafe,Ninad hegde,108053734015059156643,True,5,,0,7 months ago,"{""meal_type"": ""Lunch"", ""price_per_person"": ""₹200–400"", ""food"": 5, ""service_rating"": 5, ""atmosphere"": 4}"
Kapoor's Cafe - HSR Branch,097392 67702,"WM42+62M, 337, 27th Main, Sector 2 HSR Layout Opposite KLM Shopping Mall, BDA Layout, HSR Layout, Bengaluru, Karnataka 560102",12.908018,77.651948,Punjabi restaurant,,Ci9DQUlRQUNvZENodHljRjlvT2xOWlFuSlBlamRuUVROalkyVkdSbFJ4Wld4Nk0wRRAB,Kapoor's Cafe,136 Arulmozhi Hosur,111456082013674945184,False,5,,0,7 months ago,"{""food"": 5, ""service_rating"": 5, ""atmosphere"": 4}"
Kapoor's Cafe - HSR Branch,097392 67702,"WM42+62M, 337, 27th Main, Sector 2 HSR Layout Opposite KLM Shopping Mall, BDA Layout, HSR Layout, Bengaluru, Karnataka 560102",12.908018,77.651948,Punjabi restaurant,,Ci9DQUlRQUNvZENodHljRjlvT21SMmNIbENOVWQ0UjAxQ00wTkpMVVUyWWxGV1ZrRRAB,Kapoor's Cafe,Chandan SIngh,113066884883434692090,True,1,I visited there for Sunday dinner. The food served was third class at premier price. I would definitely not recommend anyone to visit this place. Kapoor's Cafe have lost its charm !!,0,7 months ago,"{""meal_type"": ""Dinner"", ""food"": 1, ""service_rating"": 1, ""atmosphere"": 1}"
Kapoor's Cafe - HSR Branch,097392 67702,"WM42+62M, 337, 27th Main, Sector 2 HSR Layout Opposite KLM Shopping Mall, BDA Layout, HSR Layout, Bengaluru, Karnataka 560102",12.908018,77.651948,Punjabi restaurant,,Ci9DQUlRQUNvZENodHljRjlvT2tkSGNXbzRkMk5CT1ZGYVNVTmZaVFpqTlZkbU1HYxAB,Kapoor's Cafe,Chinmay Krishna,100407183286225803072,False,1,"Don't waste your money and time.  Totally hyped. Food was not good at all. We tried cheese balls, lachha paratha and kadhai panner, chhole bhature, poori chhole and buttermilk. Pindi chhole in chhole bhature was too salty that you can't eat after a bite. Only buttermilk was a little saviour. I personally won't recommend anyone.",0,7 months ago,"{""meal_type"": ""Dinner"", ""price_per_person"": ""₹400–600"", ""food"": 1, ""service_rating"": 1, ""atmosphere"": 3, ""group_size"": ""3-4 people"", ""wait_time"": ""Up to 10 min"", ""vegetarian_recommendation"": ""Would not recommend""}"
Kapoor's Cafe - HSR Branch,097392 67702,"WM42+62M, 337, 27th Main, Sector 2 HSR Layout Opposite KLM Shopping Mall, BDA Layout, HSR Layout, Bengaluru, Karnataka 560102",12.908018,77.651948,Punjabi restaurant,,Ci9DQUlRQUNvZENodHljRjlvT2w4d01YSnFWVEJ2YTBWMFVWbGZXSGRGZFVsNWNHYxAB,Kapoor's Cafe,rahul yadav,105812153021709360347,True,1,Khana thanda parosa janda hai.,0,7 months ago,"{""meal_type"": ""Lunch"", ""price_per_person"": ""₹600–800"", ""food"": 1, ""service_rating"": 3, ""atmosphere"": 3, ""group_size"": ""3-4 people"", ""wait_time"": ""No wait""}"
Kapoor's Cafe - HSR Branch,097392 67702,"WM42+62M, 337, 27th Main, Sector 2 HSR Layout Opposite KLM Shopping Mall, BDA Layout, HSR Layout, Bengaluru, Karnataka 560102",12.908018,77.651948,Punjabi restaurant,,Ci9DQUlRQUNvZENodHljRjlvT2tkcVptdDFZM2c1Y1VsT1NuYzRZbWsxUTBaaVEyYxAB,Kapoor's Cafe,Venkatesh Jaisankar,112357676045344122016,True,2,Decent veg options but lacks the quality. The main drawback is that starters and gravies are too costly for the quality and taste. 400 rupees for a panner gravy is not fair. Phulkas were hard to eat.,0,7 months ago,"{""meal_type"": ""Dinner"", ""price_per_person"": ""₹800–1,000"", ""food"": 2, ""service_rating"": 4, ""atmosphere"": 5, ""group_size"": ""3-4 people"", ""wait_time"": ""No wait"", ""vegetarian_recommendation"": ""Would not recommend""}"
Kapoor's Cafe - HSR Branch,097392 67702,"WM42+62M, 337, 27th Main, Sector 2 HSR Layout Opposite KLM Shopping Mall, BDA Layout, HSR Layout, Bengaluru, Karnataka 560102",12.908018,77.651948,Punjabi restaurant,,Ci9DQUlRQUNvZENodHljRjlvT21JM1EyRlNWemR2YmxSa2JYSjNVM0kyYVRCR1YzYxAB,Kapoor's Cafe,Supi Ojha,109893422502473889674,True,5,,0,7 months ago,"{""meal_type"": ""Dinner"", ""price_per_person"": ""₹400–600"", ""group_size"": ""3-4 people"", ""wait_time"": ""No wait"", ""vegetarian_recommendation"": ""Highly recommend"", ""vegetarian_offerings"": ""Menu is all vegetarian""}"
Kapoor's Cafe - HSR Branch,097392 67702,"WM42+62M, 337, 27th Main, Sector 2 HSR Layout Opposite KLM Shopping Mall, BDA Layout, HSR Layout, Bengaluru, Karnataka 560102",12.908018,77.651948,Punjabi restaurant,,Ci9DQUlRQUNvZENodHljRjlvT2tORGEwTmpNRXRGVGpkS1h5MHdSV2RCY2tkSk1IYxAB,Kapoor's Cafe,Shubham singh,113135059884624218507,True,4,"Food is a bit on the spicy side and oily, but taste is good. :) Thali quantity is quite sumptuous.",0,7 months ago,"{""meal_type"": ""Dinner"", ""price_per_person"": ""₹200–400"", ""food"": 4, ""service_rating"": 4, ""atmosphere"": 4, ""group_size"": ""5-8 people"", ""wait_time"": ""Up to 10 min"", ""vegetarian_recommendation"": ""Highly recommend"", ""parking_options"": ""Free street parking""}"
Kapoor's Cafe - HSR Branch,097392 67702,"WM42+62M, 337, 27th Main, Sector 2 HSR Layout Opposite KLM Shopping Mall, BDA Layout, HSR Layout, Bengaluru, Karnataka 560102",12.908018,77.651948,Punjabi restaurant,,Ci9DQUlRQUNvZENodHljRjlvT2pOSVlVa3lXazFOWlZCUmNIRnNSblJvUm5jek5YYxAB,Kapoor's Cafe,Roshan darjee Roshan,104691682898596994453,False,5,,0,7 months ago,"{""food"": 5, ""service_rating"": 5, ""atmosphere"": 5}"
Kapoor's Cafe - HSR Branch,097392 67702,"WM42+62M, 337, 27th Main, Sector 2 HSR Layout Opposite KLM Shopping Mall, BDA Layout, HSR Layout, Bengaluru, Karnataka 560102",12.908018,77.651948,Punjabi restaurant,,Ci9DQUlRQUNvZENodHljRjlvT2poMFNrSkJaMUZpZFZoWU1XMHhZVEpNYlZoNVJtYxAB,Kapoor's Cafe,Venkatesh Iyer,116761475679227759036,True,5,,0,7 months ago,
Kapoor's Cafe - HSR Branch,097392 67702,"WM42+62M, 337, 27th Main, Sector 2 HSR Layout Opposite KLM Shopping Mall, BDA Layout, HSR Layout, Bengaluru, Karnataka 560102",12.908018,77.651948,Punjabi restaurant,,Ci9DQUlRQUNvZENodHljRjlvT21Wb016QTNiM0U0Y0VWeFpuQnhkMUpvV2toR09WRRAB,Kapoor's Cafe,Ankit Solanki,116359216549107509578,True,1,Said closed even at 10:45 even though website says 11. Bad experience,0,7 months ago,
Kapoor's Cafe - HSR Branch,097392 67702,"WM42+62M, 337, 27th Main, Sector 2 HSR Layout Opposite KLM Shopping Mall, BDA Layout, HSR Layout, Bengaluru, Karnataka 560102",12.908018,77.651948,Punjabi restaurant,,Ci9DQUlRQUNvZENodHljRjlvT25wdFoxWkVNRUZmY25oS2VVWnNla1JHT0Y4emMzYxAB,Kapoor's Cafe,K.b. Singh,114921766583975110299,True,1,These people have zero sense of time. Arrived at 10.47 and they mentioned closed rudely. Their map timing says 11pm closure anyways. Absolutely shitty hospitality is not acceptable from a food place charging a premium.,0,8 months ago,"{""service_rating"": 1, ""atmosphere"": 1, ""parking_space"": ""Difficult to find parking""}"
Kapoor's Cafe - HSR Branch,097392 67702,"WM42+62M, 337, 27th Main, Sector 2 HSR Layout Opposite KLM Shopping Mall, BDA Layout, HSR Layout, Bengaluru, Karnataka 560102",12.908018,77.651948,Punjabi restaurant,,Ci9DQUlRQUNvZENodHljRjlvT2pGTlNXdHpVMVUwZHprM05sTldSMU51YjAxTk5XYxAB,Kapoor's Cafe,abhinandan shah,112524566508080894930,True,5,,0,8 months ago,"{""meal_type"": ""Dinner"", ""price_per_person"": ""₹200–400"", ""food"": 4, ""service_rating"": 4, ""atmosphere"": 5, ""group_size"": ""Suitable for all group sizes"", ""wait_time"": ""10-30 min"", ""vegetarian_recommendation"": ""Highly recommend"", ""vegetarian_offerings"": ""Menu is all vegetarian"", ""parking_space"": ""Plenty of parking"", ""parking_options"": ""Free parking lot""}"
Kapoor's Cafe - HSR Branch,097392 67702,"WM42+62M, 337, 27th Main, Sector 2 HSR Layout Opposite KLM Shopping Mall, BDA Layout, HSR Layout, Bengaluru, Karnataka 560102",12.908018,77.651948,Punjabi restaurant,,Ci9DQUlRQUNvZENodHljRjlvT2s1S1pXMUtZWFo2TTB0RVJYUTRUazU2WWpacFptYxAB,Kapoor's Cafe,Vidyadhar Navale,112821182180750261528,True,4,"Good authentic Vegetarian Punjabi cuisine. Portion sizes are large, curries can be shared by 2 people. Lassi is to die for.",0,8 months ago,"{""meal_type"": ""Lunch"", ""price_per_person"": ""₹200–400"", ""food"": 4, ""service_rating"": 5, ""atmosphere"": 5, ""group_size"": ""Suitable for all group sizes"", ""wait_time"": ""No wait"", ""vegetarian_recommendation"": ""Highly recommend"", ""vegetarian_offerings"": ""Menu is all vegetarian"", ""parking_space"": ""Somewhat difficult to find parking"", ""parking_options"": ""Free street parking""}"
Kapoor's Cafe - HSR Branch,097392 67702,"WM42+62M, 337, 27th Main, Sector 2 HSR Layout Opposite KLM Shopping Mall, BDA Layout, HSR Layout, Bengaluru, Karnataka 560102",12.908018,77.651948,Punjabi restaurant,,Ci9DQUlRQUNvZENodHljRjlvT2xOa05HOXVhM1U0VWxWTFVGUnFkbEpWYTJoSVIwRRAB,Kapoor's Cafe,Md Akbar,103334307761325073273,True,5,Please abde now,0,8 months ago,"{""meal_type"": ""Brunch"", ""food"": 5, ""service_rating"": 5, ""atmosphere"": 5}"
Kapoor's Cafe - HSR Branch,097392 67702,"WM42+62M, 337, 27th Main, Sector 2 HSR Layout Opposite KLM Shopping Mall, BDA Layout, HSR Layout, Bengaluru, Karnataka 560102",12.908018,77.651948,Punjabi restaurant,,Ci9DQUlRQUNvZENodHljRjlvT2t0SE9WQXRVVEpCWmxwRWNESnhUVkZ2T1dkU1RFRRAB,Kapoor's Cafe,Prashant Pardhi,118110693819621416055,False,1,"Poor service, uncomfortable seating, and food quality doesn’t justify the high charges. Not a satisfying experience.",0,8 months ago,"{""meal_type"": ""Dinner"", ""price_per_person"": ""₹400–600"", ""food"": 1, ""service_rating"": 1, ""atmosphere"": 2, ""noise_level"": ""Loud, but you can still talk"", ""group_size"": ""5-8 people"", ""vegetarian_recommendation"": ""Somewhat recommend"", ""parking_space"": ""Difficult to find parking"", ""parking_options"": ""Parking is unavailable""}"
Kapoor's Cafe - HSR Branch,097392 67702,"WM42+62M, 337, 27th Main, Sector 2 HSR Layout Opposite KLM Shopping Mall, BDA Layout, HSR Layout, Bengaluru, Karnataka 560102",12.908018,77.651948,Punjabi restaurant,,Ci9DQUlRQUNvZENodHljRjlvT2xaamRsWlVTR05GVTB0WWNHWnBkRTB0YVMxS1UzYxAB,Kapoor's Cafe,srini vas,113172166586681038341,True,4,,0,8 months ago,"{""meal_type"": ""Lunch"", ""price_per_person"": ""₹200–400"", ""food"": 5, ""service_rating"": 4, ""atmosphere"": 5, ""noise_level"": ""Moderate noise"", ""group_size"": ""3-4 people""}"
Kapoor's Cafe - HSR Branch,097392 67702,"WM42+62M, 337, 27th Main, Sector 2 HSR Layout Opposite KLM Shopping Mall, BDA Layout, HSR Layout, Bengaluru, Karnataka 560102",12.908018,77.651948,Punjabi restaurant,,Ci9DQUlRQUNvZENodHljRjlvT21SZk5sZGFaRGgyU0c1bVIwZDNURk5TTm1aSFJIYxAB,Kapoor's Cafe,Amit G,105460594841559036659,True,5,,0,8 months ago,"{""meal_type"": ""Lunch"", ""price_per_person"": ""₹800–1,000"", ""group_size"": ""2 people"", ""wait_time"": ""No wait""}"
Kapoor's Cafe - HSR Branch,097392 67702,"WM42+62M, 337, 27th Main, Sector 2 HSR Layout Opposite KLM Shopping Mall, BDA Layout, HSR Layout, Bengaluru, Karnataka 560102",12.908018,77.651948,Punjabi restaurant,,Ci9DQUlRQUNvZENodHljRjlvT2t0cmJIZHBRVWw2Wmt4NlZ6bDFNVzQ1T0RZMGJrRRAB,Kapoor's Cafe,Shubham Sureka,112031602817363135744,True,5,,0,8 months ago,"{""meal_type"": ""Dinner"", ""price_per_person"": ""₹400–600"", ""food"": 5, ""service_rating"": 4, ""atmosphere"": 4, ""group_size"": ""2 people, 3-4 people, 5-8 people"", ""wait_time"": ""Up to 10 min"", ""vegetarian_recommendation"": ""Highly recommend"", ""vegetarian_offerings"": ""Menu is all vegetarian""}"
Kapoor's Cafe - HSR Branch,097392 67702,"WM42+62M, 337, 27th Main, Sector 2 HSR Layout Opposite KLM Shopping Mall, BDA Layout, HSR Layout, Bengaluru, Karnataka 560102",12.908018,77.651948,Punjabi restaurant,,Ci9DQUlRQUNvZENodHljRjlvT21GTGNYSkZaMk0yTnpkVldtaG9NVGhVWlVsVFVGRRAB,Kapoor's Cafe,Raghavendra Rao,118079804692058155361,True,5,,0,8 months ago,"{""meal_type"": ""Brunch"", ""price_per_person"": ""₹1,000–1,200"", ""food"": 4, ""service_rating"": 4, ""atmosphere"": 5, ""recommended_dishes"": ""Aloo, Crispy Corn Punjabi Style, Chola Bhatura"", ""wait_time"": ""No wait""}"
Kapoor's Cafe - HSR Branch,097392 67702,"WM42+62M, 337, 27th Main, Sector 2 HSR Layout Opposite KLM Shopping Mall, BDA Layout, HSR Layout, Bengaluru, Karnataka 560102",12.908018,77.651948,Punjabi restaurant,,Ci9DQUlRQUNvZENodHljRjlvT2xGeGFGVmpjbGd4YTFCUFoxbHJkMEZTVXpWMGRuYxAB,Kapoor's Cafe,Ruhi Gupta,106808335550577425144,False,5,,0,8 months ago,"{""meal_type"": ""Dinner"", ""price_per_person"": ""₹400–600"", ""food"": 5, ""service_rating"": 5, ""atmosphere"": 4, ""recommended_dishes"": ""Dal Makhani and Aloo Paratha, French Fries Punjabi Style"", ""wait_time"": ""No wait""}"
Kapoor's Cafe - HSR Branch,097392 67702,"WM42+62M, 337, 27th Main, Sector 2 HSR Layout Opposite KLM Shopping Mall, BDA Layout, HSR Layout, Bengaluru, Karnataka 560102",12.908018,77.651948,Punjabi restaurant,,Ci9DQUlRQUNvZENodHljRjlvT2pkR1EySm9MVEp0WTI1Q2JGZG1VMGxMWVVFMldYYxAB,Kapoor's Cafe,satish kumar,109322418956665330322,True,5,Taste is good. Ambience is attractive with traditional punjabi dhaba style seating.,0,8 months ago,"{""meal_type"": ""Lunch"", ""price_per_person"": ""₹200–400"", ""food"": 5, ""service_rating"": 4, ""atmosphere"": 5, ""group_size"": ""3-4 people"", ""wait_time"": ""No wait"", ""vegetarian_recommendation"": ""Highly recommend"", ""vegetarian_offerings"": ""Large vegetarian selection"", ""parking_space"": ""Somewhat difficult to find parking"", ""parking_options"": ""Free street parking""}"
Kapoor's Cafe - HSR Branch,097392 67702,"WM42+62M, 337, 27th Main, Sector 2 HSR Layout Opposite KLM Shopping Mall, BDA Layout, HSR Layout, Bengaluru, Karnataka 560102",12.908018,77.651948,Punjabi restaurant,,Ci9DQUlRQUNvZENodHljRjlvT20xTU0xQjNiMjlNVjIwMk5EQmtkbVJLTURScExXYxAB,Kapoor's Cafe,Ganesh K,118307046695941915830,False,5,,0,8 months ago,"{""food"": 5, ""service_rating"": 5, ""atmosphere"": 5}"
Kapoor's Cafe - HSR Branch,097392 67702,"WM42+62M, 337, 27th Main, Sector 2 HSR Layout Opposite KLM Shopping Mall, BDA Layout, HSR Layout, Bengaluru, Karnataka 560102",12.908018,77.651948,Punjabi restaurant,,Ci9DQUlRQUNvZENodHljRjlvT25wNVpUSXRjblptVkZCU2FtWklhRU5hUlZKSlpYYxAB,Kapoor's Cafe,Livingstone GCS,110533626930351545005,False,1,,0,8 months ago,"{""dining_mode"": ""Dine in"", ""meal_type"": ""Lunch"", ""price_per_person"": ""₹600–800"", ""food"": 1, ""service_rating"": 4, ""atmosphere"": 3, ""vegetarian_recommendation"": ""Would not recommend"", ""vegetarian_offerings"": ""Menu is all vegetarian""}"
Kapoor's Cafe - HSR Branch,097392 67702,"WM42+62M, 337, 27th Main, Sector 2 HSR Layout Opposite KLM Shopping Mall, BDA Layout, HSR Layout, Bengaluru, Karnataka 560102",12.908018,77.651948,Punjabi restaurant,,Ci9DQUlRQUNvZENodHljRjlvT205QlNWRTJhV2xQTUZwbmFXdFVlWEl5ZW1aTlRIYxAB,Kapoor's Cafe,Sumedh dharwadkar,117617624452866889568,True,4,,0,8 months ago,"{""dining_mode"": ""Dine in"", ""meal_type"": ""Dinner"", ""price_per_person"": ""₹400–600"", ""food"": 5, ""service_rating"": 5, ""atmosphere"": 5, ""group_size"": ""Suitable for all group sizes""}"
Kapoor's Cafe - HSR Branch,097392 67702,"WM42+62M, 337, 27th Main, Sector 2 HSR Layout Opposite KLM Shopping Mall, BDA Layout, HSR Layout, Bengaluru, Karnataka 560102",12.908018,77.651948,Punjabi restaurant,,Ci9DQUlRQUNvZENodHljRjlvT2xSMWEyOWpkazV5U0dNNUxXRklkR2hwWTFCT2RWRRAB,Kapoor's Cafe,Vivek Dev,100222346628829294907,True,4,One of the best place for vegetarian northindian foods for sure...I often go there for North Indian Jayaka...😋,0,8 months ago,"{""food"": 4, ""service_rating"": 3, ""atmosphere"": 3}"
Kapoor's Cafe - HSR Branch,097392 67702,"WM42+62M, 337, 27th Main, Sector 2 HSR Layout Opposite KLM Shopping Mall, BDA Layout, HSR Layout, Bengaluru, Karnataka 560102",12.908018,77.651948,Punjabi restaurant,,Ci9DQUlRQUNvZENodHljRjlvT25ob0xYaDJSRU5MTm1ZNGJFVldlRFJ5YVhGUGFuYxAB,Kapoor's Cafe,Gaurav Prajapati,105376246092794766784,True,4,,0,8 months ago,"{""food"": 4, ""service_rating"": 4, ""atmosphere"": 4}"
Kapoor's Cafe - HSR Branch,097392 67702,"WM42+62M, 337, 27th Main, Sector 2 HSR Layout Opposite KLM Shopping Mall, BDA Layout, HSR Layout, Bengaluru, Karnataka 560102",12.908018,77.651948,Punjabi restaurant,,Ci9DQUlRQUNvZENodHljRjlvT2tKSU9YcFlWWGR2VFVGUmJTMU1jVlJDT0VVeGNWRRAB,Kapoor's Cafe,Varadharajan Athmanathan,108072555917433325658,True,3,,0,8 months ago,"{""meal_type"": ""Lunch"", ""price_per_person"": ""₹600–800"", ""food"": 4, ""service_rating"": 3, ""atmosphere"": 3, ""group_size"": ""3-4 people"", ""seating_type"": ""Indoor dining area"", ""vegetarian_recommendation"": ""Highly recommend"", ""vegetarian_offerings"": ""Menu is all vegetarian"", ""parking_space"": ""Difficult to find parking"", ""parking_options"": ""Free street parking""}"
Kapoor's Cafe - HSR Branch,097392 67702,"WM42+62M, 337, 27th Main, Sector 2 HSR Layout Opposite KLM Shopping Mall, BDA Layout, HSR Layout, Bengaluru, Karnataka 560102",12.908018,77.651948,Punjabi restaurant,,Ci9DQUlRQUNvZENodHljRjlvT2tOcmJua3dZMFk0YVVkMU5HeFlNMlpvYmtkVVpXYxAB,Kapoor's Cafe,Manoj Prajapati,102712393563407351484,True,3,,0,8 months ago,"{""food"": 3, ""service_rating"": 3, ""atmosphere"": 3}"
Kapoor's Cafe - HSR Branch,097392 67702,"WM42+62M, 337, 27th Main, Sector 2 HSR Layout Opposite KLM Shopping Mall, BDA Layout, HSR Layout, Bengaluru, Karnataka 560102",12.908018,77.651948,Punjabi restaurant,,Ci9DQUlRQUNvZENodHljRjlvT25KUmJXeHdjSGhKY1hoNFFUQTJObWRFWDNGYVRWRRAB,Kapoor's Cafe,Abhishek Verma,117005558566275025960,True,5,,0,8 months ago,
Kapoor's Cafe - HSR Branch,097392 67702,"WM42+62M, 337, 27th Main, Sector 2 HSR Layout Opposite KLM Shopping Mall, BDA Layout, HSR Layout, Bengaluru, Karnataka 560102",12.908018,77.651948,Punjabi restaurant,,Ci9DQUlRQUNvZENodHljRjlvT2xGMWVGaEdjakJNTmpFNFFYTjVWMGx3V0c4M01sRRAB,Kapoor's Cafe,chethan vijayadeva,113110855464484175503,True,4,,0,8 months ago,"{""food"": 4, ""service_rating"": 4, ""atmosphere"": 4}"
Kapoor's Cafe - HSR Branch,097392 67702,"WM42+62M, 337, 27th Main, Sector 2 HSR Layout Opposite KLM Shopping Mall, BDA Layout, HSR Layout, Bengaluru, Karnataka 560102",12.908018,77.651948,Punjabi restaurant,,Ci9DQUlRQUNvZENodHljRjlvT2xWRVJsRTVWRVl6V25SZlFuUlJRVFZHWWs5U1VsRRAB,Kapoor's Cafe,Rajesh Kumar Singh,116728629937562926366,False,1,,0,8 months ago,
Kapoor's Cafe - HSR Branch,097392 67702,"WM42+62M, 337, 27th Main, Sector 2 HSR Layout Opposite KLM Shopping Mall, BDA Layout, HSR Layout, Bengaluru, Karnataka 560102",12.908018,77.651948,Punjabi restaurant,,Ci9DQUlRQUNvZENodHljRjlvT2tGR05HRkZTWGRFVDAxM2QzVk9kbmt5ZEhsaGExRRAB,Kapoor's Cafe,AMAN BHARDWAJ,103037496865123123678,True,4,,0,8 months ago,"{""meal_type"": ""Dinner"", ""price_per_person"": ""₹200–400"", ""food"": 4, ""service_rating"": 5, ""atmosphere"": 5}"
Kapoor's Cafe - HSR Branch,097392 67702,"WM42+62M, 337, 27th Main, Sector 2 HSR Layout Opposite KLM Shopping Mall, BDA Layout, HSR Layout, Bengaluru, Karnataka 560102",12.908018,77.651948,Punjabi restaurant,,Ci9DQUlRQUNvZENodHljRjlvT25aR01uRlZURVZaWVdRMGRWZEtWakIxUjFWa1RHYxAB,Kapoor's Cafe,Utkarsh Awasthi,101542366956552996916,True,4,,0,8 months ago,"{""food"": 4, ""service_rating"": 4, ""atmosphere"": 4}"
Kapoor's Cafe - HSR Branch,097392 67702,"WM42+62M, 337, 27th Main, Sector 2 HSR Layout Opposite KLM Shopping Mall, BDA Layout, HSR Layout, Bengaluru, Karnataka 560102",12.908018,77.651948,Punjabi restaurant,,Ci9DQUlRQUNvZENodHljRjlvT2pGMlVsazRVblJPVUhFNGNsWkJWMFpSYkdac01YYxAB,Kapoor's Cafe,Nandini Shiva,112814174099005626376,False,2,"Food is ok, not that great, not much flavours. You can skip this place and try other punjabi restaurants",0,8 months ago,"{""food"": 2, ""service_rating"": 3, ""atmosphere"": 3}"
Kapoor's Cafe - HSR Branch,097392 67702,"WM42+62M, 337, 27th Main, Sector 2 HSR Layout Opposite KLM Shopping Mall, BDA Layout, HSR Layout, Bengaluru, Karnataka 560102",12.908018,77.651948,Punjabi restaurant,,Ci9DQUlRQUNvZENodHljRjlvT25aUFVqZGZhR3RSVkdRMlJEa3RYelJWZDJkMU5IYxAB,Kapoor's Cafe,vivek prabhakar,101838922633844816934,True,4,"Panner butter masala combo was nice & it costed us 390, channa batura as well. Lassi taste good",0,8 months ago,"{""meal_type"": ""Lunch"", ""price_per_person"": ""₹400–600"", ""food"": 4, ""service_rating"": 4, ""atmosphere"": 5, ""noise_level"": ""Quiet, easy to talk"", ""group_size"": ""2 people, 3-4 people""}"
Kapoor's Cafe - HSR Branch,097392 67702,"WM42+62M, 337, 27th Main, Sector 2 HSR Layout Opposite KLM Shopping Mall, BDA Layout, HSR Layout, Bengaluru, Karnataka 560102",12.908018,77.651948,Punjabi restaurant,,Ci9DQUlRQUNvZENodHljRjlvT2tNNWNISkNZblZyWjB0RExUQmxORmhzVFU4MFdrRRAB,Kapoor's Cafe,Sagar Noir,107186487161977873564,False,4,,0,8 months ago,"{""meal_type"": ""Dinner"", ""price_per_person"": ""₹400–600"", ""food"": 4, ""service_rating"": 5, ""atmosphere"": 4, ""group_size"": ""2 people, 3-4 people"", ""wait_time"": ""Up to 10 min""}"
Kapoor's Cafe - HSR Branch,097392 67702,"WM42+62M, 337, 27th Main, Sector 2 HSR Layout Opposite KLM Shopping Mall, BDA Layout, HSR Layout, Bengaluru, Karnataka 560102",12.908018,77.651948,Punjabi restaurant,,Ci9DQUlRQUNvZENodHljRjlvT2s4MVZuRjBTMHcxTmxCTVNGbHVZMGRqVlZsc1dWRRAB,Kapoor's Cafe,Aadi The great,117521431251269539017,False,1,,0,8 months ago,
Kapoor's Cafe - HSR Branch,097392 67702,"WM42+62M, 337, 27th Main, Sector 2 HSR Layout Opposite KLM Shopping Mall, BDA Layout, HSR Layout, Bengaluru, Karnataka 560102",12.908018,77.651948,Punjabi restaurant,,Ci9DQUlRQUNvZENodHljRjlvT2taaFdubGplVzUzVG1OUU5VMUJaVkJEUTFabE5YYxAB,Kapoor's Cafe,Shakendra Jain,107751868707004967221,False,2,Very overhyped and overpriced. Decent North Indian food but poor service and poor ambience for the charges.,0,8 months ago,"{""meal_type"": ""Lunch"", ""price_per_person"": ""₹800–1,000"", ""food"": 3, ""service_rating"": 1, ""atmosphere"": 1, ""group_size"": ""2 people"", ""wait_time"": ""No wait""}"
Kapoor's Cafe - HSR Branch,097392 67702,"WM42+62M, 337, 27th Main, Sector 2 HSR Layout Opposite KLM Shopping Mall, BDA Layout, HSR Layout, Bengaluru, Karnataka 560102",12.908018,77.651948,Punjabi restaurant,,Ci9DQUlRQUNvZENodHljRjlvT205VE1tTlpiM1psY0ZKclRHaFVUWFZoWDBGd01XYxAB,Kapoor's Cafe,Himanshu Pandit,114228484433940054650,True,5,,0,8 months ago,"{""meal_type"": ""Lunch"", ""price_per_person"": ""₹200–400"", ""food"": 5, ""service_rating"": 5, ""atmosphere"": 5, ""group_size"": ""3-4 people"", ""wait_time"": ""10-30 min"", ""vegetarian_recommendation"": ""Highly recommend""}"
Kapoor's Cafe - HSR Branch,097392 67702,"WM42+62M, 337, 27th Main, Sector 2 HSR Layout Opposite KLM Shopping Mall, BDA Layout, HSR Layout, Bengaluru, Karnataka 560102",12.908018,77.651948,Punjabi restaurant,,Ci9DQUlRQUNvZENodHljRjlvT2xCV2FtcG5ZbGRrT0dsWFFXSnpRekJvTUd0UFowRRAB,Kapoor's Cafe,fahina sheikh,109554942836292444385,True,5,,0,9 months ago,"{""meal_type"": ""Dinner"", ""price_per_person"": ""₹800–1,000"", ""food"": 5, ""service_rating"": 5, ""atmosphere"": 5, ""wait_time"": ""No wait""}"
Kapoor's Cafe - HSR Branch,097392 67702,"WM42+62M, 337, 27th Main, Sector 2 HSR Layout Opposite KLM Shopping Mall, BDA Layout, HSR Layout, Bengaluru, Karnataka 560102",12.908018,77.651948,Punjabi restaurant,,Ci9DQUlRQUNvZENodHljRjlvT2xFeGJXZ3piREExYzJ0MFJteEdRbTlwT1RCQ1UzYxAB,Kapoor's Cafe,SINDHU,114199101589160945677,False,5,Always my favourite place 😍🥰,0,9 months ago,"{""meal_type"": ""Lunch"", ""price_per_person"": ""₹400–600"", ""food"": 5, ""service_rating"": 5, ""atmosphere"": 5, ""group_size"": ""2 people"", ""wait_time"": ""No wait"", ""vegetarian_recommendation"": ""Highly recommend""}"
Kapoor's Cafe - HSR Branch,097392 67702,"WM42+62M, 337, 27th Main, Sector 2 HSR Layout Opposite KLM Shopping Mall, BDA Layout, HSR Layout, Bengaluru, Karnataka 560102",12.908018,77.651948,Punjabi restaurant,,Ci9DQUlRQUNvZENodHljRjlvT25kM1ZrNWthVkkxT0VKaGRWcFRNVTVVWVVWbGRVRRAB,Kapoor's Cafe,Dinesh Kumar,114927735050752841216,False,4,,0,9 months ago,
Kapoor's Cafe - HSR Branch,097392 67702,"WM42+62M, 337, 27th Main, Sector 2 HSR Layout Opposite KLM Shopping Mall, BDA Layout, HSR Layout, Bengaluru, Karnataka 560102",12.908018,77.651948,Punjabi restaurant,,Ci9DQUlRQUNvZENodHljRjlvT2kxVVdrRmZMVUpMUWxGTGFVUlZSV0Y2UVVSZkxXYxAB,Kapoor's Cafe,Sandeep Kumar,101402626852927852706,True,3,"A punjabi restaurant without tandoor is hard to imagine. So all starters were fried and it's mostly paneer. Tired of paneer, ordered veg kofta and dal for main course but then there's no naan not roti !!. Veg kofta was not at all worth it. Finally all hopes on lassi which was watery and too sweet. I believe it good for just a paratha or a thali as the portions are good so will give you value for money. Don't try anything elaborate in here. And the surprise was ladies playing antakshari in a restaurant .. first in my life.",0,9 months ago,"{""meal_type"": ""Lunch"", ""price_per_person"": ""₹600–800"", ""food"": 3, ""service_rating"": 3, ""atmosphere"": 3, ""group_size"": ""3-4 people"", ""wait_time"": ""No wait"", ""vegetarian_recommendation"": ""Somewhat recommend"", ""vegetarian_offerings"": ""Menu is all vegetarian"", ""parking_space"": ""Difficult to find parking"", ""parking_options"": ""Free street parking""}"
Kapoor's Cafe - HSR Branch,097392 67702,"WM42+62M, 337, 27th Main, Sector 2 HSR Layout Opposite KLM Shopping Mall, BDA Layout, HSR Layout, Bengaluru, Karnataka 560102",12.908018,77.651948,Punjabi restaurant,,Ci9DQUlRQUNvZENodHljRjlvT2xGTmVVZGlNbEl3VFZOWU1XTlJaWGxHVkZwT1VWRRAB,Kapoor's Cafe,Anany Sagar,111604668214928324244,True,5,,0,9 months ago,"{""meal_type"": ""Dinner"", ""price_per_person"": ""₹400–600"", ""food"": 4, ""service_rating"": 5, ""atmosphere"": 5, ""group_size"": ""2 people, 3-4 people, 5-8 people"", ""wait_time"": ""Up to 10 min""}"
Kapoor's Cafe - HSR Branch,097392 67702,"WM42+62M, 337, 27th Main, Sector 2 HSR Layout Opposite KLM Shopping Mall, BDA Layout, HSR Layout, Bengaluru, Karnataka 560102",12.908018,77.651948,Punjabi restaurant,,Ci9DQUlRQUNvZENodHljRjlvT2s5U1JsVkhNV3RSTFdOek1WcHhNRVZaZWtSVFRXYxAB,Kapoor's Cafe,himanshu joshi,107736601260740294483,True,1,"Behaviour, Food both were not good food was extra spicy super Spicy... Hype of Name took us there, Service and atmosphere made me write this.",0,9 months ago,"{""meal_type"": ""Dinner"", ""price_per_person"": ""₹200–400"", ""food"": 1, ""service_rating"": 1, ""atmosphere"": 1, ""group_size"": ""3-4 people, 5-8 people""}"
Kapoor's Cafe - HSR Branch,097392 67702,"WM42+62M, 337, 27th Main, Sector 2 HSR Layout Opposite KLM Shopping Mall, BDA Layout, HSR Layout, Bengaluru, Karnataka 560102",12.908018,77.651948,Punjabi restaurant,,Ci9DQUlRQUNvZENodHljRjlvT2tjd1RVaGljRnBMV2xFMWFETmxWWEJtY0c1cWJWRRAB,Kapoor's Cafe,Pappu Kumar Kumar,106036653904473841789,False,5,,0,9 months ago,
Kapoor's Cafe - HSR Branch,097392 67702,"WM42+62M, 337, 27th Main, Sector 2 HSR Layout Opposite KLM Shopping Mall, BDA Layout, HSR Layout, Bengaluru, Karnataka 560102",12.908018,77.651948,Punjabi restaurant,,Ci9DQUlRQUNvZENodHljRjlvT21KWFlXSlFjVTVFUTFZM1pXZG9RV1l6VERWamMxRRAB,Kapoor's Cafe,Prajish OA,102173515669415408364,False,2,,0,9 months ago,"{""food"": 2, ""service_rating"": 2, ""atmosphere"": 2}"
Kapoor's Cafe - HSR Branch,097392 67702,"WM42+62M, 337, 27th Main, Sector 2 HSR Layout Opposite KLM Shopping Mall, BDA Layout, HSR Layout, Bengaluru, Karnataka 560102",12.908018,77.651948,Punjabi restaurant,,Ci9DQUlRQUNvZENodHljRjlvT25KUlNuSTVSRmxVVFhZMWRsVjBRbXBuU1hSdVYyYxAB,Kapoor's Cafe,Konark Aggarwal,105493954543278786554,True,2,"Went multiple times over last few years. The food quality has dropped and they just introduce random items to increase profit margins. The items are not even true to their name like ( khasta or lachha paratha) Order dal makhani and was average (or below average for the price i.e. 400/-) Really feel bad for already few north Indian outlets, where the food quality also drops over time.",0,9 months ago,"{""meal_type"": ""Dinner"", ""price_per_person"": ""₹200–400"", ""food"": 2, ""service_rating"": 2, ""atmosphere"": 3, ""group_size"": ""Suitable for all group sizes"", ""wait_time"": ""No wait""}"
Kapoor's Cafe - HSR Branch,097392 67702,"WM42+62M, 337, 27th Main, Sector 2 HSR Layout Opposite KLM Shopping Mall, BDA Layout, HSR Layout, Bengaluru, Karnataka 560102",12.908018,77.651948,Punjabi restaurant,,Ci9DQUlRQUNvZENodHljRjlvT2xvNU1HMTFNVEY2YW5odGFua3dlbkZpU1RaVGFGRRAB,Kapoor's Cafe,Avinaw Atul,101669587023717282293,False,4,"Liked their lassi, the food felt a bit bland. Could have been better.",0,9 months ago,"{""meal_type"": ""Dinner"", ""price_per_person"": ""₹400–600"", ""food"": 3, ""service_rating"": 5, ""atmosphere"": 5}"
Kapoor's Cafe - HSR Branch,097392 67702,"WM42+62M, 337, 27th Main, Sector 2 HSR Layout Opposite KLM Shopping Mall, BDA Layout, HSR Layout, Bengaluru, Karnataka 560102",12.908018,77.651948,Punjabi restaurant,,Ci9DQUlRQUNvZENodHljRjlvT25oWGRtMXhRMFZCVlVFNU1rcExRazlGY2tsRGFFRRAB,Kapoor's Cafe,sri vidya,112732537689010168828,False,5,Food was great so is the ambience. Music gives the vibe an addition and people kept dancing and eating and totally loved it❤️,0,9 months ago,"{""meal_type"": ""Lunch"", ""food"": 5, ""service_rating"": 5, ""atmosphere"": 5}"
Kapoor's Cafe - HSR Branch,097392 67702,"WM42+62M, 337, 27th Main, Sector 2 HSR Layout Opposite KLM Shopping Mall, BDA Layout, HSR Layout, Bengaluru, Karnataka 560102",12.908018,77.651948,Punjabi restaurant,,Ci9DQUlRQUNvZENodHljRjlvT2tKdWVDMU9WbXhDY0ZWVVREWk5aMlZUZDBSdk5sRRAB,Kapoor's Cafe,Garvita Srivastava,103887383984170689629,False,5,The food was extremely good with great ambience and service.,0,9 months ago,"{""meal_type"": ""Lunch"", ""price_per_person"": ""₹200–400"", ""food"": 5, ""service_rating"": 5, ""atmosphere"": 5, ""group_size"": ""Suitable for all group sizes"", ""wait_time"": ""No wait"", ""vegetarian_recommendation"": ""Highly recommend"", ""vegetarian_offerings"": ""Menu is all vegetarian""}"
Kapoor's Cafe - HSR Branch,097392 67702,"WM42+62M, 337, 27th Main, Sector 2 HSR Layout Opposite KLM Shopping Mall, BDA Layout, HSR Layout, Bengaluru, Karnataka 560102",12.908018,77.651948,Punjabi restaurant,,Ci9DQUlRQUNvZENodHljRjlvT21Sd1l6QjZRelJEUjFoUGNYVnhUak5tUWtaSE5VRRAB,Kapoor's Cafe,Deepesh Kumar,111139781578379284505,True,4,,0,9 months ago,"{""meal_type"": ""Dinner"", ""price_per_person"": ""₹200–400"", ""food"": 4, ""service_rating"": 4, ""atmosphere"": 4, ""group_size"": ""Suitable for all group sizes"", ""wait_time"": ""Up to 10 min"", ""vegetarian_recommendation"": ""Highly recommend"", ""vegetarian_offerings"": ""Large vegetarian selection, Clearly labeled vegetarian dishes"", ""parking_space"": ""Somewhat difficult to find parking"", ""parking_options"": ""Free parking lot, Free street parking""}"
Kapoor's Cafe - HSR Branch,097392 67702,"WM42+62M, 337, 27th Main, Sector 2 HSR Layout Opposite KLM Shopping Mall, BDA Layout, HSR Layout, Bengaluru, Karnataka 560102",12.908018,77.651948,Punjabi restaurant,,Ci9DQUlRQUNvZENodHljRjlvT2tSQmJHRkhTMWxDZGtkR1RXa3ROMUJZUmxGeFRrRRAB,Kapoor's Cafe,Pratik Sharma,114273682696900506934,True,4,,0,9 months ago,"{""meal_type"": ""Lunch"", ""price_per_person"": ""₹1,600–1,800"", ""food"": 4, ""service_rating"": 4, ""atmosphere"": 4, ""group_size"": ""3-4 people, 5-8 people"", ""wait_time"": ""No wait""}"
Kapoor's Cafe - HSR Branch,097392 67702,"WM42+62M, 337, 27th Main, Sector 2 HSR Layout Opposite KLM Shopping Mall, BDA Layout, HSR Layout, Bengaluru, Karnataka 560102",12.908018,77.651948,Punjabi restaurant,,Ci9DQUlRQUNvZENodHljRjlvT214SU9XRkNOblpsYldrNExWaHNXbWx4UW5GWmIxRRAB,Kapoor's Cafe,Äßhishék Kümär Siñgh,112845678121129670503,True,4,,0,9 months ago,"{""meal_type"": ""Lunch"", ""price_per_person"": ""₹400–600"", ""food"": 4, ""service_rating"": 4, ""atmosphere"": 4, ""group_size"": ""3-4 people"", ""wait_time"": ""No wait""}"
Kapoor's Cafe - HSR Branch,097392 67702,"WM42+62M, 337, 27th Main, Sector 2 HSR Layout Opposite KLM Shopping Mall, BDA Layout, HSR Layout, Bengaluru, Karnataka 560102",12.908018,77.651948,Punjabi restaurant,,Ci9DQUlRQUNvZENodHljRjlvT25nNVRVMW9kbk5SZWxObmVYUlBTVWhJUjFselExRRAB,Kapoor's Cafe,divakar cv,107952076435690699217,True,5,,0,9 months ago,"{""meal_type"": ""Dinner"", ""price_per_person"": ""₹400–600"", ""food"": 5, ""service_rating"": 5, ""atmosphere"": 5, ""group_size"": ""9+ people"", ""wait_time"": ""No wait"", ""vegetarian_recommendation"": ""Highly recommend"", ""vegetarian_offerings"": ""Menu is all vegetarian""}"
Kapoor's Cafe - HSR Branch,097392 67702,"WM42+62M, 337, 27th Main, Sector 2 HSR Layout Opposite KLM Shopping Mall, BDA Layout, HSR Layout, Bengaluru, Karnataka 560102",12.908018,77.651948,Punjabi restaurant,,Ci9DQUlRQUNvZENodHljRjlvT2pWbU4xaGpOazVSYUVRNGFWaHpTRFowVkZwSlNGRRAB,Kapoor's Cafe,Prakash Prasad,112626401688037608307,False,4,,0,9 months ago,
Kapoor's Cafe - HSR Branch,097392 67702,"WM42+62M, 337, 27th Main, Sector 2 HSR Layout Opposite KLM Shopping Mall, BDA Layout, HSR Layout, Bengaluru, Karnataka 560102",12.908018,77.651948,Punjabi restaurant,,Ci9DQUlRQUNvZENodHljRjlvT2xORFZFZFFkVlY0TWsxeVdsSnFSR05OU1ZsQ1EyYxAB,Kapoor's Cafe,rateesh pv,100609259538660811630,True,4,,0,9 months ago,"{""food"": 4, ""service_rating"": 4, ""atmosphere"": 4}"
Kapoor's Cafe - HSR Branch,097392 67702,"WM42+62M, 337, 27th Main, Sector 2 HSR Layout Opposite KLM Shopping Mall, BDA Layout, HSR Layout, Bengaluru, Karnataka 560102",12.908018,77.651948,Punjabi restaurant,,Ci9DQUlRQUNvZENodHljRjlvT25Rd1IwVTJlRXBqVUhWbk5EbHpjRWt5YVV4ZmRuYxAB,Kapoor's Cafe,Aviral Sharma,102076793567928836306,True,4,"Bedmi Puri is a must try, food is good but atmosphere is not as per the prices, it's way too expensive for they offer in terms of ambiance.",0,9 months ago,"{""food"": 5, ""service_rating"": 5, ""atmosphere"": 4}"
Kapoor's Cafe - HSR Branch,097392 67702,"WM42+62M, 337, 27th Main, Sector 2 HSR Layout Opposite KLM Shopping Mall, BDA Layout, HSR Layout, Bengaluru, Karnataka 560102",12.908018,77.651948,Punjabi restaurant,,Ci9DQUlRQUNvZENodHljRjlvT21aRmJUSkZiVlJHZVVKWVdYbzJhV1Z2V1RFeWJVRRAB,Kapoor's Cafe,hrdaya grover,111962967856363409847,False,1,,0,9 months ago,"{""food"": 1, ""service_rating"": 1, ""atmosphere"": 1}"
Kapoor's Cafe - HSR Branch,097392 67702,"WM42+62M, 337, 27th Main, Sector 2 HSR Layout Opposite KLM Shopping Mall, BDA Layout, HSR Layout, Bengaluru, Karnataka 560102",12.908018,77.651948,Punjabi restaurant,,Ci9DQUlRQUNvZENodHljRjlvT2s0dGRGVjBiVlZ0YkZaM1JGSjZSa0o2VG1odWJHYxAB,Kapoor's Cafe,Aashish,104283014975923077341,False,5,,0,9 months ago,
Kapoor's Cafe - HSR Branch,097392 67702,"WM42+62M, 337, 27th Main, Sector 2 HSR Layout Opposite KLM Shopping Mall, BDA Layout, HSR Layout, Bengaluru, Karnataka 560102",12.908018,77.651948,Punjabi restaurant,,Ci9DQUlRQUNvZENodHljRjlvT21OSFlsZHhhWEJITm14TlVscHliVXgwVmpkcGVIYxAB,Kapoor's Cafe,Arjun,100497502234286994225,True,5,,0,9 months ago,"{""food"": 5, ""service_rating"": 5, ""atmosphere"": 5}"
Kapoor's Cafe - HSR Branch,097392 67702,"WM42+62M, 337, 27th Main, Sector 2 HSR Layout Opposite KLM Shopping Mall, BDA Layout, HSR Layout, Bengaluru, Karnataka 560102",12.908018,77.651948,Punjabi restaurant,,Ci9DQUlRQUNvZENodHljRjlvT21oamVtSktZemhJZUZZMVltRXdlVGx4Ums5c2ExRRAB,Kapoor's Cafe,Keerthi Gangadakar,104929942884404309651,False,1,"The food was not at all tasty, Worst in maintainance 0 score for cleanliness",0,9 months ago,"{""meal_type"": ""Dinner"", ""price_per_person"": ""₹2,000+"", ""group_size"": ""Suitable for all group sizes"", ""wait_time"": ""No wait""}"
Kapoor's Cafe - HSR Branch,097392 67702,"WM42+62M, 337, 27th Main, Sector 2 HSR Layout Opposite KLM Shopping Mall, BDA Layout, HSR Layout, Bengaluru, Karnataka 560102",12.908018,77.651948,Punjabi restaurant,,Ci9DQUlRQUNvZENodHljRjlvT21kM1dFcEZZbU5RTUMxVk4wNW1RMHhQUnkxTFkyYxAB,Kapoor's Cafe,Siddharth Panigrahy,104993733406166972009,True,2,,0,9 months ago,"{""meal_type"": ""Dinner"", ""price_per_person"": ""₹400–600"", ""food"": 2, ""service_rating"": 3, ""atmosphere"": 2}"
Kapoor's Cafe - HSR Branch,097392 67702,"WM42+62M, 337, 27th Main, Sector 2 HSR Layout Opposite KLM Shopping Mall, BDA Layout, HSR Layout, Bengaluru, Karnataka 560102",12.908018,77.651948,Punjabi restaurant,,Ci9DQUlRQUNvZENodHljRjlvT2tGblNrSXdhMDUwU0haaU1GSXRVMDVZWTFkdFpHYxAB,Kapoor's Cafe,Bhanu Pratap,114262717049226984963,True,1,"Can you imagine a Punjabi cafe and not having a tandoor? No vinegar onions. The whole vibe is ruined. 😩 This outlet was a letdown, even though I've been to others. #Cafe #PunjabiFood #Vibe #Food",0,9 months ago,"{""meal_type"": ""Lunch"", ""price_per_person"": ""₹800–1,000"", ""food"": 1, ""service_rating"": 1, ""atmosphere"": 1, ""group_size"": ""5-8 people"", ""vegetarian_recommendation"": ""Would not recommend""}"
Kapoor's Cafe - HSR Branch,097392 67702,"WM42+62M, 337, 27th Main, Sector 2 HSR Layout Opposite KLM Shopping Mall, BDA Layout, HSR Layout, Bengaluru, Karnataka 560102",12.908018,77.651948,Punjabi restaurant,,ChdDSUhNMG9nS0VJQ0FnTURJZ19LRDZnRRAB,Kapoor's Cafe,Deadpool,115483647456977846589,True,4,,0,Edited 9 months ago,"{""dining_mode"": ""Dine in"", ""meal_type"": ""Dinner"", ""price_per_person"": ""₹800–1,000"", ""food"": 4, ""service_rating"": 3, ""atmosphere"": 2, ""group_size"": ""Suitable for all group sizes"", ""wait_time"": ""10-30 min""}"
Kapoor's Cafe - HSR Branch,097392 67702,"WM42+62M, 337, 27th Main, Sector 2 HSR Layout Opposite KLM Shopping Mall, BDA Layout, HSR Layout, Bengaluru, Karnataka 560102",12.908018,77.651948,Punjabi restaurant,,Ci9DQUlRQUNvZENodHljRjlvT2kwd1FsRkpOMkYwVEV4NWVFc3hWRlp5TlZWamNGRRAB,Kapoor's Cafe,unnati suvarnakar,104374943381958791641,False,4,,0,9 months ago,"{""price_per_person"": ""₹400–600""}"
Kapoor's Cafe - HSR Branch,097392 67702,"WM42+62M, 337, 27th Main, Sector 2 HSR Layout Opposite KLM Shopping Mall, BDA Layout, HSR Layout, Bengaluru, Karnataka 560102",12.908018,77.651948,Punjabi restaurant,,Ci9DQUlRQUNvZENodHljRjlvT2twUmNVWm1kalo2VnpsNWVVeDRSVE5pYUZKbFFVRRAB,Kapoor's Cafe,Suresh Sharma,109922750805527238206,False,4,"unfortunately they have stopped woodfire,",0,9 months ago,"{""food"": 5, ""service_rating"": 5, ""atmosphere"": 5}"
Kapoor's Cafe - HSR Branch,097392 67702,"WM42+62M, 337, 27th Main, Sector 2 HSR Layout Opposite KLM Shopping Mall, BDA Layout, HSR Layout, Bengaluru, Karnataka 560102",12.908018,77.651948,Punjabi restaurant,,Ci9DQUlRQUNvZENodHljRjlvT25SRmFYaGZka0ZVWldkVVEzWnpabWxoV2pObmQxRRAB,Kapoor's Cafe,Abhishek U,106036599616163143151,True,4,Food was good but service could have been better.,0,9 months ago,"{""meal_type"": ""Dinner"", ""price_per_person"": ""₹400–600"", ""food"": 5, ""service_rating"": 3, ""atmosphere"": 4}"
Kapoor's Cafe - HSR Branch,097392 67702,"WM42+62M, 337, 27th Main, Sector 2 HSR Layout Opposite KLM Shopping Mall, BDA Layout, HSR Layout, Bengaluru, Karnataka 560102",12.908018,77.651948,Punjabi restaurant,,Ci9DQUlRQUNvZENodHljRjlvT2pkS1gzcEJURzR0VVhoc2NVbFhRM0JoWjNKelIzYxAB,Kapoor's Cafe,Ganeshi Kumar,107210691520143336989,False,5,Good,0,9 months ago,"{""food"": 5, ""service_rating"": 5, ""atmosphere"": 5}"
Kapoor's Cafe - HSR Branch,097392 67702,"WM42+62M, 337, 27th Main, Sector 2 HSR Layout Opposite KLM Shopping Mall, BDA Layout, HSR Layout, Bengaluru, Karnataka 560102",12.908018,77.651948,Punjabi restaurant,,Ci9DQUlRQUNvZENodHljRjlvT25WS2FUaFVaakE0ZW1FeFZYTXdjRTVJUlU5RU0zYxAB,Kapoor's Cafe,kishan lal,104029200279527536891,False,5,,0,9 months ago,"{""food"": 5, ""service_rating"": 5, ""atmosphere"": 5}"
Kapoor's Cafe - HSR Branch,097392 67702,"WM42+62M, 337, 27th Main, Sector 2 HSR Layout Opposite KLM Shopping Mall, BDA Layout, HSR Layout, Bengaluru, Karnataka 560102",12.908018,77.651948,Punjabi restaurant,,Ci9DQUlRQUNvZENodHljRjlvT2kxNE1qQTVkWGhoVGtsaWF5MTFjbmg2ZERKT2NIYxAB,Kapoor's Cafe,Anyayadaviruddha,111360663858302614729,False,1,Wrost restuarant wrost management,0,9 months ago,"{""food"": 1, ""service_rating"": 1, ""atmosphere"": 1}"
Kapoor's Cafe - HSR Branch,097392 67702,"WM42+62M, 337, 27th Main, Sector 2 HSR Layout Opposite KLM Shopping Mall, BDA Layout, HSR Layout, Bengaluru, Karnataka 560102",12.908018,77.651948,Punjabi restaurant,,Ci9DQUlRQUNvZENodHljRjlvT2pCS1RVNWhPREZUWlZkcU1rNVlNelY1Um5WRlpGRRAB,Kapoor's Cafe,Varshal Jain,100874093746745621581,True,3,"Came here for a quick lunch from office.  The lift was pretty slow, and didn’t work on my way down as I could press the button for ground floor.  Ordered - lassi (INR 120) - aloo pyaaz parantha (INR 160) - tax (INR 14)  The taste was decent, the parantha was really heavy. Nothing on the menu offered light lunch, which is expected but wished for a light meal option. It felt a bit pricey but since there aren’t more decent north indian food outlets I didn’t have more options. The taste can certainly improve.",0,9 months ago,"{""meal_type"": ""Lunch"", ""price_per_person"": ""₹200–400"", ""food"": 3, ""service_rating"": 4, ""atmosphere"": 3, ""group_size"": ""Suitable for all group sizes"", ""wait_time"": ""No wait"", ""vegetarian_recommendation"": ""Somewhat recommend"", ""vegetarian_offerings"": ""Menu is all vegetarian"", ""parking_space"": ""Plenty of parking"", ""parking_options"": ""Free parking lot, Free street parking""}"
Kapoor's Cafe - HSR Branch,097392 67702,"WM42+62M, 337, 27th Main, Sector 2 HSR Layout Opposite KLM Shopping Mall, BDA Layout, HSR Layout, Bengaluru, Karnataka 560102",12.908018,77.651948,Punjabi restaurant,,Ci9DQUlRQUNvZENodHljRjlvT2xkaFJGb3ROVzg1Ykd0M2VtZHZaQzFZTTE5T1EzYxAB,Kapoor's Cafe,Manav Shankar,115485095635194943931,False,3,,0,9 months ago,"{""food"": 3, ""service_rating"": 3, ""atmosphere"": 3}"
Kapoor's Cafe - HSR Branch,097392 67702,"WM42+62M, 337, 27th Main, Sector 2 HSR Layout Opposite KLM Shopping Mall, BDA Layout, HSR Layout, Bengaluru, Karnataka 560102",12.908018,77.651948,Punjabi restaurant,,ChZDSUhNMG9nS0VJQ0FnTUNJeTdybE53EAE,Kapoor's Cafe,Omkar Patil,103970539381626419614,True,5,"Visited Kapoor Cafe - HSR Layout and had a great time! The ambiance is cozy and gives a nice Punjabi dhaba vibe with a modern twist. Tried their chaat, kulhad chai, and paneer paratha—everything was flavorful and fresh. The chai was the real highlight—served in a kulhad, it had that perfect masala kick. Service was quick and the staff were polite and attentive.  Only suggestion: they could expand the seating a bit as it gets crowded during peak hours.  Highly recommended if you’re craving North Indian street-style food in Bangalore. Will definitely visit again!",0,Edited 9 months ago,"{""dining_mode"": ""Dine in"", ""meal_type"": ""Dinner"", ""price_per_person"": ""₹1,200–1,400"", ""food"": 4, ""service_rating"": 5, ""atmosphere"": 5, ""recommended_dishes"": ""Kadhai Paneer, Dal Makhani and Aloo Paratha, Cheese Balls, Cheese Pataka Balls, Cheese Paratha, Roti, Paneer Butter, Paneer Paratha, Crispy Corn Punjabi Style, Pindi Chole Bhature, Cheese Burst Paratha 1 PC - Whole Wheat, Chola Bhatura, Fruit Cream""}"
Kapoor's Cafe - HSR Branch,097392 67702,"WM42+62M, 337, 27th Main, Sector 2 HSR Layout Opposite KLM Shopping Mall, BDA Layout, HSR Layout, Bengaluru, Karnataka 560102",12.908018,77.651948,Punjabi restaurant,,Ci9DQUlRQUNvZENodHljRjlvT2pka1kyaDVTbVpzWkhCRVIzWnhSakpoVVZCUGIwRRAB,Kapoor's Cafe,punit mehta,104420938804069127489,True,1,,0,9 months ago,"{""food"": 1, ""service_rating"": 3, ""atmosphere"": 3}"
Kapoor's Cafe - HSR Branch,097392 67702,"WM42+62M, 337, 27th Main, Sector 2 HSR Layout Opposite KLM Shopping Mall, BDA Layout, HSR Layout, Bengaluru, Karnataka 560102",12.908018,77.651948,Punjabi restaurant,,Ci9DQUlRQUNvZENodHljRjlvT21sQ1kxODBWRFppVm14TFlVbFNWMWhRZDNKWlkxRRAB,Kapoor's Cafe,Subham Agarwal,103058387066890167002,True,3,The taste of the various items we ordered were average. There are multiple other options in HSR layout to consider.,0,10 months ago,"{""meal_type"": ""Dinner"", ""price_per_person"": ""₹600–800"", ""food"": 3, ""service_rating"": 4, ""atmosphere"": 3, ""noise_level"": ""Loud, but you can still talk"", ""seating_type"": ""Indoor dining area"", ""vegetarian_recommendation"": ""Would not recommend"", ""vegetarian_offerings"": ""Menu is all vegetarian"", ""parking_space"": ""Difficult to find parking""}"
Kapoor's Cafe - HSR Branch,097392 67702,"WM42+62M, 337, 27th Main, Sector 2 HSR Layout Opposite KLM Shopping Mall, BDA Layout, HSR Layout, Bengaluru, Karnataka 560102",12.908018,77.651948,Punjabi restaurant,,Ci9DQUlRQUNvZENodHljRjlvT2kxU2MwUkxWR2s1ZVhKcGRtNVVTMVpGWHpoQ05GRRAB,Kapoor's Cafe,Avaneesh Pareek,117154824898256505074,True,1,"I have been to 3 branches of KC, this has been the worst. The food was average at best. BUT THE ATTITUDE OF MANAGER/OWNER AT THE COUNTER WAS THE WORST PART. We ordered dum aloo thali(average), chole bhature(good) and dahi kebab(okaish). After finishing the dinner, while paying the bill, I politely mentioned that the sweet bundi served with thali was not up to the mark in terms of quality and taste. Instead of acknowledging the feedback, the guy very arrogantly dismissed saying that it is just not possible and he has never heard any complaint about the boondi ever. MOREOVER THEY HAVE PUT UP A NOTICE AT BILLING COUNTER THAT THEY CHARGE 5% SERVICE TAX WHICH IS COUNTED AS PART OF STAFF SALARY. This message indirectly blackmails the customer to not deduct the service tax. It is an unethical practice which many restaurants unfortunately follow shamelessly.",0,10 months ago,"{""meal_type"": ""Dinner"", ""price_per_person"": ""₹1,000–1,200"", ""food"": 3, ""service_rating"": 1, ""atmosphere"": 2}"
Kapoor's Cafe - HSR Branch,097392 67702,"WM42+62M, 337, 27th Main, Sector 2 HSR Layout Opposite KLM Shopping Mall, BDA Layout, HSR Layout, Bengaluru, Karnataka 560102",12.908018,77.651948,Punjabi restaurant,,Ci9DQUlRQUNvZENodHljRjlvT2tRNE16ZHhjbFJ1WldSU1RTMWpNazlHZVc1b1lrRRAB,Kapoor's Cafe,Ranju Sinha,102996370718456021291,True,4,"Overall good pure veg food served by them.we had one mix veg paratha served with dahi and onions, fulka and kadhai paneer .",0,10 months ago,"{""meal_type"": ""Lunch"", ""price_per_person"": ""₹400–600"", ""food"": 3, ""service_rating"": 3, ""atmosphere"": 3, ""noise_level"": ""Loud, but you can still talk"", ""seating_type"": ""Indoor dining area"", ""vegetarian_recommendation"": ""Highly recommend"", ""vegetarian_offerings"": ""Menu is all vegetarian""}"
Kapoor's Cafe - HSR Branch,097392 67702,"WM42+62M, 337, 27th Main, Sector 2 HSR Layout Opposite KLM Shopping Mall, BDA Layout, HSR Layout, Bengaluru, Karnataka 560102",12.908018,77.651948,Punjabi restaurant,,Ci9DQUlRQUNvZENodHljRjlvT2tNdFdtOXFWRGswV1ZsZlZYZFJPRlJqTmtoeE9XYxAB,Kapoor's Cafe,mehak kumar,100524844166474235867,True,3,"The place filled up at lunch time. They have both tables and khaats for sitting, but they really should renovate the walls were chipping. Service is quick and the food was good. The cheese balls were good, portion size is also good. The aloo pyaaz paratha is huge and delicious. Paneer do pyaaza was okay. Overall good food to have with family and friends They should offer some more beverage options besides lassi",0,10 months ago,"{""meal_type"": ""Lunch"", ""price_per_person"": ""₹400–600"", ""food"": 4, ""service_rating"": 4, ""atmosphere"": 3, ""noise_level"": ""Moderate noise"", ""seating_type"": ""Indoor dining area"", ""vegetarian_recommendation"": ""Highly recommend"", ""vegetarian_offerings"": ""Menu is all vegetarian""}"
Kapoor's Cafe - HSR Branch,097392 67702,"WM42+62M, 337, 27th Main, Sector 2 HSR Layout Opposite KLM Shopping Mall, BDA Layout, HSR Layout, Bengaluru, Karnataka 560102",12.908018,77.651948,Punjabi restaurant,,Ci9DQUlRQUNvZENodHljRjlvT2tWQlVHUkRTMFUwYWxVNGRrcFZPR3AzUldod1ZrRRAB,Kapoor's Cafe,Md Zayan,110460270996513116738,False,5,,0,10 months ago,"{""food"": 5, ""service_rating"": 5, ""atmosphere"": 5}"
Kapoor's Cafe - HSR Branch,097392 67702,"WM42+62M, 337, 27th Main, Sector 2 HSR Layout Opposite KLM Shopping Mall, BDA Layout, HSR Layout, Bengaluru, Karnataka 560102",12.908018,77.651948,Punjabi restaurant,,Ci9DQUlRQUNvZENodHljRjlvT25wdGRsRjVRM2hqTm1wR1gwODJZelJxZEVWWGVVRRAB,Kapoor's Cafe,Md zayan,105525747069070483038,True,5,,0,10 months ago,"{""food"": 5, ""service_rating"": 5, ""atmosphere"": 5}"
Kapoor's Cafe - HSR Branch,097392 67702,"WM42+62M, 337, 27th Main, Sector 2 HSR Layout Opposite KLM Shopping Mall, BDA Layout, HSR Layout, Bengaluru, Karnataka 560102",12.908018,77.651948,Punjabi restaurant,,Ci9DQUlRQUNvZENodHljRjlvT2tGeFJFNTJWbTR0U2tvM2JqSmFSbTFmY1VsTExVRRAB,Kapoor's Cafe,Tarun Upadhyay,116958557024605534499,False,5,,0,10 months ago,"{""food"": 5, ""service_rating"": 5, ""atmosphere"": 5}"
Kapoor's Cafe - HSR Branch,097392 67702,"WM42+62M, 337, 27th Main, Sector 2 HSR Layout Opposite KLM Shopping Mall, BDA Layout, HSR Layout, Bengaluru, Karnataka 560102",12.908018,77.651948,Punjabi restaurant,,Ci9DQUlRQUNvZENodHljRjlvT2tGbWVWbEdMVzlETkROWVZGQmFTbFV3UVVFeVpXYxAB,Kapoor's Cafe,Pooja Neeraj,103747143269651445767,True,5,Super,0,10 months ago,
Kapoor's Cafe - HSR Branch,097392 67702,"WM42+62M, 337, 27th Main, Sector 2 HSR Layout Opposite KLM Shopping Mall, BDA Layout, HSR Layout, Bengaluru, Karnataka 560102",12.908018,77.651948,Punjabi restaurant,,Ci9DQUlRQUNvZENodHljRjlvT2pZMmJqUkpWM2gxWTJseVpsQlJlVGxLU2xFeWJFRRAB,Kapoor's Cafe,Ranu Khan,100194163251579729720,True,5,Best cafe in punjab,0,10 months ago,"{""food"": 5, ""service_rating"": 5, ""atmosphere"": 5}"
Kapoor's Cafe - HSR Branch,097392 67702,"WM42+62M, 337, 27th Main, Sector 2 HSR Layout Opposite KLM Shopping Mall, BDA Layout, HSR Layout, Bengaluru, Karnataka 560102",12.908018,77.651948,Punjabi restaurant,,Ci9DQUlRQUNvZENodHljRjlvT25KVFFtOTJURE4wVkV0WmVYbFVZbVZqU0hoMk0xRRAB,Kapoor's Cafe,Amit Majumdar,105999455748604209533,False,5,,0,10 months ago,"{""food"": 5, ""service_rating"": 5, ""atmosphere"": 5}"
Kapoor's Cafe - HSR Branch,097392 67702,"WM42+62M, 337, 27th Main, Sector 2 HSR Layout Opposite KLM Shopping Mall, BDA Layout, HSR Layout, Bengaluru, Karnataka 560102",12.908018,77.651948,Punjabi restaurant,,Ci9DQUlRQUNvZENodHljRjlvT210NVVYWjJhek40YWpBMlMwTm9lRmgxT1ZoQmNrRRAB,Kapoor's Cafe,Mohammed Sheeba,104427788164650551651,False,5,,0,10 months ago,"{""food"": 5, ""service_rating"": 5, ""atmosphere"": 5}"
Kapoor's Cafe - HSR Branch,097392 67702,"WM42+62M, 337, 27th Main, Sector 2 HSR Layout Opposite KLM Shopping Mall, BDA Layout, HSR Layout, Bengaluru, Karnataka 560102",12.908018,77.651948,Punjabi restaurant,,Ci9DQUlRQUNvZENodHljRjlvT25GWVdVbHJUV050ZDJsZmN6VllkVlpQUVVOWWJXYxAB,Kapoor's Cafe,Dore S,116080783640526324662,True,5,,0,10 months ago,"{""food"": 5, ""service_rating"": 5, ""atmosphere"": 5}"
Kapoor's Cafe - HSR Branch,097392 67702,"WM42+62M, 337, 27th Main, Sector 2 HSR Layout Opposite KLM Shopping Mall, BDA Layout, HSR Layout, Bengaluru, Karnataka 560102",12.908018,77.651948,Punjabi restaurant,,Ci9DQUlRQUNvZENodHljRjlvT25CWGVWbDZNMmxhU1dSa2VtRkZORkZ0VkdkWFpuYxAB,Kapoor's Cafe,Mansi Shinde,104646684568097861246,False,4,,0,10 months ago,"{""meal_type"": ""Breakfast"", ""price_per_person"": ""₹1–200"", ""food"": 4, ""service_rating"": 2, ""atmosphere"": 2, ""group_size"": ""5-8 people"", ""wait_time"": ""Up to 10 min""}"
Kapoor's Cafe - HSR Branch,097392 67702,"WM42+62M, 337, 27th Main, Sector 2 HSR Layout Opposite KLM Shopping Mall, BDA Layout, HSR Layout, Bengaluru, Karnataka 560102",12.908018,77.651948,Punjabi restaurant,,Ci9DQUlRQUNvZENodHljRjlvT2xCRlVYTlhiRUZpTUZKYU0zZE1NbVZWVTNKTlRVRRAB,Kapoor's Cafe,Neha Rastogi,112148486398790739923,False,3,Food is ok. Service was very slow. No one proving basic things like water. Plates or spoons to eat. Over hyped place. Not much options. They are main into paratha. They don't have naan.,0,10 months ago,"{""meal_type"": ""Dinner"", ""food"": 3, ""service_rating"": 2, ""atmosphere"": 2, ""group_size"": ""3-4 people"", ""wait_time"": ""10-30 min""}"
Kapoor's Cafe - HSR Branch,097392 67702,"WM42+62M, 337, 27th Main, Sector 2 HSR Layout Opposite KLM Shopping Mall, BDA Layout, HSR Layout, Bengaluru, Karnataka 560102",12.908018,77.651948,Punjabi restaurant,,Ci9DQUlRQUNvZENodHljRjlvT2psb1RUVTViMk5mU21kdlZrNVlRWEIxYzBaelVVRRAB,Kapoor's Cafe,Harsh Chhajed,108203715606491791668,True,4,Aalo paratha is a must try,0,10 months ago,"{""food"": 4, ""service_rating"": 4, ""atmosphere"": 4}"
Kapoor's Cafe - HSR Branch,097392 67702,"WM42+62M, 337, 27th Main, Sector 2 HSR Layout Opposite KLM Shopping Mall, BDA Layout, HSR Layout, Bengaluru, Karnataka 560102",12.908018,77.651948,Punjabi restaurant,,Ci9DQUlRQUNvZENodHljRjlvT2pJM1JHdFdTM2x0Y21oR2NqRmFiSHBUWVZaWWJIYxAB,Kapoor's Cafe,Vatsala Luhariwala,117467882984015505875,False,4,,0,10 months ago,"{""meal_type"": ""Dinner"", ""price_per_person"": ""₹200–400"", ""group_size"": ""2 people"", ""wait_time"": ""No wait""}"
Kapoor's Cafe - HSR Branch,097392 67702,"WM42+62M, 337, 27th Main, Sector 2 HSR Layout Opposite KLM Shopping Mall, BDA Layout, HSR Layout, Bengaluru, Karnataka 560102",12.908018,77.651948,Punjabi restaurant,,Ci9DQUlRQUNvZENodHljRjlvT2tsM1puWXhVbWsxVDFSMFpFTlhSREJhYVhSTFNXYxAB,Kapoor's Cafe,purushottam parasa,110142981841476764566,True,4,Couldn't find a seat should go early to the restaurant to catch a seat,0,10 months ago,
Kapoor's Cafe - HSR Branch,097392 67702,"WM42+62M, 337, 27th Main, Sector 2 HSR Layout Opposite KLM Shopping Mall, BDA Layout, HSR Layout, Bengaluru, Karnataka 560102",12.908018,77.651948,Punjabi restaurant,,Ci9DQUlRQUNvZENodHljRjlvT25VMU1WZE5jM2s0VFRWdVQzTkdlRTlxUW1WR1FYYxAB,Kapoor's Cafe,Vasantha Lakshmanan Ambasankar,115322999683391211893,False,1,"The name may say Punjabi, but none of the dishes reflect authentic Punjabi flavors. The combo meals are particularly disappointing and not worth trying. Even the dal makhani falls short in taste. Overall, it's a waste of money.",0,10 months ago,"{""meal_type"": ""Lunch"", ""price_per_person"": ""₹2,000+"", ""food"": 1, ""service_rating"": 2, ""atmosphere"": 2, ""group_size"": ""3-4 people"", ""wait_time"": ""No wait""}"
Kapoor's Cafe - HSR Branch,097392 67702,"WM42+62M, 337, 27th Main, Sector 2 HSR Layout Opposite KLM Shopping Mall, BDA Layout, HSR Layout, Bengaluru, Karnataka 560102",12.908018,77.651948,Punjabi restaurant,,Ci9DQUlRQUNvZENodHljRjlvT2pWemIzUTBiR2gyVURkMFh5MVVSM05yYUdoblRFRRAB,Kapoor's Cafe,Shikhar Sharad,114808989572827754870,True,4,,0,10 months ago,"{""food"": 4, ""service_rating"": 4, ""atmosphere"": 5}"
Kapoor's Cafe - HSR Branch,097392 67702,"WM42+62M, 337, 27th Main, Sector 2 HSR Layout Opposite KLM Shopping Mall, BDA Layout, HSR Layout, Bengaluru, Karnataka 560102",12.908018,77.651948,Punjabi restaurant,,Ci9DQUlRQUNvZENodHljRjlvT21kcE5qTndaRlpRZWtwa1NXMWtXSFpFV0ZOSVVGRRAB,Kapoor's Cafe,The Review Master,115390148136770661011,True,4,"The food is great here. The general is Sarvada food in large quantities. And if you need less, tell them before order. parking is only at the street.",0,10 months ago,"{""meal_type"": ""Dinner"", ""price_per_person"": ""₹600–800"", ""food"": 4, ""service_rating"": 4, ""atmosphere"": 4, ""group_size"": ""5-8 people"", ""wait_time"": ""Up to 10 min"", ""vegetarian_recommendation"": ""Highly recommend"", ""parking_options"": ""Free street parking""}"
Kapoor's Cafe - HSR Branch,097392 67702,"WM42+62M, 337, 27th Main, Sector 2 HSR Layout Opposite KLM Shopping Mall, BDA Layout, HSR Layout, Bengaluru, Karnataka 560102",12.908018,77.651948,Punjabi restaurant,,Ci9DQUlRQUNvZENodHljRjlvT25wV01qVnRRa0Z3YVZwNWQzSTVNbEZSYkZOcmQzYxAB,Kapoor's Cafe,Jashoda Kumar Laha,103205133663048090012,True,5,,0,10 months ago,"{""meal_type"": ""Dinner"", ""price_per_person"": ""₹200–400"", ""food"": 5, ""service_rating"": 5, ""atmosphere"": 5}"
Kapoor's Cafe - HSR Branch,097392 67702,"WM42+62M, 337, 27th Main, Sector 2 HSR Layout Opposite KLM Shopping Mall, BDA Layout, HSR Layout, Bengaluru, Karnataka 560102",12.908018,77.651948,Punjabi restaurant,,Ci9DQUlRQUNvZENodHljRjlvT2xaU1RXTnRWM1ZZYUY5ZlRYZDFaM0pyV0ZONE5VRRAB,Kapoor's Cafe,J'VORA,111168312030301354445,True,3,"The food was very good no doubt in that but yeah hygiene was very poor. When we went there one very big cockroach was roaming around as well as it was flying on and off the table, it almost made us very uncomfortable while eating food and we were not pleased with that. I hope they'll look into this at the earliest.",0,10 months ago,"{""meal_type"": ""Dinner"", ""price_per_person"": ""₹400–600"", ""food"": 4, ""service_rating"": 2, ""atmosphere"": 2, ""group_size"": ""2 people, 3-4 people, 5-8 people"", ""wait_time"": ""Up to 10 min"", ""vegetarian_recommendation"": ""Highly recommend"", ""vegetarian_offerings"": ""Menu is all vegetarian"", ""parking_space"": ""Plenty of parking"", ""parking_options"": ""Free parking lot""}"
Kapoor's Cafe - HSR Branch,097392 67702,"WM42+62M, 337, 27th Main, Sector 2 HSR Layout Opposite KLM Shopping Mall, BDA Layout, HSR Layout, Bengaluru, Karnataka 560102",12.908018,77.651948,Punjabi restaurant,,ChZDSUhNMG9nS0VJQ0FnSURVbnNxdldBEAE,Kapoor's Cafe,Sandeep B A,102800332325760075492,True,1,I’m at the restaurant with family of 6 members and 2 kids. Their preference is not to give the table rather asking to give for 2 people. Not coordinating staff. Food in a while will update.  If the owner is here pls come talk to me near the payment itself. Staff not taking order.,0,Edited 10 months ago,"{""meal_type"": ""Lunch"", ""food"": 1, ""service_rating"": 1, ""atmosphere"": 1}"
Kapoor's Cafe - HSR Branch,097392 67702,"WM42+62M, 337, 27th Main, Sector 2 HSR Layout Opposite KLM Shopping Mall, BDA Layout, HSR Layout, Bengaluru, Karnataka 560102",12.908018,77.651948,Punjabi restaurant,,Ci9DQUlRQUNvZENodHljRjlvT2tGMmVFVXRXRlpmVm5JMmQxSlFlVEp5WlZOR1lWRRAB,Kapoor's Cafe,Navin Barnwal,116043540253983097354,False,1,"Ordered from Zomato yesterday, ate by 11pm, got diarrhea by 1 am, I've been to washroom like 10 times now and it's 9:30am. No idea how/what these guys make such food.",0,10 months ago,"{""price_per_person"": ""₹200–400"", ""food"": 1}"
Kapoor's Cafe - HSR Branch,097392 67702,"WM42+62M, 337, 27th Main, Sector 2 HSR Layout Opposite KLM Shopping Mall, BDA Layout, HSR Layout, Bengaluru, Karnataka 560102",12.908018,77.651948,Punjabi restaurant,,Ci9DQUlRQUNvZENodHljRjlvT2xWaVJtOUhUR1JRVVhwd1ZqaGtTRWhCVmpCbFRXYxAB,Kapoor's Cafe,Himanshu Vadera,106456812963892396311,True,2,Taste is no longer the same as it used to be. Parathas used to be one of the best.,0,10 months ago,"{""meal_type"": ""Dinner"", ""food"": 3, ""service_rating"": 4, ""atmosphere"": 4, ""group_size"": ""3-4 people""}"
Kapoor's Cafe - HSR Branch,097392 67702,"WM42+62M, 337, 27th Main, Sector 2 HSR Layout Opposite KLM Shopping Mall, BDA Layout, HSR Layout, Bengaluru, Karnataka 560102",12.908018,77.651948,Punjabi restaurant,,Ci9DQUlRQUNvZENodHljRjlvT2s5SWQxOU1iRlJHUnpjemEwMXBVbWRpTTJSM1IzYxAB,Kapoor's Cafe,Parvesh Bhatia,116104970489251399542,False,1,I ordered bhature  Chana but taste was pathetic. Behavior of staff was worst. Sitting is  very uncomfortable. Please don't go here,0,10 months ago,"{""food"": 1, ""service_rating"": 1, ""atmosphere"": 1}"
Kapoor's Cafe - HSR Branch,097392 67702,"WM42+62M, 337, 27th Main, Sector 2 HSR Layout Opposite KLM Shopping Mall, BDA Layout, HSR Layout, Bengaluru, Karnataka 560102",12.908018,77.651948,Punjabi restaurant,,Ci9DQUlRQUNvZENodHljRjlvT2s1VmVWaGpWbWRYWVZkRWVHMXJiaTFvYUhWWVUxRRAB,Kapoor's Cafe,Arpit,107436585261112270120,False,2,,0,10 months ago,"{""price_per_person"": ""₹1,600–1,800"", ""food"": 2, ""service_rating"": 4, ""atmosphere"": 4, ""group_size"": ""3-4 people"", ""wait_time"": ""No wait""}"
Kapoor's Cafe - HSR Branch,097392 67702,"WM42+62M, 337, 27th Main, Sector 2 HSR Layout Opposite KLM Shopping Mall, BDA Layout, HSR Layout, Bengaluru, Karnataka 560102",12.908018,77.651948,Punjabi restaurant,,Ci9DQUlRQUNvZENodHljRjlvT25kTFJIbFNNa0pmTkhkelNrcFVWak13VEVsTldYYxAB,Kapoor's Cafe,Prajwal G R,101912338305129719628,True,4,,0,10 months ago,"{""food"": 4, ""service_rating"": 4, ""atmosphere"": 4}"
Kapoor's Cafe - HSR Branch,097392 67702,"WM42+62M, 337, 27th Main, Sector 2 HSR Layout Opposite KLM Shopping Mall, BDA Layout, HSR Layout, Bengaluru, Karnataka 560102",12.908018,77.651948,Punjabi restaurant,,Ci9DQUlRQUNvZENodHljRjlvT2t0d1gyOHRjR2MwZUc5V1VGZ3dkVzlWYlY5RmVIYxAB,Kapoor's Cafe,Paras Setia,108456264073129216508,True,5,"Awesome taste, I tried gurd lassi and chhole bhature",0,10 months ago,"{""meal_type"": ""Dinner"", ""food"": 4, ""service_rating"": 4, ""atmosphere"": 4}"
Kapoor's Cafe - HSR Branch,097392 67702,"WM42+62M, 337, 27th Main, Sector 2 HSR Layout Opposite KLM Shopping Mall, BDA Layout, HSR Layout, Bengaluru, Karnataka 560102",12.908018,77.651948,Punjabi restaurant,,ChdDSUhNMG9nS0VPak83djZIbzlyeHVRRRAB,Kapoor's Cafe,utsav dubey,111069039881788416891,True,4,The taste is quite good but as expected. Service is quite slow but expecting the Sunday rush it was okay. Definitely recommended irrespective of the group size,0,10 months ago,"{""meal_type"": ""Dinner"", ""price_per_person"": ""₹600–800"", ""food"": 4, ""service_rating"": 4, ""atmosphere"": 4, ""wait_time"": ""No wait"", ""vegetarian_recommendation"": ""Highly recommend"", ""vegetarian_offerings"": ""Menu is all vegetarian, Large vegetarian selection""}"
Kapoor's Cafe - HSR Branch,097392 67702,"WM42+62M, 337, 27th Main, Sector 2 HSR Layout Opposite KLM Shopping Mall, BDA Layout, HSR Layout, Bengaluru, Karnataka 560102",12.908018,77.651948,Punjabi restaurant,,ChdDSUhNMG9nS0VKSG9rcUswX1AyV3B3RRAB,Kapoor's Cafe,Ishanvi Singh,108627424966022065858,False,1,"Tasteless food , very less options in food , and staff very rude, will never go here again , worst experience ever",0,10 months ago,"{""meal_type"": ""Dinner"", ""food"": 1, ""service_rating"": 1, ""atmosphere"": 1}"
Kapoor's Cafe - HSR Branch,097392 67702,"WM42+62M, 337, 27th Main, Sector 2 HSR Layout Opposite KLM Shopping Mall, BDA Layout, HSR Layout, Bengaluru, Karnataka 560102",12.908018,77.651948,Punjabi restaurant,,ChdDSUhNMG9nS0VKNnUwZmlReGZIZmpBRRAB,Kapoor's Cafe,Anupriya,116731355199130154770,False,1,This place is really overhyped. I went for lunch here and  ordered punjabi paneer and it was a lot spicy with no taste My stomach was burning till night. Dry fruit lassi was okayish.,0,10 months ago,"{""meal_type"": ""Lunch"", ""price_per_person"": ""₹1,200–1,400"", ""food"": 1, ""service_rating"": 3, ""atmosphere"": 5, ""group_size"": ""2 people"", ""wait_time"": ""No wait""}"
Kapoor's Cafe - HSR Branch,097392 67702,"WM42+62M, 337, 27th Main, Sector 2 HSR Layout Opposite KLM Shopping Mall, BDA Layout, HSR Layout, Bengaluru, Karnataka 560102",12.908018,77.651948,Punjabi restaurant,,ChdDSUhNMG9nS0VJQ0FnSUNBODhqeDhnRRAB,Kapoor's Cafe,Pranshu Chittora,103676780052586452595,True,5,Updated Review It was a  great place in HSR until 2019. But after that it became a joke and disappointed every time. MUST AVOID,0,Edited 10 months ago,"{""food"": 1, ""service_rating"": 1, ""atmosphere"": 1}"
Kapoor's Cafe - HSR Branch,097392 67702,"WM42+62M, 337, 27th Main, Sector 2 HSR Layout Opposite KLM Shopping Mall, BDA Layout, HSR Layout, Bengaluru, Karnataka 560102",12.908018,77.651948,Punjabi restaurant,,ChdDSUhNMG9nS0VMUHdpTDNzMnVIUmdRRRAB,Kapoor's Cafe,mahesh parsri,104436410088543176511,False,3,,0,10 months ago,
Kapoor's Cafe - HSR Branch,097392 67702,"WM42+62M, 337, 27th Main, Sector 2 HSR Layout Opposite KLM Shopping Mall, BDA Layout, HSR Layout, Bengaluru, Karnataka 560102",12.908018,77.651948,Punjabi restaurant,,ChdDSUhNMG9nS0VNcWRyc2JzeGFib3BRRRAB,Kapoor's Cafe,Boben Mathew,114295632113707497401,True,4,,0,10 months ago,"{""meal_type"": ""Dinner"", ""food"": 4, ""service_rating"": 4, ""atmosphere"": 4}"
Kapoor's Cafe - HSR Branch,097392 67702,"WM42+62M, 337, 27th Main, Sector 2 HSR Layout Opposite KLM Shopping Mall, BDA Layout, HSR Layout, Bengaluru, Karnataka 560102",12.908018,77.651948,Punjabi restaurant,,ChZDSUhNMG9nS0VJZm5zSTdWdU1ITFJ3EAE,Kapoor's Cafe,SAURABH P,113531382662148410180,True,4,Food is quite good. Ambience is well too.,0,10 months ago,"{""dining_mode"": ""Dine in"", ""meal_type"": ""Breakfast"", ""price_per_person"": ""₹400–600"", ""food"": 4, ""service_rating"": 5, ""atmosphere"": 3, ""group_size"": ""Suitable for all group sizes""}"
Kapoor's Cafe - HSR Branch,097392 67702,"WM42+62M, 337, 27th Main, Sector 2 HSR Layout Opposite KLM Shopping Mall, BDA Layout, HSR Layout, Bengaluru, Karnataka 560102",12.908018,77.651948,Punjabi restaurant,,ChZDSUhNMG9nS0VNN3I5TVQzNUtiRVJBEAE,Kapoor's Cafe,RAHUL SINGH,117245328102645986368,False,5,,0,10 months ago,"{""meal_type"": ""Dinner"", ""food"": 5, ""service_rating"": 4, ""atmosphere"": 4}"
Kapoor's Cafe - HSR Branch,097392 67702,"WM42+62M, 337, 27th Main, Sector 2 HSR Layout Opposite KLM Shopping Mall, BDA Layout, HSR Layout, Bengaluru, Karnataka 560102",12.908018,77.651948,Punjabi restaurant,,ChdDSUhNMG9nS0VQUDdzYTZoM083cnNRRRAB,Kapoor's Cafe,akhil shangloo,110941529381267292478,False,1,Food quality needs major improvement not worth the price being charged. I would avoid going there quality has seriously degraded,0,10 months ago,"{""food"": 2, ""service_rating"": 3, ""atmosphere"": 3}"
Kapoor's Cafe - HSR Branch,097392 67702,"WM42+62M, 337, 27th Main, Sector 2 HSR Layout Opposite KLM Shopping Mall, BDA Layout, HSR Layout, Bengaluru, Karnataka 560102",12.908018,77.651948,Punjabi restaurant,,ChdDSUhNMG9nS0VMekhpZXZ2NF8taHBRRRAB,Kapoor's Cafe,Aadithyaa Yoga Kuteera,108423382581855906393,True,1,,0,10 months ago,"{""food"": 1, ""service_rating"": 1, ""atmosphere"": 1}"
Kapoor's Cafe - HSR Branch,097392 67702,"WM42+62M, 337, 27th Main, Sector 2 HSR Layout Opposite KLM Shopping Mall, BDA Layout, HSR Layout, Bengaluru, Karnataka 560102",12.908018,77.651948,Punjabi restaurant,,Ci9DQUlRQUNvZENodHljRjlvT21SeFJEWndkRkpDV1RaZlRHaHRhVXhEY0VOdWMwRRAB,Kapoor's Cafe,Arpan Manna,108115521717255723157,True,4,,0,10 months ago,"{""meal_type"": ""Dinner"", ""price_per_person"": ""₹200–400"", ""food"": 4, ""service_rating"": 5, ""atmosphere"": 4, ""noise_level"": ""Quiet, easy to talk"", ""wait_time"": ""No wait"", ""vegetarian_recommendation"": ""Highly recommend"", ""vegetarian_offerings"": ""Menu is all vegetarian"", ""wheelchair_accessibility"": ""Lift available""}"
Kapoor's Cafe - HSR Branch,097392 67702,"WM42+62M, 337, 27th Main, Sector 2 HSR Layout Opposite KLM Shopping Mall, BDA Layout, HSR Layout, Bengaluru, Karnataka 560102",12.908018,77.651948,Punjabi restaurant,,ChdDSUhNMG9nS0VLX1kxLWlwLWJHTHhnRRAB,Kapoor's Cafe,sumanth R,103936909954483006076,True,5,,0,11 months ago,"{""meal_type"": ""Lunch"", ""price_per_person"": ""₹400–600"", ""food"": 5, ""service_rating"": 4, ""atmosphere"": 4, ""group_size"": ""Suitable for all group sizes"", ""wait_time"": ""No wait"", ""vegetarian_recommendation"": ""Highly recommend"", ""vegetarian_offerings"": ""Menu is all vegetarian"", ""vegetarian_options"": ""Punjabi Style Menu"", ""parking_space"": ""Somewhat difficult to find parking"", ""parking_options"": ""Parking is unavailable"", ""kid_friendliness"": ""Yes"", ""wheelchair_accessibility"": ""Lift exists""}"
Kapoor's Cafe - HSR Branch,097392 67702,"WM42+62M, 337, 27th Main, Sector 2 HSR Layout Opposite KLM Shopping Mall, BDA Layout, HSR Layout, Bengaluru, Karnataka 560102",12.908018,77.651948,Punjabi restaurant,,ChdDSUhNMG9nS0VMVGtrYktIdElLOThRRRAB,Kapoor's Cafe,Samrat Samanta,116273427966593881684,True,4,,0,11 months ago,"{""price_per_person"": ""₹400–600"", ""food"": 5, ""service_rating"": 4, ""atmosphere"": 5}"
Kapoor's Cafe - HSR Branch,097392 67702,"WM42+62M, 337, 27th Main, Sector 2 HSR Layout Opposite KLM Shopping Mall, BDA Layout, HSR Layout, Bengaluru, Karnataka 560102",12.908018,77.651948,Punjabi restaurant,,ChdDSUhNMG9nS0VNQzR4YnVPbk5paTFnRRAB,Kapoor's Cafe,sunita das,106272195192050263065,True,5,,0,11 months ago,"{""meal_type"": ""Dinner"", ""price_per_person"": ""₹1,000–1,200"", ""food"": 5, ""service_rating"": 5, ""atmosphere"": 5, ""wait_time"": ""10-30 min"", ""vegetarian_recommendation"": ""Highly recommend"", ""vegetarian_offerings"": ""Menu is all vegetarian""}"
Kapoor's Cafe - HSR Branch,097392 67702,"WM42+62M, 337, 27th Main, Sector 2 HSR Layout Opposite KLM Shopping Mall, BDA Layout, HSR Layout, Bengaluru, Karnataka 560102",12.908018,77.651948,Punjabi restaurant,,ChZDSUhNMG9nS0VPX2pyNVN2dlpMZmRREAE,Kapoor's Cafe,Khushbu Pandya,111355466732957256405,True,3,,0,11 months ago,"{""food"": 3, ""service_rating"": 3, ""atmosphere"": 4}"
Kapoor's Cafe - HSR Branch,097392 67702,"WM42+62M, 337, 27th Main, Sector 2 HSR Layout Opposite KLM Shopping Mall, BDA Layout, HSR Layout, Bengaluru, Karnataka 560102",12.908018,77.651948,Punjabi restaurant,,ChdDSUhNMG9nS0VQdU4tZDNsNHJEcjJRRRAB,Kapoor's Cafe,Ram Kiran,111491126914275655489,True,4,,0,11 months ago,"{""meal_type"": ""Dinner"", ""price_per_person"": ""₹2,000+"", ""food"": 4, ""service_rating"": 4, ""atmosphere"": 4, ""recommended_dishes"": ""Dal Makhani and Aloo Paratha"", ""seating_type"": ""Outdoor patio / terrace"", ""vegetarian_recommendation"": ""Highly recommend""}"
Kapoor's Cafe - HSR Branch,097392 67702,"WM42+62M, 337, 27th Main, Sector 2 HSR Layout Opposite KLM Shopping Mall, BDA Layout, HSR Layout, Bengaluru, Karnataka 560102",12.908018,77.651948,Punjabi restaurant,,ChZDSUhNMG9nS0VQU1M5LXVMbm91d0pnEAE,Kapoor's Cafe,Jatish Chandra Dhal,101638672396952073125,True,1,,0,11 months ago,
Kapoor's Cafe - HSR Branch,097392 67702,"WM42+62M, 337, 27th Main, Sector 2 HSR Layout Opposite KLM Shopping Mall, BDA Layout, HSR Layout, Bengaluru, Karnataka 560102",12.908018,77.651948,Punjabi restaurant,,ChdDSUhNMG9nS0VQeTBrTnJhcFpLZXN3RRAB,Kapoor's Cafe,rajesh kumar,112755457105609019536,False,1,Worst food,0,11 months ago,"{""dining_mode"": ""Delivery"", ""meal_type"": ""Lunch"", ""price_per_person"": ""₹200–400"", ""food"": 1, ""service_rating"": 1, ""atmosphere"": 3, ""noise_level"": ""Moderate noise""}"
Kapoor's Cafe - HSR Branch,097392 67702,"WM42+62M, 337, 27th Main, Sector 2 HSR Layout Opposite KLM Shopping Mall, BDA Layout, HSR Layout, Bengaluru, Karnataka 560102",12.908018,77.651948,Punjabi restaurant,,ChZDSUhNMG9nS0VNejN4Zl9SLWZQalNBEAE,Kapoor's Cafe,Yasin Ashraf,103928230435688446208,False,4,,0,11 months ago,"{""dining_mode"": ""Dine in"", ""meal_type"": ""Dinner"", ""food"": 4, ""service_rating"": 4, ""atmosphere"": 4}"
Kapoor's Cafe - HSR Branch,097392 67702,"WM42+62M, 337, 27th Main, Sector 2 HSR Layout Opposite KLM Shopping Mall, BDA Layout, HSR Layout, Bengaluru, Karnataka 560102",12.908018,77.651948,Punjabi restaurant,,ChdDSUhNMG9nS0VKbk02UENuamNmQjFnRRAB,Kapoor's Cafe,Indrajit Das,117733214824586890242,False,1,,0,11 months ago,
Kapoor's Cafe - HSR Branch,097392 67702,"WM42+62M, 337, 27th Main, Sector 2 HSR Layout Opposite KLM Shopping Mall, BDA Layout, HSR Layout, Bengaluru, Karnataka 560102",12.908018,77.651948,Punjabi restaurant,,ChdDSUhNMG9nS0VJWFdxc3JEeXF5Tjl3RRAB,Kapoor's Cafe,Subodh Hiran,115449620519415852750,True,4,,0,11 months ago,"{""meal_type"": ""Lunch"", ""price_per_person"": ""₹600–800"", ""food"": 4, ""service_rating"": 5, ""atmosphere"": 4, ""group_size"": ""3-4 people"", ""wait_time"": ""Up to 10 min"", ""vegetarian_recommendation"": ""Highly recommend"", ""vegetarian_offerings"": ""Not sure"", ""parking_space"": ""Somewhat difficult to find parking"", ""parking_options"": ""Free parking lot""}"
Kapoor's Cafe - HSR Branch,097392 67702,"WM42+62M, 337, 27th Main, Sector 2 HSR Layout Opposite KLM Shopping Mall, BDA Layout, HSR Layout, Bengaluru, Karnataka 560102",12.908018,77.651948,Punjabi restaurant,,ChdDSUhNMG9nS0VOaVJxTEQtcnN5U21BRRAB,Kapoor's Cafe,ZUNED BAIGH Moghal,109867901487531842340,True,5,,0,11 months ago,
Kapoor's Cafe - HSR Branch,097392 67702,"WM42+62M, 337, 27th Main, Sector 2 HSR Layout Opposite KLM Shopping Mall, BDA Layout, HSR Layout, Bengaluru, Karnataka 560102",12.908018,77.651948,Punjabi restaurant,,ChdDSUhNMG9nS0VKamppT0dmcmNyU3pRRRAB,Kapoor's Cafe,Piyush Ganar,110081918371840276657,True,5,Kapoor's cafe provide authentic Punjabi cuisine with a typical dhaba like sitting. Food is simply delicious. The cafe provides a wide variety of punjabi / north indian dishes which cannot be found elsewhere.  All dishes are moderately priced. I visit with my family quite regularly.  Makke ki roti sarso ka saag and chhole bhature are must try.,0,11 months ago,"{""meal_type"": ""Dinner"", ""price_per_person"": ""₹400–600"", ""food"": 5, ""service_rating"": 5, ""atmosphere"": 5, ""group_size"": ""Suitable for all group sizes"", ""wait_time"": ""No wait"", ""vegetarian_offerings"": ""Menu is all vegetarian"", ""parking_space"": ""Difficult to find parking""}"
Kapoor's Cafe - HSR Branch,097392 67702,"WM42+62M, 337, 27th Main, Sector 2 HSR Layout Opposite KLM Shopping Mall, BDA Layout, HSR Layout, Bengaluru, Karnataka 560102",12.908018,77.651948,Punjabi restaurant,,ChdDSUhNMG9nS0VNM1JfYnJQaktyLW1nRRAB,Kapoor's Cafe,karan bajwa,118235509655374627869,True,1,"Overrated and overpriced. The food was bland, service was slow",0,11 months ago,"{""meal_type"": ""Dinner"", ""price_per_person"": ""₹600–800"", ""food"": 1, ""service_rating"": 1, ""atmosphere"": 1, ""noise_level"": ""Loud, but you can still talk"", ""wait_time"": ""Up to 10 min""}"
Kapoor's Cafe - HSR Branch,097392 67702,"WM42+62M, 337, 27th Main, Sector 2 HSR Layout Opposite KLM Shopping Mall, BDA Layout, HSR Layout, Bengaluru, Karnataka 560102",12.908018,77.651948,Punjabi restaurant,,ChZDSUhNMG9nS0VMZTlpNE9yamJQM2NREAE,Kapoor's Cafe,Rahul Garg,109838826292572544305,True,3,,0,11 months ago,
Kapoor's Cafe - HSR Branch,097392 67702,"WM42+62M, 337, 27th Main, Sector 2 HSR Layout Opposite KLM Shopping Mall, BDA Layout, HSR Layout, Bengaluru, Karnataka 560102",12.908018,77.651948,Punjabi restaurant,,ChdDSUhNMG9nS0VNdWNfNkRRcDliQnBRRRAB,Kapoor's Cafe,Aman kant,110181558668460712366,True,1,One word: OVERRATED. Some items were not available and the taste wasn't upto the mark. It was over priced too. Try Chula Chuki Dhaba instead.,0,11 months ago,"{""meal_type"": ""Lunch"", ""price_per_person"": ""₹400–600"", ""food"": 1, ""service_rating"": 2, ""atmosphere"": 2, ""noise_level"": ""Loud, but you can still talk"", ""wait_time"": ""No wait""}"
Kapoor's Cafe - HSR Branch,097392 67702,"WM42+62M, 337, 27th Main, Sector 2 HSR Layout Opposite KLM Shopping Mall, BDA Layout, HSR Layout, Bengaluru, Karnataka 560102",12.908018,77.651948,Punjabi restaurant,,ChZDSUhNMG9nS0VJRFZucmJSeWN6RVZREAE,Kapoor's Cafe,Arihant Jain,105553620728878156245,False,4,,0,11 months ago,"{""meal_type"": ""Dinner"", ""food"": 5, ""service_rating"": 4, ""atmosphere"": 4}"
Kapoor's Cafe - HSR Branch,097392 67702,"WM42+62M, 337, 27th Main, Sector 2 HSR Layout Opposite KLM Shopping Mall, BDA Layout, HSR Layout, Bengaluru, Karnataka 560102",12.908018,77.651948,Punjabi restaurant,,ChZDSUhNMG9nS0VOYUYySzJCOU9PRVZ3EAE,Kapoor's Cafe,Hetvi Gandhi,106914394482686450244,True,4,They served everything very quickly and the vibes were also awesome. The taste of the food is mind blowing.,0,11 months ago,"{""dining_mode"": ""Dine in"", ""meal_type"": ""Dinner"", ""price_per_person"": ""₹400–600"", ""food"": 4, ""service_rating"": 4, ""atmosphere"": 4, ""recommended_dishes"": ""Cheese Balls, Paneer Paratha, Crispy Corn Punjabi Style, Chola Bhatura"", ""vegetarian_recommendation"": ""Highly recommend"", ""vegetarian_offerings"": ""Menu is all vegetarian"", ""parking_space"": ""Somewhat difficult to find parking"", ""parking_options"": ""Parking is unavailable""}"
Kapoor's Cafe - HSR Branch,097392 67702,"WM42+62M, 337, 27th Main, Sector 2 HSR Layout Opposite KLM Shopping Mall, BDA Layout, HSR Layout, Bengaluru, Karnataka 560102",12.908018,77.651948,Punjabi restaurant,,ChZDSUhNMG9nS0VLZWRncXE3ckwycllREAE,Kapoor's Cafe,monisha thadi,111556087473596257742,True,5,Lively Dhaba style setting,0,11 months ago,"{""dining_mode"": ""Dine in"", ""meal_type"": ""Dinner"", ""price_per_person"": ""₹400–600"", ""food"": 4, ""service_rating"": 4, ""atmosphere"": 5}"
Kapoor's Cafe - HSR Branch,097392 67702,"WM42+62M, 337, 27th Main, Sector 2 HSR Layout Opposite KLM Shopping Mall, BDA Layout, HSR Layout, Bengaluru, Karnataka 560102",12.908018,77.651948,Punjabi restaurant,,ChdDSUhNMG9nS0VJSDc1OXFobHFUdHlRRRAB,Kapoor's Cafe,Bijay Kumar,110257425360094564994,True,5,,0,11 months ago,"{""food"": 5, ""service_rating"": 5, ""atmosphere"": 5}"
Kapoor's Cafe - HSR Branch,097392 67702,"WM42+62M, 337, 27th Main, Sector 2 HSR Layout Opposite KLM Shopping Mall, BDA Layout, HSR Layout, Bengaluru, Karnataka 560102",12.908018,77.651948,Punjabi restaurant,,ChZDSUhNMG9nS0VLLWQxdTJoanZ2QURREAE,Kapoor's Cafe,Ansul Gupta,102375908047427535018,False,1,Worst service. Subpar food. Running because there is less competition,0,11 months ago,
Kapoor's Cafe - HSR Branch,097392 67702,"WM42+62M, 337, 27th Main, Sector 2 HSR Layout Opposite KLM Shopping Mall, BDA Layout, HSR Layout, Bengaluru, Karnataka 560102",12.908018,77.651948,Punjabi restaurant,,ChZDSUhNMG9nS0VNbmtxWV9QOFBLR1hREAE,Kapoor's Cafe,Suraj Pradhan,102610679269714256268,True,5,,0,11 months ago,
Kapoor's Cafe - HSR Branch,097392 67702,"WM42+62M, 337, 27th Main, Sector 2 HSR Layout Opposite KLM Shopping Mall, BDA Layout, HSR Layout, Bengaluru, Karnataka 560102",12.908018,77.651948,Punjabi restaurant,,ChZDSUhNMG9nS0VJcVo2T0g4X0otR0F3EAE,Kapoor's Cafe,Naga jyothi S,117843595751644278434,True,4,Food tasty.  Ambience good,0,11 months ago,"{""meal_type"": ""Lunch"", ""price_per_person"": ""₹200–400"", ""food"": 4, ""service_rating"": 4, ""atmosphere"": 5, ""noise_level"": ""Very quiet"", ""group_size"": ""Suitable for all group sizes"", ""vegetarian_recommendation"": ""Highly recommend""}"
Kapoor's Cafe - HSR Branch,097392 67702,"WM42+62M, 337, 27th Main, Sector 2 HSR Layout Opposite KLM Shopping Mall, BDA Layout, HSR Layout, Bengaluru, Karnataka 560102",12.908018,77.651948,Punjabi restaurant,,ChZDSUhNMG9nS0VQcjJqN2FMeS1ySEJREAE,Kapoor's Cafe,Mamuni Panda,101473196761495585129,True,4,,0,11 months ago,"{""food"": 3, ""service_rating"": 4, ""atmosphere"": 4}"
Kapoor's Cafe - HSR Branch,097392 67702,"WM42+62M, 337, 27th Main, Sector 2 HSR Layout Opposite KLM Shopping Mall, BDA Layout, HSR Layout, Bengaluru, Karnataka 560102",12.908018,77.651948,Punjabi restaurant,,ChZDSUhNMG9nS0VNYVoySm1UNHVqZU5BEAE,Kapoor's Cafe,Pooja Prajapat,107075690401952572785,False,1,,0,11 months ago,"{""price_per_person"": ""₹400–600"", ""food"": 1, ""service_rating"": 1, ""atmosphere"": 1, ""noise_level"": ""Moderate noise"", ""group_size"": ""5-8 people"", ""vegetarian_recommendation"": ""Would not recommend"", ""vegetarian_offerings"": ""Clearly labeled vegetarian dishes"", ""parking_space"": ""Difficult to find parking"", ""parking_options"": ""Parking is unavailable""}"
Kapoor's Cafe - HSR Branch,097392 67702,"WM42+62M, 337, 27th Main, Sector 2 HSR Layout Opposite KLM Shopping Mall, BDA Layout, HSR Layout, Bengaluru, Karnataka 560102",12.908018,77.651948,Punjabi restaurant,,ChdDSUhNMG9nS0VKdXp1Yi1lNGJTQzZ3RRAB,Kapoor's Cafe,Pratik Agarwal,117932956748729893700,False,3,Really the food wasn't worth it all.,0,11 months ago,"{""food"": 3, ""service_rating"": 4, ""atmosphere"": 3}"
Kapoor's Cafe - HSR Branch,097392 67702,"WM42+62M, 337, 27th Main, Sector 2 HSR Layout Opposite KLM Shopping Mall, BDA Layout, HSR Layout, Bengaluru, Karnataka 560102",12.908018,77.651948,Punjabi restaurant,,ChdDSUhNMG9nS0VJQ0FnTUNZanJ1NzFBRRAB,Kapoor's Cafe,Jageshwar Ray,101544531644591806912,False,4,,0,a year ago,"{""meal_type"": ""Lunch"", ""food"": 4, ""service_rating"": 4, ""atmosphere"": 4, ""group_size"": ""Suitable for all group sizes"", ""wait_time"": ""No wait""}"
Kapoor's Cafe - HSR Branch,097392 67702,"WM42+62M, 337, 27th Main, Sector 2 HSR Layout Opposite KLM Shopping Mall, BDA Layout, HSR Layout, Bengaluru, Karnataka 560102",12.908018,77.651948,Punjabi restaurant,,ChZDSUhNMG9nS0VJQ0FnTUNZMnB6LUxREAE,Kapoor's Cafe,Vindhya Jain,105862440343315128896,True,4,,0,a year ago,"{""meal_type"": ""Dinner"", ""price_per_person"": ""₹1,000–1,200"", ""food"": 4, ""service_rating"": 3, ""atmosphere"": 2, ""group_size"": ""Suitable for all group sizes"", ""wait_time"": ""No wait""}"
Kapoor's Cafe - HSR Branch,097392 67702,"WM42+62M, 337, 27th Main, Sector 2 HSR Layout Opposite KLM Shopping Mall, BDA Layout, HSR Layout, Bengaluru, Karnataka 560102",12.908018,77.651948,Punjabi restaurant,,ChZDSUhNMG9nS0VJQ0FnTUNZb3ZpelFnEAE,Kapoor's Cafe,Sanjib Samantaray,113198183183873215629,True,4,,0,a year ago,"{""meal_type"": ""Lunch"", ""food"": 3, ""service_rating"": 4, ""atmosphere"": 4}"
Kapoor's Cafe - HSR Branch,097392 67702,"WM42+62M, 337, 27th Main, Sector 2 HSR Layout Opposite KLM Shopping Mall, BDA Layout, HSR Layout, Bengaluru, Karnataka 560102",12.908018,77.651948,Punjabi restaurant,,ChdDSUhNMG9nS0VJQ0FnTUNZeU5DcW93RRAB,Kapoor's Cafe,Atul Dubey,115255232095638865911,True,1,"Absolutely disgusting experience. Food was burnt, tasted like garbage, and the place was filthy. Zero hygiene, zero quality — just an insult to the word ‘café’. Avoid this pathetic excuse of an establishment at all costs.”",0,a year ago,"{""food"": 1, ""service_rating"": 1, ""atmosphere"": 1}"
Kapoor's Cafe - HSR Branch,097392 67702,"WM42+62M, 337, 27th Main, Sector 2 HSR Layout Opposite KLM Shopping Mall, BDA Layout, HSR Layout, Bengaluru, Karnataka 560102",12.908018,77.651948,Punjabi restaurant,,ChZDSUhNMG9nS0VJQ0FnTUNZMElPRmR3EAE,Kapoor's Cafe,Tushki Singh,110279456052721175287,True,5,,0,a year ago,
Kapoor's Cafe - HSR Branch,097392 67702,"WM42+62M, 337, 27th Main, Sector 2 HSR Layout Opposite KLM Shopping Mall, BDA Layout, HSR Layout, Bengaluru, Karnataka 560102",12.908018,77.651948,Punjabi restaurant,,ChZDSUhNMG9nS0VJQ0FnTURvNDRiekhnEAE,Kapoor's Cafe,riya chouksey,111329907162066442083,True,4,Awesome paratha and lassi,0,a year ago,
Kapoor's Cafe - HSR Branch,097392 67702,"WM42+62M, 337, 27th Main, Sector 2 HSR Layout Opposite KLM Shopping Mall, BDA Layout, HSR Layout, Bengaluru, Karnataka 560102",12.908018,77.651948,Punjabi restaurant,,ChZDSUhNMG9nS0VJQ0FnTURvZ19mMlVBEAE,Kapoor's Cafe,Vaishnavi Vaishu,118002931671664866949,False,5,Great experience,0,a year ago,"{""food"": 5, ""service_rating"": 4, ""atmosphere"": 5}"
Kapoor's Cafe - HSR Branch,097392 67702,"WM42+62M, 337, 27th Main, Sector 2 HSR Layout Opposite KLM Shopping Mall, BDA Layout, HSR Layout, Bengaluru, Karnataka 560102",12.908018,77.651948,Punjabi restaurant,,ChZDSUhNMG9nS0VJQ0FnTURvdGVyZlVBEAE,Kapoor's Cafe,shubham bansal,116874066154961886641,True,1,"This was my second time at Kapoor's Cafe, the first time experience was good I ordered kulche and bhature. But this time the food was horrible, we ordered punjabi paneer and veg kofta both were almost non edible.",0,a year ago,"{""price_per_person"": ""₹600–800"", ""food"": 1, ""service_rating"": 1, ""atmosphere"": 3}"
Kapoor's Cafe - HSR Branch,097392 67702,"WM42+62M, 337, 27th Main, Sector 2 HSR Layout Opposite KLM Shopping Mall, BDA Layout, HSR Layout, Bengaluru, Karnataka 560102",12.908018,77.651948,Punjabi restaurant,,ChZDSUhNMG9nS0VJQ0FnTURvMmFDdURnEAE,Kapoor's Cafe,Mira Sarkar,115739590257823508287,True,4,,0,a year ago,"{""dining_mode"": ""Dine in"", ""meal_type"": ""Dinner"", ""price_per_person"": ""₹200–400"", ""food"": 4, ""service_rating"": 4, ""atmosphere"": 5, ""recommended_dishes"": ""Pindi Chole Bhature""}"
Kapoor's Cafe - HSR Branch,097392 67702,"WM42+62M, 337, 27th Main, Sector 2 HSR Layout Opposite KLM Shopping Mall, BDA Layout, HSR Layout, Bengaluru, Karnataka 560102",12.908018,77.651948,Punjabi restaurant,,ChZDSUhNMG9nS0VJQ0FnTURvdFAzcUdnEAE,Kapoor's Cafe,Kashish Soni,118351164509779309773,True,1,"Rude Staff, the whole place stinks of used oil to the point of making people nauseous, pigeons on tables where food is supposed to be kept. Cherry on the cake was the absolutely bland food.",0,a year ago,"{""dining_mode"": ""Dine in"", ""meal_type"": ""Brunch"", ""price_per_person"": ""₹200–400"", ""food"": 1, ""service_rating"": 1, ""atmosphere"": 1, ""recommended_dishes"": ""Pindi Chole Bhature""}"
Kapoor's Cafe - HSR Branch,097392 67702,"WM42+62M, 337, 27th Main, Sector 2 HSR Layout Opposite KLM Shopping Mall, BDA Layout, HSR Layout, Bengaluru, Karnataka 560102",12.908018,77.651948,Punjabi restaurant,,ChZDSUhNMG9nS0VJQ0FnTURvdExLak93EAE,Kapoor's Cafe,Vaibhav,100498383643190288122,False,5,,0,a year ago,"{""price_per_person"": ""₹200–400"", ""food"": 5, ""service_rating"": 5, ""atmosphere"": 5}"
Kapoor's Cafe - HSR Branch,097392 67702,"WM42+62M, 337, 27th Main, Sector 2 HSR Layout Opposite KLM Shopping Mall, BDA Layout, HSR Layout, Bengaluru, Karnataka 560102",12.908018,77.651948,Punjabi restaurant,,ChdDSUhNMG9nS0VJQ0FnTURvbEtqZDhBRRAB,Kapoor's Cafe,Madhavi Parmar,110692206797182795342,True,3,,0,a year ago,
Kapoor's Cafe - HSR Branch,097392 67702,"WM42+62M, 337, 27th Main, Sector 2 HSR Layout Opposite KLM Shopping Mall, BDA Layout, HSR Layout, Bengaluru, Karnataka 560102",12.908018,77.651948,Punjabi restaurant,,ChZDSUhNMG9nS0VJQ0FnTUNvMTRQaU5REAE,Kapoor's Cafe,Ajeet,111287113273092218344,False,1,"I ordered punjabi style french fries and i got a half baby sea shell inside it. And this we are talking about pure veg restaurant - like how the hell it even ended up in their kitchen, how irresponsible you have to be that you guys have sea shell in pure veg restaurant kitchen. It was a simple potato based fries - there are not even too many things inside the dish that you guys can miss anything.  There is a reason we order from pure veg restaurant yaar, I don’t even eat onion and garlic, and this is what I got - a sea shell flavoured potato fries.  Like how irresponsible you have to be that you guys are mixing sea shell in potato fries.",0,a year ago,"{""dining_mode"": ""Take out"", ""meal_type"": ""Dinner"", ""price_per_person"": ""₹200–400"", ""food"": 1, ""service_rating"": 1, ""atmosphere"": 1}"
Kapoor's Cafe - HSR Branch,097392 67702,"WM42+62M, 337, 27th Main, Sector 2 HSR Layout Opposite KLM Shopping Mall, BDA Layout, HSR Layout, Bengaluru, Karnataka 560102",12.908018,77.651948,Punjabi restaurant,,ChdDSUhNMG9nS0VJQ0FnTUNvLTVIY25BRRAB,Kapoor's Cafe,Altaf Khan,118381951235919954823,False,3,,0,a year ago,"{""food"": 3, ""service_rating"": 3, ""atmosphere"": 3}"
Kapoor's Cafe - HSR Branch,097392 67702,"WM42+62M, 337, 27th Main, Sector 2 HSR Layout Opposite KLM Shopping Mall, BDA Layout, HSR Layout, Bengaluru, Karnataka 560102",12.908018,77.651948,Punjabi restaurant,,ChdDSUhNMG9nS0VJQ0FnTUNveWFmTDB3RRAB,Kapoor's Cafe,Santhosh Bhadran,113147043166199650933,True,3,"The food is average and not great . Lassi was more or less with sugar. We had pindi chola bhature ,chole bhature , paneer paratha and lassi.",0,a year ago,"{""dining_mode"": ""Dine in"", ""meal_type"": ""Dinner"", ""price_per_person"": ""₹400–600"", ""food"": 3, ""service_rating"": 3, ""atmosphere"": 3, ""recommended_dishes"": ""Pindi Chole Bhature"", ""vegetarian_recommendation"": ""Somewhat recommend"", ""vegetarian_offerings"": ""Menu is all vegetarian"", ""parking_space"": ""Difficult to find parking"", ""wheelchair_accessibility"": ""Not friendly for wheel chair . The lift Ground floor button doesn’t work. Though you press the button the light wouldn’t glow but actually it works""}"
Kapoor's Cafe - HSR Branch,097392 67702,"WM42+62M, 337, 27th Main, Sector 2 HSR Layout Opposite KLM Shopping Mall, BDA Layout, HSR Layout, Bengaluru, Karnataka 560102",12.908018,77.651948,Punjabi restaurant,,ChdDSUhNMG9nS0VJQ0FnTUNveXVEZG53RRAB,Kapoor's Cafe,Akshay Pathak,115699867504830297350,True,1,"I've been a loyal customer for over 4 years and have visited multiple branches across Bangalore. They used to serve some of the best North Indian vegetarian food in the city.  However, recently the quality has significantly declined, and I’m not sure why.  The whole wheat phulkas now seem to contain maida, which is very disappointing. Their phulkas used to be the highlight of the meal.  We ordered dal, and it was clearly not fresh. When I brought it to their attention, they denied it. It looked and tasted like it had been reheated from frozen.  To make matters worse, everyone in our group experienced stomach issues the next day — something that has never happened in all the years we’ve been eating here.  It’s disheartening to see the quality drop so drastically. Their decreasing ratings on Google reflect the same concerns we faced.  Fortunately their Paratha's are still good.",0,a year ago,"{""dining_mode"": ""Dine in"", ""meal_type"": ""Dinner"", ""price_per_person"": ""₹1,000–1,200"", ""food"": 1, ""service_rating"": 1, ""atmosphere"": 1, ""vegetarian_offerings"": ""Menu is all vegetarian"", ""vegetarian_options"": ""NA"", ""dietary_restrictions"": ""NA"", ""parking_space"": ""Difficult to find parking"", ""parking_options"": ""Free street parking""}"
Kapoor's Cafe - HSR Branch,097392 67702,"WM42+62M, 337, 27th Main, Sector 2 HSR Layout Opposite KLM Shopping Mall, BDA Layout, HSR Layout, Bengaluru, Karnataka 560102",12.908018,77.651948,Punjabi restaurant,,ChdDSUhNMG9nS0VJQ0FnTUNvOHNPbjlnRRAB,Kapoor's Cafe,Hudson Samuel Rathinakumar,106415083482986348452,True,1,,0,a year ago,"{""dining_mode"": ""Dine in"", ""meal_type"": ""Dinner"", ""food"": 2, ""service_rating"": 5, ""atmosphere"": 5}"
Kapoor's Cafe - HSR Branch,097392 67702,"WM42+62M, 337, 27th Main, Sector 2 HSR Layout Opposite KLM Shopping Mall, BDA Layout, HSR Layout, Bengaluru, Karnataka 560102",12.908018,77.651948,Punjabi restaurant,,ChZDSUhNMG9nS0VJQ0FnTUNvc3NueFJREAE,Kapoor's Cafe,Navneet Kamboj,116263959041143907558,False,5,Nice location and food,0,a year ago,"{""dining_mode"": ""Dine in"", ""meal_type"": ""Dinner"", ""price_per_person"": ""₹2,000+"", ""food"": 5, ""service_rating"": 4, ""atmosphere"": 4, ""recommended_dishes"": ""Dal Makhani and Aloo Paratha, Cheese Paratha""}"
Kapoor's Cafe - HSR Branch,097392 67702,"WM42+62M, 337, 27th Main, Sector 2 HSR Layout Opposite KLM Shopping Mall, BDA Layout, HSR Layout, Bengaluru, Karnataka 560102",12.908018,77.651948,Punjabi restaurant,,ChZDSUhNMG9nS0VJQ0FnTUNvNHRPMElnEAE,Kapoor's Cafe,neha sharma,112212347826281731695,True,5,,0,a year ago,"{""dining_mode"": ""Dine in"", ""meal_type"": ""Dinner"", ""price_per_person"": ""₹800–1,000"", ""food"": 5, ""service_rating"": 5, ""atmosphere"": 5, ""vegetarian_recommendation"": ""Highly recommend"", ""vegetarian_offerings"": ""Menu is all vegetarian""}"
Kapoor's Cafe - HSR Branch,097392 67702,"WM42+62M, 337, 27th Main, Sector 2 HSR Layout Opposite KLM Shopping Mall, BDA Layout, HSR Layout, Bengaluru, Karnataka 560102",12.908018,77.651948,Punjabi restaurant,,ChdDSUhNMG9nS0VJQ0FnTUNvX0lybF93RRAB,Kapoor's Cafe,Konka Premsai,109115109257380967379,True,5,,0,a year ago,"{""dining_mode"": ""Dine in"", ""meal_type"": ""Dinner"", ""price_per_person"": ""₹200–400"", ""food"": 5, ""service_rating"": 5, ""atmosphere"": 5, ""recommended_dishes"": ""French Fries Punjabi Style, Cheese Paratha, Crispy Corn Punjabi Style"", ""vegetarian_recommendation"": ""Highly recommend"", ""vegetarian_offerings"": ""Menu is all vegetarian""}"
Kapoor's Cafe - HSR Branch,097392 67702,"WM42+62M, 337, 27th Main, Sector 2 HSR Layout Opposite KLM Shopping Mall, BDA Layout, HSR Layout, Bengaluru, Karnataka 560102",12.908018,77.651948,Punjabi restaurant,,ChdDSUhNMG9nS0VJQ0FnTUNvbk9IYi1RRRAB,Kapoor's Cafe,Kishan Patel,109248845798020347803,True,3,"Went to the restaurant on very slow day, Very limited options for jain food and when asked to make small change in normal item to make it jain, they rudely denied. Food was average at best. Only above average item was lassi and buttermilk. Service was okay ish at best. No option to pay via zomato or Swiggy when other restaurants from this chain allows it. Also Building has very slow lift.",0,a year ago,"{""dining_mode"": ""Dine in"", ""meal_type"": ""Dinner"", ""price_per_person"": ""₹200–400"", ""food"": 3, ""service_rating"": 1, ""atmosphere"": 2, ""recommended_dishes"": ""Paneer Paratha, Pindi Chole Bhature, Cheese Burst Paratha 1 PC - Whole Wheat, Crispy Corn Punjabi Style"", ""vegetarian_recommendation"": ""Somewhat recommend"", ""vegetarian_offerings"": ""Menu is all vegetarian"", ""parking_space"": ""Difficult to find parking""}"
Kapoor's Cafe - HSR Branch,097392 67702,"WM42+62M, 337, 27th Main, Sector 2 HSR Layout Opposite KLM Shopping Mall, BDA Layout, HSR Layout, Bengaluru, Karnataka 560102",12.908018,77.651948,Punjabi restaurant,,ChZDSUhNMG9nS0VJQ0FnTUNvbVBURFlREAE,Kapoor's Cafe,Dj,117082185754482732475,True,4,,0,a year ago,"{""dining_mode"": ""Delivery"", ""food"": 5, ""service_rating"": 5, ""atmosphere"": 5}"
Kapoor's Cafe - HSR Branch,097392 67702,"WM42+62M, 337, 27th Main, Sector 2 HSR Layout Opposite KLM Shopping Mall, BDA Layout, HSR Layout, Bengaluru, Karnataka 560102",12.908018,77.651948,Punjabi restaurant,,ChZDSUhNMG9nS0VJQ0FnSURKNGZHRVZBEAE,Kapoor's Cafe,Rajeev Ramadas,116749778630658053596,True,4,"Food is Good, their lassi is great",0,Edited a year ago,"{""food"": 4, ""service_rating"": 4, ""atmosphere"": 4}"
Kapoor's Cafe - HSR Branch,097392 67702,"WM42+62M, 337, 27th Main, Sector 2 HSR Layout Opposite KLM Shopping Mall, BDA Layout, HSR Layout, Bengaluru, Karnataka 560102",12.908018,77.651948,Punjabi restaurant,,ChZDSUhNMG9nS0VJQ0FnTURJOTlhcVZBEAE,Kapoor's Cafe,shreeya mishra,110896176016591432872,True,5,Great food... I guess they should repair the lift,0,a year ago,"{""dining_mode"": ""Dine in"", ""meal_type"": ""Lunch"", ""price_per_person"": ""₹800–1,000"", ""food"": 5, ""service_rating"": 5, ""atmosphere"": 4, ""vegetarian_recommendation"": ""Highly recommend""}"
Kapoor's Cafe - HSR Branch,097392 67702,"WM42+62M, 337, 27th Main, Sector 2 HSR Layout Opposite KLM Shopping Mall, BDA Layout, HSR Layout, Bengaluru, Karnataka 560102",12.908018,77.651948,Punjabi restaurant,,ChZDSUhNMG9nS0VJQ0FnTURJMjhlM0JREAE,Kapoor's Cafe,Akshay Sonwane,104223572108869749835,False,4,,0,a year ago,"{""food"": 3, ""service_rating"": 2, ""atmosphere"": 1}"
Kapoor's Cafe - HSR Branch,097392 67702,"WM42+62M, 337, 27th Main, Sector 2 HSR Layout Opposite KLM Shopping Mall, BDA Layout, HSR Layout, Bengaluru, Karnataka 560102",12.908018,77.651948,Punjabi restaurant,,ChZDSUhNMG9nS0VJQ0FnTURJcHVIWVpREAE,Kapoor's Cafe,Ashwin R,107632104954948873759,True,3,"This is good place for parathas, cholde bature etc. Rice items are too costly for some reason, the pulav is price at 350rs. The place has dhaba like seating. There is rat infectation in this place.",0,a year ago,"{""dining_mode"": ""Dine in"", ""meal_type"": ""Dinner"", ""price_per_person"": ""₹200–400"", ""food"": 4, ""service_rating"": 3, ""atmosphere"": 3, ""recommended_dishes"": ""Chola Bhatura"", ""vegetarian_recommendation"": ""Somewhat recommend"", ""vegetarian_offerings"": ""Menu is all vegetarian"", ""parking_space"": ""Plenty of parking"", ""parking_options"": ""Free street parking"", ""wheelchair_accessibility"": ""lift is there""}"
Kapoor's Cafe - HSR Branch,097392 67702,"WM42+62M, 337, 27th Main, Sector 2 HSR Layout Opposite KLM Shopping Mall, BDA Layout, HSR Layout, Bengaluru, Karnataka 560102",12.908018,77.651948,Punjabi restaurant,,ChZDSUhNMG9nS0VJQ0FnTURJMnBDSEF3EAE,Kapoor's Cafe,Sri,114988648650190682450,True,4,,0,a year ago,"{""food"": 3, ""service_rating"": 2, ""atmosphere"": 4}"
Kapoor's Cafe - HSR Branch,097392 67702,"WM42+62M, 337, 27th Main, Sector 2 HSR Layout Opposite KLM Shopping Mall, BDA Layout, HSR Layout, Bengaluru, Karnataka 560102",12.908018,77.651948,Punjabi restaurant,,ChZDSUhNMG9nS0VJQ0FnTURJcUxtY1R3EAE,Kapoor's Cafe,Itishree Kanojia,106039580526262468489,True,4,,0,a year ago,"{""dining_mode"": ""Dine in"", ""meal_type"": ""Dinner"", ""food"": 2, ""service_rating"": 4, ""atmosphere"": 4}"
Kapoor's Cafe - HSR Branch,097392 67702,"WM42+62M, 337, 27th Main, Sector 2 HSR Layout Opposite KLM Shopping Mall, BDA Layout, HSR Layout, Bengaluru, Karnataka 560102",12.908018,77.651948,Punjabi restaurant,,ChdDSUhNMG9nS0VJQ0FnTUNJejc2ZXVnRRAB,Kapoor's Cafe,Sushidh Abhishek,104112078617437202518,True,2,I liked Whitefield branch better. Food wise it was quite oily here compared to other branches.,0,a year ago,"{""dining_mode"": ""Dine in"", ""meal_type"": ""Dinner"", ""food"": 2, ""service_rating"": 3, ""atmosphere"": 3}"
Kapoor's Cafe - HSR Branch,097392 67702,"WM42+62M, 337, 27th Main, Sector 2 HSR Layout Opposite KLM Shopping Mall, BDA Layout, HSR Layout, Bengaluru, Karnataka 560102",12.908018,77.651948,Punjabi restaurant,,ChZDSUhNMG9nS0VJQ0FnTUNJcWFpRFhBEAE,Kapoor's Cafe,Pruthvi,113182748748470328447,True,3,,0,a year ago,"{""dining_mode"": ""Dine in"", ""meal_type"": ""Dinner"", ""price_per_person"": ""₹1,200–1,400"", ""food"": 3, ""service_rating"": 4, ""atmosphere"": 5}"
Kapoor's Cafe - HSR Branch,097392 67702,"WM42+62M, 337, 27th Main, Sector 2 HSR Layout Opposite KLM Shopping Mall, BDA Layout, HSR Layout, Bengaluru, Karnataka 560102",12.908018,77.651948,Punjabi restaurant,,ChZDSUhNMG9nS0VJQ0FnTUNJb3F5aGZ3EAE,Kapoor's Cafe,Tejas Panchal,101097826024485203886,True,5,Good parathas and other opinions for vegetarians,0,a year ago,"{""price_per_person"": ""₹200–400"", ""food"": 5, ""service_rating"": 5, ""atmosphere"": 4, ""recommended_dishes"": ""Dal Makhani and Aloo Paratha, Paneer Paratha, Cheese Burst Paratha 1 PC - Whole Wheat, Crispy Corn Punjabi Style, Chola Bhatura"", ""vegetarian_recommendation"": ""Highly recommend"", ""vegetarian_offerings"": ""Menu is all vegetarian""}"
Kapoor's Cafe - HSR Branch,097392 67702,"WM42+62M, 337, 27th Main, Sector 2 HSR Layout Opposite KLM Shopping Mall, BDA Layout, HSR Layout, Bengaluru, Karnataka 560102",12.908018,77.651948,Punjabi restaurant,,ChdDSUhNMG9nS0VJQ0FnTUNJdk5IR21nRRAB,Kapoor's Cafe,Nirmal Varghese,114780532759566790464,True,4,Good experience. Parking spaces could be better,0,a year ago,"{""dining_mode"": ""Dine in"", ""meal_type"": ""Dinner"", ""food"": 4, ""service_rating"": 4, ""atmosphere"": 4}"
Kapoor's Cafe - HSR Branch,097392 67702,"WM42+62M, 337, 27th Main, Sector 2 HSR Layout Opposite KLM Shopping Mall, BDA Layout, HSR Layout, Bengaluru, Karnataka 560102",12.908018,77.651948,Punjabi restaurant,,ChZDSUhNMG9nS0VJQ0FnTUNJc05fbVpREAE,Kapoor's Cafe,Laxman Prajapati,108228098658963414322,True,3,"Overall It's ok ok experience, service can be improved. Food is good",0,a year ago,"{""dining_mode"": ""Dine in"", ""meal_type"": ""Dinner"", ""price_per_person"": ""₹600–800"", ""food"": 4, ""service_rating"": 2, ""atmosphere"": 3, ""vegetarian_recommendation"": ""Somewhat recommend"", ""vegetarian_offerings"": ""Menu is all vegetarian, Large vegetarian selection, Vegetarian menu or section, Clearly labeled vegetarian dishes"", ""parking_space"": ""Somewhat difficult to find parking"", ""parking_options"": ""Free street parking""}"
Kapoor's Cafe - HSR Branch,097392 67702,"WM42+62M, 337, 27th Main, Sector 2 HSR Layout Opposite KLM Shopping Mall, BDA Layout, HSR Layout, Bengaluru, Karnataka 560102",12.908018,77.651948,Punjabi restaurant,,ChdDSUhNMG9nS0VJQ0FnTUNJMFBMNjl3RRAB,Kapoor's Cafe,Himanshi Jain,103437886330319821236,True,5,,0,a year ago,"{""food"": 5, ""service_rating"": 5, ""atmosphere"": 5}"
Kapoor's Cafe - HSR Branch,097392 67702,"WM42+62M, 337, 27th Main, Sector 2 HSR Layout Opposite KLM Shopping Mall, BDA Layout, HSR Layout, Bengaluru, Karnataka 560102",12.908018,77.651948,Punjabi restaurant,,ChZDSUhNMG9nS0VJQ0FnTUR3MDhqTlhBEAE,Kapoor's Cafe,shefali srivastava,109150099047917041124,True,4,"Ordered the punjabi Butter paneer masala Thali, which was good like every time  , can go every day to eat this , food is good every time we order.",0,a year ago,"{""dining_mode"": ""Dine in"", ""meal_type"": ""Lunch"", ""price_per_person"": ""₹400–600"", ""food"": 4, ""service_rating"": 4, ""atmosphere"": 4, ""recommended_dishes"": ""Paneer Butter""}"
Kapoor's Cafe - HSR Branch,097392 67702,"WM42+62M, 337, 27th Main, Sector 2 HSR Layout Opposite KLM Shopping Mall, BDA Layout, HSR Layout, Bengaluru, Karnataka 560102",12.908018,77.651948,Punjabi restaurant,,ChdDSUhNMG9nS0VJQ0FnTUR3aXZ5WjNnRRAB,Kapoor's Cafe,Kirubakaran Kuppusamy,117748010738361981573,True,2,,0,a year ago,"{""food"": 1, ""service_rating"": 1, ""atmosphere"": 2}"
Kapoor's Cafe - HSR Branch,097392 67702,"WM42+62M, 337, 27th Main, Sector 2 HSR Layout Opposite KLM Shopping Mall, BDA Layout, HSR Layout, Bengaluru, Karnataka 560102",12.908018,77.651948,Punjabi restaurant,,ChdDSUhNMG9nS0VJQ0FnTUN3aTZ6dmp3RRAB,Kapoor's Cafe,Punith nag Gopisetty (Punith),100976734424190331525,True,5,,0,a year ago,"{""dining_mode"": ""Dine in"", ""price_per_person"": ""₹200–400"", ""food"": 5, ""service_rating"": 5, ""atmosphere"": 5}"
Kapoor's Cafe - HSR Branch,097392 67702,"WM42+62M, 337, 27th Main, Sector 2 HSR Layout Opposite KLM Shopping Mall, BDA Layout, HSR Layout, Bengaluru, Karnataka 560102",12.908018,77.651948,Punjabi restaurant,,ChZDSUhNMG9nS0VJQ0FnTUN3NnJhc2FBEAE,Kapoor's Cafe,Ria Aradhyya,109903616158321533661,True,3,"Kapoor’s Café in HSR is known for its authentic North Indian flavors. I tried the Paneer Butter Masala Thali, which came with a wide variety of dishes, making it quite fulfilling. However, the paneer itself was pretty average in taste—not as rich or flavorful as I had hoped.  What truly stood out were the lassi and dry fruit lassi—both were exceptionally good.",0,a year ago,"{""food"": 3, ""service_rating"": 3, ""atmosphere"": 3}"
Kapoor's Cafe - HSR Branch,097392 67702,"WM42+62M, 337, 27th Main, Sector 2 HSR Layout Opposite KLM Shopping Mall, BDA Layout, HSR Layout, Bengaluru, Karnataka 560102",12.908018,77.651948,Punjabi restaurant,,ChZDSUhNMG9nS0VJQ0FnTUN3aUxMOEN3EAE,Kapoor's Cafe,Sanjeev Kumar,110453048452881441582,True,4,"We had very good experience..! Ordered parata and lassi, both are amazing.! Must try paleo",0,a year ago,"{""meal_type"": ""Breakfast"", ""price_per_person"": ""₹200–400"", ""food"": 4, ""service_rating"": 4, ""atmosphere"": 4, ""recommended_dishes"": ""Dal Makhani and Aloo Paratha""}"
Kapoor's Cafe - HSR Branch,097392 67702,"WM42+62M, 337, 27th Main, Sector 2 HSR Layout Opposite KLM Shopping Mall, BDA Layout, HSR Layout, Bengaluru, Karnataka 560102",12.908018,77.651948,Punjabi restaurant,,ChZDSUhNMG9nS0VJQ0FnTURRMy16WFpREAE,Kapoor's Cafe,soundatti sett,115352657788036707236,True,5,,0,a year ago,"{""dining_mode"": ""Delivery"", ""meal_type"": ""Dinner"", ""price_per_person"": ""₹200–400"", ""recommended_dishes"": ""Dal Makhani and Aloo Paratha""}"
Kapoor's Cafe - HSR Branch,097392 67702,"WM42+62M, 337, 27th Main, Sector 2 HSR Layout Opposite KLM Shopping Mall, BDA Layout, HSR Layout, Bengaluru, Karnataka 560102",12.908018,77.651948,Punjabi restaurant,,ChZDSUhNMG9nS0VJQ0FnTURROC0tS2FBEAE,Kapoor's Cafe,Shrinidhi Sharma,105124796910727638519,True,3,,0,a year ago,
Kapoor's Cafe - HSR Branch,097392 67702,"WM42+62M, 337, 27th Main, Sector 2 HSR Layout Opposite KLM Shopping Mall, BDA Layout, HSR Layout, Bengaluru, Karnataka 560102",12.908018,77.651948,Punjabi restaurant,,ChZDSUhNMG9nS0VJQ0FnTURRaHQ3eVVREAE,Kapoor's Cafe,veeranna kumbar,104332202265357529178,True,5,,0,a year ago,
Kapoor's Cafe - HSR Branch,097392 67702,"WM42+62M, 337, 27th Main, Sector 2 HSR Layout Opposite KLM Shopping Mall, BDA Layout, HSR Layout, Bengaluru, Karnataka 560102",12.908018,77.651948,Punjabi restaurant,,ChZDSUhNMG9nS0VJQ0FnTURRNk1LN0x3EAE,Kapoor's Cafe,Mayank Agarwal,113986346046570544130,True,1,"This is a review for the food I ordered online and consumed at home. There is nothing punjabi about any of the food item, specially the chole bhature. Chole Bhature - Chole was just bland, bhature was as good as poori. Bedmi Poori - It was undercooked, smelled bad. Paneer Parantha - it was okay, a decent one.  Plus no onion, green chilli for chole bhature! Can you even imagine that from a restaurant who claims to serve punjabi tastes.",0,a year ago,"{""dining_mode"": ""Delivery"", ""meal_type"": ""Breakfast"", ""price_per_person"": ""₹200–400"", ""food"": 1, ""recommended_dishes"": ""Paneer Paratha, Pindi Chole Bhature"", ""vegetarian_recommendation"": ""Would not recommend"", ""vegetarian_offerings"": ""Menu is all vegetarian"", ""vegetarian_options"": ""I will not recommend to any one who loves North indian food""}"
Kapoor's Cafe - HSR Branch,097392 67702,"WM42+62M, 337, 27th Main, Sector 2 HSR Layout Opposite KLM Shopping Mall, BDA Layout, HSR Layout, Bengaluru, Karnataka 560102",12.908018,77.651948,Punjabi restaurant,,ChZDSUhNMG9nS0VJQ0FnTURRNE5TUk9nEAE,Kapoor's Cafe,Shweta Agrawal,108712929826941162029,True,2,"What a waste of time. We went for lunch today 8/03/2025. And ordered pindi chole, aaloo pyaz chur chur paratha and lachcha paratha alongwith with lassi. Except lassi good was tasteless. Parathas were smelling of oil. Couldn't eat. Had lassi and left. What a waste of time and money. Ambience is good, service is good but food is not good at all.",0,a year ago,"{""dining_mode"": ""Dine in"", ""meal_type"": ""Lunch"", ""food"": 1, ""service_rating"": 3, ""atmosphere"": 4}"
Kapoor's Cafe - HSR Branch,097392 67702,"WM42+62M, 337, 27th Main, Sector 2 HSR Layout Opposite KLM Shopping Mall, BDA Layout, HSR Layout, Bengaluru, Karnataka 560102",12.908018,77.651948,Punjabi restaurant,,ChdDSUhNMG9nS0VJQ0FnTUNRM2Jtemp3RRAB,Kapoor's Cafe,Sheetal Nanda,115149525885635461505,False,4,,0,a year ago,
Kapoor's Cafe - HSR Branch,097392 67702,"WM42+62M, 337, 27th Main, Sector 2 HSR Layout Opposite KLM Shopping Mall, BDA Layout, HSR Layout, Bengaluru, Karnataka 560102",12.908018,77.651948,Punjabi restaurant,,ChdDSUhNMG9nS0VJQ0FnTUNRdHJDUHJRRRAB,Kapoor's Cafe,rajesh kumar singh,116603146107291278303,True,4,,0,a year ago,"{""dining_mode"": ""Dine in"", ""meal_type"": ""Dinner"", ""price_per_person"": ""₹200–400"", ""food"": 4, ""service_rating"": 4, ""atmosphere"": 4}"
Kapoor's Cafe - HSR Branch,097392 67702,"WM42+62M, 337, 27th Main, Sector 2 HSR Layout Opposite KLM Shopping Mall, BDA Layout, HSR Layout, Bengaluru, Karnataka 560102",12.908018,77.651948,Punjabi restaurant,,ChZDSUhNMG9nS0VJQ0FnTUNRNnJTYVVnEAE,Kapoor's Cafe,Sunil Bang,117211813347979293094,True,1,Horrible food !! I ordered from zomato and got oily cold bhaturas and sabzi which only had oil and water in it!! Kindly avoid this restaurant!!,0,a year ago,"{""dining_mode"": ""Delivery"", ""meal_type"": ""Dinner"", ""food"": 1, ""service_rating"": 1}"
Kapoor's Cafe - HSR Branch,097392 67702,"WM42+62M, 337, 27th Main, Sector 2 HSR Layout Opposite KLM Shopping Mall, BDA Layout, HSR Layout, Bengaluru, Karnataka 560102",12.908018,77.651948,Punjabi restaurant,,ChZDSUhNMG9nS0VJQ0FnTUNRN055X1dBEAE,Kapoor's Cafe,nitesh gupta,110312061716008800913,True,1,"I opted for delivery and ordered aloo paratha, matar paratha, and kaju masala gravy. The aloo paratha lacked proper filling, the kaju masala had no real flavor—just an overpowering cardamom taste—and the food was unnecessarily spicy. After raising a complaint on the delivery platform, I received a partial refund. Overall, not recommended.",0,a year ago,"{""dining_mode"": ""Delivery"", ""meal_type"": ""Dinner"", ""price_per_person"": ""₹800–1,000"", ""food"": 1, ""service_rating"": 2}"
Kapoor's Cafe - HSR Branch,097392 67702,"WM42+62M, 337, 27th Main, Sector 2 HSR Layout Opposite KLM Shopping Mall, BDA Layout, HSR Layout, Bengaluru, Karnataka 560102",12.908018,77.651948,Punjabi restaurant,,ChdDSUhNMG9nS0VJQ0FnTURncmF2ZjJBRRAB,Kapoor's Cafe,Abhish Tiwary,116252681167929482670,False,3,,0,a year ago,"{""dining_mode"": ""Dine in"", ""meal_type"": ""Dinner"", ""price_per_person"": ""₹800–1,000"", ""food"": 3, ""service_rating"": 4, ""atmosphere"": 4, ""recommended_dishes"": ""Pindi Chole Bhature""}"
Kapoor's Cafe - HSR Branch,097392 67702,"WM42+62M, 337, 27th Main, Sector 2 HSR Layout Opposite KLM Shopping Mall, BDA Layout, HSR Layout, Bengaluru, Karnataka 560102",12.908018,77.651948,Punjabi restaurant,,ChZDSUhNMG9nS0VJQ0FnSUNSMU5uX0Z3EAE,Kapoor's Cafe,Venkatesan Gopalan,104079479094188358866,True,4,"Good parathas and lassi.  Best part is it is pure veg. Wash area can be maintained better. Food is bit spicy for those who love spice parathas. Winter time is , nice to be here The paan wala in the entrance on the same floor is disappointing. Parking available.",0,Edited a year ago,"{""meal_type"": ""Dinner"", ""recommended_dishes"": ""Dal Makhani and Aloo Paratha, Cheese Paratha, Paneer Paratha, Pindi Chole Bhature, Malai Kofta"", ""seating_type"": ""Indoor dining area, Outdoor patio / terrace"", ""vegetarian_recommendation"": ""Highly recommend"", ""vegetarian_offerings"": ""Menu is all vegetarian"", ""wheelchair_accessibility"": ""No""}"
Kapoor's Cafe - HSR Branch,097392 67702,"WM42+62M, 337, 27th Main, Sector 2 HSR Layout Opposite KLM Shopping Mall, BDA Layout, HSR Layout, Bengaluru, Karnataka 560102",12.908018,77.651948,Punjabi restaurant,,ChZDSUhNMG9nS0VJQ0FnTURna1pIY2RREAE,Kapoor's Cafe,Mohan P,117446022746135677074,True,2,,0,a year ago,
Kapoor's Cafe - HSR Branch,097392 67702,"WM42+62M, 337, 27th Main, Sector 2 HSR Layout Opposite KLM Shopping Mall, BDA Layout, HSR Layout, Bengaluru, Karnataka 560102",12.908018,77.651948,Punjabi restaurant,,ChdDSUhNMG9nS0VJQ0FnTURna2V6OXd3RRAB,Kapoor's Cafe,arcot kalyan,115504918911809087055,True,5,Food was good but no hygiene.. cockroaches were there on table,0,a year ago,"{""dining_mode"": ""Dine in"", ""meal_type"": ""Dinner"", ""price_per_person"": ""₹400–600"", ""food"": 5, ""service_rating"": 5, ""atmosphere"": 1, ""vegetarian_recommendation"": ""Somewhat recommend"", ""parking_space"": ""Difficult to find parking""}"
Kapoor's Cafe - HSR Branch,097392 67702,"WM42+62M, 337, 27th Main, Sector 2 HSR Layout Opposite KLM Shopping Mall, BDA Layout, HSR Layout, Bengaluru, Karnataka 560102",12.908018,77.651948,Punjabi restaurant,,ChdDSUhNMG9nS0VJQ0FnTURnNGVib3JnRRAB,Kapoor's Cafe,Drup Drupyadav,118285331588949133425,False,5,"Hii 👋 everything food is good 💯 dilip and drup , hanif well very good",0,a year ago,"{""food"": 5, ""service_rating"": 5, ""atmosphere"": 5}"
Kapoor's Cafe - HSR Branch,097392 67702,"WM42+62M, 337, 27th Main, Sector 2 HSR Layout Opposite KLM Shopping Mall, BDA Layout, HSR Layout, Bengaluru, Karnataka 560102",12.908018,77.651948,Punjabi restaurant,,ChdDSUhNMG9nS0VJQ0FnTURnd2NxTnh3RRAB,Kapoor's Cafe,Sandeep Srivastava,103857945034870899975,True,5,,0,a year ago,"{""price_per_person"": ""₹200–400""}"
Kapoor's Cafe - HSR Branch,097392 67702,"WM42+62M, 337, 27th Main, Sector 2 HSR Layout Opposite KLM Shopping Mall, BDA Layout, HSR Layout, Bengaluru, Karnataka 560102",12.908018,77.651948,Punjabi restaurant,,ChdDSUhNMG9nS0VJQ0FnTURnanZPbXNRRRAB,Kapoor's Cafe,Riken Patel,104847855726257962068,True,3,"We ordered online where we ordered 4 different type of roti. However, we got same type of roti, which sucked all the fun out of the meal.",0,a year ago,
Kapoor's Cafe - HSR Branch,097392 67702,"WM42+62M, 337, 27th Main, Sector 2 HSR Layout Opposite KLM Shopping Mall, BDA Layout, HSR Layout, Bengaluru, Karnataka 560102",12.908018,77.651948,Punjabi restaurant,,ChZDSUhNMG9nS0VJQ0FnTURndXViVmN3EAE,Kapoor's Cafe,Chanchal K S,118027317179564505295,True,2,,0,a year ago,"{""dining_mode"": ""Dine in"", ""meal_type"": ""Other"", ""price_per_person"": ""₹200–400"", ""food"": 2, ""service_rating"": 2, ""atmosphere"": 3}"
Kapoor's Cafe - HSR Branch,097392 67702,"WM42+62M, 337, 27th Main, Sector 2 HSR Layout Opposite KLM Shopping Mall, BDA Layout, HSR Layout, Bengaluru, Karnataka 560102",12.908018,77.651948,Punjabi restaurant,,ChdDSUhNMG9nS0VJQ0FnTURnc3ZqVzhnRRAB,Kapoor's Cafe,Ravisrinivas Nanguluri,117180170973436435463,True,5,"Best vegitarian punjabi food, tasty",0,a year ago,"{""dining_mode"": ""Dine in"", ""meal_type"": ""Dinner"", ""price_per_person"": ""₹1,800–2,000"", ""recommended_dishes"": ""Dal Makhani and Aloo Paratha, Cheese Paratha, Paneer Paratha""}"
Kapoor's Cafe - HSR Branch,097392 67702,"WM42+62M, 337, 27th Main, Sector 2 HSR Layout Opposite KLM Shopping Mall, BDA Layout, HSR Layout, Bengaluru, Karnataka 560102",12.908018,77.651948,Punjabi restaurant,,ChdDSUhNMG9nS0VJQ0FnTURnNHJmSzVRRRAB,Kapoor's Cafe,Avinash Rai,111716861990253028536,False,2,,0,a year ago,"{""dining_mode"": ""Dine in"", ""meal_type"": ""Dinner"", ""price_per_person"": ""₹800–1,000"", ""food"": 2, ""service_rating"": 3, ""atmosphere"": 3}"
Kapoor's Cafe - HSR Branch,097392 67702,"WM42+62M, 337, 27th Main, Sector 2 HSR Layout Opposite KLM Shopping Mall, BDA Layout, HSR Layout, Bengaluru, Karnataka 560102",12.908018,77.651948,Punjabi restaurant,,ChdDSUhNMG9nS0VJQ0FnTURneFBtbnhBRRAB,Kapoor's Cafe,Ravi Shanker,108313200253407007228,True,5,Very nice and good food .,0,a year ago,"{""dining_mode"": ""Dine in"", ""meal_type"": ""Lunch"", ""price_per_person"": ""₹200–400"", ""food"": 5, ""service_rating"": 5, ""atmosphere"": 5, ""vegetarian_recommendation"": ""Highly recommend"", ""parking_space"": ""Somewhat difficult to find parking"", ""parking_options"": ""Free street parking"", ""kid_friendliness"": ""Kids will enjoy""}"
Kapoor's Cafe - HSR Branch,097392 67702,"WM42+62M, 337, 27th Main, Sector 2 HSR Layout Opposite KLM Shopping Mall, BDA Layout, HSR Layout, Bengaluru, Karnataka 560102",12.908018,77.651948,Punjabi restaurant,,ChZDSUhNMG9nS0VJQ0FnTUNnaTlQQWZBEAE,Kapoor's Cafe,Priyanka Das,107643165091783226030,True,1,"Worst food, overhyped and overpriced. Fell sick after having the food.",0,a year ago,"{""dining_mode"": ""Dine in"", ""price_per_person"": ""₹1,200–1,400"", ""food"": 1, ""service_rating"": 2, ""atmosphere"": 1}"
Kapoor's Cafe - HSR Branch,097392 67702,"WM42+62M, 337, 27th Main, Sector 2 HSR Layout Opposite KLM Shopping Mall, BDA Layout, HSR Layout, Bengaluru, Karnataka 560102",12.908018,77.651948,Punjabi restaurant,,ChZDSUhNMG9nS0VJQ0FnTUNnODRfZFZ3EAE,Kapoor's Cafe,Soumik Ray,106369616689897073624,False,1,I’d not recommend it at all 1. Food was of bad quality. My girlfriend and I fell sick after this 2. We got aloo gobhi which had double salt. They tasted it and exchanged the dish 3. The lift doesn’t work properly and ambience is very poor 4. It’s very expensive for the quality and service you get. More like fine dine price with bad interiors,0,a year ago,"{""meal_type"": ""Dinner"", ""price_per_person"": ""₹1,200–1,400"", ""food"": 1, ""service_rating"": 2, ""atmosphere"": 2}"
Kapoor's Cafe - HSR Branch,097392 67702,"WM42+62M, 337, 27th Main, Sector 2 HSR Layout Opposite KLM Shopping Mall, BDA Layout, HSR Layout, Bengaluru, Karnataka 560102",12.908018,77.651948,Punjabi restaurant,,ChZDSUhNMG9nS0VJQ0FnTUNnMVpuVUR3EAE,Kapoor's Cafe,Harsha Raj,113473694026712270291,True,2,,0,a year ago,"{""food"": 2, ""service_rating"": 2, ""atmosphere"": 4}"
Kapoor's Cafe - HSR Branch,097392 67702,"WM42+62M, 337, 27th Main, Sector 2 HSR Layout Opposite KLM Shopping Mall, BDA Layout, HSR Layout, Bengaluru, Karnataka 560102",12.908018,77.651948,Punjabi restaurant,,ChZDSUhNMG9nS0VJQ0FnTUNnbWRhNkxnEAE,Kapoor's Cafe,Pushkar Mukkawar,111671192512512637578,False,4,,0,a year ago,"{""food"": 4, ""service_rating"": 4, ""atmosphere"": 4}"
Kapoor's Cafe - HSR Branch,097392 67702,"WM42+62M, 337, 27th Main, Sector 2 HSR Layout Opposite KLM Shopping Mall, BDA Layout, HSR Layout, Bengaluru, Karnataka 560102",12.908018,77.651948,Punjabi restaurant,,ChZDSUhNMG9nS0VJQ0FnTUNncHRydURREAE,Kapoor's Cafe,Kushagra Chandiya,114503685754603955906,False,5,,0,a year ago,
Kapoor's Cafe - HSR Branch,097392 67702,"WM42+62M, 337, 27th Main, Sector 2 HSR Layout Opposite KLM Shopping Mall, BDA Layout, HSR Layout, Bengaluru, Karnataka 560102",12.908018,77.651948,Punjabi restaurant,,ChdDSUhNMG9nS0VJQ0FnTUNnaXNmNXBRRRAB,Kapoor's Cafe,Dhanraj Soonar,110333096310983718934,True,5,Good service,0,a year ago,"{""food"": 5, ""service_rating"": 5, ""atmosphere"": 5}"
Kapoor's Cafe - HSR Branch,097392 67702,"WM42+62M, 337, 27th Main, Sector 2 HSR Layout Opposite KLM Shopping Mall, BDA Layout, HSR Layout, Bengaluru, Karnataka 560102",12.908018,77.651948,Punjabi restaurant,,ChdDSUhNMG9nS0VJQ0FnTUNnOHF5ZmtRRRAB,Kapoor's Cafe,Martial Gaming,108803257443276946674,True,1,,0,a year ago,
Kapoor's Cafe - HSR Branch,097392 67702,"WM42+62M, 337, 27th Main, Sector 2 HSR Layout Opposite KLM Shopping Mall, BDA Layout, HSR Layout, Bengaluru, Karnataka 560102",12.908018,77.651948,Punjabi restaurant,,ChZDSUhNMG9nS0VJQ0FnTURBXy15ZGZBEAE,Kapoor's Cafe,Prakhar Prashant,110062653545973133398,True,5,,0,a year ago,
Kapoor's Cafe - HSR Branch,097392 67702,"WM42+62M, 337, 27th Main, Sector 2 HSR Layout Opposite KLM Shopping Mall, BDA Layout, HSR Layout, Bengaluru, Karnataka 560102",12.908018,77.651948,Punjabi restaurant,,ChdDSUhNMG9nS0VJQ0FnTURBbmNtTW9BRRAB,Kapoor's Cafe,Monika Chowdhary,100707585627981279364,True,2,,0,a year ago,
Kapoor's Cafe - HSR Branch,097392 67702,"WM42+62M, 337, 27th Main, Sector 2 HSR Layout Opposite KLM Shopping Mall, BDA Layout, HSR Layout, Bengaluru, Karnataka 560102",12.908018,77.651948,Punjabi restaurant,,ChZDSUhNMG9nS0VJQ0FnTURBbnFlSUdnEAE,Kapoor's Cafe,Jyoti Biswas,113535613847760732783,True,3,"The café has a cozy and inviting atmosphere with comfortable seating arrangements. The themed decor and rooftop ambience create a pleasant setting for a relaxed meal with friends and family.  Had Makke Di Roti, Sarso Da Saag which tasted OK. Veg kabab was good.  The staff is friendly and quite responsive",0,a year ago,"{""dining_mode"": ""Dine in"", ""meal_type"": ""Lunch"", ""price_per_person"": ""₹400–600"", ""food"": 3, ""service_rating"": 3, ""atmosphere"": 4, ""vegetarian_recommendation"": ""Highly recommend"", ""vegetarian_offerings"": ""Menu is all vegetarian"", ""parking_space"": ""Difficult to find parking""}"
Kapoor's Cafe - HSR Branch,097392 67702,"WM42+62M, 337, 27th Main, Sector 2 HSR Layout Opposite KLM Shopping Mall, BDA Layout, HSR Layout, Bengaluru, Karnataka 560102",12.908018,77.651948,Punjabi restaurant,,ChdDSUhNMG9nS0VJQ0FnTURBaXVQOHVRRRAB,Kapoor's Cafe,megha jain,112852899316394656325,True,5,"This is very good pure veg restaturant in hsr if you are looking to satisfy your north indian food cravings..i had earlier Chola bhatura , aloo paratha etc..this time we had punjabi thali which was amazing..Thali meant for 2 people but we were 3 and we had it and it was so fulling for all 3 of us..(adults) it was amazing. We had cheese balls in starter and they were also equally good..Masala papad for Rs 60 felt over priced..thali was charged at Rs 960 and starter around 250   overall paid 1500.",0,a year ago,"{""dining_mode"": ""Dine in"", ""meal_type"": ""Dinner"", ""price_per_person"": ""₹1,400–1,600"", ""food"": 4, ""service_rating"": 4, ""atmosphere"": 4, ""recommended_dishes"": ""Cheese Balls"", ""vegetarian_recommendation"": ""Highly recommend"", ""vegetarian_offerings"": ""Menu is all vegetarian"", ""parking_space"": ""Somewhat difficult to find parking"", ""parking_options"": ""Free street parking""}"
Kapoor's Cafe - HSR Branch,097392 67702,"WM42+62M, 337, 27th Main, Sector 2 HSR Layout Opposite KLM Shopping Mall, BDA Layout, HSR Layout, Bengaluru, Karnataka 560102",12.908018,77.651948,Punjabi restaurant,,ChdDSUhNMG9nS0VJQ0FnTURBcUtfVDBRRRAB,Kapoor's Cafe,Aishwarya Dash,105805611653686732262,False,2,"Food is average, service was a real hassle and had to wait for 15 mins to get the seat.",0,a year ago,"{""dining_mode"": ""Dine in"", ""meal_type"": ""Dinner"", ""price_per_person"": ""₹600–800"", ""food"": 2, ""service_rating"": 1, ""atmosphere"": 3}"
Kapoor's Cafe - HSR Branch,097392 67702,"WM42+62M, 337, 27th Main, Sector 2 HSR Layout Opposite KLM Shopping Mall, BDA Layout, HSR Layout, Bengaluru, Karnataka 560102",12.908018,77.651948,Punjabi restaurant,,ChdDSUhNMG9nS0VJQ0FnTUNBNzlpQ21BRRAB,Kapoor's Cafe,Harshit Pandey,108617158176263953607,True,5,,0,a year ago,"{""food"": 5, ""service_rating"": 5, ""atmosphere"": 5}"
Kapoor's Cafe - HSR Branch,097392 67702,"WM42+62M, 337, 27th Main, Sector 2 HSR Layout Opposite KLM Shopping Mall, BDA Layout, HSR Layout, Bengaluru, Karnataka 560102",12.908018,77.651948,Punjabi restaurant,,ChZDSUhNMG9nS0VJQ0FnTUNBdTdtS0RnEAE,Kapoor's Cafe,Rakesh Bagdi,114948391038195511114,True,5,,0,a year ago,
Kapoor's Cafe - HSR Branch,097392 67702,"WM42+62M, 337, 27th Main, Sector 2 HSR Layout Opposite KLM Shopping Mall, BDA Layout, HSR Layout, Bengaluru, Karnataka 560102",12.908018,77.651948,Punjabi restaurant,,ChdDSUhNMG9nS0VJQ0FnTUNBaTVUU3hnRRAB,Kapoor's Cafe,jb bsnet,116472177352139002304,False,5,Great service ambience food was to Good 😊,0,a year ago,"{""dining_mode"": ""Dine in"", ""meal_type"": ""Breakfast"", ""price_per_person"": ""₹400–600"", ""food"": 5, ""service_rating"": 5, ""atmosphere"": 5, ""recommended_dishes"": ""Dal Makhani and Aloo Paratha, Cheese Balls, Cheese Paratha"", ""vegetarian_recommendation"": ""Highly recommend"", ""vegetarian_offerings"": ""Menu is all vegetarian""}"
Kapoor's Cafe - HSR Branch,097392 67702,"WM42+62M, 337, 27th Main, Sector 2 HSR Layout Opposite KLM Shopping Mall, BDA Layout, HSR Layout, Bengaluru, Karnataka 560102",12.908018,77.651948,Punjabi restaurant,,ChZDSUhNMG9nS0VJQ0FnTUNBODdldUp3EAE,Kapoor's Cafe,mani saketh,110184233360762505672,True,5,Aloo paratha is great,0,a year ago,"{""dining_mode"": ""Dine in"", ""meal_type"": ""Dinner"", ""price_per_person"": ""₹600–800"", ""food"": 5, ""service_rating"": 5, ""atmosphere"": 5, ""recommended_dishes"": ""Aloo, Dal Makhani and Aloo Paratha, Paneer Butter, Paneer Paratha, Phulka""}"
Kapoor's Cafe - HSR Branch,097392 67702,"WM42+62M, 337, 27th Main, Sector 2 HSR Layout Opposite KLM Shopping Mall, BDA Layout, HSR Layout, Bengaluru, Karnataka 560102",12.908018,77.651948,Punjabi restaurant,,ChdDSUhNMG9nS0VJQ0FnTUNBamFMLXFBRRAB,Kapoor's Cafe,shanthala kc,108290504160151504583,True,4,,0,a year ago,"{""dining_mode"": ""Dine in"", ""meal_type"": ""Lunch"", ""price_per_person"": ""₹400–600"", ""food"": 3, ""service_rating"": 3, ""atmosphere"": 4, ""vegetarian_recommendation"": ""Highly recommend"", ""vegetarian_offerings"": ""Menu is all vegetarian""}"
Kapoor's Cafe - HSR Branch,097392 67702,"WM42+62M, 337, 27th Main, Sector 2 HSR Layout Opposite KLM Shopping Mall, BDA Layout, HSR Layout, Bengaluru, Karnataka 560102",12.908018,77.651948,Punjabi restaurant,,ChZDSUhNMG9nS0VJQ0FnTUNBcGJISU1REAE,Kapoor's Cafe,Simran Tripathy,110214314723693023047,False,1,Worst food and experience,0,a year ago,"{""dining_mode"": ""Dine in"", ""meal_type"": ""Dinner"", ""price_per_person"": ""₹800–1,000"", ""food"": 1, ""service_rating"": 1, ""atmosphere"": 1}"
Kapoor's Cafe - HSR Branch,097392 67702,"WM42+62M, 337, 27th Main, Sector 2 HSR Layout Opposite KLM Shopping Mall, BDA Layout, HSR Layout, Bengaluru, Karnataka 560102",12.908018,77.651948,Punjabi restaurant,,ChdDSUhNMG9nS0VJQ0FnTUNBcE5pQjF3RRAB,Kapoor's Cafe,Raghvendra Singh Kushwah,113351286669499018714,True,5,,0,a year ago,"{""dining_mode"": ""Dine in"", ""meal_type"": ""Dinner"", ""price_per_person"": ""₹600–800"", ""food"": 5, ""service_rating"": 5, ""atmosphere"": 5, ""recommended_dishes"": ""Dal Makhani and Aloo Paratha, Cheese Balls, Paneer Butter"", ""vegetarian_recommendation"": ""Highly recommend"", ""vegetarian_offerings"": ""Large vegetarian selection"", ""parking_space"": ""Somewhat difficult to find parking""}"
Kapoor's Cafe - HSR Branch,097392 67702,"WM42+62M, 337, 27th Main, Sector 2 HSR Layout Opposite KLM Shopping Mall, BDA Layout, HSR Layout, Bengaluru, Karnataka 560102",12.908018,77.651948,Punjabi restaurant,,ChZDSUhNMG9nS0VJQ0FnSURfal92WGVnEAE,Kapoor's Cafe,Tejeesh kumar,104588317975091327910,True,5,"Good ambience , starters are really good but bit pricey, main course is decent. Overall good place for a vegetarian food.",0,a year ago,"{""food"": 4, ""service_rating"": 4, ""atmosphere"": 5}"
Kapoor's Cafe - HSR Branch,097392 67702,"WM42+62M, 337, 27th Main, Sector 2 HSR Layout Opposite KLM Shopping Mall, BDA Layout, HSR Layout, Bengaluru, Karnataka 560102",12.908018,77.651948,Punjabi restaurant,,ChZDSUhNMG9nS0VJQ0FnSURfaDZ1OUNREAE,Kapoor's Cafe,DINESH DHARWAD,103117011236325077370,True,3,,0,a year ago,
Kapoor's Cafe - HSR Branch,097392 67702,"WM42+62M, 337, 27th Main, Sector 2 HSR Layout Opposite KLM Shopping Mall, BDA Layout, HSR Layout, Bengaluru, Karnataka 560102",12.908018,77.651948,Punjabi restaurant,,ChZDSUhNMG9nS0VJQ0FnSURfbzd6M093EAE,Kapoor's Cafe,Sarthak Srivastava,117763708724290722687,True,5,"The food is good, taste is authentic.. Service is fast.. Good place for north Indian cuisine",0,a year ago,"{""dining_mode"": ""Dine in"", ""meal_type"": ""Breakfast"", ""price_per_person"": ""₹200–400"", ""food"": 5, ""service_rating"": 5, ""atmosphere"": 3, ""recommended_dishes"": ""Paneer Paratha""}"
Kapoor's Cafe - HSR Branch,097392 67702,"WM42+62M, 337, 27th Main, Sector 2 HSR Layout Opposite KLM Shopping Mall, BDA Layout, HSR Layout, Bengaluru, Karnataka 560102",12.908018,77.651948,Punjabi restaurant,,ChdDSUhNMG9nS0VJQ0FnSURfeWVQc3F3RRAB,Kapoor's Cafe,Aryan Kashyap,117698886526780488047,True,5,Desi Dhaba Style Khat Experience Restaurant That's Quite Expensive But The Foods Definitely Worth It!!,0,a year ago,"{""dining_mode"": ""Dine in"", ""meal_type"": ""Lunch"", ""price_per_person"": ""₹200–400"", ""food"": 5, ""service_rating"": 5, ""atmosphere"": 4}"
Kapoor's Cafe - HSR Branch,097392 67702,"WM42+62M, 337, 27th Main, Sector 2 HSR Layout Opposite KLM Shopping Mall, BDA Layout, HSR Layout, Bengaluru, Karnataka 560102",12.908018,77.651948,Punjabi restaurant,,ChdDSUhNMG9nS0VJQ0FnSUNfeWZIUjhnRRAB,Kapoor's Cafe,Rakesh Kumar,103716945240301583768,True,4,Good place to have vegetarian food. Must try paratha here.,0,Edited a year ago,"{""dining_mode"": ""Dine in"", ""meal_type"": ""Lunch"", ""price_per_person"": ""₹200–400"", ""vegetarian_recommendation"": ""Highly recommend"", ""vegetarian_offerings"": ""Menu is all vegetarian"", ""parking_space"": ""Difficult to find parking"", ""parking_options"": ""Free parking lot""}"
Kapoor's Cafe - HSR Branch,097392 67702,"WM42+62M, 337, 27th Main, Sector 2 HSR Layout Opposite KLM Shopping Mall, BDA Layout, HSR Layout, Bengaluru, Karnataka 560102",12.908018,77.651948,Punjabi restaurant,,ChZDSUhNMG9nS0VJQ0FnSURfcktLd1NREAE,Kapoor's Cafe,Nidhi Prakash,101069892855324431524,True,5,,0,a year ago,
Kapoor's Cafe - HSR Branch,097392 67702,"WM42+62M, 337, 27th Main, Sector 2 HSR Layout Opposite KLM Shopping Mall, BDA Layout, HSR Layout, Bengaluru, Karnataka 560102",12.908018,77.651948,Punjabi restaurant,,ChdDSUhNMG9nS0VJQ0FnSUNfMS1qMzFRRRAB,Kapoor's Cafe,Devendra Verma,104089073347258688397,True,5,,0,a year ago,"{""dining_mode"": ""Dine in"", ""meal_type"": ""Dinner"", ""food"": 5, ""service_rating"": 5, ""atmosphere"": 5, ""parking_space"": ""Difficult to find parking""}"
Kapoor's Cafe - HSR Branch,097392 67702,"WM42+62M, 337, 27th Main, Sector 2 HSR Layout Opposite KLM Shopping Mall, BDA Layout, HSR Layout, Bengaluru, Karnataka 560102",12.908018,77.651948,Punjabi restaurant,,ChdDSUhNMG9nS0VJQ0FnSUNfeDZucV9BRRAB,Kapoor's Cafe,Sonali M,103419577724597267223,True,1,"Unhygienic place, unclean tables, cockroaches in the corners. We had stomach infection after eating chhole bhature & parathas.",0,a year ago,"{""dining_mode"": ""Dine in"", ""meal_type"": ""Dinner"", ""price_per_person"": ""₹400–600"", ""food"": 1, ""service_rating"": 1, ""atmosphere"": 1}"
Kapoor's Cafe - HSR Branch,097392 67702,"WM42+62M, 337, 27th Main, Sector 2 HSR Layout Opposite KLM Shopping Mall, BDA Layout, HSR Layout, Bengaluru, Karnataka 560102",12.908018,77.651948,Punjabi restaurant,,ChdDSUhNMG9nS0VJQ0FnSUNfdTgzemt3RRAB,Kapoor's Cafe,Adrija Sen,110258303087204132053,True,4,"Really good food, location is so great and accessible - the rooftop vibe is perfect for the winter! I highly recommend their veg Thali, butter chicken was good too.",0,a year ago,"{""food"": 4, ""service_rating"": 4, ""atmosphere"": 4}"
Kapoor's Cafe - HSR Branch,097392 67702,"WM42+62M, 337, 27th Main, Sector 2 HSR Layout Opposite KLM Shopping Mall, BDA Layout, HSR Layout, Bengaluru, Karnataka 560102",12.908018,77.651948,Punjabi restaurant,,ChZDSUhNMG9nS0VJQ0FnSUNfMjZfcGF3EAE,Kapoor's Cafe,Lakshmi Kanth,111742169210051961028,False,5,,0,a year ago,
Kapoor's Cafe - HSR Branch,097392 67702,"WM42+62M, 337, 27th Main, Sector 2 HSR Layout Opposite KLM Shopping Mall, BDA Layout, HSR Layout, Bengaluru, Karnataka 560102",12.908018,77.651948,Punjabi restaurant,,ChZDSUhNMG9nS0VJQ0FnSUNfb19Mb0t3EAE,Kapoor's Cafe,Harsha L P,109204716133753029597,True,2,,0,a year ago,"{""dining_mode"": ""Dine in"", ""meal_type"": ""Lunch"", ""price_per_person"": ""₹600–800"", ""food"": 2, ""service_rating"": 2, ""atmosphere"": 2, ""vegetarian_recommendation"": ""Somewhat recommend"", ""vegetarian_offerings"": ""Menu is all vegetarian, Clearly labeled vegetarian dishes"", ""parking_space"": ""Somewhat difficult to find parking"", ""parking_options"": ""Free street parking""}"
Kapoor's Cafe - HSR Branch,097392 67702,"WM42+62M, 337, 27th Main, Sector 2 HSR Layout Opposite KLM Shopping Mall, BDA Layout, HSR Layout, Bengaluru, Karnataka 560102",12.908018,77.651948,Punjabi restaurant,,ChZDSUhNMG9nS0VJQ0FnSUNfX1pMZVRnEAE,Kapoor's Cafe,Shraddha Tawade,100658200472118667467,False,5,,0,a year ago,"{""dining_mode"": ""Dine in"", ""meal_type"": ""Dinner"", ""price_per_person"": ""₹200–400"", ""food"": 5, ""service_rating"": 4, ""atmosphere"": 5, ""recommended_dishes"": ""Aloo, Dal Makhani and Aloo Paratha, Cheese Balls, Cheese Pataka Balls"", ""vegetarian_recommendation"": ""Highly recommend"", ""vegetarian_offerings"": ""Menu is all vegetarian""}"
Kapoor's Cafe - HSR Branch,097392 67702,"WM42+62M, 337, 27th Main, Sector 2 HSR Layout Opposite KLM Shopping Mall, BDA Layout, HSR Layout, Bengaluru, Karnataka 560102",12.908018,77.651948,Punjabi restaurant,,ChdDSUhNMG9nS0VJQ0FnSUNfMGZLNzRRRRAB,Kapoor's Cafe,Ashish Danawade,117457313518248164101,True,5,Loved their food,0,a year ago,"{""dining_mode"": ""Dine in"", ""meal_type"": ""Dinner"", ""price_per_person"": ""₹200–400"", ""food"": 5, ""service_rating"": 4, ""atmosphere"": 5}"
Kapoor's Cafe - HSR Branch,097392 67702,"WM42+62M, 337, 27th Main, Sector 2 HSR Layout Opposite KLM Shopping Mall, BDA Layout, HSR Layout, Bengaluru, Karnataka 560102",12.908018,77.651948,Punjabi restaurant,,ChZDSUhNMG9nS0VJQ0FnSUNfbnRTTFh3EAE,Kapoor's Cafe,Akanksha Kashyap,117649526051065790871,False,3,,0,a year ago,"{""food"": 4, ""service_rating"": 4, ""atmosphere"": 3}"
Kapoor's Cafe - HSR Branch,097392 67702,"WM42+62M, 337, 27th Main, Sector 2 HSR Layout Opposite KLM Shopping Mall, BDA Layout, HSR Layout, Bengaluru, Karnataka 560102",12.908018,77.651948,Punjabi restaurant,,ChZDSUhNMG9nS0VJQ0FnSUNfbXRuMFpBEAE,Kapoor's Cafe,Gyanesh Malhotra,112773558499631558498,True,5,"tried sarson da saag and makke di roti. It was good. also, was really happy to see them accommodate request to have tadka on the side.",0,a year ago,"{""dining_mode"": ""Dine in"", ""meal_type"": ""Brunch"", ""price_per_person"": ""₹400–600"", ""food"": 5, ""service_rating"": 5, ""atmosphere"": 5}"
Kapoor's Cafe - HSR Branch,097392 67702,"WM42+62M, 337, 27th Main, Sector 2 HSR Layout Opposite KLM Shopping Mall, BDA Layout, HSR Layout, Bengaluru, Karnataka 560102",12.908018,77.651948,Punjabi restaurant,,ChdDSUhNMG9nS0VJQ0FnSUNfb3ZfUzJnRRAB,Kapoor's Cafe,ROHIT MITTAL,108011295735129843197,True,4,,0,a year ago,"{""food"": 4, ""service_rating"": 4, ""atmosphere"": 3}"
Kapoor's Cafe - HSR Branch,097392 67702,"WM42+62M, 337, 27th Main, Sector 2 HSR Layout Opposite KLM Shopping Mall, BDA Layout, HSR Layout, Bengaluru, Karnataka 560102",12.908018,77.651948,Punjabi restaurant,,ChdDSUhNMG9nS0VJQ0FnSUNfM015dHdRRRAB,Kapoor's Cafe,Karan Singh,101869904099816046848,True,4,,0,a year ago,
Kapoor's Cafe - HSR Branch,097392 67702,"WM42+62M, 337, 27th Main, Sector 2 HSR Layout Opposite KLM Shopping Mall, BDA Layout, HSR Layout, Bengaluru, Karnataka 560102",12.908018,77.651948,Punjabi restaurant,,ChdDSUhNMG9nS0VJQ0FnSUNfelBUMmtBRRAB,Kapoor's Cafe,VIKAS CHOUDHARY,116805891776987272916,False,5,Good and affordable north Indian food place,0,a year ago,
Kapoor's Cafe - HSR Branch,097392 67702,"WM42+62M, 337, 27th Main, Sector 2 HSR Layout Opposite KLM Shopping Mall, BDA Layout, HSR Layout, Bengaluru, Karnataka 560102",12.908018,77.651948,Punjabi restaurant,,ChZDSUhNMG9nS0VJQ0FnSUNfLUlqMEpREAE,Kapoor's Cafe,Sar Ni,102378617236544827261,True,3,"Ordered butter panir masala combo n kadai paneer combo for two person. But they v given same thali, only difference in one thali there is capsicum with paneer. No taste, Even atmosphere good but food taste is not as per price. So, not recommended place.",0,a year ago,"{""dining_mode"": ""Dine in"", ""meal_type"": ""Dinner"", ""price_per_person"": ""₹600–800"", ""food"": 2, ""service_rating"": 4, ""atmosphere"": 5}"
Kapoor's Cafe - HSR Branch,097392 67702,"WM42+62M, 337, 27th Main, Sector 2 HSR Layout Opposite KLM Shopping Mall, BDA Layout, HSR Layout, Bengaluru, Karnataka 560102",12.908018,77.651948,Punjabi restaurant,,ChZDSUhNMG9nS0VJQ0FnSUNfcVByeUl3EAE,Kapoor's Cafe,VATSAL KEDIA,112711202347574299182,False,4,,0,a year ago,"{""food"": 5, ""service_rating"": 1, ""atmosphere"": 4}"
Kapoor's Cafe - HSR Branch,097392 67702,"WM42+62M, 337, 27th Main, Sector 2 HSR Layout Opposite KLM Shopping Mall, BDA Layout, HSR Layout, Bengaluru, Karnataka 560102",12.908018,77.651948,Punjabi restaurant,,ChZDSUhNMG9nS0VJQ0FnSUNfeVBiTkR3EAE,Kapoor's Cafe,Yash Jain,106713276839702617380,False,4,,0,a year ago,"{""food"": 4}"
Kapoor's Cafe - HSR Branch,097392 67702,"WM42+62M, 337, 27th Main, Sector 2 HSR Layout Opposite KLM Shopping Mall, BDA Layout, HSR Layout, Bengaluru, Karnataka 560102",12.908018,77.651948,Punjabi restaurant,,ChZDSUhNMG9nS0VJQ0FnSUNfaU5laE93EAE,Kapoor's Cafe,Raghav Vishwakarma,103804827610483943069,True,5,,0,a year ago,
Kapoor's Cafe - HSR Branch,097392 67702,"WM42+62M, 337, 27th Main, Sector 2 HSR Layout Opposite KLM Shopping Mall, BDA Layout, HSR Layout, Bengaluru, Karnataka 560102",12.908018,77.651948,Punjabi restaurant,,ChdDSUhNMG9nS0VJQ0FnSURmNzZYUDhRRRAB,Kapoor's Cafe,Amir Nawed,117857901891358427935,True,5,Paranthas are really good,0,a year ago,
Kapoor's Cafe - HSR Branch,097392 67702,"WM42+62M, 337, 27th Main, Sector 2 HSR Layout Opposite KLM Shopping Mall, BDA Layout, HSR Layout, Bengaluru, Karnataka 560102",12.908018,77.651948,Punjabi restaurant,,ChZDSUhNMG9nS0VJQ0FnSURmeC1QYU9nEAE,Kapoor's Cafe,riya khurana,108952032819289124377,False,1,,0,a year ago,"{""food"": 1, ""service_rating"": 1, ""atmosphere"": 1}"
Kapoor's Cafe - HSR Branch,097392 67702,"WM42+62M, 337, 27th Main, Sector 2 HSR Layout Opposite KLM Shopping Mall, BDA Layout, HSR Layout, Bengaluru, Karnataka 560102",12.908018,77.651948,Punjabi restaurant,,ChZDSUhNMG9nS0VJQ0FnSURmanRXeWJREAE,Kapoor's Cafe,Kruttika Toprani,107942035820050689822,True,5,,0,a year ago,
Kapoor's Cafe - HSR Branch,097392 67702,"WM42+62M, 337, 27th Main, Sector 2 HSR Layout Opposite KLM Shopping Mall, BDA Layout, HSR Layout, Bengaluru, Karnataka 560102",12.908018,77.651948,Punjabi restaurant,,ChdDSUhNMG9nS0VJQ0FnSURmdHQzUnZBRRAB,Kapoor's Cafe,Kartikey Vashisht,100718657854295468675,False,5,,0,a year ago,"{""dining_mode"": ""Dine in"", ""meal_type"": ""Dinner"", ""price_per_person"": ""₹400–600"", ""food"": 5, ""service_rating"": 4, ""atmosphere"": 4}"
Kapoor's Cafe - HSR Branch,097392 67702,"WM42+62M, 337, 27th Main, Sector 2 HSR Layout Opposite KLM Shopping Mall, BDA Layout, HSR Layout, Bengaluru, Karnataka 560102",12.908018,77.651948,Punjabi restaurant,,ChdDSUhNMG9nS0VJQ0FnSUNmejZfWXZ3RRAB,Kapoor's Cafe,035_Shubham Mishra,104474097914376168467,True,5,Food is very good and price is also normal.,0,a year ago,"{""dining_mode"": ""Dine in"", ""meal_type"": ""Lunch"", ""price_per_person"": ""₹200–400"", ""food"": 5, ""service_rating"": 5, ""atmosphere"": 5}"
Kapoor's Cafe - HSR Branch,097392 67702,"WM42+62M, 337, 27th Main, Sector 2 HSR Layout Opposite KLM Shopping Mall, BDA Layout, HSR Layout, Bengaluru, Karnataka 560102",12.908018,77.651948,Punjabi restaurant,,ChZDSUhNMG9nS0VJQ0FnSUNmcS1paVJBEAE,Kapoor's Cafe,Prianca Jain,109316147884028579586,True,4,,0,a year ago,"{""dining_mode"": ""Dine in"", ""meal_type"": ""Dinner"", ""price_per_person"": ""₹1,000–1,200"", ""food"": 4, ""service_rating"": 4, ""atmosphere"": 3}"
Kapoor's Cafe - HSR Branch,097392 67702,"WM42+62M, 337, 27th Main, Sector 2 HSR Layout Opposite KLM Shopping Mall, BDA Layout, HSR Layout, Bengaluru, Karnataka 560102",12.908018,77.651948,Punjabi restaurant,,ChdDSUhNMG9nS0VJQ0FnSUNmclotci1RRRAB,Kapoor's Cafe,Durgesh Suthar,111206991385253863173,True,1,It used to be good in old days. These days the taste is very poor and their prices are very high. Won't go again. Should be avoided.,0,a year ago,"{""dining_mode"": ""Dine in"", ""meal_type"": ""Dinner"", ""price_per_person"": ""₹400–600"", ""food"": 1, ""service_rating"": 2, ""atmosphere"": 2}"
Kapoor's Cafe - HSR Branch,097392 67702,"WM42+62M, 337, 27th Main, Sector 2 HSR Layout Opposite KLM Shopping Mall, BDA Layout, HSR Layout, Bengaluru, Karnataka 560102",12.908018,77.651948,Punjabi restaurant,,ChZDSUhNMG9nS0VJQ0FnSUNmZ2YtWVBBEAE,Kapoor's Cafe,Ritesh Rai,103579060818054566921,False,1,,0,a year ago,"{""food"": 1, ""service_rating"": 1, ""atmosphere"": 2}"
Kapoor's Cafe - HSR Branch,097392 67702,"WM42+62M, 337, 27th Main, Sector 2 HSR Layout Opposite KLM Shopping Mall, BDA Layout, HSR Layout, Bengaluru, Karnataka 560102",12.908018,77.651948,Punjabi restaurant,,ChZDSUhNMG9nS0VJQ0FnSUNvN1lhZmV3EAE,Kapoor's Cafe,Rakesh Singh,102210612916717108260,False,1,"The team appeared unprofessional, especially on weekends, and seemed to waste customers' time. Despite sitting and waiting, priority was consistently given to Swiggy delivery personnel, leaving walk-in customers like me waiting endlessly.  I regret to say that I cannot recommend your service based on this experience. I hope you will take this feedback constructively to improve customer service and ensure better time management for all.",0,Edited a year ago,"{""service_rating"": 1}"
Kapoor's Cafe - HSR Branch,097392 67702,"WM42+62M, 337, 27th Main, Sector 2 HSR Layout Opposite KLM Shopping Mall, BDA Layout, HSR Layout, Bengaluru, Karnataka 560102",12.908018,77.651948,Punjabi restaurant,,ChdDSUhNMG9nS0VJQ0FnSUR2el9xM213RRAB,Kapoor's Cafe,Singamaneni Kiran,110199888661024603508,True,4,,0,a year ago,
Kapoor's Cafe - HSR Branch,097392 67702,"WM42+62M, 337, 27th Main, Sector 2 HSR Layout Opposite KLM Shopping Mall, BDA Layout, HSR Layout, Bengaluru, Karnataka 560102",12.908018,77.651948,Punjabi restaurant,,ChdDSUhNMG9nS0VJQ0FnSUR2cDdpWDV3RRAB,Kapoor's Cafe,abhiram g,110862423477689504298,False,5,,0,a year ago,
Kapoor's Cafe - HSR Branch,097392 67702,"WM42+62M, 337, 27th Main, Sector 2 HSR Layout Opposite KLM Shopping Mall, BDA Layout, HSR Layout, Bengaluru, Karnataka 560102",12.908018,77.651948,Punjabi restaurant,,ChdDSUhNMG9nS0VJQ0FnSUNQd2ZDenJRRRAB,Kapoor's Cafe,Sunil Jacob,105635059971362029091,True,5,"Good food, and pretty large portions",0,Edited a year ago,"{""dining_mode"": ""Dine in"", ""meal_type"": ""Dinner"", ""food"": 5, ""service_rating"": 5, ""atmosphere"": 3}"
Kapoor's Cafe - HSR Branch,097392 67702,"WM42+62M, 337, 27th Main, Sector 2 HSR Layout Opposite KLM Shopping Mall, BDA Layout, HSR Layout, Bengaluru, Karnataka 560102",12.908018,77.651948,Punjabi restaurant,,ChZDSUhNMG9nS0VJQ0FnSUR2bS1ub1FnEAE,Kapoor's Cafe,Tanzeel Zargar,106718002716765422580,True,4,,0,a year ago,"{""meal_type"": ""Lunch"", ""price_per_person"": ""₹1,000–1,200"", ""food"": 5, ""service_rating"": 3, ""atmosphere"": 4}"
Kapoor's Cafe - HSR Branch,097392 67702,"WM42+62M, 337, 27th Main, Sector 2 HSR Layout Opposite KLM Shopping Mall, BDA Layout, HSR Layout, Bengaluru, Karnataka 560102",12.908018,77.651948,Punjabi restaurant,,ChdDSUhNMG9nS0VJQ0FnSUR2NjdQdXV3RRAB,Kapoor's Cafe,Rakesh Prajapati,118188348542555950345,True,5,,0,a year ago,"{""dining_mode"": ""Dine in"", ""meal_type"": ""Dinner"", ""price_per_person"": ""₹1,600–1,800"", ""food"": 5, ""service_rating"": 5, ""atmosphere"": 5, ""recommended_dishes"": ""Cheese Pataka Balls""}"
Kapoor's Cafe - HSR Branch,097392 67702,"WM42+62M, 337, 27th Main, Sector 2 HSR Layout Opposite KLM Shopping Mall, BDA Layout, HSR Layout, Bengaluru, Karnataka 560102",12.908018,77.651948,Punjabi restaurant,,ChdDSUhNMG9nS0VJQ0FnSUR2d183MjhnRRAB,Kapoor's Cafe,Gopu Prakash,111239874006469027685,True,5,Great vegitarian north indian food,0,a year ago,"{""dining_mode"": ""Dine in"", ""food"": 5, ""service_rating"": 4, ""atmosphere"": 5}"
Kapoor's Cafe - HSR Branch,097392 67702,"WM42+62M, 337, 27th Main, Sector 2 HSR Layout Opposite KLM Shopping Mall, BDA Layout, HSR Layout, Bengaluru, Karnataka 560102",12.908018,77.651948,Punjabi restaurant,,ChdDSUhNMG9nS0VJQ0FnSUR2bmVpcDV3RRAB,Kapoor's Cafe,Veer Jain,114747245478729392050,True,1,"They claim to serve authentic punjabi food but that is far from truth. A decent order of Dal, paneer, Paratha and Rotis was something that could not be delivered by them properly.  Sabzis were extremely spicy with no salt at all. The gravies seemed similar across different curries. Parathas were too too thick with blobs of uncooked wheat/maida. The lassi is slightly decent but still not the best.  I think they should stop scamming people. Also, they are not open to feedback at all. Pathetic. Please avoid",0,a year ago,"{""food"": 1, ""service_rating"": 1, ""atmosphere"": 1}"
Kapoor's Cafe - HSR Branch,097392 67702,"WM42+62M, 337, 27th Main, Sector 2 HSR Layout Opposite KLM Shopping Mall, BDA Layout, HSR Layout, Bengaluru, Karnataka 560102",12.908018,77.651948,Punjabi restaurant,,ChdDSUhNMG9nS0VJQ0FnSUR2MWJ1SXdnRRAB,Kapoor's Cafe,Amod Gupta,112614327645737293451,False,1,,0,a year ago,
Kapoor's Cafe - HSR Branch,097392 67702,"WM42+62M, 337, 27th Main, Sector 2 HSR Layout Opposite KLM Shopping Mall, BDA Layout, HSR Layout, Bengaluru, Karnataka 560102",12.908018,77.651948,Punjabi restaurant,,ChdDSUhNMG9nS0VJQ0FnSUR2MWF2Vzd3RRAB,Kapoor's Cafe,Ravinder Singh,115923699634876907984,True,5,Very good delicious food well served punjabi ethnic atmosphere,0,a year ago,"{""food"": 5, ""service_rating"": 5, ""atmosphere"": 5}"
Kapoor's Cafe - HSR Branch,097392 67702,"WM42+62M, 337, 27th Main, Sector 2 HSR Layout Opposite KLM Shopping Mall, BDA Layout, HSR Layout, Bengaluru, Karnataka 560102",12.908018,77.651948,Punjabi restaurant,,ChZDSUhNMG9nS0VJQ0FnSUR2aFpDamFBEAE,Kapoor's Cafe,Aakanksha Karande,100196401797565318680,True,2,,0,a year ago,"{""dining_mode"": ""Dine in"", ""meal_type"": ""Dinner"", ""price_per_person"": ""₹400–600"", ""food"": 2, ""service_rating"": 2, ""atmosphere"": 1}"
Kapoor's Cafe - HSR Branch,097392 67702,"WM42+62M, 337, 27th Main, Sector 2 HSR Layout Opposite KLM Shopping Mall, BDA Layout, HSR Layout, Bengaluru, Karnataka 560102",12.908018,77.651948,Punjabi restaurant,,ChdDSUhNMG9nS0VJQ0FnSUR2Z2Fta3BRRRAB,Kapoor's Cafe,Sneha Shashvati,115742348098428097553,True,5,,0,a year ago,"{""dining_mode"": ""Dine in"", ""meal_type"": ""Dinner"", ""price_per_person"": ""₹2,000+"", ""food"": 4, ""service_rating"": 3, ""atmosphere"": 5, ""recommended_dishes"": ""Cheese Balls, French Fries Punjabi Style"", ""vegetarian_recommendation"": ""Highly recommend"", ""vegetarian_offerings"": ""Menu is all vegetarian"", ""parking_space"": ""Somewhat difficult to find parking""}"
Kapoor's Cafe - HSR Branch,097392 67702,"WM42+62M, 337, 27th Main, Sector 2 HSR Layout Opposite KLM Shopping Mall, BDA Layout, HSR Layout, Bengaluru, Karnataka 560102",12.908018,77.651948,Punjabi restaurant,,ChZDSUhNMG9nS0VJQ0FnSUR2LU5LTWV3EAE,Kapoor's Cafe,Ravishankar Chandrasekar (Ravi),109715798980257537023,True,4,"The food is really tasty here. We ordered a Sarso Da Saag Thali, Mushroom Masala Thali and Dhara Singh Paratha Thali. The Sarso da saag was not that great. The other two dishes were lip smacking.  The only thing I didn't like was the loud music. At around 12:30 pm in the day, the music was playing with full bass that spoiled my experience. Otherwise great place for food.",0,a year ago,"{""food"": 4, ""service_rating"": 4, ""atmosphere"": 2}"
Kapoor's Cafe - HSR Branch,097392 67702,"WM42+62M, 337, 27th Main, Sector 2 HSR Layout Opposite KLM Shopping Mall, BDA Layout, HSR Layout, Bengaluru, Karnataka 560102",12.908018,77.651948,Punjabi restaurant,,ChdDSUhNMG9nS0VJQ0FnSUN2OS1pWnZRRRAB,Kapoor's Cafe,swaroop rk,106965153875481742563,True,4,,0,a year ago,"{""meal_type"": ""Dinner"", ""price_per_person"": ""₹400–600"", ""food"": 4, ""service_rating"": 4, ""atmosphere"": 5, ""recommended_dishes"": ""Cheese Pataka Balls"", ""wait_time"": ""No wait"", ""vegetarian_recommendation"": ""Highly recommend"", ""vegetarian_offerings"": ""Menu is all vegetarian"", ""parking_space"": ""Somewhat difficult to find parking"", ""parking_options"": ""Free street parking""}"
Kapoor's Cafe - HSR Branch,097392 67702,"WM42+62M, 337, 27th Main, Sector 2 HSR Layout Opposite KLM Shopping Mall, BDA Layout, HSR Layout, Bengaluru, Karnataka 560102",12.908018,77.651948,Punjabi restaurant,,ChdDSUhNMG9nS0VJQ0FnSUN2NTV6R3BBRRAB,Kapoor's Cafe,Swathi Nagam,104257910686113011087,True,5,,0,a year ago,"{""meal_type"": ""Breakfast""}"
Kapoor's Cafe - HSR Branch,097392 67702,"WM42+62M, 337, 27th Main, Sector 2 HSR Layout Opposite KLM Shopping Mall, BDA Layout, HSR Layout, Bengaluru, Karnataka 560102",12.908018,77.651948,Punjabi restaurant,,ChZDSUhNMG9nS0VJQ0FnSUN2N3Q3OEt3EAE,Kapoor's Cafe,girish kumar,107155677956720953065,True,4,,0,a year ago,"{""dining_mode"": ""Dine in""}"
Kapoor's Cafe - HSR Branch,097392 67702,"WM42+62M, 337, 27th Main, Sector 2 HSR Layout Opposite KLM Shopping Mall, BDA Layout, HSR Layout, Bengaluru, Karnataka 560102",12.908018,77.651948,Punjabi restaurant,,ChZDSUhNMG9nS0VJQ0FnSUN2MnQyOER3EAE,Kapoor's Cafe,jyoti choudhary,109594212465994513180,True,5,Amazing place nice food good music that too punjabi,0,a year ago,"{""food"": 5, ""service_rating"": 5, ""atmosphere"": 5}"
Kapoor's Cafe - HSR Branch,097392 67702,"WM42+62M, 337, 27th Main, Sector 2 HSR Layout Opposite KLM Shopping Mall, BDA Layout, HSR Layout, Bengaluru, Karnataka 560102",12.908018,77.651948,Punjabi restaurant,,ChdDSUhNMG9nS0VJQ0FnSUN2dkxQNXB3RRAB,Kapoor's Cafe,shailendra shukla,117221742107485557340,False,1,"Worst food , over priced . All items were cold in combo.  First authentic pujabi restaurant which does not serve onion.  Don't waste your money by going here.",0,a year ago,"{""dining_mode"": ""Dine in"", ""food"": 1, ""service_rating"": 1, ""atmosphere"": 2}"
Kapoor's Cafe - HSR Branch,097392 67702,"WM42+62M, 337, 27th Main, Sector 2 HSR Layout Opposite KLM Shopping Mall, BDA Layout, HSR Layout, Bengaluru, Karnataka 560102",12.908018,77.651948,Punjabi restaurant,,ChdDSUhNMG9nS0VJQ0FnSUN2ck9uOTFBRRAB,Kapoor's Cafe,Kaushal Jain,111577056171523085722,False,4,,0,a year ago,"{""dining_mode"": ""Dine in"", ""meal_type"": ""Dinner"", ""price_per_person"": ""₹600–800"", ""food"": 4, ""service_rating"": 4, ""atmosphere"": 4, ""recommended_dishes"": ""Dal Makhani and Aloo Paratha"", ""vegetarian_recommendation"": ""Highly recommend"", ""vegetarian_offerings"": ""Menu is all vegetarian"", ""parking_space"": ""Plenty of parking"", ""parking_options"": ""Free parking lot""}"
Kapoor's Cafe - HSR Branch,097392 67702,"WM42+62M, 337, 27th Main, Sector 2 HSR Layout Opposite KLM Shopping Mall, BDA Layout, HSR Layout, Bengaluru, Karnataka 560102",12.908018,77.651948,Punjabi restaurant,,ChdDSUhNMG9nS0VJQ0FnSUN2cktTR21RRRAB,Kapoor's Cafe,sunil singh,111819468314963135208,True,4,,0,a year ago,"{""dining_mode"": ""Dine in"", ""meal_type"": ""Dinner"", ""price_per_person"": ""₹2,000+"", ""food"": 4, ""service_rating"": 4, ""atmosphere"": 4}"
Kapoor's Cafe - HSR Branch,097392 67702,"WM42+62M, 337, 27th Main, Sector 2 HSR Layout Opposite KLM Shopping Mall, BDA Layout, HSR Layout, Bengaluru, Karnataka 560102",12.908018,77.651948,Punjabi restaurant,,ChZDSUhNMG9nS0VJQ0FnSUN2ak5uM2FnEAE,Kapoor's Cafe,trupti kothari,103539975267792962097,True,5,You'll love the ambience. The food is too good. You must try Makki ki roti & sarso da saag. A proper place for Punjabi food lovers. The best part is the generous amount of butter in every dish.,0,a year ago,"{""dining_mode"": ""Dine in"", ""meal_type"": ""Lunch"", ""price_per_person"": ""₹200–400"", ""food"": 5, ""service_rating"": 5, ""atmosphere"": 5, ""recommended_dishes"": ""Dal Makhani and Aloo Paratha, Cheese Balls, Cheese Paratha""}"
Kapoor's Cafe - HSR Branch,097392 67702,"WM42+62M, 337, 27th Main, Sector 2 HSR Layout Opposite KLM Shopping Mall, BDA Layout, HSR Layout, Bengaluru, Karnataka 560102",12.908018,77.651948,Punjabi restaurant,,ChZDSUhNMG9nS0VJQ0FnSUN2bE92b0JnEAE,Kapoor's Cafe,Abhinav sengupta,116475218305690375586,True,4,,0,a year ago,
Kapoor's Cafe - HSR Branch,097392 67702,"WM42+62M, 337, 27th Main, Sector 2 HSR Layout Opposite KLM Shopping Mall, BDA Layout, HSR Layout, Bengaluru, Karnataka 560102",12.908018,77.651948,Punjabi restaurant,,ChZDSUhNMG9nS0VJQ0FnSUN2bExxWExnEAE,Kapoor's Cafe,gaurav bhargav,100772152264033602173,False,5,,0,a year ago,"{""meal_type"": ""Other""}"
Kapoor's Cafe - HSR Branch,097392 67702,"WM42+62M, 337, 27th Main, Sector 2 HSR Layout Opposite KLM Shopping Mall, BDA Layout, HSR Layout, Bengaluru, Karnataka 560102",12.908018,77.651948,Punjabi restaurant,,ChZDSUhNMG9nS0VJQ0FnSUN2cUllOElBEAE,Kapoor's Cafe,Ruchi Ray,115007031475780153248,False,5,,0,a year ago,"{""food"": 5, ""service_rating"": 5, ""atmosphere"": 5}"
Kapoor's Cafe - HSR Branch,097392 67702,"WM42+62M, 337, 27th Main, Sector 2 HSR Layout Opposite KLM Shopping Mall, BDA Layout, HSR Layout, Bengaluru, Karnataka 560102",12.908018,77.651948,Punjabi restaurant,,ChZDSUhNMG9nS0VJQ0FnSUN2b04yZFNREAE,Kapoor's Cafe,Pankaj Sharma,110727307628992751498,True,4,Good food and decent ambience,0,a year ago,"{""dining_mode"": ""Dine in"", ""food"": 4, ""service_rating"": 3, ""atmosphere"": 3}"
Kapoor's Cafe - HSR Branch,097392 67702,"WM42+62M, 337, 27th Main, Sector 2 HSR Layout Opposite KLM Shopping Mall, BDA Layout, HSR Layout, Bengaluru, Karnataka 560102",12.908018,77.651948,Punjabi restaurant,,ChZDSUhNMG9nS0VJQ0FnSURQOThyWlZnEAE,Kapoor's Cafe,Disha Bagalkoti,117560292981361651315,False,4,,0,a year ago,
Kapoor's Cafe - HSR Branch,097392 67702,"WM42+62M, 337, 27th Main, Sector 2 HSR Layout Opposite KLM Shopping Mall, BDA Layout, HSR Layout, Bengaluru, Karnataka 560102",12.908018,77.651948,Punjabi restaurant,,ChZDSUhNMG9nS0VJQ0FnSURQeC1uUkJREAE,Kapoor's Cafe,MSK,114701967379068869695,True,5,,0,a year ago,
Kapoor's Cafe - HSR Branch,097392 67702,"WM42+62M, 337, 27th Main, Sector 2 HSR Layout Opposite KLM Shopping Mall, BDA Layout, HSR Layout, Bengaluru, Karnataka 560102",12.908018,77.651948,Punjabi restaurant,,ChZDSUhNMG9nS0VJQ0FnSURQdzZXS0N3EAE,Kapoor's Cafe,Deepika Paradkar,110831815681560634316,True,5,,0,a year ago,"{""dining_mode"": ""Dine in"", ""meal_type"": ""Lunch"", ""price_per_person"": ""₹400–600"", ""food"": 5, ""service_rating"": 5, ""atmosphere"": 5, ""recommended_dishes"": ""Paneer Paratha, Pindi Chole Bhature""}"
Kapoor's Cafe - HSR Branch,097392 67702,"WM42+62M, 337, 27th Main, Sector 2 HSR Layout Opposite KLM Shopping Mall, BDA Layout, HSR Layout, Bengaluru, Karnataka 560102",12.908018,77.651948,Punjabi restaurant,,ChdDSUhNMG9nS0VJQ0FnSURQeGVYZm1RRRAB,Kapoor's Cafe,hitesh panchal,115933683686647654560,True,4,,0,a year ago,"{""food"": 5, ""service_rating"": 4, ""atmosphere"": 4}"
Kapoor's Cafe - HSR Branch,097392 67702,"WM42+62M, 337, 27th Main, Sector 2 HSR Layout Opposite KLM Shopping Mall, BDA Layout, HSR Layout, Bengaluru, Karnataka 560102",12.908018,77.651948,Punjabi restaurant,,ChdDSUhNMG9nS0VJQ0FnSURQNFppMF9RRRAB,Kapoor's Cafe,Dr. Shalu Vashishth,111831718188722924636,False,5,If you are looking for delicious Punjabi food then you are at the right place,0,a year ago,"{""food"": 5, ""service_rating"": 5, ""atmosphere"": 5}"
Kapoor's Cafe - HSR Branch,097392 67702,"WM42+62M, 337, 27th Main, Sector 2 HSR Layout Opposite KLM Shopping Mall, BDA Layout, HSR Layout, Bengaluru, Karnataka 560102",12.908018,77.651948,Punjabi restaurant,,ChZDSUhNMG9nS0VJQ0FnSURQLUpYbkVnEAE,Kapoor's Cafe,Vinay Kandakur,118073628760875252955,True,5,,0,a year ago,
Kapoor's Cafe - HSR Branch,097392 67702,"WM42+62M, 337, 27th Main, Sector 2 HSR Layout Opposite KLM Shopping Mall, BDA Layout, HSR Layout, Bengaluru, Karnataka 560102",12.908018,77.651948,Punjabi restaurant,,ChZDSUhNMG9nS0VJQ0FnSUNvaVAtZmVBEAE,Kapoor's Cafe,Gita Dhir,116587349241243196374,True,4,,0,Edited a year ago,"{""dining_mode"": ""Dine in"", ""meal_type"": ""Dinner"", ""price_per_person"": ""₹400–600"", ""food"": 4, ""service_rating"": 4, ""atmosphere"": 4, ""recommended_dishes"": ""Dal Makhani and Aloo Paratha, Paneer Paratha""}"
Kapoor's Cafe - HSR Branch,097392 67702,"WM42+62M, 337, 27th Main, Sector 2 HSR Layout Opposite KLM Shopping Mall, BDA Layout, HSR Layout, Bengaluru, Karnataka 560102",12.908018,77.651948,Punjabi restaurant,,ChZDSUhNMG9nS0VJQ0FnSUNQa2NQUGR3EAE,Kapoor's Cafe,Manmath Raj NAYAK,107074701728313233470,True,5,Good food.. bit expensive..,0,a year ago,"{""dining_mode"": ""Dine in"", ""meal_type"": ""Dinner"", ""price_per_person"": ""₹200–400"", ""food"": 5, ""service_rating"": 4, ""atmosphere"": 5, ""recommended_dishes"": ""Pindi Chole Bhature"", ""vegetarian_recommendation"": ""Highly recommend"", ""vegetarian_offerings"": ""Menu is all vegetarian""}"
Kapoor's Cafe - HSR Branch,097392 67702,"WM42+62M, 337, 27th Main, Sector 2 HSR Layout Opposite KLM Shopping Mall, BDA Layout, HSR Layout, Bengaluru, Karnataka 560102",12.908018,77.651948,Punjabi restaurant,,ChdDSUhNMG9nS0VJQ0FnSUNQa2ZXbWlnRRAB,Kapoor's Cafe,Rajini Girisha,104145507920328853083,True,4,Lassi was awesome Aloo Paratha was good Paneer tikka was best Chole bhature was awesome,0,a year ago,"{""dining_mode"": ""Dine in"", ""meal_type"": ""Lunch"", ""price_per_person"": ""₹400–600"", ""food"": 4, ""service_rating"": 4, ""atmosphere"": 4, ""recommended_dishes"": ""Dal Makhani and Aloo Paratha, Pindi Chole Bhature, Crispy Corn Punjabi Style, Phulka"", ""vegetarian_recommendation"": ""Highly recommend"", ""parking_space"": ""Not sure"", ""kid_friendliness"": ""Yes it's kids friendly""}"
Kapoor's Cafe - HSR Branch,097392 67702,"WM42+62M, 337, 27th Main, Sector 2 HSR Layout Opposite KLM Shopping Mall, BDA Layout, HSR Layout, Bengaluru, Karnataka 560102",12.908018,77.651948,Punjabi restaurant,,ChZDSUhNMG9nS0VJQ0FnSUR4NUlPeU9BEAE,Kapoor's Cafe,Paras Mishra,104461129710397632733,True,5,"If you are looking for a place serving near authentic Punjabi dishes, this is the perfect place.",0,Edited a year ago,"{""dining_mode"": ""Dine in"", ""meal_type"": ""Dinner"", ""price_per_person"": ""₹400–600"", ""food"": 5, ""service_rating"": 5, ""atmosphere"": 5, ""recommended_dishes"": ""Lassi Sweet Lassi, Pindi Chole Bhature"", ""vegetarian_options"": ""Quality of food is very good with many jain options.""}"
Kapoor's Cafe - HSR Branch,097392 67702,"WM42+62M, 337, 27th Main, Sector 2 HSR Layout Opposite KLM Shopping Mall, BDA Layout, HSR Layout, Bengaluru, Karnataka 560102",12.908018,77.651948,Punjabi restaurant,,ChdDSUhNMG9nS0VJQ0FnSUNQd3JURXlnRRAB,Kapoor's Cafe,Rajeev Raju,107700358200873555135,True,5,,0,a year ago,"{""dining_mode"": ""Dine in"", ""meal_type"": ""Dinner"", ""food"": 5, ""service_rating"": 5, ""atmosphere"": 4}"
Kapoor's Cafe - HSR Branch,097392 67702,"WM42+62M, 337, 27th Main, Sector 2 HSR Layout Opposite KLM Shopping Mall, BDA Layout, HSR Layout, Bengaluru, Karnataka 560102",12.908018,77.651948,Punjabi restaurant,,ChZDSUhNMG9nS0VJQ0FnSUNQbk5XU2RBEAE,Kapoor's Cafe,Pavan Kumar,101133203285896708015,False,5,,0,a year ago,"{""food"": 5, ""service_rating"": 5, ""atmosphere"": 5}"
Kapoor's Cafe - HSR Branch,097392 67702,"WM42+62M, 337, 27th Main, Sector 2 HSR Layout Opposite KLM Shopping Mall, BDA Layout, HSR Layout, Bengaluru, Karnataka 560102",12.908018,77.651948,Punjabi restaurant,,ChZDSUhNMG9nS0VJQ0FnSUNQblBTNVdBEAE,Kapoor's Cafe,anurag mathur,102189056319166774179,True,4,,0,a year ago,"{""food"": 4, ""service_rating"": 4, ""atmosphere"": 4}"
Kapoor's Cafe - HSR Branch,097392 67702,"WM42+62M, 337, 27th Main, Sector 2 HSR Layout Opposite KLM Shopping Mall, BDA Layout, HSR Layout, Bengaluru, Karnataka 560102",12.908018,77.651948,Punjabi restaurant,,ChZDSUhNMG9nS0VJQ0FnSUQzczdQVEJnEAE,Kapoor's Cafe,Sampathkumar Malode,105829206044982970591,True,5,,0,a year ago,"{""dining_mode"": ""Dine in"", ""meal_type"": ""Lunch"", ""price_per_person"": ""₹1,000–1,200""}"
Kapoor's Cafe - HSR Branch,097392 67702,"WM42+62M, 337, 27th Main, Sector 2 HSR Layout Opposite KLM Shopping Mall, BDA Layout, HSR Layout, Bengaluru, Karnataka 560102",12.908018,77.651948,Punjabi restaurant,,ChdDSUhNMG9nS0VJQ0FnSUQzdGQzc3RRRRAB,Kapoor's Cafe,prashanth revuru,114635409737726673331,True,5,,0,a year ago,
Kapoor's Cafe - HSR Branch,097392 67702,"WM42+62M, 337, 27th Main, Sector 2 HSR Layout Opposite KLM Shopping Mall, BDA Layout, HSR Layout, Bengaluru, Karnataka 560102",12.908018,77.651948,Punjabi restaurant,,ChZDSUhNMG9nS0VJQ0FnSUQzdWZUR1JREAE,Kapoor's Cafe,Rituraj Rautela,107524050240513846301,True,1,Other than food everything was good. If you want a good spicey morning experience tgis is the place to go.,0,a year ago,"{""dining_mode"": ""Dine in"", ""meal_type"": ""Dinner"", ""price_per_person"": ""₹1,000–1,200"", ""food"": 1, ""service_rating"": 4, ""atmosphere"": 4}"
Kapoor's Cafe - HSR Branch,097392 67702,"WM42+62M, 337, 27th Main, Sector 2 HSR Layout Opposite KLM Shopping Mall, BDA Layout, HSR Layout, Bengaluru, Karnataka 560102",12.908018,77.651948,Punjabi restaurant,,ChdDSUhNMG9nS0VJQ0FnSUQzcWE2ampnRRAB,Kapoor's Cafe,Vinit Shinde,117968848624031804783,True,5,"Tasty food, Excellent service by Raj. Great Atmosphere.",0,a year ago,"{""food"": 5, ""service_rating"": 5, ""atmosphere"": 4}"
Kapoor's Cafe - HSR Branch,097392 67702,"WM42+62M, 337, 27th Main, Sector 2 HSR Layout Opposite KLM Shopping Mall, BDA Layout, HSR Layout, Bengaluru, Karnataka 560102",12.908018,77.651948,Punjabi restaurant,,ChdDSUhNMG9nS0VJQ0FnSUQzc28tYTZRRRAB,Kapoor's Cafe,Divya Shahi,111947536072804192207,True,5,Best north indian food you can get at this place. Absolutely heaven 💖,0,a year ago,"{""food"": 5, ""service_rating"": 5, ""atmosphere"": 5}"
Kapoor's Cafe - HSR Branch,097392 67702,"WM42+62M, 337, 27th Main, Sector 2 HSR Layout Opposite KLM Shopping Mall, BDA Layout, HSR Layout, Bengaluru, Karnataka 560102",12.908018,77.651948,Punjabi restaurant,,ChZDSUhNMG9nS0VJQ0FnSURBb3NQRkx3EAE,Kapoor's Cafe,roma jhawar,105832047167545950506,True,4,"Time if start is late , not as per mentioned in google. Food is ok",0,Edited a year ago,"{""dining_mode"": ""Dine in"", ""meal_type"": ""Lunch"", ""price_per_person"": ""₹600–800"", ""food"": 3, ""service_rating"": 2, ""atmosphere"": 3, ""vegetarian_offerings"": ""Menu is all vegetarian""}"
Kapoor's Cafe - HSR Branch,097392 67702,"WM42+62M, 337, 27th Main, Sector 2 HSR Layout Opposite KLM Shopping Mall, BDA Layout, HSR Layout, Bengaluru, Karnataka 560102",12.908018,77.651948,Punjabi restaurant,,ChdDSUhNMG9nS0VJQ0FnSUQzcW9YcTR3RRAB,Kapoor's Cafe,Rajat Verma,107054961313949778620,True,3,,0,a year ago,
Kapoor's Cafe - HSR Branch,097392 67702,"WM42+62M, 337, 27th Main, Sector 2 HSR Layout Opposite KLM Shopping Mall, BDA Layout, HSR Layout, Bengaluru, Karnataka 560102",12.908018,77.651948,Punjabi restaurant,,ChZDSUhNMG9nS0VJQ0FnSUQzOU1hM0VREAE,Kapoor's Cafe,Anup Gupta,113247469043271998748,True,4,"If you’re craving authentic Punjabi-style vegetarian food, this place is perfect. It’s hard to guess the vibrant desi vibe from the outside, but inside, they have traditional khatiyas and tables for seating. The food is delicious, with very generous portions. As a Punjabi cuisine cafe, most dishes are quite spicy, so it’s a must-try if you enjoy bold flavors. A great place to enjoy the true Punjabi experience!",0,a year ago,"{""dining_mode"": ""Dine in"", ""meal_type"": ""Dinner"", ""price_per_person"": ""₹200–400"", ""food"": 4, ""service_rating"": 4, ""atmosphere"": 4, ""recommended_dishes"": ""Cheese Paratha, Pindi Chole Bhature, Cheese Burst Paratha 1 PC - Whole Wheat, Assorted Pakora Platter"", ""vegetarian_recommendation"": ""Highly recommend"", ""vegetarian_offerings"": ""Menu is all vegetarian""}"
Kapoor's Cafe - HSR Branch,097392 67702,"WM42+62M, 337, 27th Main, Sector 2 HSR Layout Opposite KLM Shopping Mall, BDA Layout, HSR Layout, Bengaluru, Karnataka 560102",12.908018,77.651948,Punjabi restaurant,,ChdDSUhNMG9nS0VJQ0FnSUQzd05pNDR3RRAB,Kapoor's Cafe,Kadambari Punde,111102045766421551939,True,5,,0,a year ago,"{""dining_mode"": ""Dine in"", ""meal_type"": ""Dinner"", ""food"": 5, ""service_rating"": 5, ""atmosphere"": 5, ""recommended_dishes"": ""Dal Makhani and Aloo Paratha""}"
Kapoor's Cafe - HSR Branch,097392 67702,"WM42+62M, 337, 27th Main, Sector 2 HSR Layout Opposite KLM Shopping Mall, BDA Layout, HSR Layout, Bengaluru, Karnataka 560102",12.908018,77.651948,Punjabi restaurant,,ChdDSUhNMG9nS0VJQ0FnSUMzMy1XaDVBRRAB,Kapoor's Cafe,Suhas Athvale,104318509236039786627,True,3,,0,a year ago,"{""food"": 4, ""service_rating"": 4, ""atmosphere"": 4}"
Kapoor's Cafe - HSR Branch,097392 67702,"WM42+62M, 337, 27th Main, Sector 2 HSR Layout Opposite KLM Shopping Mall, BDA Layout, HSR Layout, Bengaluru, Karnataka 560102",12.908018,77.651948,Punjabi restaurant,,ChZDSUhNMG9nS0VJQ0FnSUMzM19hWlJREAE,Kapoor's Cafe,Hardik Garg,100095416706585937088,False,5,,0,a year ago,
Kapoor's Cafe - HSR Branch,097392 67702,"WM42+62M, 337, 27th Main, Sector 2 HSR Layout Opposite KLM Shopping Mall, BDA Layout, HSR Layout, Bengaluru, Karnataka 560102",12.908018,77.651948,Punjabi restaurant,,ChdDSUhNMG9nS0VJQ0FnSUMzbjhPaC1nRRAB,Kapoor's Cafe,Ravi Ranjan,111021333733264822926,True,4,,0,a year ago,"{""dining_mode"": ""Dine in"", ""meal_type"": ""Lunch"", ""price_per_person"": ""₹600–800"", ""food"": 4, ""service_rating"": 4, ""atmosphere"": 4, ""recommended_dishes"": ""Aloo, Dal Makhani and Aloo Paratha"", ""vegetarian_recommendation"": ""Somewhat recommend"", ""vegetarian_offerings"": ""Menu is all vegetarian""}"
Kapoor's Cafe - HSR Branch,097392 67702,"WM42+62M, 337, 27th Main, Sector 2 HSR Layout Opposite KLM Shopping Mall, BDA Layout, HSR Layout, Bengaluru, Karnataka 560102",12.908018,77.651948,Punjabi restaurant,,ChZDSUhNMG9nS0VJQ0FnSUMzOTc3ZVV3EAE,Kapoor's Cafe,Girish Sahu,110577761520470533872,True,5,Pure vegetarian and delicious food.,0,a year ago,"{""dining_mode"": ""Dine in"", ""meal_type"": ""Lunch"", ""price_per_person"": ""₹400–600"", ""food"": 5, ""service_rating"": 5, ""atmosphere"": 5, ""recommended_dishes"": ""Kapoor's Cafe""}"
Kapoor's Cafe - HSR Branch,097392 67702,"WM42+62M, 337, 27th Main, Sector 2 HSR Layout Opposite KLM Shopping Mall, BDA Layout, HSR Layout, Bengaluru, Karnataka 560102",12.908018,77.651948,Punjabi restaurant,,ChdDSUhNMG9nS0VJQ0FnSUMzdC15bjNBRRAB,Kapoor's Cafe,Sanjay Vyas,103904335480591204058,True,2,"Went on a Saturday afternoon, food was okay but there is a major hygiene problem due to presence of so many pigeons. We sat at balcony side thinking if will be good experience, fresh air but twice pigeons attacked the plate while we were eating, staff didn't even help to shoo away or do anything about it. Pigeons were flying above our table releasing small feathers which went into our food. Saw pigeon shit on couple of empty corner table.  Pigeons are carrier of many diseases and are literally called ""Flying rats"". It's a major hygiene concern and owner must look into it. Due to this experience we left in 20 minutes, couldn't eat the food after such experience had to leave the remaining food. Management was told the same but they didn't bother to do anything about it, they were just in rush to close because it was already 3.55 PM.  Please don't take such cleanliness and hygiene matters related to rodents lightly.",0,a year ago,"{""food"": 2, ""service_rating"": 2, ""atmosphere"": 1}"
Kapoor's Cafe - HSR Branch,097392 67702,"WM42+62M, 337, 27th Main, Sector 2 HSR Layout Opposite KLM Shopping Mall, BDA Layout, HSR Layout, Bengaluru, Karnataka 560102",12.908018,77.651948,Punjabi restaurant,,ChZDSUhNMG9nS0VJQ0FnSUMzeTlPdWZBEAE,Kapoor's Cafe,snehamoyg,100054185346324830767,False,1,"Extremely disappointing service...had ordered a less / medium spicy item for the kid however the attender brought something which was extremely spicy and when told was non apologetic about it. Have come here before as well but this time the service boy was extremely disappointing, they should start keeping better people to attend customers",0,a year ago,"{""food"": 1, ""service_rating"": 1, ""atmosphere"": 3}"
Kapoor's Cafe - HSR Branch,097392 67702,"WM42+62M, 337, 27th Main, Sector 2 HSR Layout Opposite KLM Shopping Mall, BDA Layout, HSR Layout, Bengaluru, Karnataka 560102",12.908018,77.651948,Punjabi restaurant,,ChZDSUhNMG9nS0VJQ0FnSUMzX2FIbmR3EAE,Kapoor's Cafe,Raju khan Khan,111261513918830991300,False,5,The ambience was perfectly for relaxing evining out The staff was incredibley knowledgeable about the menu and offered excellent recommendations,0,a year ago,"{""dining_mode"": ""Dine in"", ""meal_type"": ""Dinner"", ""price_per_person"": ""₹600–800"", ""food"": 5, ""service_rating"": 5, ""atmosphere"": 5}"
Kapoor's Cafe - HSR Branch,097392 67702,"WM42+62M, 337, 27th Main, Sector 2 HSR Layout Opposite KLM Shopping Mall, BDA Layout, HSR Layout, Bengaluru, Karnataka 560102",12.908018,77.651948,Punjabi restaurant,,ChdDSUhNMG9nS0VJQ0FnSUMzdmZieXdRRRAB,Kapoor's Cafe,Saroj kumar Chhatar,117891752040103348955,False,5,"The food, mind blowing.not only the test but the portion size is also just huge.for the love of god and food.that bhature size is the largest that i have seen in my life ❣️",0,a year ago,"{""dining_mode"": ""Dine in"", ""meal_type"": ""Dinner"", ""price_per_person"": ""₹800–1,000"", ""food"": 5, ""service_rating"": 5, ""atmosphere"": 5, ""recommended_dishes"": ""Pindi Chole Bhature, Cheese Burst Paratha 1 PC - Whole Wheat"", ""vegetarian_recommendation"": ""Highly recommend"", ""vegetarian_offerings"": ""Menu is all vegetarian, Large vegetarian selection, Clearly labeled vegetarian dishes""}"
Kapoor's Cafe - HSR Branch,097392 67702,"WM42+62M, 337, 27th Main, Sector 2 HSR Layout Opposite KLM Shopping Mall, BDA Layout, HSR Layout, Bengaluru, Karnataka 560102",12.908018,77.651948,Punjabi restaurant,,ChdDSUhNMG9nS0VJQ0FnSUMzdll5NGlBRRAB,Kapoor's Cafe,Bishal Chetri,105279568249253926860,False,5,,0,a year ago,"{""dining_mode"": ""Dine in"", ""meal_type"": ""Dinner"", ""price_per_person"": ""₹600–800"", ""food"": 5, ""service_rating"": 5, ""atmosphere"": 5, ""recommended_dishes"": ""Cheese Paratha, Cheese Pataka Balls, Assorted Pakora Platter""}"
Kapoor's Cafe - HSR Branch,097392 67702,"WM42+62M, 337, 27th Main, Sector 2 HSR Layout Opposite KLM Shopping Mall, BDA Layout, HSR Layout, Bengaluru, Karnataka 560102",12.908018,77.651948,Punjabi restaurant,,ChZDSUhNMG9nS0VJQ0FnSUMzdmJTTUtnEAE,Kapoor's Cafe,Aasif kkc,108126149019013146542,False,5,,0,a year ago,"{""meal_type"": ""Breakfast"", ""price_per_person"": ""₹200–400"", ""food"": 5, ""service_rating"": 4, ""atmosphere"": 5, ""recommended_dishes"": ""Aloo, Paneer Paratha""}"
Kapoor's Cafe - HSR Branch,097392 67702,"WM42+62M, 337, 27th Main, Sector 2 HSR Layout Opposite KLM Shopping Mall, BDA Layout, HSR Layout, Bengaluru, Karnataka 560102",12.908018,77.651948,Punjabi restaurant,,ChdDSUhNMG9nS0VJQ0FnSUMzdmVTbzRRRRAB,Kapoor's Cafe,Rakesh Thapa,108540973311625477711,False,5,Awesome,0,a year ago,"{""dining_mode"": ""Dine in"", ""meal_type"": ""Dinner"", ""price_per_person"": ""₹400–600"", ""food"": 5, ""service_rating"": 5, ""atmosphere"": 5, ""recommended_dishes"": ""French Fries Punjabi Style, Fruit Cream""}"
Kapoor's Cafe - HSR Branch,097392 67702,"WM42+62M, 337, 27th Main, Sector 2 HSR Layout Opposite KLM Shopping Mall, BDA Layout, HSR Layout, Bengaluru, Karnataka 560102",12.908018,77.651948,Punjabi restaurant,,ChdDSUhNMG9nS0VJQ0FnSUMzdmNUb3ZnRRAB,Kapoor's Cafe,Sweet Hanfi,106612476215165810761,False,5,,0,a year ago,"{""dining_mode"": ""Dine in"", ""meal_type"": ""Lunch"", ""price_per_person"": ""₹600–800"", ""food"": 5, ""service_rating"": 5, ""atmosphere"": 5, ""recommended_dishes"": ""Paneer Butter, Paneer Paratha, Phulka""}"
Kapoor's Cafe - HSR Branch,097392 67702,"WM42+62M, 337, 27th Main, Sector 2 HSR Layout Opposite KLM Shopping Mall, BDA Layout, HSR Layout, Bengaluru, Karnataka 560102",12.908018,77.651948,Punjabi restaurant,,ChZDSUhNMG9nS0VJQ0FnSUMzdmRpVlBREAE,Kapoor's Cafe,Saroj Kumar,113513931060352824992,False,5,,0,a year ago,"{""dining_mode"": ""Delivery"", ""meal_type"": ""Breakfast"", ""price_per_person"": ""₹800–1,000"", ""food"": 5, ""service_rating"": 5, ""atmosphere"": 5, ""recommended_dishes"": ""Cheese Pataka Balls, Paneer Butter, Pindi Chole Bhature, Cheese Burst Paratha 1 PC - Whole Wheat, Assorted Pakora Platter""}"
Kapoor's Cafe - HSR Branch,097392 67702,"WM42+62M, 337, 27th Main, Sector 2 HSR Layout Opposite KLM Shopping Mall, BDA Layout, HSR Layout, Bengaluru, Karnataka 560102",12.908018,77.651948,Punjabi restaurant,,ChdDSUhNMG9nS0VJQ0FnSUMzM2RDNGh3RRAB,Kapoor's Cafe,Shalin Choksi,100145245166703473039,True,4,,0,a year ago,"{""dining_mode"": ""Dine in"", ""meal_type"": ""Dinner"", ""price_per_person"": ""₹200–400"", ""food"": 4, ""service_rating"": 4, ""atmosphere"": 4, ""recommended_dishes"": ""Paneer Paratha, Pindi Chole Bhature""}"
Kapoor's Cafe - HSR Branch,097392 67702,"WM42+62M, 337, 27th Main, Sector 2 HSR Layout Opposite KLM Shopping Mall, BDA Layout, HSR Layout, Bengaluru, Karnataka 560102",12.908018,77.651948,Punjabi restaurant,,ChdDSUhNMG9nS0VJQ0FnSUMzeXE2VzN3RRAB,Kapoor's Cafe,pankaj kumar,102207062365490158719,False,5,,0,a year ago,"{""food"": 5, ""service_rating"": 5, ""atmosphere"": 5}"
Kapoor's Cafe - HSR Branch,097392 67702,"WM42+62M, 337, 27th Main, Sector 2 HSR Layout Opposite KLM Shopping Mall, BDA Layout, HSR Layout, Bengaluru, Karnataka 560102",12.908018,77.651948,Punjabi restaurant,,ChZDSUhNMG9nS0VJQ0FnSUMzN0pmVEhREAE,Kapoor's Cafe,Ganesh Gedam,107989950297536127188,True,3,"An average experience at Kapoor’s Cafe in HSR Layout. I visited with family, and while the food was decent, the ambiance fell short compared to other branches we’ve tried. If you’re a fan of Kapoor’s, other locations might offer a more enjoyable setting.",0,a year ago,"{""dining_mode"": ""Dine in"", ""meal_type"": ""Dinner"", ""price_per_person"": ""₹400–600"", ""food"": 3, ""service_rating"": 3, ""atmosphere"": 3, ""recommended_dishes"": ""Paneer Butter, Crispy Corn Punjabi Style, Phulka"", ""vegetarian_recommendation"": ""Highly recommend"", ""vegetarian_offerings"": ""Menu is all vegetarian""}"
Kapoor's Cafe - HSR Branch,097392 67702,"WM42+62M, 337, 27th Main, Sector 2 HSR Layout Opposite KLM Shopping Mall, BDA Layout, HSR Layout, Bengaluru, Karnataka 560102",12.908018,77.651948,Punjabi restaurant,,ChdDSUhNMG9nS0VJQ0FnSUN3NUlQdjRRRRAB,Kapoor's Cafe,Bhawna Tandon,100242046180110474539,True,1,,0,Edited a year ago,
Kapoor's Cafe - HSR Branch,097392 67702,"WM42+62M, 337, 27th Main, Sector 2 HSR Layout Opposite KLM Shopping Mall, BDA Layout, HSR Layout, Bengaluru, Karnataka 560102",12.908018,77.651948,Punjabi restaurant,,ChdDSUhNMG9nS0VJQ0FnSUMzMktmem5nRRAB,Kapoor's Cafe,Suraj kumar 12,107443770638239664011,True,5,Super 👍,0,a year ago,"{""food"": 5, ""service_rating"": 5, ""atmosphere"": 5}"
Kapoor's Cafe - HSR Branch,097392 67702,"WM42+62M, 337, 27th Main, Sector 2 HSR Layout Opposite KLM Shopping Mall, BDA Layout, HSR Layout, Bengaluru, Karnataka 560102",12.908018,77.651948,Punjabi restaurant,,ChZDSUhNMG9nS0VJQ0FnSUMzcUlHbVRnEAE,Kapoor's Cafe,Rishabh N,102464482646341101343,False,3,,0,a year ago,"{""dining_mode"": ""Dine in"", ""food"": 3, ""service_rating"": 1, ""atmosphere"": 4}"
Kapoor's Cafe - HSR Branch,097392 67702,"WM42+62M, 337, 27th Main, Sector 2 HSR Layout Opposite KLM Shopping Mall, BDA Layout, HSR Layout, Bengaluru, Karnataka 560102",12.908018,77.651948,Punjabi restaurant,,ChdDSUhNMG9nS0VJQ0FnSUMzOEtyUHpRRRAB,Kapoor's Cafe,Ravneet Sandhu,104324307983268561059,True,3,,0,a year ago,"{""dining_mode"": ""Dine in"", ""meal_type"": ""Lunch"", ""price_per_person"": ""₹200–400"", ""food"": 4, ""service_rating"": 2, ""atmosphere"": 2}"
Kapoor's Cafe - HSR Branch,097392 67702,"WM42+62M, 337, 27th Main, Sector 2 HSR Layout Opposite KLM Shopping Mall, BDA Layout, HSR Layout, Bengaluru, Karnataka 560102",12.908018,77.651948,Punjabi restaurant,,ChZDSUhNMG9nS0VJQ0FnSURaX3VXZ0J3EAE,Kapoor's Cafe,Chandra Gaur,117999991035295190853,True,3,,0,Edited a year ago,"{""dining_mode"": ""Dine in"", ""meal_type"": ""Dinner"", ""price_per_person"": ""₹200–400"", ""food"": 3, ""service_rating"": 3, ""atmosphere"": 3}"
Kapoor's Cafe - HSR Branch,097392 67702,"WM42+62M, 337, 27th Main, Sector 2 HSR Layout Opposite KLM Shopping Mall, BDA Layout, HSR Layout, Bengaluru, Karnataka 560102",12.908018,77.651948,Punjabi restaurant,,ChZDSUhNMG9nS0VJQ0FnSURYN3FqMVJREAE,Kapoor's Cafe,DiL ki bAtEiN,100236901626223895338,True,5,Very good teste,0,a year ago,
Kapoor's Cafe - HSR Branch,097392 67702,"WM42+62M, 337, 27th Main, Sector 2 HSR Layout Opposite KLM Shopping Mall, BDA Layout, HSR Layout, Bengaluru, Karnataka 560102",12.908018,77.651948,Punjabi restaurant,,ChZDSUhNMG9nS0VJQ0FnSURYcnN1RVZ3EAE,Kapoor's Cafe,Trapti Johari,109241670232469030461,False,1,Very bad experience,0,a year ago,"{""food"": 1, ""service_rating"": 1, ""atmosphere"": 2}"
Kapoor's Cafe - HSR Branch,097392 67702,"WM42+62M, 337, 27th Main, Sector 2 HSR Layout Opposite KLM Shopping Mall, BDA Layout, HSR Layout, Bengaluru, Karnataka 560102",12.908018,77.651948,Punjabi restaurant,,ChdDSUhNMG9nS0VJQ0FnSURYanVmaGt3RRAB,Kapoor's Cafe,Parth Paradkar,101246119883636963766,False,5,,0,a year ago,"{""dining_mode"": ""Dine in"", ""meal_type"": ""Dinner"", ""food"": 5, ""service_rating"": 5, ""atmosphere"": 5}"
Kapoor's Cafe - HSR Branch,097392 67702,"WM42+62M, 337, 27th Main, Sector 2 HSR Layout Opposite KLM Shopping Mall, BDA Layout, HSR Layout, Bengaluru, Karnataka 560102",12.908018,77.651948,Punjabi restaurant,,ChZDSUhNMG9nS0VJQ0FnSURYOW9XRll3EAE,Kapoor's Cafe,Sakthi K,115685111311386194510,True,5,,0,a year ago,"{""dining_mode"": ""Dine in"", ""meal_type"": ""Dinner"", ""price_per_person"": ""₹200–400"", ""food"": 5, ""service_rating"": 5, ""atmosphere"": 5}"
Kapoor's Cafe - HSR Branch,097392 67702,"WM42+62M, 337, 27th Main, Sector 2 HSR Layout Opposite KLM Shopping Mall, BDA Layout, HSR Layout, Bengaluru, Karnataka 560102",12.908018,77.651948,Punjabi restaurant,,ChdDSUhNMG9nS0VJQ0FnSURYa3JDX29nRRAB,Kapoor's Cafe,Nasim delvi,117116843648268353891,True,5,,0,a year ago,"{""dining_mode"": ""Dine in"", ""meal_type"": ""Lunch"", ""price_per_person"": ""₹400–600"", ""food"": 5, ""service_rating"": 5, ""atmosphere"": 5}"
Kapoor's Cafe - HSR Branch,097392 67702,"WM42+62M, 337, 27th Main, Sector 2 HSR Layout Opposite KLM Shopping Mall, BDA Layout, HSR Layout, Bengaluru, Karnataka 560102",12.908018,77.651948,Punjabi restaurant,,ChZDSUhNMG9nS0VJQ0FnSURYeEpPX0Z3EAE,Kapoor's Cafe,Saransh Oberoi,111221146363575654829,True,5,,0,a year ago,"{""dining_mode"": ""Dine in"", ""meal_type"": ""Brunch"", ""price_per_person"": ""₹400–600"", ""food"": 5, ""service_rating"": 4, ""atmosphere"": 5, ""recommended_dishes"": ""Dal Makhani and Aloo Paratha""}"
Kapoor's Cafe - HSR Branch,097392 67702,"WM42+62M, 337, 27th Main, Sector 2 HSR Layout Opposite KLM Shopping Mall, BDA Layout, HSR Layout, Bengaluru, Karnataka 560102",12.908018,77.651948,Punjabi restaurant,,ChdDSUhNMG9nS0VJQ0FnSUNYOV95MF9BRRAB,Kapoor's Cafe,Arunima Anand,105276085268807503076,True,4,,0,a year ago,"{""dining_mode"": ""Dine in"", ""meal_type"": ""Lunch"", ""price_per_person"": ""₹400–600"", ""food"": 4, ""service_rating"": 5, ""atmosphere"": 5, ""recommended_dishes"": ""Dal Makhani and Aloo Paratha, Phulka""}"
Kapoor's Cafe - HSR Branch,097392 67702,"WM42+62M, 337, 27th Main, Sector 2 HSR Layout Opposite KLM Shopping Mall, BDA Layout, HSR Layout, Bengaluru, Karnataka 560102",12.908018,77.651948,Punjabi restaurant,,ChZDSUhNMG9nS0VJQ0FnSUNYOThqQlZ3EAE,Kapoor's Cafe,Arunima Anand,101903410765576570526,True,5,"Found the food quite spicy, and oily. Not recommended for everyday meals, but good for a cheat diet with group of friends or family. Very desi ambience and they serve big portion sizes",0,a year ago,"{""dining_mode"": ""Dine in"", ""meal_type"": ""Lunch"", ""price_per_person"": ""₹600–800"", ""food"": 4, ""service_rating"": 5, ""atmosphere"": 5, ""recommended_dishes"": ""Dal Makhani and Aloo Paratha, Pindi Chole Bhature, Phulka"", ""vegetarian_recommendation"": ""Somewhat recommend"", ""vegetarian_offerings"": ""Menu is all vegetarian, Large vegetarian selection, Clearly labeled vegetarian dishes"", ""parking_space"": ""Plenty of parking"", ""parking_options"": ""Free street parking""}"
Kapoor's Cafe - HSR Branch,097392 67702,"WM42+62M, 337, 27th Main, Sector 2 HSR Layout Opposite KLM Shopping Mall, BDA Layout, HSR Layout, Bengaluru, Karnataka 560102",12.908018,77.651948,Punjabi restaurant,,ChdDSUhNMG9nS0VJQ0FnSUNYNTZxOWdRRRAB,Kapoor's Cafe,Shaantkumar Vastrad,102605626857942913924,True,4,,0,a year ago,"{""dining_mode"": ""Dine in"", ""meal_type"": ""Lunch"", ""price_per_person"": ""₹1,200–1,400"", ""food"": 4, ""service_rating"": 4, ""atmosphere"": 4}"
Kapoor's Cafe - HSR Branch,097392 67702,"WM42+62M, 337, 27th Main, Sector 2 HSR Layout Opposite KLM Shopping Mall, BDA Layout, HSR Layout, Bengaluru, Karnataka 560102",12.908018,77.651948,Punjabi restaurant,,ChdDSUhNMG9nS0VJQ0FnSUNYaDhucnJnRRAB,Kapoor's Cafe,Rajuloveualways,102560838628080662138,True,5,,0,a year ago,
Kapoor's Cafe - HSR Branch,097392 67702,"WM42+62M, 337, 27th Main, Sector 2 HSR Layout Opposite KLM Shopping Mall, BDA Layout, HSR Layout, Bengaluru, Karnataka 560102",12.908018,77.651948,Punjabi restaurant,,ChdDSUhNMG9nS0VJQ0FnSUNYLS1pbTRBRRAB,Kapoor's Cafe,Muskan bats,115153879773483605248,False,5,,0,a year ago,"{""food"": 5, ""service_rating"": 5, ""atmosphere"": 5}"
Kapoor's Cafe - HSR Branch,097392 67702,"WM42+62M, 337, 27th Main, Sector 2 HSR Layout Opposite KLM Shopping Mall, BDA Layout, HSR Layout, Bengaluru, Karnataka 560102",12.908018,77.651948,Punjabi restaurant,,ChdDSUhNMG9nS0VJQ0FnSUNYcTVLQl93RRAB,Kapoor's Cafe,Sriharini S,115799383000835976187,True,5,,0,a year ago,
Kapoor's Cafe - HSR Branch,097392 67702,"WM42+62M, 337, 27th Main, Sector 2 HSR Layout Opposite KLM Shopping Mall, BDA Layout, HSR Layout, Bengaluru, Karnataka 560102",12.908018,77.651948,Punjabi restaurant,,ChZDSUhNMG9nS0VJQ0FnSUNYZzQ3X2ZBEAE,Kapoor's Cafe,Siddarth Bansal,108647851226634132369,True,2,,0,a year ago,"{""dining_mode"": ""Dine in"", ""meal_type"": ""Lunch"", ""price_per_person"": ""₹600–800"", ""food"": 1, ""service_rating"": 1, ""atmosphere"": 2, ""recommended_dishes"": ""Pindi Chole Bhature"", ""parking_space"": ""Difficult to find parking""}"
Kapoor's Cafe - HSR Branch,097392 67702,"WM42+62M, 337, 27th Main, Sector 2 HSR Layout Opposite KLM Shopping Mall, BDA Layout, HSR Layout, Bengaluru, Karnataka 560102",12.908018,77.651948,Punjabi restaurant,,ChdDSUhNMG9nS0VJQ0FnSUNYeFpYZnNnRRAB,Kapoor's Cafe,Karthik Krishnamurthy,100664554572339131855,False,4,,0,a year ago,"{""food"": 4, ""service_rating"": 4, ""atmosphere"": 4}"
Kapoor's Cafe - HSR Branch,097392 67702,"WM42+62M, 337, 27th Main, Sector 2 HSR Layout Opposite KLM Shopping Mall, BDA Layout, HSR Layout, Bengaluru, Karnataka 560102",12.908018,77.651948,Punjabi restaurant,,ChdDSUhNMG9nS0VJQ0FnSUNYdVk2Szl3RRAB,Kapoor's Cafe,Nirnay Jain,115112723550327214751,False,4,,0,a year ago,
Kapoor's Cafe - HSR Branch,097392 67702,"WM42+62M, 337, 27th Main, Sector 2 HSR Layout Opposite KLM Shopping Mall, BDA Layout, HSR Layout, Bengaluru, Karnataka 560102",12.908018,77.651948,Punjabi restaurant,,ChdDSUhNMG9nS0VJQ0FnSUNYNllxczhBRRAB,Kapoor's Cafe,Damish Menezes,101548760664937162044,False,5,,0,a year ago,"{""food"": 5, ""service_rating"": 5, ""atmosphere"": 5}"
Kapoor's Cafe - HSR Branch,097392 67702,"WM42+62M, 337, 27th Main, Sector 2 HSR Layout Opposite KLM Shopping Mall, BDA Layout, HSR Layout, Bengaluru, Karnataka 560102",12.908018,77.651948,Punjabi restaurant,,ChdDSUhNMG9nS0VJQ0FnSUNYNGVpRy1RRRAB,Kapoor's Cafe,Poornima V,112813315362309759837,True,4,,0,a year ago,"{""dining_mode"": ""Dine in"", ""food"": 5, ""service_rating"": 4, ""atmosphere"": 4}"
Kapoor's Cafe - HSR Branch,097392 67702,"WM42+62M, 337, 27th Main, Sector 2 HSR Layout Opposite KLM Shopping Mall, BDA Layout, HSR Layout, Bengaluru, Karnataka 560102",12.908018,77.651948,Punjabi restaurant,,ChZDSUhNMG9nS0VJQ0FnSUQ1bkluZ1h3EAE,Kapoor's Cafe,mohit ritolia,110777558788055556571,True,3,,0,Edited a year ago,"{""dining_mode"": ""Dine in"", ""meal_type"": ""Dinner"", ""food"": 3, ""service_rating"": 3, ""atmosphere"": 3}"
Kapoor's Cafe - HSR Branch,097392 67702,"WM42+62M, 337, 27th Main, Sector 2 HSR Layout Opposite KLM Shopping Mall, BDA Layout, HSR Layout, Bengaluru, Karnataka 560102",12.908018,77.651948,Punjabi restaurant,,ChZDSUhNMG9nS0VJQ0FnSUNYM3ZxT0tREAE,Kapoor's Cafe,Ravi Ranjan,104823256941857809075,True,4,,0,a year ago,"{""food"": 4, ""service_rating"": 4, ""atmosphere"": 4}"
Kapoor's Cafe - HSR Branch,097392 67702,"WM42+62M, 337, 27th Main, Sector 2 HSR Layout Opposite KLM Shopping Mall, BDA Layout, HSR Layout, Bengaluru, Karnataka 560102",12.908018,77.651948,Punjabi restaurant,,ChdDSUhNMG9nS0VJQ0FnSUNYanB6b2p3RRAB,Kapoor's Cafe,Sahlini Manke,101676188754483754631,False,4,Good place to eat with family,0,a year ago,"{""dining_mode"": ""Dine in"", ""meal_type"": ""Dinner"", ""price_per_person"": ""₹600–800"", ""food"": 4, ""service_rating"": 3, ""atmosphere"": 5}"
Kapoor's Cafe - HSR Branch,097392 67702,"WM42+62M, 337, 27th Main, Sector 2 HSR Layout Opposite KLM Shopping Mall, BDA Layout, HSR Layout, Bengaluru, Karnataka 560102",12.908018,77.651948,Punjabi restaurant,,ChZDSUhNMG9nS0VJQ0FnSUNYMXJXQ0hBEAE,Kapoor's Cafe,SURESH KUMAR,118255359164935299034,True,2,"WASTE OF TIME We went there based on a recommendation. Plenty of empty space. Plenty of loud oppressive music. Plenty of uncomfortable Charpoy beds. Plenty of wait staff, most of them waiting. DRINKS 1/ Buttermilk was OK 2/ Lassi Patiala was OK 3/ Lassi gur was OK 4/ Dry fruit Lassi was OK All above portions were quite small and costly. FOOD 1/ Green salad was well decorated and big enough but onion was bitter 2/ Veg Kebab was deep fried and not so great 3/ Paneer paratha was heavy and oily 4/ Gobi paratha was over stuffy and did not quite make it 5/ Pindi chole bhature was the best of the lot Pricing is over the roof, customers are scanty, atmosphere is zero, service is sluggish, décor is garish, the whole concept is somehow wrong. We realized the recommendation was a mistake.",0,a year ago,"{""food"": 2, ""service_rating"": 2, ""atmosphere"": 1}"
Kapoor's Cafe - HSR Branch,097392 67702,"WM42+62M, 337, 27th Main, Sector 2 HSR Layout Opposite KLM Shopping Mall, BDA Layout, HSR Layout, Bengaluru, Karnataka 560102",12.908018,77.651948,Punjabi restaurant,,ChdDSUhNMG9nS0VJQ0FnSUNYNXVuejZRRRAB,Kapoor's Cafe,Aman samantaray,109425604789946362694,True,4,"Heard about this place for long its quality and taste. But I guess it’s overhyped. The food was good but not that finger licking good . I went with my family and had an ok experience.  Dishes tried - Chole bhature, sweet lassi, shahi paneer combo, laccha paratha, punjabi tadka dal & pindi chole  Food - 3.5/5 Service- 5/5 Ambience - 4/5  Good part, they also serve jain food.",0,a year ago,"{""dining_mode"": ""Dine in"", ""meal_type"": ""Dinner"", ""price_per_person"": ""₹400–600"", ""food"": 4, ""service_rating"": 4, ""atmosphere"": 3}"
Kapoor's Cafe - HSR Branch,097392 67702,"WM42+62M, 337, 27th Main, Sector 2 HSR Layout Opposite KLM Shopping Mall, BDA Layout, HSR Layout, Bengaluru, Karnataka 560102",12.908018,77.651948,Punjabi restaurant,,ChdDSUhNMG9nS0VJQ0FnSUNYNHREeTlRRRAB,Kapoor's Cafe,Saad Khan,101852801245565552400,True,4,,0,a year ago,"{""dining_mode"": ""Dine in"", ""food"": 4, ""service_rating"": 4, ""atmosphere"": 3}"
Kapoor's Cafe - HSR Branch,097392 67702,"WM42+62M, 337, 27th Main, Sector 2 HSR Layout Opposite KLM Shopping Mall, BDA Layout, HSR Layout, Bengaluru, Karnataka 560102",12.908018,77.651948,Punjabi restaurant,,ChdDSUhNMG9nS0VJQ0FnSUNYN0xUUmtnRRAB,Kapoor's Cafe,Supreetha Shrinivas,103157353329913713233,False,2,"I was thoroughly disappointed by this place. The space is cramped, and the excessively loud music made it overwhelming. The hygiene standards are quite poor, as we could smell the unpleasant odor from the washroom, forcing us to switch tables. To make matters worse, pigeons were flying in and out, posing a serious risk to the cleanliness of the food. The service was painfully slow as well. Overall, I would not recommend this place to anyone.",0,a year ago,"{""dining_mode"": ""Dine in"", ""meal_type"": ""Lunch"", ""price_per_person"": ""₹600–800"", ""food"": 3, ""service_rating"": 1, ""atmosphere"": 2}"
Kapoor's Cafe - HSR Branch,097392 67702,"WM42+62M, 337, 27th Main, Sector 2 HSR Layout Opposite KLM Shopping Mall, BDA Layout, HSR Layout, Bengaluru, Karnataka 560102",12.908018,77.651948,Punjabi restaurant,,ChdDSUhNMG9nS0VJQ0FnSUNYd0xQYXh3RRAB,Kapoor's Cafe,simanchal sahu,110061601000636762906,False,5,,0,a year ago,"{""food"": 5, ""service_rating"": 5, ""atmosphere"": 5}"
Kapoor's Cafe - HSR Branch,097392 67702,"WM42+62M, 337, 27th Main, Sector 2 HSR Layout Opposite KLM Shopping Mall, BDA Layout, HSR Layout, Bengaluru, Karnataka 560102",12.908018,77.651948,Punjabi restaurant,,ChdDSUhNMG9nS0VJQ0FnSURudTR2RHpRRRAB,Kapoor's Cafe,Prikshit Chawla,103741162399950375537,True,1,Rude staff. Worst food. 🤮,0,Edited a year ago,"{""dining_mode"": ""Dine in"", ""meal_type"": ""Dinner"", ""price_per_person"": ""₹200–400"", ""food"": 1, ""service_rating"": 1, ""atmosphere"": 1}"
Kapoor's Cafe - HSR Branch,097392 67702,"WM42+62M, 337, 27th Main, Sector 2 HSR Layout Opposite KLM Shopping Mall, BDA Layout, HSR Layout, Bengaluru, Karnataka 560102",12.908018,77.651948,Punjabi restaurant,,ChdDSUhNMG9nS0VJQ0FnSURuOTZEaWxnRRAB,Kapoor's Cafe,Mannat,110435620846595219825,False,5,,0,a year ago,
Kapoor's Cafe - HSR Branch,097392 67702,"WM42+62M, 337, 27th Main, Sector 2 HSR Layout Opposite KLM Shopping Mall, BDA Layout, HSR Layout, Bengaluru, Karnataka 560102",12.908018,77.651948,Punjabi restaurant,,ChdDSUhNMG9nS0VJQ0FnSURuMDlIZmt3RRAB,Kapoor's Cafe,Subhasish Gupta,103400459658706695719,True,1,"I fell sick after eating here. Aloo Paratha was sour. Chole was excessively salty. Service is super slow. Only the ambience was decent. Never going to this place again. Just overrated and overpriced. Those wanting to have punjabi food, look elsewhere",0,a year ago,"{""food"": 1, ""service_rating"": 3, ""atmosphere"": 5}"
Kapoor's Cafe - HSR Branch,097392 67702,"WM42+62M, 337, 27th Main, Sector 2 HSR Layout Opposite KLM Shopping Mall, BDA Layout, HSR Layout, Bengaluru, Karnataka 560102",12.908018,77.651948,Punjabi restaurant,,ChZDSUhNMG9nS0VJQ0FnSURuN2ZlOFh3EAE,Kapoor's Cafe,Jayadev Nambiar,102962139598356382004,False,4,,0,a year ago,"{""food"": 5, ""service_rating"": 3, ""atmosphere"": 5}"
Kapoor's Cafe - HSR Branch,097392 67702,"WM42+62M, 337, 27th Main, Sector 2 HSR Layout Opposite KLM Shopping Mall, BDA Layout, HSR Layout, Bengaluru, Karnataka 560102",12.908018,77.651948,Punjabi restaurant,,ChdDSUhNMG9nS0VJQ0FnSURuemZ2UHVnRRAB,Kapoor's Cafe,Avinash kumar,100522281749700205190,True,4,,0,a year ago,"{""food"": 4, ""service_rating"": 4, ""atmosphere"": 5}"
Kapoor's Cafe - HSR Branch,097392 67702,"WM42+62M, 337, 27th Main, Sector 2 HSR Layout Opposite KLM Shopping Mall, BDA Layout, HSR Layout, Bengaluru, Karnataka 560102",12.908018,77.651948,Punjabi restaurant,,ChZDSUhNMG9nS0VJQ0FnSUNEejgycVdnEAE,Kapoor's Cafe,Shantanu Puranik,111298127885224079487,True,5,One of the best and most authentic north indian food in Bangalore. Everything in their menu is worth trying.,0,Edited a year ago,"{""dining_mode"": ""Dine in"", ""meal_type"": ""Dinner"", ""price_per_person"": ""₹200–400"", ""food"": 5, ""service_rating"": 5, ""atmosphere"": 5}"
Kapoor's Cafe - HSR Branch,097392 67702,"WM42+62M, 337, 27th Main, Sector 2 HSR Layout Opposite KLM Shopping Mall, BDA Layout, HSR Layout, Bengaluru, Karnataka 560102",12.908018,77.651948,Punjabi restaurant,,ChZDSUhNMG9nS0VJQ0FnSURudHZXeUlnEAE,Kapoor's Cafe,Debangshu Dutta,110306470166272128480,True,1,Only ambience is good horrible food. Don't get from online,0,a year ago,"{""food"": 1, ""service_rating"": 3, ""atmosphere"": 4}"
Kapoor's Cafe - HSR Branch,097392 67702,"WM42+62M, 337, 27th Main, Sector 2 HSR Layout Opposite KLM Shopping Mall, BDA Layout, HSR Layout, Bengaluru, Karnataka 560102",12.908018,77.651948,Punjabi restaurant,,ChZDSUhNMG9nS0VJQ0FnSURucUxTaEZnEAE,Kapoor's Cafe,sagar sourabh,111442053678174684401,True,4,,0,a year ago,"{""food"": 5, ""service_rating"": 4, ""atmosphere"": 5}"
Kapoor's Cafe - HSR Branch,097392 67702,"WM42+62M, 337, 27th Main, Sector 2 HSR Layout Opposite KLM Shopping Mall, BDA Layout, HSR Layout, Bengaluru, Karnataka 560102",12.908018,77.651948,Punjabi restaurant,,ChdDSUhNMG9nS0VJQ0FnSUNuODhyR2tRRRAB,Kapoor's Cafe,Vishal Gupta,107702644959160331590,False,1,"Lassi was too sweet, with so much salt in chole",0,a year ago,"{""food"": 1, ""service_rating"": 1, ""atmosphere"": 1}"
Kapoor's Cafe - HSR Branch,097392 67702,"WM42+62M, 337, 27th Main, Sector 2 HSR Layout Opposite KLM Shopping Mall, BDA Layout, HSR Layout, Bengaluru, Karnataka 560102",12.908018,77.651948,Punjabi restaurant,,ChZDSUhNMG9nS0VJQ0FnSUNuNDcyNEVnEAE,Kapoor's Cafe,Sanidhya Singh Rajawat,106234961257905627354,True,5,Amazing menu with authentic punjabi cuisine. Highly recommended.,0,a year ago,"{""food"": 5, ""service_rating"": 5, ""atmosphere"": 5}"
Kapoor's Cafe - HSR Branch,097392 67702,"WM42+62M, 337, 27th Main, Sector 2 HSR Layout Opposite KLM Shopping Mall, BDA Layout, HSR Layout, Bengaluru, Karnataka 560102",12.908018,77.651948,Punjabi restaurant,,ChZDSUhNMG9nS0VJQ0FnSUNubzgyUktnEAE,Kapoor's Cafe,iyogi ii,108358550245944262891,True,4,,0,a year ago,
Kapoor's Cafe - HSR Branch,097392 67702,"WM42+62M, 337, 27th Main, Sector 2 HSR Layout Opposite KLM Shopping Mall, BDA Layout, HSR Layout, Bengaluru, Karnataka 560102",12.908018,77.651948,Punjabi restaurant,,ChZDSUhNMG9nS0VJQ0FnSUNueHZ6bERBEAE,Kapoor's Cafe,Abhijeet Waghmare,116838940646947908336,True,5,,0,a year ago,"{""dining_mode"": ""Dine in"", ""meal_type"": ""Dinner"", ""price_per_person"": ""₹200–400"", ""food"": 5, ""service_rating"": 5, ""atmosphere"": 5, ""vegetarian_recommendation"": ""Highly recommend"", ""vegetarian_offerings"": ""Menu is all vegetarian""}"
Kapoor's Cafe - HSR Branch,097392 67702,"WM42+62M, 337, 27th Main, Sector 2 HSR Layout Opposite KLM Shopping Mall, BDA Layout, HSR Layout, Bengaluru, Karnataka 560102",12.908018,77.651948,Punjabi restaurant,,ChdDSUhNMG9nS0VJQ0FnSUNudUp1c2h3RRAB,Kapoor's Cafe,aman gahoi,117837439451645258890,False,2,,0,a year ago,"{""dining_mode"": ""Dine in"", ""food"": 1, ""service_rating"": 3, ""atmosphere"": 2}"
Kapoor's Cafe - HSR Branch,097392 67702,"WM42+62M, 337, 27th Main, Sector 2 HSR Layout Opposite KLM Shopping Mall, BDA Layout, HSR Layout, Bengaluru, Karnataka 560102",12.908018,77.651948,Punjabi restaurant,,ChZDSUhNMG9nS0VJQ0FnSUNuNkpTcFN3EAE,Kapoor's Cafe,Saru,114719967764355417124,False,5,,0,a year ago,"{""dining_mode"": ""Dine in"", ""meal_type"": ""Lunch"", ""price_per_person"": ""₹1,000–1,200"", ""food"": 5, ""service_rating"": 5, ""atmosphere"": 5, ""recommended_dishes"": ""Aloo"", ""vegetarian_recommendation"": ""Highly recommend"", ""vegetarian_offerings"": ""Menu is all vegetarian""}"
Kapoor's Cafe - HSR Branch,097392 67702,"WM42+62M, 337, 27th Main, Sector 2 HSR Layout Opposite KLM Shopping Mall, BDA Layout, HSR Layout, Bengaluru, Karnataka 560102",12.908018,77.651948,Punjabi restaurant,,ChdDSUhNMG9nS0VJQ0FnSUNnenIzcXZ3RRAB,Kapoor's Cafe,Siva Krishna,105396368415891495770,True,3,"The quality of the starters has declined. I ordered Kapoor's Cafe Special Kebab, and it was disappointing—overly salty and definitely not worth the price. Additionally, the service was poor.",0,Edited a year ago,"{""dining_mode"": ""Dine in"", ""meal_type"": ""Lunch"", ""price_per_person"": ""₹1,000–1,200"", ""food"": 3, ""service_rating"": 2, ""atmosphere"": 4, ""parking_space"": ""Difficult to find parking"", ""parking_options"": ""Parking is unavailable""}"
Kapoor's Cafe - HSR Branch,097392 67702,"WM42+62M, 337, 27th Main, Sector 2 HSR Layout Opposite KLM Shopping Mall, BDA Layout, HSR Layout, Bengaluru, Karnataka 560102",12.908018,77.651948,Punjabi restaurant,,ChZDSUhNMG9nS0VJQ0FnSURIbjlTWE1BEAE,Kapoor's Cafe,Shounak Chowdhury,100885295834751875156,False,5,,0,a year ago,"{""food"": 5, ""service_rating"": 4, ""atmosphere"": 4}"
Kapoor's Cafe - HSR Branch,097392 67702,"WM42+62M, 337, 27th Main, Sector 2 HSR Layout Opposite KLM Shopping Mall, BDA Layout, HSR Layout, Bengaluru, Karnataka 560102",12.908018,77.651948,Punjabi restaurant,,ChdDSUhNMG9nS0VJQ0FnSURIcDV2eDhBRRAB,Kapoor's Cafe,Priyanka Parida,102808037777468812532,True,5,A nice vegetarian place to hang out with a typical “khatiya” seating and amazing mouthwatering desi punjabi dishes. Totally totally recommended!,0,a year ago,"{""dining_mode"": ""Dine in"", ""meal_type"": ""Dinner"", ""price_per_person"": ""₹200–400"", ""food"": 5, ""service_rating"": 4, ""atmosphere"": 5, ""vegetarian_recommendation"": ""Highly recommend"", ""vegetarian_offerings"": ""Menu is all vegetarian""}"
Kapoor's Cafe - HSR Branch,097392 67702,"WM42+62M, 337, 27th Main, Sector 2 HSR Layout Opposite KLM Shopping Mall, BDA Layout, HSR Layout, Bengaluru, Karnataka 560102",12.908018,77.651948,Punjabi restaurant,,ChdDSUhNMG9nS0VJQ0FnSURIOHE3cHBRRRAB,Kapoor's Cafe,Suresh Krishna,102387299089651512891,True,5,,0,Edited a year ago,"{""dining_mode"": ""Dine in"", ""meal_type"": ""Lunch"", ""price_per_person"": ""₹200–400"", ""food"": 4, ""service_rating"": 4, ""atmosphere"": 4, ""recommended_dishes"": ""Dal Makhani and Aloo Paratha, French Fries Punjabi Style, Cheese Balls""}"
Kapoor's Cafe - HSR Branch,097392 67702,"WM42+62M, 337, 27th Main, Sector 2 HSR Layout Opposite KLM Shopping Mall, BDA Layout, HSR Layout, Bengaluru, Karnataka 560102",12.908018,77.651948,Punjabi restaurant,,ChZDSUhNMG9nS0VJQ0FnSUN6bnUySk13EAE,Kapoor's Cafe,Rishabh,116859375265045377090,True,5,"This was my 5th visit to this amazing place in HSR which will satisfy all your cravings for North Indian cuisine. Definitely get a +1 or a trio if you really want to enjoy their grand portions (it's not meant for one) they serve.  The stuffed parathas and missi rotis along with dal makhani, chole/paneer curry is a heavenly combination here. And please, do order their Maharaja size lassi, you are not supposed to leave this place if you don't feel like skipping your next meal.",0,Edited a year ago,"{""dining_mode"": ""Dine in"", ""meal_type"": ""Dinner"", ""price_per_person"": ""₹400–600"", ""food"": 5, ""service_rating"": 5, ""atmosphere"": 5, ""recommended_dishes"": ""Dal Makhani and Aloo Paratha, Paneer Butter, Paneer Paratha, Pindi Chole Bhature"", ""vegetarian_recommendation"": ""Highly recommend"", ""vegetarian_offerings"": ""Menu is all vegetarian"", ""kid_friendliness"": ""A very comforting place to spend some time with your family.""}"
Kapoor's Cafe - HSR Branch,097392 67702,"WM42+62M, 337, 27th Main, Sector 2 HSR Layout Opposite KLM Shopping Mall, BDA Layout, HSR Layout, Bengaluru, Karnataka 560102",12.908018,77.651948,Punjabi restaurant,,ChZDSUhNMG9nS0VJQ0FnSURIOVk3c1VREAE,Kapoor's Cafe,Yash Jha,117285453495362319977,True,5,"Desi atmosphere in the middle of Bangalore, superb, Lassi is a must try, amazing Lassi they have.",0,a year ago,"{""dining_mode"": ""Dine in"", ""meal_type"": ""Dinner"", ""price_per_person"": ""₹600–800"", ""food"": 5, ""service_rating"": 5, ""atmosphere"": 5}"
Kapoor's Cafe - HSR Branch,097392 67702,"WM42+62M, 337, 27th Main, Sector 2 HSR Layout Opposite KLM Shopping Mall, BDA Layout, HSR Layout, Bengaluru, Karnataka 560102",12.908018,77.651948,Punjabi restaurant,,ChZDSUhNMG9nS0VJQ0FnSURIM3NQTWVnEAE,Kapoor's Cafe,Akshat Mittal,109798677741347517032,True,5,"Amazing Food, always loved this. Feels like home.",0,a year ago,"{""dining_mode"": ""Dine in"", ""meal_type"": ""Dinner"", ""price_per_person"": ""₹200–400"", ""food"": 5, ""service_rating"": 5, ""atmosphere"": 5, ""recommended_dishes"": ""Aloo, Dal Makhani and Aloo Paratha, Cheese Balls, Cheese Paratha, Paneer Butter"", ""vegetarian_recommendation"": ""Highly recommend"", ""vegetarian_offerings"": ""Menu is all vegetarian""}"
Kapoor's Cafe - HSR Branch,097392 67702,"WM42+62M, 337, 27th Main, Sector 2 HSR Layout Opposite KLM Shopping Mall, BDA Layout, HSR Layout, Bengaluru, Karnataka 560102",12.908018,77.651948,Punjabi restaurant,,ChZDSUhNMG9nS0VJQ0FnSURIbHMyRk1nEAE,Kapoor's Cafe,aman gope,118000388668291902976,False,4,,0,a year ago,
Kapoor's Cafe - HSR Branch,097392 67702,"WM42+62M, 337, 27th Main, Sector 2 HSR Layout Opposite KLM Shopping Mall, BDA Layout, HSR Layout, Bengaluru, Karnataka 560102",12.908018,77.651948,Punjabi restaurant,,ChZDSUhNMG9nS0VJQ0FnSURIaHZ2Mk9nEAE,Kapoor's Cafe,Keshav bhatheja,102781461528099338075,True,5,,0,a year ago,
Kapoor's Cafe - HSR Branch,097392 67702,"WM42+62M, 337, 27th Main, Sector 2 HSR Layout Opposite KLM Shopping Mall, BDA Layout, HSR Layout, Bengaluru, Karnataka 560102",12.908018,77.651948,Punjabi restaurant,,ChdDSUhNMG9nS0VJQ0FnSURIOHFqbC1nRRAB,Kapoor's Cafe,Mamatha S,112425841069375789239,False,1,,0,a year ago,"{""dining_mode"": ""Dine in"", ""meal_type"": ""Lunch"", ""price_per_person"": ""₹2,000+"", ""food"": 1, ""service_rating"": 1, ""atmosphere"": 1, ""recommended_dishes"": ""Crispy Corn Punjabi Style""}"
Kapoor's Cafe - HSR Branch,097392 67702,"WM42+62M, 337, 27th Main, Sector 2 HSR Layout Opposite KLM Shopping Mall, BDA Layout, HSR Layout, Bengaluru, Karnataka 560102",12.908018,77.651948,Punjabi restaurant,,ChdDSUhNMG9nS0VJQ0FnSURIN0lPUHFnRRAB,Kapoor's Cafe,Inamul Khan,111945388566474295681,True,5,,0,a year ago,"{""dining_mode"": ""Take out"", ""meal_type"": ""Other"", ""price_per_person"": ""₹2,000+"", ""service_rating"": 5, ""atmosphere"": 5, ""recommended_dishes"": ""Pindi Chole Bhature"", ""parking_options"": ""Free parking lot""}"
Kapoor's Cafe - HSR Branch,097392 67702,"WM42+62M, 337, 27th Main, Sector 2 HSR Layout Opposite KLM Shopping Mall, BDA Layout, HSR Layout, Bengaluru, Karnataka 560102",12.908018,77.651948,Punjabi restaurant,,ChZDSUhNMG9nS0VJQ0FnSURIbU4zOEN3EAE,Kapoor's Cafe,Seema Patil,115351666256423767190,False,5,,0,a year ago,"{""food"": 5, ""service_rating"": 5, ""atmosphere"": 5}"
Kapoor's Cafe - HSR Branch,097392 67702,"WM42+62M, 337, 27th Main, Sector 2 HSR Layout Opposite KLM Shopping Mall, BDA Layout, HSR Layout, Bengaluru, Karnataka 560102",12.908018,77.651948,Punjabi restaurant,,ChZDSUhNMG9nS0VJQ0FnSURINk9lTkd3EAE,Kapoor's Cafe,Afham Shaikh,115607229172700473285,True,2,,0,a year ago,
Kapoor's Cafe - HSR Branch,097392 67702,"WM42+62M, 337, 27th Main, Sector 2 HSR Layout Opposite KLM Shopping Mall, BDA Layout, HSR Layout, Bengaluru, Karnataka 560102",12.908018,77.651948,Punjabi restaurant,,ChdDSUhNMG9nS0VJQ0FnSURIaU4zRjJnRRAB,Kapoor's Cafe,Karishma Sharma,108432630356762909385,True,5,,0,a year ago,
Kapoor's Cafe - HSR Branch,097392 67702,"WM42+62M, 337, 27th Main, Sector 2 HSR Layout Opposite KLM Shopping Mall, BDA Layout, HSR Layout, Bengaluru, Karnataka 560102",12.908018,77.651948,Punjabi restaurant,,ChdDSUhNMG9nS0VJQ0FnSURIOEtiMjB3RRAB,Kapoor's Cafe,Chinna Kumar Reddy,111369417405804944890,True,3,"Food is okay but cost is too high and atmosphere is awesome, I like only the way they arranged the cots and seats are too good",0,a year ago,"{""dining_mode"": ""Dine in"", ""meal_type"": ""Dinner"", ""price_per_person"": ""₹1,600–1,800"", ""food"": 4, ""service_rating"": 3, ""atmosphere"": 5, ""vegetarian_recommendation"": ""Somewhat recommend"", ""vegetarian_offerings"": ""Menu is all vegetarian""}"
Kapoor's Cafe - HSR Branch,097392 67702,"WM42+62M, 337, 27th Main, Sector 2 HSR Layout Opposite KLM Shopping Mall, BDA Layout, HSR Layout, Bengaluru, Karnataka 560102",12.908018,77.651948,Punjabi restaurant,,ChdDSUhNMG9nS0VJQ0FnSUNIMzVHZDN3RRAB,Kapoor's Cafe,Prashant Kumar,104632727956913804502,True,2,,0,a year ago,"{""dining_mode"": ""Dine in"", ""meal_type"": ""Brunch"", ""price_per_person"": ""₹600–800"", ""food"": 2, ""service_rating"": 4, ""atmosphere"": 3}"
Kapoor's Cafe - HSR Branch,097392 67702,"WM42+62M, 337, 27th Main, Sector 2 HSR Layout Opposite KLM Shopping Mall, BDA Layout, HSR Layout, Bengaluru, Karnataka 560102",12.908018,77.651948,Punjabi restaurant,,ChZDSUhNMG9nS0VJQ0FnSUNINy1mVFZnEAE,Kapoor's Cafe,Madhab Deka,107501105489924481604,False,1,Third class food I have ever had in Bangalore. Rest all still manageable.,0,a year ago,"{""food"": 1, ""service_rating"": 3, ""atmosphere"": 4}"
Kapoor's Cafe - HSR Branch,097392 67702,"WM42+62M, 337, 27th Main, Sector 2 HSR Layout Opposite KLM Shopping Mall, BDA Layout, HSR Layout, Bengaluru, Karnataka 560102",12.908018,77.651948,Punjabi restaurant,,ChZDSUhNMG9nS0VJQ0FnSUNIcjg2RUR3EAE,Kapoor's Cafe,Piyal Chakraverty,102694217574740217122,True,4,,0,a year ago,"{""dining_mode"": ""Dine in"", ""meal_type"": ""Dinner"", ""price_per_person"": ""₹200–400"", ""food"": 4, ""service_rating"": 4, ""atmosphere"": 5, ""recommended_dishes"": ""Pindi Chole Bhature"", ""vegetarian_recommendation"": ""Highly recommend"", ""vegetarian_offerings"": ""Menu is all vegetarian"", ""vegetarian_options"": ""Chole Bathure is good and so is aloo paratha and paneer paratha. Methi paratha was extremely hot and could not be enjoyed. Paratha is served with pickle and curd."", ""parking_space"": ""Somewhat difficult to find parking"", ""parking_options"": ""Free street parking"", ""parking_notes"": ""This is on 27th Main and hence getting free street parking is a matter of luck. More often than not parking spot can be found.""}"
Kapoor's Cafe - HSR Branch,097392 67702,"WM42+62M, 337, 27th Main, Sector 2 HSR Layout Opposite KLM Shopping Mall, BDA Layout, HSR Layout, Bengaluru, Karnataka 560102",12.908018,77.651948,Punjabi restaurant,,ChZDSUhNMG9nS0VJQ0FnSUNIdTdUSmN3EAE,Kapoor's Cafe,Shubham Upadhyay,118423499242847301308,True,3,,0,a year ago,"{""dining_mode"": ""Dine in"", ""meal_type"": ""Dinner"", ""price_per_person"": ""₹400–600"", ""food"": 3, ""service_rating"": 3, ""atmosphere"": 3}"
Kapoor's Cafe - HSR Branch,097392 67702,"WM42+62M, 337, 27th Main, Sector 2 HSR Layout Opposite KLM Shopping Mall, BDA Layout, HSR Layout, Bengaluru, Karnataka 560102",12.908018,77.651948,Punjabi restaurant,,ChdDSUhNMG9nS0VJQ0FnSUNIcTZXS3Z3RRAB,Kapoor's Cafe,rakesh shejwalkar,105031135429408739454,True,4,Portion is huge and they have fast service. Look and feel is good as well,0,a year ago,"{""dining_mode"": ""Dine in"", ""meal_type"": ""Lunch"", ""price_per_person"": ""₹1–200"", ""food"": 4, ""service_rating"": 5, ""atmosphere"": 4}"
Kapoor's Cafe - HSR Branch,097392 67702,"WM42+62M, 337, 27th Main, Sector 2 HSR Layout Opposite KLM Shopping Mall, BDA Layout, HSR Layout, Bengaluru, Karnataka 560102",12.908018,77.651948,Punjabi restaurant,,ChZDSUhNMG9nS0VJQ0FnSUNIdy1TMU1REAE,Kapoor's Cafe,Rhythm Ratna,112468421940133443650,False,1,Horrible.... extremely thick Paratha with absurdly filled Paratha leading to an empty centre....had heard too many praises about this place but sheet disappointment is an understatement...,0,a year ago,"{""dining_mode"": ""Delivery"", ""food"": 1}"
Kapoor's Cafe - HSR Branch,097392 67702,"WM42+62M, 337, 27th Main, Sector 2 HSR Layout Opposite KLM Shopping Mall, BDA Layout, HSR Layout, Bengaluru, Karnataka 560102",12.908018,77.651948,Punjabi restaurant,,ChZDSUhNMG9nS0VJQ0FnSURNd2VYZFVREAE,Kapoor's Cafe,Anil Kumar B.k,104222226575878922689,True,3,,0,Edited a year ago,"{""dining_mode"": ""Dine in"", ""meal_type"": ""Dinner"", ""price_per_person"": ""₹2,000+"", ""food"": 3, ""service_rating"": 3, ""atmosphere"": 4}"
Kapoor's Cafe - HSR Branch,097392 67702,"WM42+62M, 337, 27th Main, Sector 2 HSR Layout Opposite KLM Shopping Mall, BDA Layout, HSR Layout, Bengaluru, Karnataka 560102",12.908018,77.651948,Punjabi restaurant,,ChZDSUhNMG9nS0VJQ0FnSUNIcmJ5RVNnEAE,Kapoor's Cafe,Triloki Gupta,114589122508763097153,True,4,"We visited for the first time. As a punjabi cuisine based cafe, all dishes are quite spicy. So if you are ok with spicy then must try otherwise you can leave. Quite good ambience with cot and table chair. I feel a little bit unhygienic in terms of the washroom. If you consider the price it seems a little bit overpriced for me. Overall a good experience and a must visited restaurant.",0,a year ago,"{""dining_mode"": ""Dine in"", ""meal_type"": ""Dinner"", ""price_per_person"": ""₹600–800"", ""food"": 4, ""service_rating"": 5, ""atmosphere"": 4}"
Kapoor's Cafe - HSR Branch,097392 67702,"WM42+62M, 337, 27th Main, Sector 2 HSR Layout Opposite KLM Shopping Mall, BDA Layout, HSR Layout, Bengaluru, Karnataka 560102",12.908018,77.651948,Punjabi restaurant,,ChdDSUhNMG9nS0VJQ0FnSUNIbVoyZm53RRAB,Kapoor's Cafe,DR.Bhavani V Physio,104336789274627075711,True,4,,0,a year ago,"{""dining_mode"": ""Dine in"", ""meal_type"": ""Brunch"", ""price_per_person"": ""₹800–1,000"", ""food"": 3, ""service_rating"": 3, ""atmosphere"": 3}"
Kapoor's Cafe - HSR Branch,097392 67702,"WM42+62M, 337, 27th Main, Sector 2 HSR Layout Opposite KLM Shopping Mall, BDA Layout, HSR Layout, Bengaluru, Karnataka 560102",12.908018,77.651948,Punjabi restaurant,,ChdDSUhNMG9nS0VJQ0FnSUNIaVpHT25BRRAB,Kapoor's Cafe,Rajat Tripathi,113004115680399125648,True,4,"Kapoor’s cafe has a refreshing desi vibe from the moment you step in. The seating arrangement is a unique blend of chairs and traditional Khaats making you feel like you're at a roadside dhaba. The decor adds to this charm with its vibrant colors and cool posters, reminiscent of North Indian roadside eateries, transporting you straight to the heart of India.  The food is equally impressive, offering an authentic North Indian taste. From rich curries to perfectly spiced tandoori items, everything feels true to its roots. The service is quick, and the staff is attentive and responsive, ensuring a smooth dining experience.  If you're looking for a place that combines the essence of a dhaba with city comfort, this spot is definitely worth a visit!",0,a year ago,"{""dining_mode"": ""Dine in"", ""meal_type"": ""Dinner"", ""price_per_person"": ""₹600–800"", ""food"": 4, ""service_rating"": 4, ""atmosphere"": 4, ""vegetarian_recommendation"": ""Highly recommend"", ""vegetarian_offerings"": ""Large vegetarian selection"", ""parking_space"": ""Somewhat difficult to find parking"", ""parking_options"": ""Free street parking""}"
Kapoor's Cafe - HSR Branch,097392 67702,"WM42+62M, 337, 27th Main, Sector 2 HSR Layout Opposite KLM Shopping Mall, BDA Layout, HSR Layout, Bengaluru, Karnataka 560102",12.908018,77.651948,Punjabi restaurant,,ChdDSUhNMG9nS0VJQ0FnSUNIaWVMZXZ3RRAB,Kapoor's Cafe,Saurabh Mishra,111747970745883906302,True,5,,0,a year ago,"{""dining_mode"": ""Dine in"", ""meal_type"": ""Brunch"", ""price_per_person"": ""₹800–1,000"", ""food"": 5, ""service_rating"": 5, ""atmosphere"": 5, ""vegetarian_recommendation"": ""Highly recommend"", ""vegetarian_offerings"": ""Menu is all vegetarian""}"
Kapoor's Cafe - HSR Branch,097392 67702,"WM42+62M, 337, 27th Main, Sector 2 HSR Layout Opposite KLM Shopping Mall, BDA Layout, HSR Layout, Bengaluru, Karnataka 560102",12.908018,77.651948,Punjabi restaurant,,ChdDSUhNMG9nS0VJQ0FnSUNId2FuVGd3RRAB,Kapoor's Cafe,Nanda kumar,115626521384459091019,True,3,,0,a year ago,"{""dining_mode"": ""Dine in"", ""meal_type"": ""Dinner"", ""price_per_person"": ""₹200–400"", ""food"": 3, ""service_rating"": 2, ""atmosphere"": 3}"
Kapoor's Cafe - HSR Branch,097392 67702,"WM42+62M, 337, 27th Main, Sector 2 HSR Layout Opposite KLM Shopping Mall, BDA Layout, HSR Layout, Bengaluru, Karnataka 560102",12.908018,77.651948,Punjabi restaurant,,ChZDSUhNMG9nS0VJQ0FnSUNILXB1dk5BEAE,Kapoor's Cafe,MV V,105892491147425849479,True,5,,0,a year ago,"{""meal_type"": ""Lunch"", ""price_per_person"": ""₹200–400"", ""food"": 5, ""service_rating"": 5, ""atmosphere"": 5}"
Kapoor's Cafe - HSR Branch,097392 67702,"WM42+62M, 337, 27th Main, Sector 2 HSR Layout Opposite KLM Shopping Mall, BDA Layout, HSR Layout, Bengaluru, Karnataka 560102",12.908018,77.651948,Punjabi restaurant,,ChZDSUhNMG9nS0VJQ0FnSUNnM3JMQVNREAE,Kapoor's Cafe,nischal prabhat,107187953453678632810,True,5,,0,Edited a year ago,
Kapoor's Cafe - HSR Branch,097392 67702,"WM42+62M, 337, 27th Main, Sector 2 HSR Layout Opposite KLM Shopping Mall, BDA Layout, HSR Layout, Bengaluru, Karnataka 560102",12.908018,77.651948,Punjabi restaurant,,ChZDSUhNMG9nS0VJQ0FnSUNIcW9pbVZnEAE,Kapoor's Cafe,satwik routray,104527238821494896989,False,4,,0,a year ago,"{""food"": 5, ""service_rating"": 4, ""atmosphere"": 3}"
Kapoor's Cafe - HSR Branch,097392 67702,"WM42+62M, 337, 27th Main, Sector 2 HSR Layout Opposite KLM Shopping Mall, BDA Layout, HSR Layout, Bengaluru, Karnataka 560102",12.908018,77.651948,Punjabi restaurant,,ChZDSUhNMG9nS0VJQ0FnSUNIeXNMbENnEAE,Kapoor's Cafe,Himanshu Mittal,104248925035983265695,False,5,There is a nice meal and a good place for family 🧉,0,a year ago,"{""food"": 4, ""service_rating"": 3, ""atmosphere"": 5}"
Kapoor's Cafe - HSR Branch,097392 67702,"WM42+62M, 337, 27th Main, Sector 2 HSR Layout Opposite KLM Shopping Mall, BDA Layout, HSR Layout, Bengaluru, Karnataka 560102",12.908018,77.651948,Punjabi restaurant,,ChZDSUhNMG9nS0VJQ0FnSUNIOHZxQmZ3EAE,Kapoor's Cafe,Arushi Rastogi,106467379214972132547,False,2,,0,a year ago,
Kapoor's Cafe - HSR Branch,097392 67702,"WM42+62M, 337, 27th Main, Sector 2 HSR Layout Opposite KLM Shopping Mall, BDA Layout, HSR Layout, Bengaluru, Karnataka 560102",12.908018,77.651948,Punjabi restaurant,,ChZDSUhNMG9nS0VJQ0FnSUNIOHBLa0xREAE,Kapoor's Cafe,Saurabh Gupta,117846754787112929710,True,2,Overhyped,0,a year ago,"{""food"": 3, ""service_rating"": 3, ""atmosphere"": 2}"
Kapoor's Cafe - HSR Branch,097392 67702,"WM42+62M, 337, 27th Main, Sector 2 HSR Layout Opposite KLM Shopping Mall, BDA Layout, HSR Layout, Bengaluru, Karnataka 560102",12.908018,77.651948,Punjabi restaurant,,ChZDSUhNMG9nS0VJQ0FnSUNIMHRuSFpBEAE,Kapoor's Cafe,akshay nadkarni,102409284653724084127,True,4,,0,a year ago,"{""dining_mode"": ""Dine in"", ""meal_type"": ""Dinner"", ""food"": 4, ""service_rating"": 3, ""atmosphere"": 3}"
Kapoor's Cafe - HSR Branch,097392 67702,"WM42+62M, 337, 27th Main, Sector 2 HSR Layout Opposite KLM Shopping Mall, BDA Layout, HSR Layout, Bengaluru, Karnataka 560102",12.908018,77.651948,Punjabi restaurant,,ChdDSUhNMG9nS0VJQ0FnSUNIekpuU29RRRAB,Kapoor's Cafe,Mukund K,113125166941801693595,True,1,"Had been here many years ago in Whitefield. Highly disappointed. For the price point, it seemed that justification came by adding loads of oil and ghee. Left more than half the thali, to save the stomach. Aloo parantha was better, but overdone with fat. In Punjabi food, expect emphasis primarily on swaad. Forgettable!",0,a year ago,"{""dining_mode"": ""Dine in"", ""meal_type"": ""Lunch"", ""price_per_person"": ""₹200–400"", ""food"": 1, ""service_rating"": 2, ""atmosphere"": 4}"
Kapoor's Cafe - HSR Branch,097392 67702,"WM42+62M, 337, 27th Main, Sector 2 HSR Layout Opposite KLM Shopping Mall, BDA Layout, HSR Layout, Bengaluru, Karnataka 560102",12.908018,77.651948,Punjabi restaurant,,ChdDSUhNMG9nS0VJQ0FnSUNIMUlPWHd3RRAB,Kapoor's Cafe,Rajesh Kumar,101818682950576912951,True,1,,0,a year ago,"{""dining_mode"": ""Dine in"", ""meal_type"": ""Lunch"", ""price_per_person"": ""₹400–600"", ""food"": 1, ""service_rating"": 1, ""atmosphere"": 1}"
Kapoor's Cafe - HSR Branch,097392 67702,"WM42+62M, 337, 27th Main, Sector 2 HSR Layout Opposite KLM Shopping Mall, BDA Layout, HSR Layout, Bengaluru, Karnataka 560102",12.908018,77.651948,Punjabi restaurant,,ChdDSUhNMG9nS0VJQ0FnSUNIMUtpeTdnRRAB,Kapoor's Cafe,Meenakshi Rao,112288334211460176474,False,1,Food was worst . Bad experience. We didn't had our food properly. Not worth for money. Please think once before going thank you.,0,a year ago,"{""dining_mode"": ""Dine in"", ""meal_type"": ""Lunch"", ""price_per_person"": ""₹400–600"", ""food"": 1, ""service_rating"": 1, ""atmosphere"": 2}"
Kapoor's Cafe - HSR Branch,097392 67702,"WM42+62M, 337, 27th Main, Sector 2 HSR Layout Opposite KLM Shopping Mall, BDA Layout, HSR Layout, Bengaluru, Karnataka 560102",12.908018,77.651948,Punjabi restaurant,,ChdDSUhNMG9nS0VJQ0FnSUNIbEtleTNnRRAB,Kapoor's Cafe,Omkar Kulkarni,102464593981362403931,False,4,,0,a year ago,"{""dining_mode"": ""Dine in"", ""meal_type"": ""Lunch"", ""price_per_person"": ""₹600–800""}"
Kapoor's Cafe - HSR Branch,097392 67702,"WM42+62M, 337, 27th Main, Sector 2 HSR Layout Opposite KLM Shopping Mall, BDA Layout, HSR Layout, Bengaluru, Karnataka 560102",12.908018,77.651948,Punjabi restaurant,,ChdDSUhNMG9nS0VJQ0FnSUNILUp1Sm93RRAB,Kapoor's Cafe,Raj V Reddy,109645691005849233802,True,2,,0,a year ago,"{""dining_mode"": ""Dine in"", ""meal_type"": ""Dinner"", ""price_per_person"": ""₹200–400"", ""food"": 2, ""service_rating"": 3, ""atmosphere"": 3, ""recommended_dishes"": ""Aloo, Dal Makhani and Aloo Paratha, French Fries Punjabi Style"", ""parking_space"": ""Difficult to find parking"", ""parking_options"": ""Parking is unavailable""}"
Kapoor's Cafe - HSR Branch,097392 67702,"WM42+62M, 337, 27th Main, Sector 2 HSR Layout Opposite KLM Shopping Mall, BDA Layout, HSR Layout, Bengaluru, Karnataka 560102",12.908018,77.651948,Punjabi restaurant,,ChdDSUhNMG9nS0VJQ0FnSUNIZ09lTjNBRRAB,Kapoor's Cafe,SHIVAKUMAR KALLI,108390554681740666982,False,5,,0,a year ago,
Kapoor's Cafe - HSR Branch,097392 67702,"WM42+62M, 337, 27th Main, Sector 2 HSR Layout Opposite KLM Shopping Mall, BDA Layout, HSR Layout, Bengaluru, Karnataka 560102",12.908018,77.651948,Punjabi restaurant,,ChZDSUhNMG9nS0VJQ0FnSUNIZ00zcWRREAE,Kapoor's Cafe,Priyesh Gandhi,116391613416396931956,False,1,Very bad experience half of the food items  on menu not available very arrogant behaviour of staff we just had starters and left the paneer pakoda was so disappointing!!!!! Overall a BIG NO!!,0,a year ago,"{""food"": 1, ""service_rating"": 1, ""atmosphere"": 3}"
Kapoor's Cafe - HSR Branch,097392 67702,"WM42+62M, 337, 27th Main, Sector 2 HSR Layout Opposite KLM Shopping Mall, BDA Layout, HSR Layout, Bengaluru, Karnataka 560102",12.908018,77.651948,Punjabi restaurant,,ChdDSUhNMG9nS0VJQ0FnSUNIZ01Ib3VRRRAB,Kapoor's Cafe,Shreya M,117957112279311866000,True,5,,0,a year ago,"{""food"": 5, ""service_rating"": 5, ""atmosphere"": 5}"
Kapoor's Cafe - HSR Branch,097392 67702,"WM42+62M, 337, 27th Main, Sector 2 HSR Layout Opposite KLM Shopping Mall, BDA Layout, HSR Layout, Bengaluru, Karnataka 560102",12.908018,77.651948,Punjabi restaurant,,ChdDSUhNMG9nS0VJQ0FnSUNIZ043dnVnRRAB,Kapoor's Cafe,Avnish Mishra,105704073108795796855,True,3,"Kapoor's cafe has been my favourite place to eat for a long time, however the last two visits have left a lot to desire. The food has been a bit disappointing in the last two visits to this place.",0,a year ago,"{""dining_mode"": ""Dine in"", ""meal_type"": ""Lunch"", ""price_per_person"": ""₹1,000–1,200"", ""food"": 3, ""service_rating"": 4, ""atmosphere"": 4, ""recommended_dishes"": ""Pindi Chole Bhature"", ""vegetarian_recommendation"": ""Somewhat recommend"", ""vegetarian_offerings"": ""Menu is all vegetarian""}"
Kapoor's Cafe - HSR Branch,097392 67702,"WM42+62M, 337, 27th Main, Sector 2 HSR Layout Opposite KLM Shopping Mall, BDA Layout, HSR Layout, Bengaluru, Karnataka 560102",12.908018,77.651948,Punjabi restaurant,,ChZDSUhNMG9nS0VJQ0FnSUQ3N2ItVFZnEAE,Kapoor's Cafe,Parul Mungi,112755925404152906983,False,3,,0,a year ago,
Kapoor's Cafe - HSR Branch,097392 67702,"WM42+62M, 337, 27th Main, Sector 2 HSR Layout Opposite KLM Shopping Mall, BDA Layout, HSR Layout, Bengaluru, Karnataka 560102",12.908018,77.651948,Punjabi restaurant,,ChdDSUhNMG9nS0VJQ0FnSUQ3allfMzhBRRAB,Kapoor's Cafe,Pradeep B,115645354920317301938,True,5,,0,a year ago,"{""dining_mode"": ""Dine in"", ""meal_type"": ""Lunch"", ""price_per_person"": ""₹200–400"", ""food"": 5, ""service_rating"": 5, ""atmosphere"": 5, ""vegetarian_recommendation"": ""Somewhat recommend"", ""vegetarian_offerings"": ""Menu is all vegetarian""}"
Kapoor's Cafe - HSR Branch,097392 67702,"WM42+62M, 337, 27th Main, Sector 2 HSR Layout Opposite KLM Shopping Mall, BDA Layout, HSR Layout, Bengaluru, Karnataka 560102",12.908018,77.651948,Punjabi restaurant,,ChdDSUhNMG9nS0VJQ0FnSUQ3dWQzQWxBRRAB,Kapoor's Cafe,Saurabh Gupta,116744496354369539097,True,3,Over crowded and just hype,0,a year ago,"{""food"": 3, ""service_rating"": 4, ""atmosphere"": 3}"
Kapoor's Cafe - HSR Branch,097392 67702,"WM42+62M, 337, 27th Main, Sector 2 HSR Layout Opposite KLM Shopping Mall, BDA Layout, HSR Layout, Bengaluru, Karnataka 560102",12.908018,77.651948,Punjabi restaurant,,ChdDSUhNMG9nS0VJQ0FnSUQ3cVk3ZnBRRRAB,Kapoor's Cafe,Ruchi Gupta,112617066302323698481,False,3,"Ok place, hype is more waiting time is too long and not worth hard to get parking",0,a year ago,"{""food"": 3, ""service_rating"": 3, ""atmosphere"": 3}"
Kapoor's Cafe - HSR Branch,097392 67702,"WM42+62M, 337, 27th Main, Sector 2 HSR Layout Opposite KLM Shopping Mall, BDA Layout, HSR Layout, Bengaluru, Karnataka 560102",12.908018,77.651948,Punjabi restaurant,,ChZDSUhNMG9nS0VJQ0FnSUQ3cVlLWkN3EAE,Kapoor's Cafe,Pruthviraj Reddy,113514374291982129554,True,3,"If you love north indian food in Bengaluru , a place you can count on . Hygiene is what they have to concentrate on . Must try : Lasi",0,a year ago,"{""dining_mode"": ""Dine in"", ""meal_type"": ""Lunch"", ""price_per_person"": ""₹200–400"", ""food"": 4, ""service_rating"": 3, ""atmosphere"": 3}"
Kapoor's Cafe - HSR Branch,097392 67702,"WM42+62M, 337, 27th Main, Sector 2 HSR Layout Opposite KLM Shopping Mall, BDA Layout, HSR Layout, Bengaluru, Karnataka 560102",12.908018,77.651948,Punjabi restaurant,,ChZDSUhNMG9nS0VJQ0FnSUQ3b2JuT0l3EAE,Kapoor's Cafe,Parameshwar Hegde,103052695459257666178,True,4,Good quantity tasty food. In fact the quantity is heavy for one person in a thali.,0,a year ago,"{""food"": 5, ""service_rating"": 5, ""atmosphere"": 4}"
Kapoor's Cafe - HSR Branch,097392 67702,"WM42+62M, 337, 27th Main, Sector 2 HSR Layout Opposite KLM Shopping Mall, BDA Layout, HSR Layout, Bengaluru, Karnataka 560102",12.908018,77.651948,Punjabi restaurant,,ChdDSUhNMG9nS0VJQ0FnSUM3bmNPS3JnRRAB,Kapoor's Cafe,Anil Patidar,111202414734985579229,True,1,"I am bit surprised to notice that my fingers were left with red colour. are you adding extra colour to give a good look to curries . since i have not noticed this with any of other restaurants in bengaluru.  curries: Veg Kofta, dal makhini",0,Edited a year ago,"{""dining_mode"": ""Dine in"", ""food"": 1, ""service_rating"": 5, ""atmosphere"": 5}"
Kapoor's Cafe - HSR Branch,097392 67702,"WM42+62M, 337, 27th Main, Sector 2 HSR Layout Opposite KLM Shopping Mall, BDA Layout, HSR Layout, Bengaluru, Karnataka 560102",12.908018,77.651948,Punjabi restaurant,,ChdDSUhNMG9nS0VJQ0FnSUQ3LXQ2SXZ3RRAB,Kapoor's Cafe,Shreyas Gujjar,108994542341863763862,True,5,Different set of vibes and traditional Punjabi dhaba style with some musical instruments kept around.,0,a year ago,"{""price_per_person"": ""₹600–800""}"
Kapoor's Cafe - HSR Branch,097392 67702,"WM42+62M, 337, 27th Main, Sector 2 HSR Layout Opposite KLM Shopping Mall, BDA Layout, HSR Layout, Bengaluru, Karnataka 560102",12.908018,77.651948,Punjabi restaurant,,ChZDSUhNMG9nS0VJQ0FnSUQ3NU4zTldREAE,Kapoor's Cafe,Nishtha Mishra,105974856277958071393,False,5,,0,a year ago,
Kapoor's Cafe - HSR Branch,097392 67702,"WM42+62M, 337, 27th Main, Sector 2 HSR Layout Opposite KLM Shopping Mall, BDA Layout, HSR Layout, Bengaluru, Karnataka 560102",12.908018,77.651948,Punjabi restaurant,,ChdDSUhNMG9nS0VJQ0FnSUQ3cEw3LTRBRRAB,Kapoor's Cafe,Chitralekha G,101910241500279004770,True,5,"Great food, nice punjabi atmosphere,  family restaurant",0,a year ago,"{""dining_mode"": ""Dine in"", ""meal_type"": ""Lunch"", ""price_per_person"": ""₹200–400"", ""food"": 5, ""service_rating"": 5, ""atmosphere"": 5, ""recommended_dishes"": ""Dal Makhani and Aloo Paratha"", ""vegetarian_recommendation"": ""Highly recommend"", ""vegetarian_offerings"": ""Menu is all vegetarian""}"
Kapoor's Cafe - HSR Branch,097392 67702,"WM42+62M, 337, 27th Main, Sector 2 HSR Layout Opposite KLM Shopping Mall, BDA Layout, HSR Layout, Bengaluru, Karnataka 560102",12.908018,77.651948,Punjabi restaurant,,ChdDSUhNMG9nS0VJQ0FnSUQ3OE9lS3VnRRAB,Kapoor's Cafe,vikshitha m,115071393241330412062,True,5,The food and wait is worth the hype🥰💯 the service was fast and the ambiance was such a vibe,0,a year ago,"{""dining_mode"": ""Dine in"", ""meal_type"": ""Other"", ""price_per_person"": ""₹200–400"", ""food"": 5, ""service_rating"": 5, ""atmosphere"": 5}"
Kapoor's Cafe - HSR Branch,097392 67702,"WM42+62M, 337, 27th Main, Sector 2 HSR Layout Opposite KLM Shopping Mall, BDA Layout, HSR Layout, Bengaluru, Karnataka 560102",12.908018,77.651948,Punjabi restaurant,,ChZDSUhNMG9nS0VJQ0FnSUM3Mzh6Q0NnEAE,Kapoor's Cafe,Dinesh Krishna,108689010117969830416,True,4,Must try if you are missing north food,0,a year ago,"{""dining_mode"": ""Dine in"", ""meal_type"": ""Dinner"", ""price_per_person"": ""₹1,000–1,200"", ""food"": 5, ""service_rating"": 4, ""atmosphere"": 3}"
Kapoor's Cafe - HSR Branch,097392 67702,"WM42+62M, 337, 27th Main, Sector 2 HSR Layout Opposite KLM Shopping Mall, BDA Layout, HSR Layout, Bengaluru, Karnataka 560102",12.908018,77.651948,Punjabi restaurant,,ChdDSUhNMG9nS0VJQ0FnSUM3M2VuYnRRRRAB,Kapoor's Cafe,Kumar Gandharva Mishra,111282582291906156460,False,2,"Nobody cares if you are there. The attitude of the staff is eat it or go. Try Meghna Biryani, the staff of brilliant despite the fame and popularity.",0,a year ago,"{""dining_mode"": ""Dine in"", ""meal_type"": ""Lunch"", ""price_per_person"": ""₹1,200–1,400"", ""food"": 4, ""service_rating"": 1, ""atmosphere"": 3, ""recommended_dishes"": ""Dal Makhani and Aloo Paratha, Paneer Paratha"", ""vegetarian_recommendation"": ""Somewhat recommend"", ""vegetarian_offerings"": ""Menu is all vegetarian""}"
Kapoor's Cafe - HSR Branch,097392 67702,"WM42+62M, 337, 27th Main, Sector 2 HSR Layout Opposite KLM Shopping Mall, BDA Layout, HSR Layout, Bengaluru, Karnataka 560102",12.908018,77.651948,Punjabi restaurant,,ChZDSUhNMG9nS0VJQ0FnSUM3bFlTU0NBEAE,Kapoor's Cafe,Pratham Preenja,102621365020692878752,True,1,"Extremely spicy food, worst service as we have to go to counter to ask for waiter and place is full of mosquitoes. Wasted money on starters and left the place.",0,a year ago,"{""dining_mode"": ""Dine in"", ""meal_type"": ""Dinner"", ""price_per_person"": ""₹1,000–1,200"", ""food"": 1, ""service_rating"": 1, ""atmosphere"": 1}"
Kapoor's Cafe - HSR Branch,097392 67702,"WM42+62M, 337, 27th Main, Sector 2 HSR Layout Opposite KLM Shopping Mall, BDA Layout, HSR Layout, Bengaluru, Karnataka 560102",12.908018,77.651948,Punjabi restaurant,,ChdDSUhNMG9nS0VJQ0FnSUM3NWVLczJnRRAB,Kapoor's Cafe,Suhas Roddam,100987073293897705679,True,1,,0,a year ago,"{""food"": 1, ""service_rating"": 1, ""atmosphere"": 1}"
Kapoor's Cafe - HSR Branch,097392 67702,"WM42+62M, 337, 27th Main, Sector 2 HSR Layout Opposite KLM Shopping Mall, BDA Layout, HSR Layout, Bengaluru, Karnataka 560102",12.908018,77.651948,Punjabi restaurant,,ChdDSUhNMG9nS0VJQ0FnSUM3dnRqQS1BRRAB,Kapoor's Cafe,Shreetam Rout,111401361556957789321,True,4,,0,a year ago,"{""dining_mode"": ""Dine in"", ""meal_type"": ""Dinner"", ""price_per_person"": ""₹400–600"", ""food"": 4, ""service_rating"": 4, ""atmosphere"": 5, ""vegetarian_recommendation"": ""Highly recommend"", ""vegetarian_offerings"": ""Menu is all vegetarian, Large vegetarian selection""}"
Kapoor's Cafe - HSR Branch,097392 67702,"WM42+62M, 337, 27th Main, Sector 2 HSR Layout Opposite KLM Shopping Mall, BDA Layout, HSR Layout, Bengaluru, Karnataka 560102",12.908018,77.651948,Punjabi restaurant,,ChZDSUhNMG9nS0VJQ0FnSUM3NW8tNlhnEAE,Kapoor's Cafe,Premkumar G,115991107067744895391,True,3,,0,a year ago,
Kapoor's Cafe - HSR Branch,097392 67702,"WM42+62M, 337, 27th Main, Sector 2 HSR Layout Opposite KLM Shopping Mall, BDA Layout, HSR Layout, Bengaluru, Karnataka 560102",12.908018,77.651948,Punjabi restaurant,,ChdDSUhNMG9nS0VJQ0FnSUM3c3ZyR21nRRAB,Kapoor's Cafe,Renu Malhotra,102447140250381944224,False,4,Good place. Good food. Good staff.,0,a year ago,"{""dining_mode"": ""Dine in"", ""meal_type"": ""Breakfast"", ""price_per_person"": ""₹600–800"", ""food"": 5, ""service_rating"": 4, ""atmosphere"": 5, ""recommended_dishes"": ""Dal Makhani and Aloo Paratha, Paneer Paratha"", ""vegetarian_recommendation"": ""Highly recommend"", ""vegetarian_offerings"": ""Menu is all vegetarian""}"
Kapoor's Cafe - HSR Branch,097392 67702,"WM42+62M, 337, 27th Main, Sector 2 HSR Layout Opposite KLM Shopping Mall, BDA Layout, HSR Layout, Bengaluru, Karnataka 560102",12.908018,77.651948,Punjabi restaurant,,ChdDSUhNMG9nS0VJQ0FnSUM3bkoyd2dnRRAB,Kapoor's Cafe,Nisith Pati,111751556388412656003,True,4,,0,a year ago,"{""dining_mode"": ""Dine in"", ""meal_type"": ""Lunch"", ""price_per_person"": ""₹600–800"", ""food"": 5, ""service_rating"": 4, ""atmosphere"": 4, ""vegetarian_recommendation"": ""Highly recommend"", ""vegetarian_offerings"": ""Menu is all vegetarian""}"
Kapoor's Cafe - HSR Branch,097392 67702,"WM42+62M, 337, 27th Main, Sector 2 HSR Layout Opposite KLM Shopping Mall, BDA Layout, HSR Layout, Bengaluru, Karnataka 560102",12.908018,77.651948,Punjabi restaurant,,ChZDSUhNMG9nS0VJQ0FnSUM3eE96TVRnEAE,Kapoor's Cafe,Ninad Magdum,108022092271087370580,True,1,Worst poha,0,a year ago,"{""dining_mode"": ""Delivery"", ""meal_type"": ""Breakfast"", ""price_per_person"": ""₹1–200"", ""food"": 1, ""service_rating"": 3, ""atmosphere"": 3}"
Kapoor's Cafe - HSR Branch,097392 67702,"WM42+62M, 337, 27th Main, Sector 2 HSR Layout Opposite KLM Shopping Mall, BDA Layout, HSR Layout, Bengaluru, Karnataka 560102",12.908018,77.651948,Punjabi restaurant,,ChdDSUhNMG9nS0VJQ0FnSUM3aE9HWHZnRRAB,Kapoor's Cafe,Kartik Tripathi,108147102910529128162,True,5,,0,a year ago,"{""food"": 5, ""service_rating"": 5, ""atmosphere"": 5}"
Kapoor's Cafe - HSR Branch,097392 67702,"WM42+62M, 337, 27th Main, Sector 2 HSR Layout Opposite KLM Shopping Mall, BDA Layout, HSR Layout, Bengaluru, Karnataka 560102",12.908018,77.651948,Punjabi restaurant,,ChdDSUhNMG9nS0VJQ0FnSUM3d09pMHh3RRAB,Kapoor's Cafe,Shruti Jha,114080119309039305757,False,1,"Place is really smelly, pillows they have kept is also very dirty and smelly, i ordered palak paneer and it was having sand particles. When i took one bite i can feel that kich kich…..i dont. No parking you have to Park your vehicle on road side.I ordered chole bhature, bhature was having black particles when you use same oil multiple times",0,a year ago,"{""dining_mode"": ""Dine in"", ""meal_type"": ""Lunch"", ""price_per_person"": ""₹400–600"", ""food"": 1, ""service_rating"": 1, ""atmosphere"": 1}"
Kapoor's Cafe - HSR Branch,097392 67702,"WM42+62M, 337, 27th Main, Sector 2 HSR Layout Opposite KLM Shopping Mall, BDA Layout, HSR Layout, Bengaluru, Karnataka 560102",12.908018,77.651948,Punjabi restaurant,,ChdDSUhNMG9nS0VJQ0FnSURidjRuWjBRRRAB,Kapoor's Cafe,Dhiraj Ranit,100967641905327386704,True,4,,0,a year ago,"{""dining_mode"": ""Dine in"", ""meal_type"": ""Dinner"", ""price_per_person"": ""₹400–600"", ""food"": 3, ""service_rating"": 2, ""atmosphere"": 4}"
Kapoor's Cafe - HSR Branch,097392 67702,"WM42+62M, 337, 27th Main, Sector 2 HSR Layout Opposite KLM Shopping Mall, BDA Layout, HSR Layout, Bengaluru, Karnataka 560102",12.908018,77.651948,Punjabi restaurant,,ChZDSUhNMG9nS0VJQ0FnSURial9HWFhnEAE,Kapoor's Cafe,Sudeeti Chaturvedi,114302071805130404528,True,1,"I went there today for the first time. The service was really bad and I started feeling unhealthy after having partial meals. They used unhealthy ingredients for cooking. It has made me sick. Moreover they have no elevator service for their customers. Their staff is using elevator to carry utensils. I wonder for what are they charging so high, if neither the quality nor the service is good. All in all, over hyped, I didn't have a good experience and would never recommend anyone",0,a year ago,"{""dining_mode"": ""Dine in"", ""meal_type"": ""Lunch"", ""price_per_person"": ""₹1,000–1,200"", ""food"": 1, ""service_rating"": 1, ""atmosphere"": 1}"
Kapoor's Cafe - HSR Branch,097392 67702,"WM42+62M, 337, 27th Main, Sector 2 HSR Layout Opposite KLM Shopping Mall, BDA Layout, HSR Layout, Bengaluru, Karnataka 560102",12.908018,77.651948,Punjabi restaurant,,ChdDSUhNMG9nS0VJQ0FnSURiajlxcHR3RRAB,Kapoor's Cafe,Deep Swami,107014744158185830016,True,5,,0,a year ago,
Kapoor's Cafe - HSR Branch,097392 67702,"WM42+62M, 337, 27th Main, Sector 2 HSR Layout Opposite KLM Shopping Mall, BDA Layout, HSR Layout, Bengaluru, Karnataka 560102",12.908018,77.651948,Punjabi restaurant,,ChZDSUhNMG9nS0VJQ0FnSURiMTZ5YUR3EAE,Kapoor's Cafe,Jigar jhuria,107922663948633241521,False,1,"Worst service I have ever seen, we went there from Indiranagar before closing time and the staff refused to take order from us and he’s taking orders from others. We requested him but he is so arrogant.",0,a year ago,"{""food"": 1, ""service_rating"": 1, ""atmosphere"": 1}"
Kapoor's Cafe - HSR Branch,097392 67702,"WM42+62M, 337, 27th Main, Sector 2 HSR Layout Opposite KLM Shopping Mall, BDA Layout, HSR Layout, Bengaluru, Karnataka 560102",12.908018,77.651948,Punjabi restaurant,,ChZDSUhNMG9nS0VJQ0FnSURiODR5S2FnEAE,Kapoor's Cafe,Brijesh Bhalodiya,114806012688037374376,False,5,,0,a year ago,"{""dining_mode"": ""Dine in"", ""meal_type"": ""Dinner"", ""price_per_person"": ""₹400–600"", ""food"": 5, ""service_rating"": 4, ""atmosphere"": 5, ""vegetarian_recommendation"": ""Highly recommend"", ""vegetarian_offerings"": ""Menu is all vegetarian""}"
Kapoor's Cafe - HSR Branch,097392 67702,"WM42+62M, 337, 27th Main, Sector 2 HSR Layout Opposite KLM Shopping Mall, BDA Layout, HSR Layout, Bengaluru, Karnataka 560102",12.908018,77.651948,Punjabi restaurant,,ChZDSUhNMG9nS0VJQ0FnSURidlpXeEtBEAE,Kapoor's Cafe,Charu Chauhan,101126884470416014191,True,5,,0,a year ago,"{""dining_mode"": ""Dine in"", ""meal_type"": ""Lunch"", ""price_per_person"": ""₹600–800"", ""food"": 5, ""service_rating"": 4, ""atmosphere"": 5, ""recommended_dishes"": ""Paneer Butter"", ""vegetarian_recommendation"": ""Highly recommend"", ""vegetarian_offerings"": ""Large vegetarian selection"", ""parking_space"": ""Somewhat difficult to find parking"", ""parking_options"": ""Free street parking""}"
Kapoor's Cafe - HSR Branch,097392 67702,"WM42+62M, 337, 27th Main, Sector 2 HSR Layout Opposite KLM Shopping Mall, BDA Layout, HSR Layout, Bengaluru, Karnataka 560102",12.908018,77.651948,Punjabi restaurant,,ChdDSUhNMG9nS0VJQ0FnSURibGMyaDZBRRAB,Kapoor's Cafe,prerna jaiswal,117233418388405790220,True,5,,0,a year ago,
Kapoor's Cafe - HSR Branch,097392 67702,"WM42+62M, 337, 27th Main, Sector 2 HSR Layout Opposite KLM Shopping Mall, BDA Layout, HSR Layout, Bengaluru, Karnataka 560102",12.908018,77.651948,Punjabi restaurant,,ChZDSUhNMG9nS0VJQ0FnSURicnF1ZmNREAE,Kapoor's Cafe,Divya R,111775146778351081796,False,1,Never really expected such a bad service. Bro u literally order thali n they took legit more than 45 min to give the only thing they prepare in the cafe . Very bad experience do not visit please. Never going again. Waste of time n money,0,a year ago,
Kapoor's Cafe - HSR Branch,097392 67702,"WM42+62M, 337, 27th Main, Sector 2 HSR Layout Opposite KLM Shopping Mall, BDA Layout, HSR Layout, Bengaluru, Karnataka 560102",12.908018,77.651948,Punjabi restaurant,,ChdDSUhNMG9nS0VJQ0FnSURidHV1bXhRRRAB,Kapoor's Cafe,Aman Bhardwaj,114769269400909375631,False,4,,0,a year ago,"{""dining_mode"": ""Dine in"", ""meal_type"": ""Dinner"", ""price_per_person"": ""₹400–600"", ""food"": 4, ""service_rating"": 4, ""atmosphere"": 3, ""recommended_dishes"": ""Paneer Paratha, Pindi Chole Bhature"", ""vegetarian_recommendation"": ""Highly recommend"", ""vegetarian_offerings"": ""Menu is all vegetarian""}"
Kapoor's Cafe - HSR Branch,097392 67702,"WM42+62M, 337, 27th Main, Sector 2 HSR Layout Opposite KLM Shopping Mall, BDA Layout, HSR Layout, Bengaluru, Karnataka 560102",12.908018,77.651948,Punjabi restaurant,,ChdDSUhNMG9nS0VJQ0FnSURidHFLSHB3RRAB,Kapoor's Cafe,Saloni Verma,116952303915787120724,False,1,Khana bilkul tasteless hai or sath me chuhe or cockroach table ke pas ghumte rhte hai,0,a year ago,"{""dining_mode"": ""Dine in"", ""meal_type"": ""Dinner"", ""price_per_person"": ""₹1,000–1,200"", ""food"": 1, ""service_rating"": 1, ""atmosphere"": 1}"
Kapoor's Cafe - HSR Branch,097392 67702,"WM42+62M, 337, 27th Main, Sector 2 HSR Layout Opposite KLM Shopping Mall, BDA Layout, HSR Layout, Bengaluru, Karnataka 560102",12.908018,77.651948,Punjabi restaurant,,ChZDSUhNMG9nS0VJQ0FnSURiaHIyV1BnEAE,Kapoor's Cafe,Ana Farhat,117450403006644916002,True,4,,0,a year ago,"{""dining_mode"": ""Dine in"", ""meal_type"": ""Dinner"", ""price_per_person"": ""₹400–600"", ""food"": 5, ""service_rating"": 4, ""atmosphere"": 4, ""recommended_dishes"": ""Pindi Chole Bhature, Crispy Corn Punjabi Style, Assorted Pakora Platter""}"
Kapoor's Cafe - HSR Branch,097392 67702,"WM42+62M, 337, 27th Main, Sector 2 HSR Layout Opposite KLM Shopping Mall, BDA Layout, HSR Layout, Bengaluru, Karnataka 560102",12.908018,77.651948,Punjabi restaurant,,ChdDSUhNMG9nS0VJQ0FnSURiLXRLZjFBRRAB,Kapoor's Cafe,komal bisoyi,118052783191078527223,False,1,,0,a year ago,"{""dining_mode"": ""Dine in"", ""meal_type"": ""Dinner"", ""price_per_person"": ""₹1,800–2,000"", ""food"": 4, ""service_rating"": 1, ""atmosphere"": 2}"
Kapoor's Cafe - HSR Branch,097392 67702,"WM42+62M, 337, 27th Main, Sector 2 HSR Layout Opposite KLM Shopping Mall, BDA Layout, HSR Layout, Bengaluru, Karnataka 560102",12.908018,77.651948,Punjabi restaurant,,ChZDSUhNMG9nS0VJQ0FnSURieXBtOUpREAE,Kapoor's Cafe,Srijan Rastogi,112378686627371045312,True,5,,0,a year ago,"{""dining_mode"": ""Dine in"", ""meal_type"": ""Brunch"", ""price_per_person"": ""₹400–600"", ""food"": 5, ""service_rating"": 4, ""atmosphere"": 4, ""recommended_dishes"": ""Cheese Balls, Cheese Burst Paratha 1 PC - Whole Wheat, Pindi Chole Bhature, Crispy Corn Punjabi Style"", ""vegetarian_recommendation"": ""Highly recommend""}"
Kapoor's Cafe - HSR Branch,097392 67702,"WM42+62M, 337, 27th Main, Sector 2 HSR Layout Opposite KLM Shopping Mall, BDA Layout, HSR Layout, Bengaluru, Karnataka 560102",12.908018,77.651948,Punjabi restaurant,,ChdDSUhNMG9nS0VJQ0FnSURidk9lZ21BRRAB,Kapoor's Cafe,Subhranta Biswal,118345590677168246494,False,3,Price is bit high,0,a year ago,"{""dining_mode"": ""Dine in"", ""food"": 4, ""service_rating"": 3, ""atmosphere"": 5}"
Kapoor's Cafe - HSR Branch,097392 67702,"WM42+62M, 337, 27th Main, Sector 2 HSR Layout Opposite KLM Shopping Mall, BDA Layout, HSR Layout, Bengaluru, Karnataka 560102",12.908018,77.651948,Punjabi restaurant,,ChZDSUhNMG9nS0VJQ0FnSURidEx6alpREAE,Kapoor's Cafe,shashank s,108645421100629150305,True,5,,0,a year ago,"{""price_per_person"": ""₹200–400"", ""food"": 5, ""service_rating"": 4, ""atmosphere"": 5}"
Kapoor's Cafe - HSR Branch,097392 67702,"WM42+62M, 337, 27th Main, Sector 2 HSR Layout Opposite KLM Shopping Mall, BDA Layout, HSR Layout, Bengaluru, Karnataka 560102",12.908018,77.651948,Punjabi restaurant,,ChZDSUhNMG9nS0VJQ0FnSUNiejZTeE5BEAE,Kapoor's Cafe,prasanna balachandran,103913748402498166465,True,3,Had a great Punjabi food with full of taste & hygiene.. Their ambience looks like exact North Indian.. Must try Aalo paratha😋,0,a year ago,"{""food"": 3, ""service_rating"": 3, ""atmosphere"": 3}"
Kapoor's Cafe - HSR Branch,097392 67702,"WM42+62M, 337, 27th Main, Sector 2 HSR Layout Opposite KLM Shopping Mall, BDA Layout, HSR Layout, Bengaluru, Karnataka 560102",12.908018,77.651948,Punjabi restaurant,,ChZDSUhNMG9nS0VJQ0FnSUNieDZ2QUhBEAE,Kapoor's Cafe,Rohit Das,102524551255447527976,False,5,,0,a year ago,"{""food"": 5}"
Kapoor's Cafe - HSR Branch,097392 67702,"WM42+62M, 337, 27th Main, Sector 2 HSR Layout Opposite KLM Shopping Mall, BDA Layout, HSR Layout, Bengaluru, Karnataka 560102",12.908018,77.651948,Punjabi restaurant,,ChZDSUhNMG9nS0VJQ0FnSUNiaF8ySk1REAE,Kapoor's Cafe,Anil Kumar P.G,113102561247897898945,True,5,,0,a year ago,"{""food"": 5, ""service_rating"": 5, ""atmosphere"": 5}"
Kapoor's Cafe - HSR Branch,097392 67702,"WM42+62M, 337, 27th Main, Sector 2 HSR Layout Opposite KLM Shopping Mall, BDA Layout, HSR Layout, Bengaluru, Karnataka 560102",12.908018,77.651948,Punjabi restaurant,,ChZDSUhNMG9nS0VJQ0FnSUNiMjdmeVBREAE,Kapoor's Cafe,Gourav R,106511999871485167458,True,5,,0,a year ago,"{""dining_mode"": ""Dine in"", ""meal_type"": ""Dinner"", ""price_per_person"": ""₹200–400"", ""food"": 5, ""service_rating"": 5, ""atmosphere"": 5, ""recommended_dishes"": ""Pindi Chole Bhature""}"
Kapoor's Cafe - HSR Branch,097392 67702,"WM42+62M, 337, 27th Main, Sector 2 HSR Layout Opposite KLM Shopping Mall, BDA Layout, HSR Layout, Bengaluru, Karnataka 560102",12.908018,77.651948,Punjabi restaurant,,ChZDSUhNMG9nS0VJQ0FnSUNiazU2WFNREAE,Kapoor's Cafe,SudiRishu,106892221960010686165,True,4,veg kabab lived up to its name.. lassi tasted like authentic Punjabi lassi.. cheese burst Paratha was overloaded with cheese.. paneer lababdar was delicious..  the place gives you a good Punjabi dhaba feels with both table-chair and khatiya option for seating,0,a year ago,"{""dining_mode"": ""Dine in"", ""meal_type"": ""Lunch"", ""price_per_person"": ""₹400–600"", ""food"": 4, ""service_rating"": 4, ""atmosphere"": 4}"
Kapoor's Cafe - HSR Branch,097392 67702,"WM42+62M, 337, 27th Main, Sector 2 HSR Layout Opposite KLM Shopping Mall, BDA Layout, HSR Layout, Bengaluru, Karnataka 560102",12.908018,77.651948,Punjabi restaurant,,ChZDSUhNMG9nS0VJQ0FnSUNiaVp1c0tREAE,Kapoor's Cafe,Karan,107994077219442049216,True,4,,0,a year ago,"{""dining_mode"": ""Dine in"", ""meal_type"": ""Lunch"", ""price_per_person"": ""₹2,000+"", ""food"": 4, ""service_rating"": 4, ""atmosphere"": 4}"
Kapoor's Cafe - HSR Branch,097392 67702,"WM42+62M, 337, 27th Main, Sector 2 HSR Layout Opposite KLM Shopping Mall, BDA Layout, HSR Layout, Bengaluru, Karnataka 560102",12.908018,77.651948,Punjabi restaurant,,ChdDSUhNMG9nS0VJQ0FnSUNic2RfWHNBRRAB,Kapoor's Cafe,Sarthak Johari,105398421062075066034,True,5,,0,a year ago,"{""food"": 5, ""service_rating"": 5, ""atmosphere"": 5}"
Kapoor's Cafe - HSR Branch,097392 67702,"WM42+62M, 337, 27th Main, Sector 2 HSR Layout Opposite KLM Shopping Mall, BDA Layout, HSR Layout, Bengaluru, Karnataka 560102",12.908018,77.651948,Punjabi restaurant,,ChNDSUhNMG9nS0VJQ0FnSUNia1FJEAE,Kapoor's Cafe,Ajit Ranjan,117049960276383391926,False,5,,0,a year ago,"{""dining_mode"": ""Dine in"", ""meal_type"": ""Lunch"", ""price_per_person"": ""₹400–600"", ""food"": 5, ""service_rating"": 5, ""atmosphere"": 5}"
Kapoor's Cafe - HSR Branch,097392 67702,"WM42+62M, 337, 27th Main, Sector 2 HSR Layout Opposite KLM Shopping Mall, BDA Layout, HSR Layout, Bengaluru, Karnataka 560102",12.908018,77.651948,Punjabi restaurant,,ChZDSUhNMG9nS0VJQ0FnSUNiX3FPUWN3EAE,Kapoor's Cafe,H Duhar,116956703358440406973,True,2,,0,a year ago,"{""dining_mode"": ""Dine in"", ""meal_type"": ""Dinner"", ""price_per_person"": ""₹1,400–1,600"", ""food"": 2, ""service_rating"": 3, ""atmosphere"": 3}"
Kapoor's Cafe - HSR Branch,097392 67702,"WM42+62M, 337, 27th Main, Sector 2 HSR Layout Opposite KLM Shopping Mall, BDA Layout, HSR Layout, Bengaluru, Karnataka 560102",12.908018,77.651948,Punjabi restaurant,,ChdDSUhNMG9nS0VJQ0FnSUNicnI2YWx3RRAB,Kapoor's Cafe,Naveen Kumar,103597861182194593634,False,1,We visited on 26/7/2024. The food was very worst. Even hospitality. First they will bring food and street asking only they are giving plates and not serving food also. They are saying you have to serve yourself. Over all 0 eating.,0,a year ago,
Kapoor's Cafe - HSR Branch,097392 67702,"WM42+62M, 337, 27th Main, Sector 2 HSR Layout Opposite KLM Shopping Mall, BDA Layout, HSR Layout, Bengaluru, Karnataka 560102",12.908018,77.651948,Punjabi restaurant,,ChdDSUhNMG9nS0VJQ0FnSUNibHZTQjJRRRAB,Kapoor's Cafe,Anoop Sharma,107503973686366009992,False,5,Nice food with excellent lassi,0,a year ago,"{""food"": 5, ""service_rating"": 5, ""atmosphere"": 5}"
Kapoor's Cafe - HSR Branch,097392 67702,"WM42+62M, 337, 27th Main, Sector 2 HSR Layout Opposite KLM Shopping Mall, BDA Layout, HSR Layout, Bengaluru, Karnataka 560102",12.908018,77.651948,Punjabi restaurant,,ChZDSUhNMG9nS0VJQ0FnSUNiaHEtcVFnEAE,Kapoor's Cafe,ANKIT SOLANKI,106039966800075847522,True,1,,0,a year ago,"{""food"": 1, ""service_rating"": 2, ""atmosphere"": 1}"
Kapoor's Cafe - HSR Branch,097392 67702,"WM42+62M, 337, 27th Main, Sector 2 HSR Layout Opposite KLM Shopping Mall, BDA Layout, HSR Layout, Bengaluru, Karnataka 560102",12.908018,77.651948,Punjabi restaurant,,ChdDSUhNMG9nS0VJQ0FnSUNiaXBhVjhBRRAB,Kapoor's Cafe,Taj Taj Uddin,117713598826623068236,False,1,,0,a year ago,
Kapoor's Cafe - HSR Branch,097392 67702,"WM42+62M, 337, 27th Main, Sector 2 HSR Layout Opposite KLM Shopping Mall, BDA Layout, HSR Layout, Bengaluru, Karnataka 560102",12.908018,77.651948,Punjabi restaurant,,ChZDSUhNMG9nS0VJQ0FnSUNiZ3YyWVBREAE,Kapoor's Cafe,AJ Ruhan Roy,100454353016501982459,True,5,Nice,0,a year ago,"{""food"": 5, ""service_rating"": 5, ""atmosphere"": 5}"
Kapoor's Cafe - HSR Branch,097392 67702,"WM42+62M, 337, 27th Main, Sector 2 HSR Layout Opposite KLM Shopping Mall, BDA Layout, HSR Layout, Bengaluru, Karnataka 560102",12.908018,77.651948,Punjabi restaurant,,ChZDSUhNMG9nS0VJQ0FnSUNicEl5V2VBEAE,Kapoor's Cafe,Sweta Subhashree,108067778272853416780,True,5,I loved the chhole Kulcha served there. It's very soft. Can try aalu stuffed Parathas.,0,a year ago,"{""food"": 5, ""service_rating"": 5, ""atmosphere"": 4}"
Kapoor's Cafe - HSR Branch,097392 67702,"WM42+62M, 337, 27th Main, Sector 2 HSR Layout Opposite KLM Shopping Mall, BDA Layout, HSR Layout, Bengaluru, Karnataka 560102",12.908018,77.651948,Punjabi restaurant,,ChdDSUhNMG9nS0VJQ0FnSUNicU1QVTRBRRAB,Kapoor's Cafe,Shweta Srivastava,103072071725068445554,True,5,,0,a year ago,"{""food"": 5, ""service_rating"": 5, ""atmosphere"": 5}"
Kapoor's Cafe - HSR Branch,097392 67702,"WM42+62M, 337, 27th Main, Sector 2 HSR Layout Opposite KLM Shopping Mall, BDA Layout, HSR Layout, Bengaluru, Karnataka 560102",12.908018,77.651948,Punjabi restaurant,,ChZDSUhNMG9nS0VJQ0FnSURydjVMZ0dREAE,Kapoor's Cafe,falguni patel,115599011946233622865,False,1,"Worst food , and worst place you will not at all like the food its and they are charging very high service charge and even the food charges very high compare to quality they are providing, very bad",0,a year ago,"{""food"": 1, ""service_rating"": 1, ""atmosphere"": 1}"
Kapoor's Cafe - HSR Branch,097392 67702,"WM42+62M, 337, 27th Main, Sector 2 HSR Layout Opposite KLM Shopping Mall, BDA Layout, HSR Layout, Bengaluru, Karnataka 560102",12.908018,77.651948,Punjabi restaurant,,ChZDSUhNMG9nS0VJQ0FnSURycjdTTkpBEAE,Kapoor's Cafe,manasa Panasala,111361418946060197336,False,4,very good taste,0,a year ago,"{""food"": 4, ""service_rating"": 4}"
Kapoor's Cafe - HSR Branch,097392 67702,"WM42+62M, 337, 27th Main, Sector 2 HSR Layout Opposite KLM Shopping Mall, BDA Layout, HSR Layout, Bengaluru, Karnataka 560102",12.908018,77.651948,Punjabi restaurant,,ChZDSUhNMG9nS0VJQ0FnSURHcDlMZkF3EAE,Kapoor's Cafe,Ganesh Sekar,108553998231412675187,True,5,,0,Edited a year ago,
Kapoor's Cafe - HSR Branch,097392 67702,"WM42+62M, 337, 27th Main, Sector 2 HSR Layout Opposite KLM Shopping Mall, BDA Layout, HSR Layout, Bengaluru, Karnataka 560102",12.908018,77.651948,Punjabi restaurant,,ChdDSUhNMG9nS0VJQ0FnSURvbDQtTC13RRAB,Kapoor's Cafe,Vishal Goel,108834757268372881533,True,4,Good place for punjabi food.,0,Edited a year ago,"{""dining_mode"": ""Dine in"", ""meal_type"": ""Lunch"", ""price_per_person"": ""₹400–600"", ""food"": 3, ""service_rating"": 4, ""atmosphere"": 3}"
Kapoor's Cafe - HSR Branch,097392 67702,"WM42+62M, 337, 27th Main, Sector 2 HSR Layout Opposite KLM Shopping Mall, BDA Layout, HSR Layout, Bengaluru, Karnataka 560102",12.908018,77.651948,Punjabi restaurant,,ChdDSUhNMG9nS0VJQ0FnSURybHN2eGtnRRAB,Kapoor's Cafe,Rohit Kumar,101436924361244536309,True,3,"Food is good but spicy, but i expected more for lassi as i come from chandigarh side, lassi was just curd mixed with sugar. This is not lassi at all. Proper punjabi lassi is made differently, in that process you also extract pure makhhan. It's like average punjabi restaurant from north side. North have way better punjabi food restaurants. Cost effective",0,a year ago,"{""dining_mode"": ""Dine in"", ""meal_type"": ""Dinner"", ""price_per_person"": ""₹600–800"", ""food"": 4, ""service_rating"": 4, ""atmosphere"": 5}"
Kapoor's Cafe - HSR Branch,097392 67702,"WM42+62M, 337, 27th Main, Sector 2 HSR Layout Opposite KLM Shopping Mall, BDA Layout, HSR Layout, Bengaluru, Karnataka 560102",12.908018,77.651948,Punjabi restaurant,,ChRDSUhNMG9nS0VJQ0FnSURyaHNGRhAB,Kapoor's Cafe,harendra singh mahour,115290959391623223864,True,2,,0,a year ago,"{""price_per_person"": ""₹400–600"", ""food"": 3, ""service_rating"": 1, ""atmosphere"": 1}"
Kapoor's Cafe - HSR Branch,097392 67702,"WM42+62M, 337, 27th Main, Sector 2 HSR Layout Opposite KLM Shopping Mall, BDA Layout, HSR Layout, Bengaluru, Karnataka 560102",12.908018,77.651948,Punjabi restaurant,,ChdDSUhNMG9nS0VJQ0FnSURyaXJmMXVBRRAB,Kapoor's Cafe,Tuhina Pal,104838424932067566930,False,2,,0,a year ago,"{""dining_mode"": ""Dine in"", ""meal_type"": ""Dinner"", ""food"": 2, ""service_rating"": 3, ""atmosphere"": 3}"
Kapoor's Cafe - HSR Branch,097392 67702,"WM42+62M, 337, 27th Main, Sector 2 HSR Layout Opposite KLM Shopping Mall, BDA Layout, HSR Layout, Bengaluru, Karnataka 560102",12.908018,77.651948,Punjabi restaurant,,ChZDSUhNMG9nS0VJQ0FnSURyb3IzaFN3EAE,Kapoor's Cafe,Hanuman Yarra,103375148905563267661,True,5,,0,a year ago,
Kapoor's Cafe - HSR Branch,097392 67702,"WM42+62M, 337, 27th Main, Sector 2 HSR Layout Opposite KLM Shopping Mall, BDA Layout, HSR Layout, Bengaluru, Karnataka 560102",12.908018,77.651948,Punjabi restaurant,,ChdDSUhNMG9nS0VJQ0FnSURycE5QSDRBRRAB,Kapoor's Cafe,Saranyan Sridharan,106705849470308640475,False,4,,0,a year ago,
Kapoor's Cafe - HSR Branch,097392 67702,"WM42+62M, 337, 27th Main, Sector 2 HSR Layout Opposite KLM Shopping Mall, BDA Layout, HSR Layout, Bengaluru, Karnataka 560102",12.908018,77.651948,Punjabi restaurant,,ChdDSUhNMG9nS0VJQ0FnSURyLU1fTzVRRRAB,Kapoor's Cafe,Muskan Bothra,116156720424891879107,True,3,Food is good. Can get better. Tandoor items must be included!  They need major change in services. Their staff never pays attention to the customer. I have been there multiple times and you can never get attention of their waiters.,0,a year ago,"{""dining_mode"": ""Dine in"", ""meal_type"": ""Lunch"", ""price_per_person"": ""₹400–600"", ""food"": 4, ""service_rating"": 1, ""atmosphere"": 4}"
Kapoor's Cafe - HSR Branch,097392 67702,"WM42+62M, 337, 27th Main, Sector 2 HSR Layout Opposite KLM Shopping Mall, BDA Layout, HSR Layout, Bengaluru, Karnataka 560102",12.908018,77.651948,Punjabi restaurant,,ChdDSUhNMG9nS0VJQ0FnSURyLUt2VGxRRRAB,Kapoor's Cafe,Sumit Kumar,108840149815071314303,False,1,,0,a year ago,"{""dining_mode"": ""Dine in"", ""meal_type"": ""Dinner"", ""food"": 2, ""service_rating"": 1, ""atmosphere"": 1}"
Kapoor's Cafe - HSR Branch,097392 67702,"WM42+62M, 337, 27th Main, Sector 2 HSR Layout Opposite KLM Shopping Mall, BDA Layout, HSR Layout, Bengaluru, Karnataka 560102",12.908018,77.651948,Punjabi restaurant,,ChdDSUhNMG9nS0VJQ0FnSURydU9MMWdnRRAB,Kapoor's Cafe,Radhakanta Samantara,100239205095513810249,True,2,"The seating area is very congested, making it uncomfortable to sit at the chairs and tables. The most concerning issue is the presence of pigeons all around, which is unhygienic. Surprisingly, the hotel staff doesn't seem to be addressing this problem. Additionally, the food is overly rich in spices and oil.",0,a year ago,"{""food"": 3, ""service_rating"": 3, ""atmosphere"": 1}"
Kapoor's Cafe - HSR Branch,097392 67702,"WM42+62M, 337, 27th Main, Sector 2 HSR Layout Opposite KLM Shopping Mall, BDA Layout, HSR Layout, Bengaluru, Karnataka 560102",12.908018,77.651948,Punjabi restaurant,,ChdDSUhNMG9nS0VJQ0FnSURyMkxUaXNnRRAB,Kapoor's Cafe,Darpan Sachania,100082013197081224304,True,4,Food is great. Felt too full after having dinner here,0,a year ago,"{""dining_mode"": ""Dine in"", ""meal_type"": ""Dinner"", ""price_per_person"": ""₹400–600"", ""food"": 5, ""service_rating"": 3, ""atmosphere"": 3}"
Kapoor's Cafe - HSR Branch,097392 67702,"WM42+62M, 337, 27th Main, Sector 2 HSR Layout Opposite KLM Shopping Mall, BDA Layout, HSR Layout, Bengaluru, Karnataka 560102",12.908018,77.651948,Punjabi restaurant,,ChdDSUhNMG9nS0VJQ0FnSURyc1B5cmxnRRAB,Kapoor's Cafe,Shrisha,103399156901502524382,True,3,"Ordered 3 paranthas and gur lassi. Palak base mattar parantha was very spicy, would not recommend. Cheese burst was good, kind of like a cheesy sandwich with tomato, onion and green chillies. Paneer pyaaz parantha was good as expected. Curd provided is too little and they charge ₹50 for another serving of the same small portion. This felt too expensive for plain curd. Was not offered pickle with paranthas and had to ask for it. Kind of a miss on the service. Gur lassi was good.",0,a year ago,"{""dining_mode"": ""Dine in"", ""meal_type"": ""Lunch"", ""price_per_person"": ""₹400–600"", ""food"": 3, ""service_rating"": 4, ""atmosphere"": 4}"
Kapoor's Cafe - HSR Branch,097392 67702,"WM42+62M, 337, 27th Main, Sector 2 HSR Layout Opposite KLM Shopping Mall, BDA Layout, HSR Layout, Bengaluru, Karnataka 560102",12.908018,77.651948,Punjabi restaurant,,ChdDSUhNMG9nS0VJQ0FnSUNydDV1MzZRRRAB,Kapoor's Cafe,SHIVAMMA D,106288849842517264849,True,5,,0,a year ago,"{""food"": 5, ""service_rating"": 5, ""atmosphere"": 5}"
Kapoor's Cafe - HSR Branch,097392 67702,"WM42+62M, 337, 27th Main, Sector 2 HSR Layout Opposite KLM Shopping Mall, BDA Layout, HSR Layout, Bengaluru, Karnataka 560102",12.908018,77.651948,Punjabi restaurant,,ChdDSUhNMG9nS0VJQ0FnSUNyLTYtYXV3RRAB,Kapoor's Cafe,Sahil Khadilkar,118342352129204117775,True,1,The quality is degrading for food. It is getting more spicy and spicy. It was a my go-to place but not any more.,0,a year ago,"{""dining_mode"": ""Delivery"", ""meal_type"": ""Dinner"", ""price_per_person"": ""₹200–400"", ""food"": 1}"
Kapoor's Cafe - HSR Branch,097392 67702,"WM42+62M, 337, 27th Main, Sector 2 HSR Layout Opposite KLM Shopping Mall, BDA Layout, HSR Layout, Bengaluru, Karnataka 560102",12.908018,77.651948,Punjabi restaurant,,ChdDSUhNMG9nS0VJQ0FnSUNyLTllVHV3RRAB,Kapoor's Cafe,Krupali Shevade,114973404673428995400,True,1,Food is too spicy,0,a year ago,"{""food"": 1, ""service_rating"": 5, ""atmosphere"": 5}"
Kapoor's Cafe - HSR Branch,097392 67702,"WM42+62M, 337, 27th Main, Sector 2 HSR Layout Opposite KLM Shopping Mall, BDA Layout, HSR Layout, Bengaluru, Karnataka 560102",12.908018,77.651948,Punjabi restaurant,,ChZDSUhNMG9nS0VJQ0FnSUNyaFlEbkh3EAE,Kapoor's Cafe,kapil gupta,117548948709925214474,True,4,Their stuffed paranthas are one of the best in hsr.. size is very big and enough to suffice one person.. comes loaded with butter Personal preference is aloo parantha.. Sweet lassi is also very good,0,a year ago,"{""food"": 4, ""service_rating"": 4, ""atmosphere"": 4}"
Kapoor's Cafe - HSR Branch,097392 67702,"WM42+62M, 337, 27th Main, Sector 2 HSR Layout Opposite KLM Shopping Mall, BDA Layout, HSR Layout, Bengaluru, Karnataka 560102",12.908018,77.651948,Punjabi restaurant,,ChdDSUhNMG9nS0VJQ0FnSUNydm8yMjR3RRAB,Kapoor's Cafe,Rani Bhatia,112781142502794469531,False,3,Food was good slightly over priced but thr ambience covers that. Service was horrible. Staff serving the table was rude and didn't bother to serve at all.,0,a year ago,"{""food"": 4, ""service_rating"": 2, ""atmosphere"": 4}"
Kapoor's Cafe - HSR Branch,097392 67702,"WM42+62M, 337, 27th Main, Sector 2 HSR Layout Opposite KLM Shopping Mall, BDA Layout, HSR Layout, Bengaluru, Karnataka 560102",12.908018,77.651948,Punjabi restaurant,,ChZDSUhNMG9nS0VJQ0FnSUNyM3NfNk93EAE,Kapoor's Cafe,Rohit Agrawal,111892601731872815589,False,1,Totally not worth the price.,0,a year ago,"{""food"": 1, ""service_rating"": 2, ""atmosphere"": 3}"
Kapoor's Cafe - HSR Branch,097392 67702,"WM42+62M, 337, 27th Main, Sector 2 HSR Layout Opposite KLM Shopping Mall, BDA Layout, HSR Layout, Bengaluru, Karnataka 560102",12.908018,77.651948,Punjabi restaurant,,ChZDSUhNMG9nS0VJQ0FnSUNyN3Izd1h3EAE,Kapoor's Cafe,Sakthi Sai Saranyan Sridharan,106074747384066285215,True,5,Good Packed Thali.,0,a year ago,"{""dining_mode"": ""Delivery"", ""meal_type"": ""Lunch"", ""price_per_person"": ""₹200–400"", ""food"": 5, ""vegetarian_recommendation"": ""Highly recommend"", ""vegetarian_offerings"": ""Menu is all vegetarian""}"
Kapoor's Cafe - HSR Branch,097392 67702,"WM42+62M, 337, 27th Main, Sector 2 HSR Layout Opposite KLM Shopping Mall, BDA Layout, HSR Layout, Bengaluru, Karnataka 560102",12.908018,77.651948,Punjabi restaurant,,ChZDSUhNMG9nS0VJQ0FnSUNyanVHT1h3EAE,Kapoor's Cafe,Anushka Srivastava,103635154269711202499,False,4,,0,a year ago,"{""food"": 4, ""service_rating"": 4, ""atmosphere"": 4}"
Kapoor's Cafe - HSR Branch,097392 67702,"WM42+62M, 337, 27th Main, Sector 2 HSR Layout Opposite KLM Shopping Mall, BDA Layout, HSR Layout, Bengaluru, Karnataka 560102",12.908018,77.651948,Punjabi restaurant,,ChZDSUhNMG9nS0VJQ0FnSUNCbWZ2VVdnEAE,Kapoor's Cafe,Shravya Pushparaj,106189210311828633989,True,5,I had a great time in Kapoor's cafe had been wit my frns it was fun n d food ambience was ol gud,0,Edited a year ago,"{""food"": 5, ""service_rating"": 5, ""atmosphere"": 5, ""recommended_dishes"": ""Lassi Sweet Lassi, French Fries Punjabi Style, Kheer""}"
Kapoor's Cafe - HSR Branch,097392 67702,"WM42+62M, 337, 27th Main, Sector 2 HSR Layout Opposite KLM Shopping Mall, BDA Layout, HSR Layout, Bengaluru, Karnataka 560102",12.908018,77.651948,Punjabi restaurant,,ChdDSUhNMG9nS0VJQ0FnSUNyNnJtNW13RRAB,Kapoor's Cafe,Nikhil Ray,109143954935628148465,True,5,Decent place. Taste is not authentic.,0,a year ago,"{""food"": 3, ""service_rating"": 3, ""atmosphere"": 3}"
Kapoor's Cafe - HSR Branch,097392 67702,"WM42+62M, 337, 27th Main, Sector 2 HSR Layout Opposite KLM Shopping Mall, BDA Layout, HSR Layout, Bengaluru, Karnataka 560102",12.908018,77.651948,Punjabi restaurant,,ChZDSUhNMG9nS0VJQ0FnSUNyc3NDaVdBEAE,Kapoor's Cafe,pk p,112802852674506458387,False,5,,0,a year ago,
Kapoor's Cafe - HSR Branch,097392 67702,"WM42+62M, 337, 27th Main, Sector 2 HSR Layout Opposite KLM Shopping Mall, BDA Layout, HSR Layout, Bengaluru, Karnataka 560102",12.908018,77.651948,Punjabi restaurant,,ChdDSUhNMG9nS0VJQ0FnSUNyb05IZXFBRRAB,Kapoor's Cafe,Amir Memon,103981747413127780267,False,1,,0,a year ago,
Kapoor's Cafe - HSR Branch,097392 67702,"WM42+62M, 337, 27th Main, Sector 2 HSR Layout Opposite KLM Shopping Mall, BDA Layout, HSR Layout, Bengaluru, Karnataka 560102",12.908018,77.651948,Punjabi restaurant,,ChZDSUhNMG9nS0VJQ0FnSURMei1DOE5nEAE,Kapoor's Cafe,Saptarshi Mukhopadhyay,112716720863127862961,True,3,,0,a year ago,"{""food"": 3, ""service_rating"": 1, ""atmosphere"": 4}"
Kapoor's Cafe - HSR Branch,097392 67702,"WM42+62M, 337, 27th Main, Sector 2 HSR Layout Opposite KLM Shopping Mall, BDA Layout, HSR Layout, Bengaluru, Karnataka 560102",12.908018,77.651948,Punjabi restaurant,,ChdDSUhNMG9nS0VJQ0FnSURMajd2M21RRRAB,Kapoor's Cafe,kranti bhadane,108992296995463273930,False,4,,0,a year ago,
Kapoor's Cafe - HSR Branch,097392 67702,"WM42+62M, 337, 27th Main, Sector 2 HSR Layout Opposite KLM Shopping Mall, BDA Layout, HSR Layout, Bengaluru, Karnataka 560102",12.908018,77.651948,Punjabi restaurant,,ChdDSUhNMG9nS0VJQ0FnSURMcDVfQnFnRRAB,Kapoor's Cafe,Abhinav Aggarwal,100083491598825147575,True,5,,0,a year ago,"{""food"": 5, ""service_rating"": 5, ""atmosphere"": 5}"
Kapoor's Cafe - HSR Branch,097392 67702,"WM42+62M, 337, 27th Main, Sector 2 HSR Layout Opposite KLM Shopping Mall, BDA Layout, HSR Layout, Bengaluru, Karnataka 560102",12.908018,77.651948,Punjabi restaurant,,ChdDSUhNMG9nS0VJQ0FnSURMaDRTMXN3RRAB,Kapoor's Cafe,Gautam Gulaty,113783247972426342821,False,2,Overpriced. I will never go again for dining.,0,a year ago,"{""dining_mode"": ""Dine in"", ""meal_type"": ""Lunch"", ""price_per_person"": ""₹600–800"", ""food"": 3, ""service_rating"": 2, ""atmosphere"": 3, ""vegetarian_recommendation"": ""Would not recommend"", ""vegetarian_offerings"": ""Menu is all vegetarian""}"
Kapoor's Cafe - HSR Branch,097392 67702,"WM42+62M, 337, 27th Main, Sector 2 HSR Layout Opposite KLM Shopping Mall, BDA Layout, HSR Layout, Bengaluru, Karnataka 560102",12.908018,77.651948,Punjabi restaurant,,ChZDSUhNMG9nS0VJQ0FnSURMbzlUWE9BEAE,Kapoor's Cafe,Sonali Srivastava,110446234925158589190,True,5,"Food is good, service and atmosphere is good too. Tried parathas, lassi, chole bhature. All were tasty.",0,a year ago,"{""dining_mode"": ""Dine in"", ""meal_type"": ""Lunch"", ""price_per_person"": ""₹200–400"", ""food"": 5, ""service_rating"": 4, ""atmosphere"": 5, ""recommended_dishes"": ""Paneer Paratha, Pindi Chole Bhature, Chola Bhatura"", ""vegetarian_recommendation"": ""Highly recommend"", ""vegetarian_offerings"": ""Menu is all vegetarian""}"
Kapoor's Cafe - HSR Branch,097392 67702,"WM42+62M, 337, 27th Main, Sector 2 HSR Layout Opposite KLM Shopping Mall, BDA Layout, HSR Layout, Bengaluru, Karnataka 560102",12.908018,77.651948,Punjabi restaurant,,ChdDSUhNMG9nS0VJQ0FnSURMM2F6YXNRRRAB,Kapoor's Cafe,Ruby Meher,107095671659847803714,True,4,,0,a year ago,"{""food"": 3, ""service_rating"": 3, ""atmosphere"": 3}"
Kapoor's Cafe - HSR Branch,097392 67702,"WM42+62M, 337, 27th Main, Sector 2 HSR Layout Opposite KLM Shopping Mall, BDA Layout, HSR Layout, Bengaluru, Karnataka 560102",12.908018,77.651948,Punjabi restaurant,,ChZDSUhNMG9nS0VJQ0FnSURMemVlRFZBEAE,Kapoor's Cafe,Bismay Kumar,100051245691941562433,False,5,,0,a year ago,
Kapoor's Cafe - HSR Branch,097392 67702,"WM42+62M, 337, 27th Main, Sector 2 HSR Layout Opposite KLM Shopping Mall, BDA Layout, HSR Layout, Bengaluru, Karnataka 560102",12.908018,77.651948,Punjabi restaurant,,ChZDSUhNMG9nS0VJQ0FnSURMeWFyaEdREAE,Kapoor's Cafe,Yash Prayag,115079939848081739125,True,5,"😋A Taste of North India in Every Bite - Kapoor's Cafe Review  Rating: 5/5 stars  I recently had the pleasure of dining at Kapoor's Cafe, and I must say, it was a truly authentic North Indian culinary experience! This cozy cafe has mastered the art of serving delicious, homemade-style dishes that will transport your taste buds to the streets of Delhi.  The menu is a love letter to North Indian cuisine, with classics like butter chicken, palak paneer, and chana masala taking center stage. Each dish is carefully crafted with love and care, using only the freshest ingredients and traditional cooking techniques. The flavors are bold, rich, and utterly addictive - I couldn't get enough!  The butter chicken was a standout, with tender, juicy chicken cooked to perfection in a creamy, spiced tomato sauce. The naan bread was fluffy and soft, perfect for sopping up every last drop of sauce. And the palak paneer? Creamy, dreamy, and utterly divine.  What truly sets Kapoor's Cafe apart, however, is its commitment to authenticity. Every dish is made with love and care, using family recipes and traditional techniques passed down through generations. You can taste the difference in every bite.  In conclusion, Kapoor's Cafe is a must-visit destination for anyone craving authentic North Indian cuisine. With its cozy ambiance, exceptional service, and mouthwatering dishes, it's the perfect spot for a delicious meal that will leave you feeling like you're in Delhi itself. Don't miss out!  Some additional suggestions to make the review more specific and detailed:  - Mention specific dishes or flavors that impressed you. - Describe the presentation and plating of the food. - Highlight any notable ingredients or cooking techniques used. - Provide specific examples of the exceptional service you received. - Consider adding photos of the food, restaurant, or chef to make the review more visually appealing.",0,a year ago,"{""dining_mode"": ""Dine in"", ""meal_type"": ""Dinner"", ""price_per_person"": ""₹400–600"", ""food"": 5, ""service_rating"": 5, ""atmosphere"": 5}"
Kapoor's Cafe - HSR Branch,097392 67702,"WM42+62M, 337, 27th Main, Sector 2 HSR Layout Opposite KLM Shopping Mall, BDA Layout, HSR Layout, Bengaluru, Karnataka 560102",12.908018,77.651948,Punjabi restaurant,,ChdDSUhNMG9nS0VJQ0FnSURMaWMzVi13RRAB,Kapoor's Cafe,jagdeo omg,116463459571078359184,False,5,,0,a year ago,
Kapoor's Cafe - HSR Branch,097392 67702,"WM42+62M, 337, 27th Main, Sector 2 HSR Layout Opposite KLM Shopping Mall, BDA Layout, HSR Layout, Bengaluru, Karnataka 560102",12.908018,77.651948,Punjabi restaurant,,ChZDSUhNMG9nS0VJQ0FnSURMa3JpTGNnEAE,Kapoor's Cafe,Shikha Heals,114813035717091547768,True,5,,0,a year ago,
Kapoor's Cafe - HSR Branch,097392 67702,"WM42+62M, 337, 27th Main, Sector 2 HSR Layout Opposite KLM Shopping Mall, BDA Layout, HSR Layout, Bengaluru, Karnataka 560102",12.908018,77.651948,Punjabi restaurant,,ChdDSUhNMG9nS0VJQ0FnSURKOF9LQjZnRRAB,Kapoor's Cafe,Renu Kulkarni,100447967324806193747,True,4,"❌if you order roti or kulcha then you'll get shelf picked( frozen items from market) .  ✅Otherwise the chole bhature and other North Indian dishes are amazing and worth the try. Try lassi or at-least butter milk, its refreshing and come in good quantity.  The vibe is amazing, try & visit for Dinner. Good choice of playlist & adequate lighting.",0,Edited a year ago,
Kapoor's Cafe - HSR Branch,097392 67702,"WM42+62M, 337, 27th Main, Sector 2 HSR Layout Opposite KLM Shopping Mall, BDA Layout, HSR Layout, Bengaluru, Karnataka 560102",12.908018,77.651948,Punjabi restaurant,,ChdDSUhNMG9nS0VJQ0FnSURMZ3RXOTF3RRAB,Kapoor's Cafe,supriya yerdoor,111435865125710826746,False,5,,0,a year ago,
Kapoor's Cafe - HSR Branch,097392 67702,"WM42+62M, 337, 27th Main, Sector 2 HSR Layout Opposite KLM Shopping Mall, BDA Layout, HSR Layout, Bengaluru, Karnataka 560102",12.908018,77.651948,Punjabi restaurant,,ChdDSUhNMG9nS0VJQ0FnSURMM1BXZ213RRAB,Kapoor's Cafe,Arun Kumar,115968025473555273964,True,3,Dishes were decent on pallet and theme of the restaurant is quite and simple. Prices are moderate. Chas and Lassi was was definetly a must try. Staff was polite enough to serve during closing time as well. Not much of a parking space.,0,a year ago,"{""dining_mode"": ""Dine in"", ""meal_type"": ""Dinner"", ""price_per_person"": ""₹400–600"", ""food"": 3, ""service_rating"": 3, ""atmosphere"": 4}"
Kapoor's Cafe - HSR Branch,097392 67702,"WM42+62M, 337, 27th Main, Sector 2 HSR Layout Opposite KLM Shopping Mall, BDA Layout, HSR Layout, Bengaluru, Karnataka 560102",12.908018,77.651948,Punjabi restaurant,,ChdDSUhNMG9nS0VJQ0FnSURMcks3cWdRRRAB,Kapoor's Cafe,Anirudh Gargi,114356388386066046007,True,4,"Always good food , good vibes, and good music. Been coming here from 5-7 years. Never had Bas experience. Rush is there, be mindful of that.  Parking can be tricky given the main road and no dedicated area.",0,a year ago,"{""dining_mode"": ""Dine in"", ""meal_type"": ""Lunch"", ""price_per_person"": ""₹200–400"", ""food"": 4, ""service_rating"": 4, ""atmosphere"": 5, ""recommended_dishes"": ""Dal Makhani and Aloo Paratha, Paneer Paratha"", ""vegetarian_recommendation"": ""Highly recommend"", ""vegetarian_offerings"": ""Menu is all vegetarian, Large vegetarian selection""}"
Kapoor's Cafe - HSR Branch,097392 67702,"WM42+62M, 337, 27th Main, Sector 2 HSR Layout Opposite KLM Shopping Mall, BDA Layout, HSR Layout, Bengaluru, Karnataka 560102",12.908018,77.651948,Punjabi restaurant,,ChZDSUhNMG9nS0VJQ0FnSURMcEpyX05REAE,Kapoor's Cafe,gagandeep singh,105362533197309364249,True,1,"I am a Punjabi , their food ain't like ours at all n on top of that the attitude they all carry.  Fake Punjabi for sure",0,a year ago,"{""food"": 1, ""service_rating"": 1}"
Kapoor's Cafe - HSR Branch,097392 67702,"WM42+62M, 337, 27th Main, Sector 2 HSR Layout Opposite KLM Shopping Mall, BDA Layout, HSR Layout, Bengaluru, Karnataka 560102",12.908018,77.651948,Punjabi restaurant,,ChZDSUhNMG9nS0VJQ0FnSURMMlBiMEJBEAE,Kapoor's Cafe,Dasari Rishindrababu,101768154062685959361,True,5,,0,a year ago,"{""food"": 4, ""service_rating"": 4, ""atmosphere"": 5}"
Kapoor's Cafe - HSR Branch,097392 67702,"WM42+62M, 337, 27th Main, Sector 2 HSR Layout Opposite KLM Shopping Mall, BDA Layout, HSR Layout, Bengaluru, Karnataka 560102",12.908018,77.651948,Punjabi restaurant,,ChZDSUhNMG9nS0VJQ0FnSURMbU9lZGN3EAE,Kapoor's Cafe,Anuja Mane,104256578804417235303,True,5,,0,a year ago,"{""dining_mode"": ""Dine in"", ""food"": 5, ""service_rating"": 4, ""atmosphere"": 3}"
Kapoor's Cafe - HSR Branch,097392 67702,"WM42+62M, 337, 27th Main, Sector 2 HSR Layout Opposite KLM Shopping Mall, BDA Layout, HSR Layout, Bengaluru, Karnataka 560102",12.908018,77.651948,Punjabi restaurant,,ChZDSUhNMG9nS0VJQ0FnSUNMNy1Uak1REAE,Kapoor's Cafe,Omprakash Prajapati,104039970118417706017,True,5,,0,a year ago,"{""food"": 5, ""service_rating"": 5, ""atmosphere"": 5}"
Kapoor's Cafe - HSR Branch,097392 67702,"WM42+62M, 337, 27th Main, Sector 2 HSR Layout Opposite KLM Shopping Mall, BDA Layout, HSR Layout, Bengaluru, Karnataka 560102",12.908018,77.651948,Punjabi restaurant,,ChdDSUhNMG9nS0VJQ0FnSUNMejR1aGtRRRAB,Kapoor's Cafe,manjula Samrudh,110716742334542777273,False,5,,0,a year ago,"{""meal_type"": ""Lunch"", ""food"": 5, ""service_rating"": 5, ""atmosphere"": 5}"
Kapoor's Cafe - HSR Branch,097392 67702,"WM42+62M, 337, 27th Main, Sector 2 HSR Layout Opposite KLM Shopping Mall, BDA Layout, HSR Layout, Bengaluru, Karnataka 560102",12.908018,77.651948,Punjabi restaurant,,ChdDSUhNMG9nS0VJQ0FnSUNMbDRTX3FnRRAB,Kapoor's Cafe,Alekh Pathak,114780969263021108290,True,5,"We ordered Chole Thali, it offers a delightful assortment of authentic Punjabi flavors, each dish rich in taste and tradition. Quantity is good enough for 2 people. Lassi is a must try drink here.",0,a year ago,"{""dining_mode"": ""Dine in"", ""meal_type"": ""Lunch"", ""price_per_person"": ""₹200–400"", ""food"": 4, ""service_rating"": 5, ""atmosphere"": 5}"
Kapoor's Cafe - HSR Branch,097392 67702,"WM42+62M, 337, 27th Main, Sector 2 HSR Layout Opposite KLM Shopping Mall, BDA Layout, HSR Layout, Bengaluru, Karnataka 560102",12.908018,77.651948,Punjabi restaurant,,ChZDSUhNMG9nS0VJQ0FnSUNMMi1IQklBEAE,Kapoor's Cafe,Gokul M,107313495473224174157,True,4,"A renowned chain of Punjabi vegetarian restaurants located on the fourth floor offers a vibrant atmosphere with lively music. The cuisine is particularly noteworthy for its delectable offerings, albeit at a moderate price point.However, the staff's service left much to be desired; despite repeated attempts to place an order, there was an unfortunate delay of eight minutes before assistance was rendered. Consequently, I rated the establishment with four stars.",0,a year ago,"{""dining_mode"": ""Dine in"", ""meal_type"": ""Dinner"", ""price_per_person"": ""₹2,000+"", ""food"": 4, ""service_rating"": 4, ""atmosphere"": 4, ""recommended_dishes"": ""Dal Makhani and Aloo Paratha, French Fries Punjabi Style, Cheese Pataka Balls, Paneer Paratha, Crispy Corn Punjabi Style, Malai Kofta"", ""vegetarian_recommendation"": ""Highly recommend"", ""vegetarian_offerings"": ""Menu is all vegetarian""}"
Kapoor's Cafe - HSR Branch,097392 67702,"WM42+62M, 337, 27th Main, Sector 2 HSR Layout Opposite KLM Shopping Mall, BDA Layout, HSR Layout, Bengaluru, Karnataka 560102",12.908018,77.651948,Punjabi restaurant,,ChZDSUhNMG9nS0VJQ0FnSUNMaTk2cVJBEAE,Kapoor's Cafe,Lolitkumar Msha,115109043904733497706,False,5,,0,a year ago,"{""food"": 5, ""service_rating"": 5, ""atmosphere"": 5}"
Kapoor's Cafe - HSR Branch,097392 67702,"WM42+62M, 337, 27th Main, Sector 2 HSR Layout Opposite KLM Shopping Mall, BDA Layout, HSR Layout, Bengaluru, Karnataka 560102",12.908018,77.651948,Punjabi restaurant,,ChdDSUhNMG9nS0VJQ0FnSUNMdzlEc19nRRAB,Kapoor's Cafe,shreya shreya,106772245426850901963,False,1,Ordered Punjabi Paneer Masala...it was inedible....it had no taste except that of black pepper..they don't serve tandoori items...not worth the  money...chulha chauki>>>Kapoor cafe anyday,0,a year ago,"{""food"": 1, ""service_rating"": 4, ""atmosphere"": 1}"
Kapoor's Cafe - HSR Branch,097392 67702,"WM42+62M, 337, 27th Main, Sector 2 HSR Layout Opposite KLM Shopping Mall, BDA Layout, HSR Layout, Bengaluru, Karnataka 560102",12.908018,77.651948,Punjabi restaurant,,ChdDSUhNMG9nS0VJQ0FnSUNMdmJpV19BRRAB,Kapoor's Cafe,R Chandrashekar,102032685073854829010,True,2,"One has to call for service, spicy food is not marked on the menu, portions are huge and one ends up wasting, cause the captains also don't advice. Pigeon nuisance not contained. Very impersonal service. Wouldn't go there again.",0,a year ago,"{""dining_mode"": ""Dine in"", ""meal_type"": ""Lunch"", ""price_per_person"": ""₹2,000+"", ""food"": 2, ""service_rating"": 2, ""atmosphere"": 2}"
Kapoor's Cafe - HSR Branch,097392 67702,"WM42+62M, 337, 27th Main, Sector 2 HSR Layout Opposite KLM Shopping Mall, BDA Layout, HSR Layout, Bengaluru, Karnataka 560102",12.908018,77.651948,Punjabi restaurant,,ChdDSUhNMG9nS0VJQ0FnSUNMcmNtSmxRRRAB,Kapoor's Cafe,Hitesh Nankani,102514632509434422183,True,5,"love this place, from food to ambience",0,a year ago,"{""dining_mode"": ""Dine in"", ""meal_type"": ""Dinner"", ""food"": 5, ""service_rating"": 5, ""atmosphere"": 5}"
Kapoor's Cafe - HSR Branch,097392 67702,"WM42+62M, 337, 27th Main, Sector 2 HSR Layout Opposite KLM Shopping Mall, BDA Layout, HSR Layout, Bengaluru, Karnataka 560102",12.908018,77.651948,Punjabi restaurant,,ChZDSUhNMG9nS0VJQ0FnSUNMMmV1SkFnEAE,Kapoor's Cafe,searchingamit,115272156794096663659,False,5,,0,a year ago,"{""dining_mode"": ""Dine in"", ""meal_type"": ""Lunch"", ""food"": 4, ""service_rating"": 5, ""atmosphere"": 5}"
Kapoor's Cafe - HSR Branch,097392 67702,"WM42+62M, 337, 27th Main, Sector 2 HSR Layout Opposite KLM Shopping Mall, BDA Layout, HSR Layout, Bengaluru, Karnataka 560102",12.908018,77.651948,Punjabi restaurant,,ChdDSUhNMG9nS0VJQ0FnSUNMaWZheXRnRRAB,Kapoor's Cafe,Nehaa Tiwari,111580495234040613454,True,5,,0,a year ago,"{""food"": 5, ""service_rating"": 5, ""atmosphere"": 5}"
Kapoor's Cafe - HSR Branch,097392 67702,"WM42+62M, 337, 27th Main, Sector 2 HSR Layout Opposite KLM Shopping Mall, BDA Layout, HSR Layout, Bengaluru, Karnataka 560102",12.908018,77.651948,Punjabi restaurant,,ChZDSUhNMG9nS0VJQ0FnSUNMaWJTbEpREAE,Kapoor's Cafe,Sumanth Biradar,118308827486290346008,True,5,,0,a year ago,"{""dining_mode"": ""Dine in"", ""meal_type"": ""Dinner"", ""price_per_person"": ""₹600–800"", ""vegetarian_recommendation"": ""Highly recommend"", ""vegetarian_offerings"": ""Vegetarian menu or section""}"
Kapoor's Cafe - HSR Branch,097392 67702,"WM42+62M, 337, 27th Main, Sector 2 HSR Layout Opposite KLM Shopping Mall, BDA Layout, HSR Layout, Bengaluru, Karnataka 560102",12.908018,77.651948,Punjabi restaurant,,ChdDSUhNMG9nS0VJQ0FnSUNMc2JqLTVBRRAB,Kapoor's Cafe,shekar manik,113625913564731283883,True,1,Their receptionist was rude while we were trying to start a conversation in kannada and refused to take orders as time was 3:30 Pm he informed them they won't take orders beyond 3:30 pm but in Google they've mentioned open till 4:00 pm,0,a year ago,"{""meal_type"": ""Lunch"", ""price_per_person"": ""₹1,200–1,400"", ""food"": 5, ""service_rating"": 1, ""atmosphere"": 1, ""recommended_dishes"": ""Dal Makhani and Aloo Paratha""}"
Kapoor's Cafe - HSR Branch,097392 67702,"WM42+62M, 337, 27th Main, Sector 2 HSR Layout Opposite KLM Shopping Mall, BDA Layout, HSR Layout, Bengaluru, Karnataka 560102",12.908018,77.651948,Punjabi restaurant,,ChdDSUhNMG9nS0VJQ0FnSUNMN3R1NDlBRRAB,Kapoor's Cafe,rajat singla,116241151451008482054,False,3,,0,a year ago,
Kapoor's Cafe - HSR Branch,097392 67702,"WM42+62M, 337, 27th Main, Sector 2 HSR Layout Opposite KLM Shopping Mall, BDA Layout, HSR Layout, Bengaluru, Karnataka 560102",12.908018,77.651948,Punjabi restaurant,,ChZDSUhNMG9nS0VJQ0FnSUNMaHNxNkZ3EAE,Kapoor's Cafe,Nikhil Johri,106683198455974138740,True,5,"This is a really good restaurant, if you want to have good Punjabi/North Indian food and vibe.",0,a year ago,"{""dining_mode"": ""Dine in"", ""meal_type"": ""Lunch"", ""price_per_person"": ""₹200–400"", ""food"": 5, ""service_rating"": 5, ""atmosphere"": 5}"
Kapoor's Cafe - HSR Branch,097392 67702,"WM42+62M, 337, 27th Main, Sector 2 HSR Layout Opposite KLM Shopping Mall, BDA Layout, HSR Layout, Bengaluru, Karnataka 560102",12.908018,77.651948,Punjabi restaurant,,ChZDSUhNMG9nS0VJQ0FnSUNMOHYtd2VBEAE,Kapoor's Cafe,Sumit Mahuley,103269075019385295632,False,5,,0,a year ago,"{""food"": 5, ""service_rating"": 5, ""atmosphere"": 5}"
Kapoor's Cafe - HSR Branch,097392 67702,"WM42+62M, 337, 27th Main, Sector 2 HSR Layout Opposite KLM Shopping Mall, BDA Layout, HSR Layout, Bengaluru, Karnataka 560102",12.908018,77.651948,Punjabi restaurant,,ChdDSUhNMG9nS0VJQ0FnSUNMbktxMV9RRRAB,Kapoor's Cafe,Rohit Khandelwal,104327510043845470946,False,1,"This afternoon I visited the place with my family and our experience was decent at the restaurant but with food it was bad. We ordered Punjabi Paneer Masala and Mushroom Masala. There is no flavour in the curries which we ordered just taste of raw masala. Same goes with Laccha Roti, it seems they just out source the rotis and do not prepare fresh. Experience with food was disheartening. This place lacks flavours in their food and staffs are not attentive.",0,a year ago,"{""dining_mode"": ""Dine in"", ""meal_type"": ""Lunch"", ""food"": 1, ""service_rating"": 1, ""atmosphere"": 3}"
Kapoor's Cafe - HSR Branch,097392 67702,"WM42+62M, 337, 27th Main, Sector 2 HSR Layout Opposite KLM Shopping Mall, BDA Layout, HSR Layout, Bengaluru, Karnataka 560102",12.908018,77.651948,Punjabi restaurant,,ChZDSUhNMG9nS0VJQ0FnSUNMbkxEY1dREAE,Kapoor's Cafe,Snehil,116883744872372681631,True,4,,0,a year ago,
Kapoor's Cafe - HSR Branch,097392 67702,"WM42+62M, 337, 27th Main, Sector 2 HSR Layout Opposite KLM Shopping Mall, BDA Layout, HSR Layout, Bengaluru, Karnataka 560102",12.908018,77.651948,Punjabi restaurant,,ChdDSUhNMG9nS0VJQ0FnSUNMN09IMm9nRRAB,Kapoor's Cafe,Jay Ruonoht,103378586021788888140,True,4,,0,a year ago,"{""dining_mode"": ""Dine in"", ""meal_type"": ""Lunch"", ""price_per_person"": ""₹400–600"", ""food"": 4, ""service_rating"": 4, ""atmosphere"": 4}"
Kapoor's Cafe - HSR Branch,097392 67702,"WM42+62M, 337, 27th Main, Sector 2 HSR Layout Opposite KLM Shopping Mall, BDA Layout, HSR Layout, Bengaluru, Karnataka 560102",12.908018,77.651948,Punjabi restaurant,,ChZDSUhNMG9nS0VJQ0FnSUNMelByaWNREAE,Kapoor's Cafe,Durgalal Patel,113349404623025949966,True,5,Had allu and paneer paratha.. was good in taste and portion.,0,a year ago,"{""food"": 5, ""service_rating"": 5, ""atmosphere"": 4}"
Kapoor's Cafe - HSR Branch,097392 67702,"WM42+62M, 337, 27th Main, Sector 2 HSR Layout Opposite KLM Shopping Mall, BDA Layout, HSR Layout, Bengaluru, Karnataka 560102",12.908018,77.651948,Punjabi restaurant,,ChdDSUhNMG9nS0VJQ0FnSUNMLU1hNjhnRRAB,Kapoor's Cafe,Srinivasan Kumar,118024629423868070695,True,4,Food is tasty,0,a year ago,"{""dining_mode"": ""Dine in"", ""meal_type"": ""Lunch"", ""price_per_person"": ""₹400–600"", ""food"": 4, ""service_rating"": 4, ""atmosphere"": 3}"
Kapoor's Cafe - HSR Branch,097392 67702,"WM42+62M, 337, 27th Main, Sector 2 HSR Layout Opposite KLM Shopping Mall, BDA Layout, HSR Layout, Bengaluru, Karnataka 560102",12.908018,77.651948,Punjabi restaurant,,ChZDSUhNMG9nS0VJQ0FnSUNMbU02SExREAE,Kapoor's Cafe,AMBIKA IYER,116507033574146499543,True,5,,0,a year ago,"{""food"": 5, ""service_rating"": 5, ""atmosphere"": 5}"
Kapoor's Cafe - HSR Branch,097392 67702,"WM42+62M, 337, 27th Main, Sector 2 HSR Layout Opposite KLM Shopping Mall, BDA Layout, HSR Layout, Bengaluru, Karnataka 560102",12.908018,77.651948,Punjabi restaurant,,ChdDSUhNMG9nS0VJQ0FnSUNMNk0zN19nRRAB,Kapoor's Cafe,Krishan Arora,109803821810193507154,True,1,Slow service and very spicy,0,a year ago,"{""dining_mode"": ""Dine in"", ""meal_type"": ""Lunch"", ""price_per_person"": ""₹1,000–1,200"", ""food"": 2, ""service_rating"": 2, ""atmosphere"": 2}"
Kapoor's Cafe - HSR Branch,097392 67702,"WM42+62M, 337, 27th Main, Sector 2 HSR Layout Opposite KLM Shopping Mall, BDA Layout, HSR Layout, Bengaluru, Karnataka 560102",12.908018,77.651948,Punjabi restaurant,,ChdDSUhNMG9nS0VJQ0FnSUNMeU9EWWlBRRAB,Kapoor's Cafe,Anil Kumar,115441723680331236476,True,3,,0,a year ago,
Kapoor's Cafe - HSR Branch,097392 67702,"WM42+62M, 337, 27th Main, Sector 2 HSR Layout Opposite KLM Shopping Mall, BDA Layout, HSR Layout, Bengaluru, Karnataka 560102",12.908018,77.651948,Punjabi restaurant,,ChZDSUhNMG9nS0VJQ0FnSUNMMFByd09BEAE,Kapoor's Cafe,Utkarsh Nayak,112032108498646985217,True,3,,0,a year ago,"{""food"": 4, ""service_rating"": 4, ""atmosphere"": 4}"
Kapoor's Cafe - HSR Branch,097392 67702,"WM42+62M, 337, 27th Main, Sector 2 HSR Layout Opposite KLM Shopping Mall, BDA Layout, HSR Layout, Bengaluru, Karnataka 560102",12.908018,77.651948,Punjabi restaurant,,ChZDSUhNMG9nS0VJQ0FnSUR6ejRmclBnEAE,Kapoor's Cafe,Syed Ibrahim,108243747991306109098,True,5,,0,a year ago,"{""food"": 5, ""service_rating"": 5, ""atmosphere"": 5}"
Kapoor's Cafe - HSR Branch,097392 67702,"WM42+62M, 337, 27th Main, Sector 2 HSR Layout Opposite KLM Shopping Mall, BDA Layout, HSR Layout, Bengaluru, Karnataka 560102",12.908018,77.651948,Punjabi restaurant,,ChdDSUhNMG9nS0VJQ0FnSUR6MV91eXB3RRAB,Kapoor's Cafe,Sadhana Shivani,109106026366703945553,True,4,,0,a year ago,"{""dining_mode"": ""Dine in"", ""meal_type"": ""Brunch"", ""price_per_person"": ""₹400–600"", ""food"": 3, ""service_rating"": 3, ""atmosphere"": 4, ""vegetarian_recommendation"": ""Somewhat recommend"", ""vegetarian_offerings"": ""Menu is all vegetarian""}"
Kapoor's Cafe - HSR Branch,097392 67702,"WM42+62M, 337, 27th Main, Sector 2 HSR Layout Opposite KLM Shopping Mall, BDA Layout, HSR Layout, Bengaluru, Karnataka 560102",12.908018,77.651948,Punjabi restaurant,,ChZDSUhNMG9nS0VJQ0FnSUR6MTRPNGVBEAE,Kapoor's Cafe,Kishore Danti,113643434404617592521,True,4,,0,a year ago,
Kapoor's Cafe - HSR Branch,097392 67702,"WM42+62M, 337, 27th Main, Sector 2 HSR Layout Opposite KLM Shopping Mall, BDA Layout, HSR Layout, Bengaluru, Karnataka 560102",12.908018,77.651948,Punjabi restaurant,,ChdDSUhNMG9nS0VJQ0FnSUR6bV9HazNnRRAB,Kapoor's Cafe,S A,117420605598171798086,True,3,,0,a year ago,"{""food"": 3, ""service_rating"": 2, ""atmosphere"": 3}"
Kapoor's Cafe - HSR Branch,097392 67702,"WM42+62M, 337, 27th Main, Sector 2 HSR Layout Opposite KLM Shopping Mall, BDA Layout, HSR Layout, Bengaluru, Karnataka 560102",12.908018,77.651948,Punjabi restaurant,,ChdDSUhNMG9nS0VJQ0FnSUR6M2JIdHZ3RRAB,Kapoor's Cafe,Akshay Krishna,109631568555199417455,True,1,"The food was great but as i was leaving the place, i saw a RAT going inside the kitchen area. Yes, a rat going inside the kitchen area. Now if thats not a health concern, idk what is. Very disgusted upon seeing this. Will be lodging a complaint against this. I wonder what else health codes are being violated",0,a year ago,"{""food"": 4, ""service_rating"": 4, ""atmosphere"": 1}"
Kapoor's Cafe - HSR Branch,097392 67702,"WM42+62M, 337, 27th Main, Sector 2 HSR Layout Opposite KLM Shopping Mall, BDA Layout, HSR Layout, Bengaluru, Karnataka 560102",12.908018,77.651948,Punjabi restaurant,,ChdDSUhNMG9nS0VJQ0FnSUR6b2FxbTBnRRAB,Kapoor's Cafe,harsha vardhan,109620531258713688498,True,5,,0,a year ago,
Kapoor's Cafe - HSR Branch,097392 67702,"WM42+62M, 337, 27th Main, Sector 2 HSR Layout Opposite KLM Shopping Mall, BDA Layout, HSR Layout, Bengaluru, Karnataka 560102",12.908018,77.651948,Punjabi restaurant,,ChZDSUhNMG9nS0VJQ0FnSUR6b2NMT1ZBEAE,Kapoor's Cafe,Girishma R,108851171777590158220,True,3,,0,a year ago,
Kapoor's Cafe - HSR Branch,097392 67702,"WM42+62M, 337, 27th Main, Sector 2 HSR Layout Opposite KLM Shopping Mall, BDA Layout, HSR Layout, Bengaluru, Karnataka 560102",12.908018,77.651948,Punjabi restaurant,,ChdDSUhNMG9nS0VJQ0FnSUN1cWNhQ3FnRRAB,Kapoor's Cafe,Subham Sonar,104285100031362319199,True,2,"Not that great anymore.. ordered simple poori aloo.. too spicy, too much use of red chilli.  Aloo Paratha bathed in butter, too greasy",0,Edited a year ago,"{""dining_mode"": ""Dine in"", ""meal_type"": ""Lunch"", ""price_per_person"": ""₹400–600"", ""food"": 2, ""service_rating"": 3, ""atmosphere"": 3, ""vegetarian_recommendation"": ""Would not recommend"", ""vegetarian_offerings"": ""Menu is all vegetarian"", ""vegetarian_options"": ""All vegetarian""}"
Kapoor's Cafe - HSR Branch,097392 67702,"WM42+62M, 337, 27th Main, Sector 2 HSR Layout Opposite KLM Shopping Mall, BDA Layout, HSR Layout, Bengaluru, Karnataka 560102",12.908018,77.651948,Punjabi restaurant,,ChZDSUhNMG9nS0VJQ0FnSUR6anNhLWVnEAE,Kapoor's Cafe,Milind Mishra,111071981888720105819,False,5,,0,a year ago,"{""dining_mode"": ""Dine in"", ""meal_type"": ""Brunch"", ""price_per_person"": ""₹800–1,000"", ""food"": 4, ""service_rating"": 5, ""atmosphere"": 5}"
Kapoor's Cafe - HSR Branch,097392 67702,"WM42+62M, 337, 27th Main, Sector 2 HSR Layout Opposite KLM Shopping Mall, BDA Layout, HSR Layout, Bengaluru, Karnataka 560102",12.908018,77.651948,Punjabi restaurant,,ChdDSUhNMG9nS0VJQ0FnSUR6aG9uV29RRRAB,Kapoor's Cafe,Anjan Agrawal,117186355742290365372,True,5,Good place,0,a year ago,"{""dining_mode"": ""Dine in"", ""meal_type"": ""Dinner"", ""price_per_person"": ""₹200–400"", ""food"": 5, ""service_rating"": 5, ""atmosphere"": 4}"
Kapoor's Cafe - HSR Branch,097392 67702,"WM42+62M, 337, 27th Main, Sector 2 HSR Layout Opposite KLM Shopping Mall, BDA Layout, HSR Layout, Bengaluru, Karnataka 560102",12.908018,77.651948,Punjabi restaurant,,ChZDSUhNMG9nS0VJQ0FnSUR6Mm9PdGN3EAE,Kapoor's Cafe,Rajani Meena,116093992187513385967,False,1,,0,a year ago,"{""food"": 2, ""service_rating"": 1, ""atmosphere"": 2}"
Kapoor's Cafe - HSR Branch,097392 67702,"WM42+62M, 337, 27th Main, Sector 2 HSR Layout Opposite KLM Shopping Mall, BDA Layout, HSR Layout, Bengaluru, Karnataka 560102",12.908018,77.651948,Punjabi restaurant,,ChZDSUhNMG9nS0VJQ0FnSUR6bXMtZkFREAE,Kapoor's Cafe,Rushabh Lalwani,110112743147043299560,True,1,Overpriced and bad quality food,0,a year ago,"{""dining_mode"": ""Dine in"", ""price_per_person"": ""₹600–800"", ""food"": 1, ""service_rating"": 1, ""atmosphere"": 1}"
Kapoor's Cafe - HSR Branch,097392 67702,"WM42+62M, 337, 27th Main, Sector 2 HSR Layout Opposite KLM Shopping Mall, BDA Layout, HSR Layout, Bengaluru, Karnataka 560102",12.908018,77.651948,Punjabi restaurant,,ChdDSUhNMG9nS0VJQ0FnSUR6NnRLVHlnRRAB,Kapoor's Cafe,Utkarsh Jaiswal,101873905506665672569,True,4,Good food and vibe family place.,0,a year ago,"{""dining_mode"": ""Dine in"", ""meal_type"": ""Dinner"", ""price_per_person"": ""₹400–600"", ""food"": 4, ""service_rating"": 4, ""atmosphere"": 4}"
Kapoor's Cafe - HSR Branch,097392 67702,"WM42+62M, 337, 27th Main, Sector 2 HSR Layout Opposite KLM Shopping Mall, BDA Layout, HSR Layout, Bengaluru, Karnataka 560102",12.908018,77.651948,Punjabi restaurant,,ChZDSUhNMG9nS0VJQ0FnSUR6d3Jya2ZREAE,Kapoor's Cafe,Upasana Pingle,108732125526944782209,True,3,,0,a year ago,"{""dining_mode"": ""Dine in"", ""meal_type"": ""Dinner"", ""food"": 3, ""service_rating"": 4, ""atmosphere"": 3, ""vegetarian_recommendation"": ""Somewhat recommend"", ""vegetarian_offerings"": ""Menu is all vegetarian""}"
Kapoor's Cafe - HSR Branch,097392 67702,"WM42+62M, 337, 27th Main, Sector 2 HSR Layout Opposite KLM Shopping Mall, BDA Layout, HSR Layout, Bengaluru, Karnataka 560102",12.908018,77.651948,Punjabi restaurant,,ChZDSUhNMG9nS0VJQ0FnSUR6M01DVUt3EAE,Kapoor's Cafe,Piyali Chakraborty,106539443042723307555,False,5,,0,a year ago,"{""food"": 5, ""service_rating"": 4, ""atmosphere"": 4}"
Kapoor's Cafe - HSR Branch,097392 67702,"WM42+62M, 337, 27th Main, Sector 2 HSR Layout Opposite KLM Shopping Mall, BDA Layout, HSR Layout, Bengaluru, Karnataka 560102",12.908018,77.651948,Punjabi restaurant,,ChdDSUhNMG9nS0VJQ0FnSUR6cE1mbGx3RRAB,Kapoor's Cafe,Pradeep Malladadh,111472116280544867723,True,4,"* Parking available on Roadside * The price of the menu is not overrated, okayish, affordable * Unique seating arrangement for customers, Desi Dhabha style * Regular Chairs and tables are also available * Never visit on Saturdays and Sundays since the waiting time will be too much. We waited for 1 hour to get the seats. * Excellent food, must try Poori Saagu &  Cheese corn 🌽 * Jira Rice with saagu is okay to have  Good to have fun with friends and family.",0,a year ago,"{""dining_mode"": ""Dine in"", ""meal_type"": ""Dinner"", ""price_per_person"": ""₹400–600"", ""food"": 4, ""service_rating"": 4, ""atmosphere"": 3, ""recommended_dishes"": ""Aloo, French Fries Punjabi Style"", ""vegetarian_recommendation"": ""Highly recommend"", ""vegetarian_offerings"": ""Menu is all vegetarian""}"
Kapoor's Cafe - HSR Branch,097392 67702,"WM42+62M, 337, 27th Main, Sector 2 HSR Layout Opposite KLM Shopping Mall, BDA Layout, HSR Layout, Bengaluru, Karnataka 560102",12.908018,77.651948,Punjabi restaurant,,ChZDSUhNMG9nS0VJQ0FnSUR6NlBmSVZREAE,Kapoor's Cafe,Ayush Gupta,106983808146619209710,False,4,,0,a year ago,"{""dining_mode"": ""Dine in"", ""meal_type"": ""Brunch"", ""price_per_person"": ""₹600–800"", ""food"": 4, ""service_rating"": 4, ""atmosphere"": 4, ""recommended_dishes"": ""French Fries Punjabi Style, Cheese Pataka Balls, Paneer Butter, Chola Bhatura"", ""vegetarian_recommendation"": ""Highly recommend"", ""vegetarian_offerings"": ""Menu is all vegetarian"", ""vegetarian_options"": ""Lot's of veg option's are available""}"
Kapoor's Cafe - HSR Branch,097392 67702,"WM42+62M, 337, 27th Main, Sector 2 HSR Layout Opposite KLM Shopping Mall, BDA Layout, HSR Layout, Bengaluru, Karnataka 560102",12.908018,77.651948,Punjabi restaurant,,ChZDSUhNMG9nS0VJQ0FnSUN6Ny1YSlV3EAE,Kapoor's Cafe,Ishita Jain,117552208945809841292,False,5,,0,a year ago,"{""food"": 5, ""service_rating"": 4, ""atmosphere"": 5}"
Kapoor's Cafe - HSR Branch,097392 67702,"WM42+62M, 337, 27th Main, Sector 2 HSR Layout Opposite KLM Shopping Mall, BDA Layout, HSR Layout, Bengaluru, Karnataka 560102",12.908018,77.651948,Punjabi restaurant,,ChZDSUhNMG9nS0VJQ0FnSUN6OThhZVNBEAE,Kapoor's Cafe,Ganesh Rathod,103872348093794028320,True,5,,0,a year ago,"{""dining_mode"": ""Dine in"", ""meal_type"": ""Dinner"", ""price_per_person"": ""₹400–600"", ""food"": 5, ""service_rating"": 5, ""atmosphere"": 5, ""recommended_dishes"": ""Aloo"", ""vegetarian_recommendation"": ""Highly recommend""}"
Kapoor's Cafe - HSR Branch,097392 67702,"WM42+62M, 337, 27th Main, Sector 2 HSR Layout Opposite KLM Shopping Mall, BDA Layout, HSR Layout, Bengaluru, Karnataka 560102",12.908018,77.651948,Punjabi restaurant,,ChZDSUhNMG9nS0VJQ0FnSUN6LTRQWlV3EAE,Kapoor's Cafe,Kanishka Prakash,101106027265172000618,True,5,,0,a year ago,
Kapoor's Cafe - HSR Branch,097392 67702,"WM42+62M, 337, 27th Main, Sector 2 HSR Layout Opposite KLM Shopping Mall, BDA Layout, HSR Layout, Bengaluru, Karnataka 560102",12.908018,77.651948,Punjabi restaurant,,ChZDSUhNMG9nS0VJQ0FnSUN6eFpqbWRREAE,Kapoor's Cafe,MAHESH HEGDE,117593800676531784244,True,4,,0,a year ago,"{""dining_mode"": ""Dine in"", ""price_per_person"": ""₹400–600"", ""food"": 4, ""service_rating"": 3, ""atmosphere"": 5}"
Kapoor's Cafe - HSR Branch,097392 67702,"WM42+62M, 337, 27th Main, Sector 2 HSR Layout Opposite KLM Shopping Mall, BDA Layout, HSR Layout, Bengaluru, Karnataka 560102",12.908018,77.651948,Punjabi restaurant,,ChZDSUhNMG9nS0VJQ0FnSUN6bVptbkJREAE,Kapoor's Cafe,Preeti Verma,112474859731507779226,False,1,Found cockroach in pindi chole. Pathetic,0,a year ago,
Kapoor's Cafe - HSR Branch,097392 67702,"WM42+62M, 337, 27th Main, Sector 2 HSR Layout Opposite KLM Shopping Mall, BDA Layout, HSR Layout, Bengaluru, Karnataka 560102",12.908018,77.651948,Punjabi restaurant,,ChdDSUhNMG9nS0VJQ0FnSUN6Z2FxenJRRRAB,Kapoor's Cafe,Hima Manjunath,107201733769616996490,True,4,,0,a year ago,"{""food"": 4, ""service_rating"": 4, ""atmosphere"": 5}"
Kapoor's Cafe - HSR Branch,097392 67702,"WM42+62M, 337, 27th Main, Sector 2 HSR Layout Opposite KLM Shopping Mall, BDA Layout, HSR Layout, Bengaluru, Karnataka 560102",12.908018,77.651948,Punjabi restaurant,,ChdDSUhNMG9nS0VJQ0FnSUN6cHFyUXNBRRAB,Kapoor's Cafe,Shams Qamar,106635110523430131694,True,2,"Except food everything is good. ( service, ambience)  Ordered Chhole bhature and Paneer combo, Honestly I dint find anything special in taste. It was below average.  IMO overrated place.",0,a year ago,"{""food"": 2, ""service_rating"": 4, ""atmosphere"": 4}"
Kapoor's Cafe - HSR Branch,097392 67702,"WM42+62M, 337, 27th Main, Sector 2 HSR Layout Opposite KLM Shopping Mall, BDA Layout, HSR Layout, Bengaluru, Karnataka 560102",12.908018,77.651948,Punjabi restaurant,,ChZDSUhNMG9nS0VJQ0FnSUN6eHJxUFJnEAE,Kapoor's Cafe,Apurvaa S Raam,107589595144596094400,False,5,"wonderful experience if you're looking for Desi Punjabi food. The service was clean and fast The cheesy pataka balls are a MUST TRY if you're looking for something on your cheat day to eat The paneer kadai in the paneer kadai Raja thali is spectacular in taste as well. Overall EXTREMELY YUMMY Food with great flavours, highly recommended for meetups :) Wonderful place for vegetarians as it has the most diverse menu with the tastiest items",0,a year ago,"{""dining_mode"": ""Dine in"", ""price_per_person"": ""₹400–600"", ""food"": 5, ""service_rating"": 5, ""atmosphere"": 4, ""recommended_dishes"": ""Cheese Pataka Balls"", ""vegetarian_recommendation"": ""Highly recommend"", ""vegetarian_offerings"": ""Menu is all vegetarian""}"
Kapoor's Cafe - HSR Branch,097392 67702,"WM42+62M, 337, 27th Main, Sector 2 HSR Layout Opposite KLM Shopping Mall, BDA Layout, HSR Layout, Bengaluru, Karnataka 560102",12.908018,77.651948,Punjabi restaurant,,ChdDSUhNMG9nS0VJQ0FnSUN6bXFHbF93RRAB,Kapoor's Cafe,RAVI KUMAR,114971543111455427835,True,4,,0,a year ago,"{""food"": 4, ""service_rating"": 4, ""atmosphere"": 4}"
Kapoor's Cafe - HSR Branch,097392 67702,"WM42+62M, 337, 27th Main, Sector 2 HSR Layout Opposite KLM Shopping Mall, BDA Layout, HSR Layout, Bengaluru, Karnataka 560102",12.908018,77.651948,Punjabi restaurant,,ChdDSUhNMG9nS0VJQ0FnSUN6b3VpMzNBRRAB,Kapoor's Cafe,Shreya Pandey,115457595653479278181,True,4,The food there is really nice but it's always overcrowded and sometimes they take a lot of time to provide the meal whatever you have ordered. But overall it's good.,0,a year ago,"{""dining_mode"": ""Dine in"", ""meal_type"": ""Dinner"", ""price_per_person"": ""₹200–400"", ""food"": 4, ""service_rating"": 4, ""atmosphere"": 3, ""recommended_dishes"": ""Aloo, Dal Makhani and Aloo Paratha"", ""vegetarian_recommendation"": ""Somewhat recommend"", ""vegetarian_offerings"": ""Menu is all vegetarian""}"
Kapoor's Cafe - HSR Branch,097392 67702,"WM42+62M, 337, 27th Main, Sector 2 HSR Layout Opposite KLM Shopping Mall, BDA Layout, HSR Layout, Bengaluru, Karnataka 560102",12.908018,77.651948,Punjabi restaurant,,ChZDSUhNMG9nS0VJQ0FnSUN6akl1a1VREAE,Kapoor's Cafe,COKEYMAK,103561125571915469045,True,5,,0,a year ago,"{""dining_mode"": ""Dine in"", ""meal_type"": ""Dinner"", ""price_per_person"": ""₹400–600"", ""food"": 3, ""service_rating"": 3, ""atmosphere"": 3, ""recommended_dishes"": ""Dal Makhani and Aloo Paratha""}"
Kapoor's Cafe - HSR Branch,097392 67702,"WM42+62M, 337, 27th Main, Sector 2 HSR Layout Opposite KLM Shopping Mall, BDA Layout, HSR Layout, Bengaluru, Karnataka 560102",12.908018,77.651948,Punjabi restaurant,,ChZDSUhNMG9nS0VJQ0FnSUN6Mk1tUENREAE,Kapoor's Cafe,Kashika Singh,113877473537776602058,True,1,,0,a year ago,"{""food"": 1, ""service_rating"": 1, ""atmosphere"": 1}"
Kapoor's Cafe - HSR Branch,097392 67702,"WM42+62M, 337, 27th Main, Sector 2 HSR Layout Opposite KLM Shopping Mall, BDA Layout, HSR Layout, Bengaluru, Karnataka 560102",12.908018,77.651948,Punjabi restaurant,,ChZDSUhNMG9nS0VJQ0FnSUN6MkxISUVnEAE,Kapoor's Cafe,Urja Chikersal,117364874974907509760,False,1,We were going to kapoor cafe from past few years but recently we visited there and the food is too bad. We have complaint about it the aloo parantha is not properly cooked and the taste is so bad. We have complaint about it but they just said Check krngye “ How come the manager will be so rude about the quality he is servicing. He should take about his customers as we left the place with unhappy and left the food completely.,0,a year ago,"{""dining_mode"": ""Dine in"", ""meal_type"": ""Dinner"", ""price_per_person"": ""₹600–800"", ""food"": 1, ""service_rating"": 1, ""atmosphere"": 1}"
Kapoor's Cafe - HSR Branch,097392 67702,"WM42+62M, 337, 27th Main, Sector 2 HSR Layout Opposite KLM Shopping Mall, BDA Layout, HSR Layout, Bengaluru, Karnataka 560102",12.908018,77.651948,Punjabi restaurant,,ChdDSUhNMG9nS0VJQ0FnSUN6cUlhTHRnRRAB,Kapoor's Cafe,Pushkar Pradhan,116076834010161259242,True,2,,0,a year ago,"{""dining_mode"": ""Dine in"", ""meal_type"": ""Lunch"", ""price_per_person"": ""₹400–600"", ""food"": 2, ""service_rating"": 2, ""atmosphere"": 2}"
Kapoor's Cafe - HSR Branch,097392 67702,"WM42+62M, 337, 27th Main, Sector 2 HSR Layout Opposite KLM Shopping Mall, BDA Layout, HSR Layout, Bengaluru, Karnataka 560102",12.908018,77.651948,Punjabi restaurant,,ChZDSUhNMG9nS0VJQ0FnSURUbl9UUEZ3EAE,Kapoor's Cafe,harsh mane,101441316136275431942,True,5,,0,a year ago,
Kapoor's Cafe - HSR Branch,097392 67702,"WM42+62M, 337, 27th Main, Sector 2 HSR Layout Opposite KLM Shopping Mall, BDA Layout, HSR Layout, Bengaluru, Karnataka 560102",12.908018,77.651948,Punjabi restaurant,,ChdDSUhNMG9nS0VJQ0FnSURUaC1DUXBnRRAB,Kapoor's Cafe,Abhilash Awasthi,113722931853509532260,True,3,Only Paratha n lassi are good.,0,a year ago,"{""dining_mode"": ""Dine in"", ""meal_type"": ""Dinner"", ""price_per_person"": ""₹400–600""}"
Kapoor's Cafe - HSR Branch,097392 67702,"WM42+62M, 337, 27th Main, Sector 2 HSR Layout Opposite KLM Shopping Mall, BDA Layout, HSR Layout, Bengaluru, Karnataka 560102",12.908018,77.651948,Punjabi restaurant,,ChdDSUhNMG9nS0VJQ0FnSURUbS1mSHVRRRAB,Kapoor's Cafe,Supritha Sreedhar,104141248388804275988,False,1,"The parathas were so thick & it was in edible, we sent it back . Everything is soooo below average. Would not recommend. We left the place, spending a huge amount and immensely dissatisfied.",0,a year ago,"{""dining_mode"": ""Dine in"", ""meal_type"": ""Lunch"", ""price_per_person"": ""₹1,200–1,400"", ""food"": 1, ""service_rating"": 1, ""atmosphere"": 1}"
Kapoor's Cafe - HSR Branch,097392 67702,"WM42+62M, 337, 27th Main, Sector 2 HSR Layout Opposite KLM Shopping Mall, BDA Layout, HSR Layout, Bengaluru, Karnataka 560102",12.908018,77.651948,Punjabi restaurant,,ChdDSUhNMG9nS0VJQ0FnSURUczg3b2p3RRAB,Kapoor's Cafe,Roaring_cat Meena,102714222403116908514,True,4,Good food!,0,a year ago,"{""dining_mode"": ""Dine in"", ""meal_type"": ""Dinner"", ""price_per_person"": ""₹400–600"", ""food"": 4, ""service_rating"": 4, ""atmosphere"": 5}"
Kapoor's Cafe - HSR Branch,097392 67702,"WM42+62M, 337, 27th Main, Sector 2 HSR Layout Opposite KLM Shopping Mall, BDA Layout, HSR Layout, Bengaluru, Karnataka 560102",12.908018,77.651948,Punjabi restaurant,,ChZDSUhNMG9nS0VJQ0FnSURUdzdtakRREAE,Kapoor's Cafe,Aryan Raj,112670575382999004006,True,5,Nice for overdose fooding,0,a year ago,"{""dining_mode"": ""Dine in"", ""meal_type"": ""Dinner"", ""price_per_person"": ""₹200–400"", ""food"": 5, ""service_rating"": 5, ""atmosphere"": 5, ""recommended_dishes"": ""Dal Makhani and Aloo Paratha"", ""vegetarian_recommendation"": ""Highly recommend"", ""vegetarian_offerings"": ""Menu is all vegetarian""}"
Kapoor's Cafe - HSR Branch,097392 67702,"WM42+62M, 337, 27th Main, Sector 2 HSR Layout Opposite KLM Shopping Mall, BDA Layout, HSR Layout, Bengaluru, Karnataka 560102",12.908018,77.651948,Punjabi restaurant,,ChZDSUhNMG9nS0VJQ0FnSURUclppU1ZBEAE,Kapoor's Cafe,Shreya Jaiswal,116702547572388510325,True,5,,0,a year ago,"{""dining_mode"": ""Dine in"", ""meal_type"": ""Lunch"", ""price_per_person"": ""₹200–400"", ""food"": 4, ""service_rating"": 5, ""atmosphere"": 5}"
Kapoor's Cafe - HSR Branch,097392 67702,"WM42+62M, 337, 27th Main, Sector 2 HSR Layout Opposite KLM Shopping Mall, BDA Layout, HSR Layout, Bengaluru, Karnataka 560102",12.908018,77.651948,Punjabi restaurant,,ChdDSUhNMG9nS0VJQ0FnSURUOWY2Ym13RRAB,Kapoor's Cafe,Jibin .C,110421789142295957731,True,4,,0,a year ago,
Kapoor's Cafe - HSR Branch,097392 67702,"WM42+62M, 337, 27th Main, Sector 2 HSR Layout Opposite KLM Shopping Mall, BDA Layout, HSR Layout, Bengaluru, Karnataka 560102",12.908018,77.651948,Punjabi restaurant,,ChdDSUhNMG9nS0VJQ0FnSURUbGI2c19RRRAB,Kapoor's Cafe,Sneha Chatterjee,111495593037851767439,True,1,"I checked the closing time before reaching this place and it was shown 4. I reached around 3:15 PM when it was really very crowded. I got a place and the staff came and told thalis won’t be available post 3. He also said it’s there closing time and they can’t serve this time and it’s not possible at all for them to adjust. I was shocked as I came from really far and didn’t expect at around 3:15 itself they can’t serve food. The waiter was really rude and I heard him saying the other waiter “3 baje aake inlogo ko thali chahiye, pata nai kya sochte h aise type k log”. I left the place immediately after without food. I won’t recommend anyone to visit this place with this kind of attitude of staffs. Also, if you need thali then definitely recommend visiting this place at 12 or 1 to get your food.",0,a year ago,"{""food"": 1, ""service_rating"": 1, ""atmosphere"": 1}"
Kapoor's Cafe - HSR Branch,097392 67702,"WM42+62M, 337, 27th Main, Sector 2 HSR Layout Opposite KLM Shopping Mall, BDA Layout, HSR Layout, Bengaluru, Karnataka 560102",12.908018,77.651948,Punjabi restaurant,,ChdDSUhNMG9nS0VJQ0FnSURUcGJIb3hRRRAB,Kapoor's Cafe,Yash Khare,109097829499184593098,True,4,"Ambiance is desi, authentic North indian food. Service was fast, too.  I would definitely recommend it to my friends. The food could be a bit less oily, other than that everything was great.  We ordered Lassi - 3/5 Aloo pyaaz paratha - 5/5 Kachori chole - 4/5  I was expecting malai in lassi as punjabi lassi usually has malai in it. Aloo pyaaz paratha was really good, perhaps the best i had in bangalore. Kachori chole was good, too, but could have been a bit less oily.",0,a year ago,"{""dining_mode"": ""Dine in"", ""meal_type"": ""Brunch"", ""price_per_person"": ""₹200–400"", ""food"": 4, ""service_rating"": 5, ""atmosphere"": 5}"
Kapoor's Cafe - HSR Branch,097392 67702,"WM42+62M, 337, 27th Main, Sector 2 HSR Layout Opposite KLM Shopping Mall, BDA Layout, HSR Layout, Bengaluru, Karnataka 560102",12.908018,77.651948,Punjabi restaurant,,ChZDSUhNMG9nS0VJQ0FnSURUMGIyaEl3EAE,Kapoor's Cafe,Suraj Kumar,102341503967661989313,False,4,,0,a year ago,
Kapoor's Cafe - HSR Branch,097392 67702,"WM42+62M, 337, 27th Main, Sector 2 HSR Layout Opposite KLM Shopping Mall, BDA Layout, HSR Layout, Bengaluru, Karnataka 560102",12.908018,77.651948,Punjabi restaurant,,ChdDSUhNMG9nS0VJQ0FnSURULXVPMS13RRAB,Kapoor's Cafe,Anjan Agrawal,111885749664765198860,True,4,Good,0,a year ago,"{""dining_mode"": ""Dine in"", ""meal_type"": ""Dinner"", ""price_per_person"": ""₹200–400"", ""food"": 5, ""service_rating"": 5, ""atmosphere"": 4}"
Kapoor's Cafe - HSR Branch,097392 67702,"WM42+62M, 337, 27th Main, Sector 2 HSR Layout Opposite KLM Shopping Mall, BDA Layout, HSR Layout, Bengaluru, Karnataka 560102",12.908018,77.651948,Punjabi restaurant,,ChdDSUhNMG9nS0VJQ0FnSURUdkxmaF9nRRAB,Kapoor's Cafe,Vanaja Shankar,116701153056107176582,True,4,,0,a year ago,"{""food"": 4, ""service_rating"": 4, ""atmosphere"": 4}"
Kapoor's Cafe - HSR Branch,097392 67702,"WM42+62M, 337, 27th Main, Sector 2 HSR Layout Opposite KLM Shopping Mall, BDA Layout, HSR Layout, Bengaluru, Karnataka 560102",12.908018,77.651948,Punjabi restaurant,,ChZDSUhNMG9nS0VJQ0FnSURUdVBqRFpREAE,Kapoor's Cafe,Shreelakshmi Bhat,109181978528004385959,True,3,,0,a year ago,"{""dining_mode"": ""Dine in"", ""meal_type"": ""Dinner"", ""price_per_person"": ""₹200–400"", ""food"": 4, ""service_rating"": 4, ""atmosphere"": 4, ""recommended_dishes"": ""Dal Makhani and Aloo Paratha""}"
Kapoor's Cafe - HSR Branch,097392 67702,"WM42+62M, 337, 27th Main, Sector 2 HSR Layout Opposite KLM Shopping Mall, BDA Layout, HSR Layout, Bengaluru, Karnataka 560102",12.908018,77.651948,Punjabi restaurant,,ChdDSUhNMG9nS0VJQ0FnSURUNEozeW13RRAB,Kapoor's Cafe,Anand Subramanian,113223303641643207664,True,2,"Dime a dozen restaurants have sprung up in Bangalore now - this is one more run-of-the-mill ones. No concept of taste or good, nicely cooked food. Just make the food spicy and everything goes seems to be the common theme. Don’t waste your money on this place. Meant only for the fresh kids from college who cannot get home food or find everything to be a step up from their college canteens. Just avoid it.",0,a year ago,"{""food"": 2}"
Kapoor's Cafe - HSR Branch,097392 67702,"WM42+62M, 337, 27th Main, Sector 2 HSR Layout Opposite KLM Shopping Mall, BDA Layout, HSR Layout, Bengaluru, Karnataka 560102",12.908018,77.651948,Punjabi restaurant,,ChZDSUhNMG9nS0VJQ0FnSUNUNzRYZ1FnEAE,Kapoor's Cafe,Chaitanya M V S,110382786788546658622,True,4,,0,a year ago,
Kapoor's Cafe - HSR Branch,097392 67702,"WM42+62M, 337, 27th Main, Sector 2 HSR Layout Opposite KLM Shopping Mall, BDA Layout, HSR Layout, Bengaluru, Karnataka 560102",12.908018,77.651948,Punjabi restaurant,,ChZDSUhNMG9nS0VJQ0FnSUNUcjlyd1J3EAE,Kapoor's Cafe,Shambhu Kumar,111502770930944600606,False,2,"Too spicy, overpriced food. Disappointing experience.",0,a year ago,"{""dining_mode"": ""Dine in"", ""meal_type"": ""Lunch"", ""food"": 1, ""service_rating"": 3, ""atmosphere"": 2}"
Kapoor's Cafe - HSR Branch,097392 67702,"WM42+62M, 337, 27th Main, Sector 2 HSR Layout Opposite KLM Shopping Mall, BDA Layout, HSR Layout, Bengaluru, Karnataka 560102",12.908018,77.651948,Punjabi restaurant,,ChdDSUhNMG9nS0VJQ0FnSUNUeThYZy1RRRAB,Kapoor's Cafe,Nawneet Kumar (IITR2016),118163409906334084607,True,3,Please start serving tea also.,0,a year ago,"{""food"": 3, ""service_rating"": 4, ""atmosphere"": 5}"
Kapoor's Cafe - HSR Branch,097392 67702,"WM42+62M, 337, 27th Main, Sector 2 HSR Layout Opposite KLM Shopping Mall, BDA Layout, HSR Layout, Bengaluru, Karnataka 560102",12.908018,77.651948,Punjabi restaurant,,ChZDSUhNMG9nS0VJQ0FnSUNUazg2R1J3EAE,Kapoor's Cafe,Nishanth Kadiri,104229592230779097755,False,4,,0,a year ago,"{""food"": 3, ""service_rating"": 4, ""atmosphere"": 4}"
Kapoor's Cafe - HSR Branch,097392 67702,"WM42+62M, 337, 27th Main, Sector 2 HSR Layout Opposite KLM Shopping Mall, BDA Layout, HSR Layout, Bengaluru, Karnataka 560102",12.908018,77.651948,Punjabi restaurant,,ChdDSUhNMG9nS0VJQ0FnSUNUazRMU2hBRRAB,Kapoor's Cafe,Kirti Bagri,101502654232428824374,False,5,,0,a year ago,
Kapoor's Cafe - HSR Branch,097392 67702,"WM42+62M, 337, 27th Main, Sector 2 HSR Layout Opposite KLM Shopping Mall, BDA Layout, HSR Layout, Bengaluru, Karnataka 560102",12.908018,77.651948,Punjabi restaurant,,ChdDSUhNMG9nS0VJQ0FnSUNUNDd6OGtRRRAB,Kapoor's Cafe,Abhijeet Joshi,106254329926451115326,True,5,,0,a year ago,"{""meal_type"": ""Dinner"", ""price_per_person"": ""₹400–600"", ""food"": 5, ""service_rating"": 5, ""atmosphere"": 5, ""recommended_dishes"": ""Paneer Paratha"", ""vegetarian_recommendation"": ""Highly recommend""}"
Kapoor's Cafe - HSR Branch,097392 67702,"WM42+62M, 337, 27th Main, Sector 2 HSR Layout Opposite KLM Shopping Mall, BDA Layout, HSR Layout, Bengaluru, Karnataka 560102",12.908018,77.651948,Punjabi restaurant,,ChZDSUhNMG9nS0VJQ0FnSUNUbzhlSGR3EAE,Kapoor's Cafe,Nupur Mandal,108517162918410781477,True,4,,0,a year ago,"{""dining_mode"": ""Dine in"", ""meal_type"": ""Lunch"", ""price_per_person"": ""₹200–400"", ""food"": 4, ""service_rating"": 5, ""atmosphere"": 5}"
Kapoor's Cafe - HSR Branch,097392 67702,"WM42+62M, 337, 27th Main, Sector 2 HSR Layout Opposite KLM Shopping Mall, BDA Layout, HSR Layout, Bengaluru, Karnataka 560102",12.908018,77.651948,Punjabi restaurant,,ChdDSUhNMG9nS0VJQ0FnSUNUd18zbTJ3RRAB,Kapoor's Cafe,D Kishor,113858055822487131544,True,5,,0,a year ago,"{""atmosphere"": 5}"
Kapoor's Cafe - HSR Branch,097392 67702,"WM42+62M, 337, 27th Main, Sector 2 HSR Layout Opposite KLM Shopping Mall, BDA Layout, HSR Layout, Bengaluru, Karnataka 560102",12.908018,77.651948,Punjabi restaurant,,ChZDSUhNMG9nS0VJQ0FnSUNUZzh1YVJREAE,Kapoor's Cafe,Shravan S Kumar,102546414378935864103,True,4,Great ambience  !. Food was delicious but the overall neatness of kitchen and surroundings isn't good .,0,a year ago,"{""dining_mode"": ""Dine in"", ""meal_type"": ""Dinner"", ""price_per_person"": ""₹200–400"", ""food"": 4, ""service_rating"": 3, ""atmosphere"": 5}"
Kapoor's Cafe - HSR Branch,097392 67702,"WM42+62M, 337, 27th Main, Sector 2 HSR Layout Opposite KLM Shopping Mall, BDA Layout, HSR Layout, Bengaluru, Karnataka 560102",12.908018,77.651948,Punjabi restaurant,,ChdDSUhNMG9nS0VJQ0FnSUNUbWZER3pnRRAB,Kapoor's Cafe,Renu Sahni,114564293801299435724,False,1,"A very dangerous hotel to dine in,as it doesn't have safety equipments like fire fighting and toilets? It looks shabby from inside with the inappropriate behaviour of the manager available, who's very rude to reply about the basic amenities like fire fighting equipments missing, having only a toilet which is insufficient for the people (space made for about 100 persons inclusive of cots, chairs, tables and other wooden items)? A report to human rights department is also being sent for enquiries about safety equipments unavailable. I visited the hotel to dine with my family on 14.05.2024 at about 8 PM,and returned without having dinner due to rude behaviour of the manager and non availability of fire fighting equipments, also only one toilet for male and female, which remained occupied? V K.Sahni, D-338, New Minal Residency, Bhopal -462023.",0,a year ago,"{""dining_mode"": ""Dine in"", ""meal_type"": ""Dinner""}"
Kapoor's Cafe - HSR Branch,097392 67702,"WM42+62M, 337, 27th Main, Sector 2 HSR Layout Opposite KLM Shopping Mall, BDA Layout, HSR Layout, Bengaluru, Karnataka 560102",12.908018,77.651948,Punjabi restaurant,,ChZDSUhNMG9nS0VJQ0FnSUNUeWZlWkxREAE,Kapoor's Cafe,anusha karumuri,107006894699134712528,True,5,"Good food, good ambiance, little expensive but affordable prices,",0,a year ago,"{""dining_mode"": ""Dine in"", ""meal_type"": ""Dinner"", ""price_per_person"": ""₹200–400"", ""food"": 5, ""service_rating"": 5, ""atmosphere"": 5}"
Kapoor's Cafe - HSR Branch,097392 67702,"WM42+62M, 337, 27th Main, Sector 2 HSR Layout Opposite KLM Shopping Mall, BDA Layout, HSR Layout, Bengaluru, Karnataka 560102",12.908018,77.651948,Punjabi restaurant,,ChZDSUhNMG9nS0VJQ0FnSUNUM3VueEpnEAE,Kapoor's Cafe,Travin,109096329300679762284,True,4,Must try their aloo paratha! Bit crowded on weekends and service can be slow at times.,0,a year ago,"{""dining_mode"": ""Dine in"", ""meal_type"": ""Lunch"", ""price_per_person"": ""₹200–400"", ""food"": 4, ""service_rating"": 4, ""atmosphere"": 4}"
Kapoor's Cafe - HSR Branch,097392 67702,"WM42+62M, 337, 27th Main, Sector 2 HSR Layout Opposite KLM Shopping Mall, BDA Layout, HSR Layout, Bengaluru, Karnataka 560102",12.908018,77.651948,Punjabi restaurant,,ChZDSUhNMG9nS0VJQ0FnSUNUbnF2WVZ3EAE,Kapoor's Cafe,Yogesh Malhotra,101510899800562735452,False,3,,0,a year ago,"{""food"": 3, ""service_rating"": 4, ""atmosphere"": 4}"
Kapoor's Cafe - HSR Branch,097392 67702,"WM42+62M, 337, 27th Main, Sector 2 HSR Layout Opposite KLM Shopping Mall, BDA Layout, HSR Layout, Bengaluru, Karnataka 560102",12.908018,77.651948,Punjabi restaurant,,ChZDSUhNMG9nS0VJQ0FnSUNUbnFLRld3EAE,Kapoor's Cafe,Subhashini N.,117649728156506713641,True,4,,0,a year ago,"{""dining_mode"": ""Dine in"", ""meal_type"": ""Lunch"", ""food"": 4, ""service_rating"": 4, ""atmosphere"": 4, ""recommended_dishes"": ""Dal Makhani and Aloo Paratha"", ""vegetarian_recommendation"": ""Highly recommend"", ""vegetarian_offerings"": ""Menu is all vegetarian""}"
Kapoor's Cafe - HSR Branch,097392 67702,"WM42+62M, 337, 27th Main, Sector 2 HSR Layout Opposite KLM Shopping Mall, BDA Layout, HSR Layout, Bengaluru, Karnataka 560102",12.908018,77.651948,Punjabi restaurant,,ChdDSUhNMG9nS0VJQ0FnSUNUOHBTNTRRRRAB,Kapoor's Cafe,Anant Vaibhav,108767454270016981342,True,5,,0,a year ago,
Kapoor's Cafe - HSR Branch,097392 67702,"WM42+62M, 337, 27th Main, Sector 2 HSR Layout Opposite KLM Shopping Mall, BDA Layout, HSR Layout, Bengaluru, Karnataka 560102",12.908018,77.651948,Punjabi restaurant,,ChdDSUhNMG9nS0VJQ0FnSUNUc3JIa3RBRRAB,Kapoor's Cafe,vivek wadhawan,113827900786074811018,True,2,Overpriced and overhyped,0,a year ago,"{""food"": 2, ""service_rating"": 3, ""atmosphere"": 2}"
Kapoor's Cafe - HSR Branch,097392 67702,"WM42+62M, 337, 27th Main, Sector 2 HSR Layout Opposite KLM Shopping Mall, BDA Layout, HSR Layout, Bengaluru, Karnataka 560102",12.908018,77.651948,Punjabi restaurant,,ChZDSUhNMG9nS0VJQ0FnSURqNklpLVpBEAE,Kapoor's Cafe,Zee,105287928135800273408,True,4,,0,Edited a year ago,"{""dining_mode"": ""Dine in"", ""meal_type"": ""Dinner"", ""price_per_person"": ""₹1,400–1,600"", ""food"": 4, ""service_rating"": 3, ""atmosphere"": 3, ""vegetarian_recommendation"": ""Highly recommend"", ""vegetarian_offerings"": ""Menu is all vegetarian""}"
Kapoor's Cafe - HSR Branch,097392 67702,"WM42+62M, 337, 27th Main, Sector 2 HSR Layout Opposite KLM Shopping Mall, BDA Layout, HSR Layout, Bengaluru, Karnataka 560102",12.908018,77.651948,Punjabi restaurant,,ChdDSUhNMG9nS0VJQ0FnSUNUNHZqcW5RRRAB,Kapoor's Cafe,anshul agrawal,117087726722031343155,True,1,"Too much spicy and overrated. Restaurant is also too much congested, suffocating and over crowded. They use as much as area for seating and there is no air conditioner. Never recommended. Go for main Kapoor cafe that is much much better then this.",0,a year ago,"{""food"": 1, ""service_rating"": 2, ""atmosphere"": 1}"
Kapoor's Cafe - HSR Branch,097392 67702,"WM42+62M, 337, 27th Main, Sector 2 HSR Layout Opposite KLM Shopping Mall, BDA Layout, HSR Layout, Bengaluru, Karnataka 560102",12.908018,77.651948,Punjabi restaurant,,ChdDSUhNMG9nS0VJQ0FnSUNUd3V2Smh3RRAB,Kapoor's Cafe,Bhagya Prasad,116108617791183129292,False,3,,0,a year ago,
Kapoor's Cafe - HSR Branch,097392 67702,"WM42+62M, 337, 27th Main, Sector 2 HSR Layout Opposite KLM Shopping Mall, BDA Layout, HSR Layout, Bengaluru, Karnataka 560102",12.908018,77.651948,Punjabi restaurant,,ChdDSUhNMG9nS0VJQ0FnSUNUX09uc2pRRRAB,Kapoor's Cafe,R. L.N.,100959537823429257858,True,4,,0,a year ago,"{""food"": 4, ""service_rating"": 4, ""atmosphere"": 3}"
Kapoor's Cafe - HSR Branch,097392 67702,"WM42+62M, 337, 27th Main, Sector 2 HSR Layout Opposite KLM Shopping Mall, BDA Layout, HSR Layout, Bengaluru, Karnataka 560102",12.908018,77.651948,Punjabi restaurant,,ChdDSUhNMG9nS0VJQ0FnSUNUX0s3SC1BRRAB,Kapoor's Cafe,Akanksha Malviya,107907055700535633886,True,5,Superb taste,0,a year ago,"{""food"": 5, ""service_rating"": 5, ""atmosphere"": 5}"
Kapoor's Cafe - HSR Branch,097392 67702,"WM42+62M, 337, 27th Main, Sector 2 HSR Layout Opposite KLM Shopping Mall, BDA Layout, HSR Layout, Bengaluru, Karnataka 560102",12.908018,77.651948,Punjabi restaurant,,ChZDSUhNMG9nS0VJQ0FnSUNUOUkyTVd3EAE,Kapoor's Cafe,Ashish Jain,114495994575949618261,False,1,I wasted 2000 Rs.  At kapoor cafe.  I dont suggest to any one. Bakwaas,0,a year ago,"{""dining_mode"": ""Dine in"", ""meal_type"": ""Dinner"", ""price_per_person"": ""₹800–1,000"", ""food"": 1, ""service_rating"": 3, ""atmosphere"": 4}"
Kapoor's Cafe - HSR Branch,097392 67702,"WM42+62M, 337, 27th Main, Sector 2 HSR Layout Opposite KLM Shopping Mall, BDA Layout, HSR Layout, Bengaluru, Karnataka 560102",12.908018,77.651948,Punjabi restaurant,,ChdDSUhNMG9nS0VJQ0FnSUNUcExpRzFBRRAB,Kapoor's Cafe,Kevin Felix,117167014323046434921,True,5,The taste is amazing and I really enjoyed all the dishes that I ordered! Order one dish at a time since the quantity is more.,0,a year ago,"{""dining_mode"": ""Dine in"", ""meal_type"": ""Breakfast"", ""price_per_person"": ""₹400–600"", ""food"": 5, ""service_rating"": 5, ""atmosphere"": 5, ""recommended_dishes"": ""Aloo, Chola Bhatura"", ""vegetarian_recommendation"": ""Highly recommend"", ""vegetarian_offerings"": ""Menu is all vegetarian""}"
Kapoor's Cafe - HSR Branch,097392 67702,"WM42+62M, 337, 27th Main, Sector 2 HSR Layout Opposite KLM Shopping Mall, BDA Layout, HSR Layout, Bengaluru, Karnataka 560102",12.908018,77.651948,Punjabi restaurant,,ChZDSUhNMG9nS0VJQ0FnSUNUb09xTEVBEAE,Kapoor's Cafe,Vicky Rajan,105853901481978003954,True,4,,0,a year ago,"{""dining_mode"": ""Dine in"", ""meal_type"": ""Dinner"", ""price_per_person"": ""₹600–800"", ""food"": 4, ""service_rating"": 4, ""atmosphere"": 4, ""recommended_dishes"": ""French Fries Punjabi Style""}"
Kapoor's Cafe - HSR Branch,097392 67702,"WM42+62M, 337, 27th Main, Sector 2 HSR Layout Opposite KLM Shopping Mall, BDA Layout, HSR Layout, Bengaluru, Karnataka 560102",12.908018,77.651948,Punjabi restaurant,,ChdDSUhNMG9nS0VJQ0FnSUNUZ0ptbDNnRRAB,Kapoor's Cafe,Gobinda Tripathy,108761121664352728531,True,1,,0,a year ago,"{""food"": 1, ""service_rating"": 1, ""atmosphere"": 1}"
Kapoor's Cafe - HSR Branch,097392 67702,"WM42+62M, 337, 27th Main, Sector 2 HSR Layout Opposite KLM Shopping Mall, BDA Layout, HSR Layout, Bengaluru, Karnataka 560102",12.908018,77.651948,Punjabi restaurant,,ChZDSUhNMG9nS0VJQ0FnSURqbi0tSUR3EAE,Kapoor's Cafe,Rahul Bodha,112290242092105639570,True,3,,0,a year ago,"{""food"": 3, ""service_rating"": 4, ""atmosphere"": 3}"
Kapoor's Cafe - HSR Branch,097392 67702,"WM42+62M, 337, 27th Main, Sector 2 HSR Layout Opposite KLM Shopping Mall, BDA Layout, HSR Layout, Bengaluru, Karnataka 560102",12.908018,77.651948,Punjabi restaurant,,ChZDSUhNMG9nS0VJQ0FnSUREaVlQSUxnEAE,Kapoor's Cafe,Gautam Gupta,115299134297865894291,True,5,,0,Edited 2 years ago,"{""dining_mode"": ""Dine in"", ""meal_type"": ""Dinner"", ""price_per_person"": ""₹400–600"", ""food"": 5, ""service_rating"": 5, ""atmosphere"": 5, ""vegetarian_recommendation"": ""Highly recommend"", ""vegetarian_offerings"": ""Menu is all vegetarian""}"
Kapoor's Cafe - HSR Branch,097392 67702,"WM42+62M, 337, 27th Main, Sector 2 HSR Layout Opposite KLM Shopping Mall, BDA Layout, HSR Layout, Bengaluru, Karnataka 560102",12.908018,77.651948,Punjabi restaurant,,ChZDSUhNMG9nS0VJQ0FnSURqcVpud1NBEAE,Kapoor's Cafe,Yogesh Singh,102652703013873025321,True,2,"Very hyped, very expensive and the taste has never appeared around the restaurant. Totally waste of money.",0,2 years ago,"{""food"": 1, ""service_rating"": 4, ""atmosphere"": 4}"
Kapoor's Cafe - HSR Branch,097392 67702,"WM42+62M, 337, 27th Main, Sector 2 HSR Layout Opposite KLM Shopping Mall, BDA Layout, HSR Layout, Bengaluru, Karnataka 560102",12.908018,77.651948,Punjabi restaurant,,ChdDSUhNMG9nS0VJQ0FnSURqenNiUV93RRAB,Kapoor's Cafe,Prajesh Nayak,107185864735460808167,False,1,Very very very slow service. Chole Bhatura took 30mins…. And waiter need to be friendly and smile a bit… taste is good and serve time sucks …don’t visit if u r really hungry …visit only if u can wait for 30mins for a the first order to arrive. And today’s batura was so thick and mushroom pulav was not worth the price,0,2 years ago,
Kapoor's Cafe - HSR Branch,097392 67702,"WM42+62M, 337, 27th Main, Sector 2 HSR Layout Opposite KLM Shopping Mall, BDA Layout, HSR Layout, Bengaluru, Karnataka 560102",12.908018,77.651948,Punjabi restaurant,,ChdDSUhNMG9nS0VJQ0FnSURqcHQzbDVRRRAB,Kapoor's Cafe,Ujjwal,114057431755128657141,True,1,"Not good food, please avoid going in here.",0,2 years ago,"{""dining_mode"": ""Dine in"", ""meal_type"": ""Dinner"", ""price_per_person"": ""₹200–400"", ""food"": 1, ""service_rating"": 1, ""atmosphere"": 1}"
Kapoor's Cafe - HSR Branch,097392 67702,"WM42+62M, 337, 27th Main, Sector 2 HSR Layout Opposite KLM Shopping Mall, BDA Layout, HSR Layout, Bengaluru, Karnataka 560102",12.908018,77.651948,Punjabi restaurant,,ChZDSUhNMG9nS0VJQ0FnSURqcXNiYlZ3EAE,Kapoor's Cafe,Aman Ranjan,110890102470308856951,True,1,"WORST FOOD EVER!!! No, NOT AT ALL!!!",0,2 years ago,"{""dining_mode"": ""Dine in"", ""meal_type"": ""Dinner"", ""price_per_person"": ""₹400–600"", ""food"": 1, ""service_rating"": 1, ""atmosphere"": 1}"
Kapoor's Cafe - HSR Branch,097392 67702,"WM42+62M, 337, 27th Main, Sector 2 HSR Layout Opposite KLM Shopping Mall, BDA Layout, HSR Layout, Bengaluru, Karnataka 560102",12.908018,77.651948,Punjabi restaurant,,ChdDSUhNMG9nS0VJQ0FnSURqcXZUejRnRRAB,Kapoor's Cafe,Nishita Agarwal,111604984152000508352,False,4,,0,2 years ago,
